2019/1/30 00:00:00,wuhe_longping,south,0,11
2019/1/30 00:05:00,wuhe_longping,south,0,15
2019/1/30 00:10:00,wuhe_longping,south,0,14
2019/1/30 00:15:00,wuhe_longping,south,0,13
2019/1/30 00:20:00,wuhe_longping,south,0,10
2019/1/30 00:25:00,wuhe_longping,south,0,15
2019/1/30 00:30:00,wuhe_longping,south,0,14
2019/1/30 00:35:00,wuhe_longping,south,0,8
2019/1/30 00:40:00,wuhe_longping,south,0,10
2019/1/30 00:45:00,wuhe_longping,south,0,8
2019/1/30 00:50:00,wuhe_longping,south,0,7
2019/1/30 00:55:00,wuhe_longping,south,0,4
2019/1/30 01:00:00,wuhe_longping,south,0,5
2019/1/30 01:05:00,wuhe_longping,south,0,10
2019/1/30 01:10:00,wuhe_longping,south,0,16
2019/1/30 01:15:00,wuhe_longping,south,0,9
2019/1/30 01:20:00,wuhe_longping,south,0,4
2019/1/30 01:25:00,wuhe_longping,south,0,4
2019/1/30 01:30:00,wuhe_longping,south,0,7
2019/1/30 01:35:00,wuhe_longping,south,0,5
2019/1/30 01:40:00,wuhe_longping,south,0,5
2019/1/30 01:45:00,wuhe_longping,south,0,3
2019/1/30 01:50:00,wuhe_longping,south,0,7
2019/1/30 01:55:00,wuhe_longping,south,0,8
2019/1/30 02:00:00,wuhe_longping,south,0,1
2019/1/30 02:05:00,wuhe_longping,south,0,6
2019/1/30 02:10:00,wuhe_longping,south,0,7
2019/1/30 02:15:00,wuhe_longping,south,0,5
2019/1/30 02:20:00,wuhe_longping,south,0,3
2019/1/30 02:25:00,wuhe_longping,south,0,5
2019/1/30 02:30:00,wuhe_longping,south,0,1
2019/1/30 02:35:00,wuhe_longping,south,0,4
2019/1/30 02:40:00,wuhe_longping,south,0,3
2019/1/30 02:45:00,wuhe_longping,south,0,1
2019/1/30 02:50:00,wuhe_longping,south,0,3
2019/1/30 02:55:00,wuhe_longping,south,0,4
2019/1/30 03:00:00,wuhe_longping,south,0,3
2019/1/30 03:05:00,wuhe_longping,south,0,4
2019/1/30 03:10:00,wuhe_longping,south,0,7
2019/1/30 03:15:00,wuhe_longping,south,0,3
2019/1/30 03:20:00,wuhe_longping,south,0,5
2019/1/30 03:25:00,wuhe_longping,south,0,5
2019/1/30 03:30:00,wuhe_longping,south,0,2
2019/1/30 03:35:00,wuhe_longping,south,0,7
2019/1/30 03:40:00,wuhe_longping,south,0,0
2019/1/30 03:45:00,wuhe_longping,south,0,3
2019/1/30 03:50:00,wuhe_longping,south,0,4
2019/1/30 03:55:00,wuhe_longping,south,0,3
2019/1/30 04:00:00,wuhe_longping,south,0,1
2019/1/30 04:05:00,wuhe_longping,south,0,6
2019/1/30 04:10:00,wuhe_longping,south,0,5
2019/1/30 04:15:00,wuhe_longping,south,0,7
2019/1/30 04:20:00,wuhe_longping,south,0,2
2019/1/30 04:25:00,wuhe_longping,south,0,6
2019/1/30 04:30:00,wuhe_longping,south,0,1
2019/1/30 04:35:00,wuhe_longping,south,0,7
2019/1/30 04:40:00,wuhe_longping,south,0,6
2019/1/30 04:45:00,wuhe_longping,south,0,5
2019/1/30 04:50:00,wuhe_longping,south,0,7
2019/1/30 04:55:00,wuhe_longping,south,0,5
2019/1/30 05:00:00,wuhe_longping,south,0,3
2019/1/30 05:05:00,wuhe_longping,south,0,8
2019/1/30 05:10:00,wuhe_longping,south,0,6
2019/1/30 05:15:00,wuhe_longping,south,0,4
2019/1/30 05:20:00,wuhe_longping,south,0,3
2019/1/30 05:25:00,wuhe_longping,south,0,5
2019/1/30 05:30:00,wuhe_longping,south,0,7
2019/1/30 05:35:00,wuhe_longping,south,0,7
2019/1/30 05:40:00,wuhe_longping,south,0,6
2019/1/30 05:45:00,wuhe_longping,south,0,7
2019/1/30 05:50:00,wuhe_longping,south,0,5
2019/1/30 05:55:00,wuhe_longping,south,0,4
2019/1/30 06:00:00,wuhe_longping,south,0,5
2019/1/30 06:05:00,wuhe_longping,south,0,4
2019/1/30 06:10:00,wuhe_longping,south,0,10
2019/1/30 06:15:00,wuhe_longping,south,0,6
2019/1/30 06:20:00,wuhe_longping,south,0,11
2019/1/30 06:25:00,wuhe_longping,south,0,11
2019/1/30 06:30:00,wuhe_longping,south,0,5
2019/1/30 06:35:00,wuhe_longping,south,0,8
2019/1/30 06:40:00,wuhe_longping,south,0,9
2019/1/30 06:45:00,wuhe_longping,south,0,7
2019/1/30 06:50:00,wuhe_longping,south,0,11
2019/1/30 06:55:00,wuhe_longping,south,0,14
2019/1/30 07:00:00,wuhe_longping,south,0,15
2019/1/30 07:05:00,wuhe_longping,south,0,8
2019/1/30 07:10:00,wuhe_longping,south,0,16
2019/1/30 07:15:00,wuhe_longping,south,0,14
2019/1/30 07:20:00,wuhe_longping,south,1,25
2019/1/30 07:25:00,wuhe_longping,south,0,34
2019/1/30 07:30:00,wuhe_longping,south,0,43
2019/1/30 07:35:00,wuhe_longping,south,2,54
2019/1/30 07:40:00,wuhe_longping,south,0,56
2019/1/30 07:45:00,wuhe_longping,south,0,36
2019/1/30 07:50:00,wuhe_longping,south,2,81
2019/1/30 07:55:00,wuhe_longping,south,5,60
2019/1/30 08:00:00,wuhe_longping,south,0,90
2019/1/30 08:05:00,wuhe_longping,south,0,99
2019/1/30 08:10:00,wuhe_longping,south,2,122
2019/1/30 08:15:00,wuhe_longping,south,1,124
2019/1/30 08:20:00,wuhe_longping,south,3,128
2019/1/30 08:25:00,wuhe_longping,south,3,122
2019/1/30 08:30:00,wuhe_longping,south,3,85
2019/1/30 08:35:00,wuhe_longping,south,3,77
2019/1/30 08:40:00,wuhe_longping,south,5,92
2019/1/30 08:45:00,wuhe_longping,south,3,94
2019/1/30 08:50:00,wuhe_longping,south,0,64
2019/1/30 08:55:00,wuhe_longping,south,3,50
2019/1/30 09:00:00,wuhe_longping,south,4,64
2019/1/30 09:05:00,wuhe_longping,south,1,55
2019/1/30 09:10:00,wuhe_longping,south,1,41
2019/1/30 09:15:00,wuhe_longping,south,0,50
2019/1/30 09:20:00,wuhe_longping,south,0,28
2019/1/30 09:25:00,wuhe_longping,south,0,48
2019/1/30 09:30:00,wuhe_longping,south,2,42
2019/1/30 09:35:00,wuhe_longping,south,0,35
2019/1/30 09:40:00,wuhe_longping,south,1,40
2019/1/30 09:45:00,wuhe_longping,south,1,38
2019/1/30 09:50:00,wuhe_longping,south,1,44
2019/1/30 09:55:00,wuhe_longping,south,1,36
2019/1/30 10:00:00,wuhe_longping,south,0,37
2019/1/30 10:05:00,wuhe_longping,south,1,44
2019/1/30 10:10:00,wuhe_longping,south,1,41
2019/1/30 10:15:00,wuhe_longping,south,1,45
2019/1/30 10:20:00,wuhe_longping,south,1,37
2019/1/30 10:25:00,wuhe_longping,south,0,33
2019/1/30 10:30:00,wuhe_longping,south,3,40
2019/1/30 10:35:00,wuhe_longping,south,2,34
2019/1/30 10:40:00,wuhe_longping,south,0,39
2019/1/30 10:45:00,wuhe_longping,south,0,26
2019/1/30 10:50:00,wuhe_longping,south,2,25
2019/1/30 10:55:00,wuhe_longping,south,1,40
2019/1/30 11:00:00,wuhe_longping,south,1,35
2019/1/30 11:05:00,wuhe_longping,south,1,38
2019/1/30 11:10:00,wuhe_longping,south,0,44
2019/1/30 11:15:00,wuhe_longping,south,1,33
2019/1/30 11:20:00,wuhe_longping,south,1,33
2019/1/30 11:25:00,wuhe_longping,south,1,29
2019/1/30 11:30:00,wuhe_longping,south,0,34
2019/1/30 11:35:00,wuhe_longping,south,1,41
2019/1/30 11:40:00,wuhe_longping,south,1,15
2019/1/30 11:45:00,wuhe_longping,south,2,33
2019/1/30 11:50:00,wuhe_longping,south,1,38
2019/1/30 11:55:00,wuhe_longping,south,4,32
2019/1/30 12:00:00,wuhe_longping,south,0,27
2019/1/30 12:05:00,wuhe_longping,south,1,37
2019/1/30 12:10:00,wuhe_longping,south,1,30
2019/1/30 12:15:00,wuhe_longping,south,2,26
2019/1/30 12:20:00,wuhe_longping,south,1,25
2019/1/30 12:25:00,wuhe_longping,south,1,23
2019/1/30 12:30:00,wuhe_longping,south,0,28
2019/1/30 12:35:00,wuhe_longping,south,1,31
2019/1/30 12:40:00,wuhe_longping,south,1,27
2019/1/30 12:45:00,wuhe_longping,south,0,40
2019/1/30 12:50:00,wuhe_longping,south,0,35
2019/1/30 12:55:00,wuhe_longping,south,1,23
2019/1/30 13:00:00,wuhe_longping,south,0,20
2019/1/30 13:05:00,wuhe_longping,south,0,37
2019/1/30 13:10:00,wuhe_longping,south,0,32
2019/1/30 13:15:00,wuhe_longping,south,0,28
2019/1/30 13:20:00,wuhe_longping,south,0,30
2019/1/30 13:25:00,wuhe_longping,south,2,22
2019/1/30 13:30:00,wuhe_longping,south,0,41
2019/1/30 13:35:00,wuhe_longping,south,0,51
2019/1/30 13:40:00,wuhe_longping,south,4,54
2019/1/30 13:45:00,wuhe_longping,south,2,59
2019/1/30 13:50:00,wuhe_longping,south,0,45
2019/1/30 13:55:00,wuhe_longping,south,1,43
2019/1/30 14:00:00,wuhe_longping,south,0,43
2019/1/30 14:05:00,wuhe_longping,south,2,48
2019/1/30 14:10:00,wuhe_longping,south,3,53
2019/1/30 14:15:00,wuhe_longping,south,1,34
2019/1/30 14:20:00,wuhe_longping,south,0,33
2019/1/30 14:25:00,wuhe_longping,south,0,55
2019/1/30 14:30:00,wuhe_longping,south,0,32
2019/1/30 14:35:00,wuhe_longping,south,0,41
2019/1/30 14:40:00,wuhe_longping,south,1,27
2019/1/30 14:45:00,wuhe_longping,south,1,34
2019/1/30 14:50:00,wuhe_longping,south,2,37
2019/1/30 14:55:00,wuhe_longping,south,0,34
2019/1/30 15:00:00,wuhe_longping,south,1,37
2019/1/30 15:05:00,wuhe_longping,south,0,22
2019/1/30 15:10:00,wuhe_longping,south,2,39
2019/1/30 15:15:00,wuhe_longping,south,1,44
2019/1/30 15:20:00,wuhe_longping,south,0,35
2019/1/30 15:25:00,wuhe_longping,south,1,36
2019/1/30 15:30:00,wuhe_longping,south,0,35
2019/1/30 15:35:00,wuhe_longping,south,1,41
2019/1/30 15:40:00,wuhe_longping,south,1,43
2019/1/30 15:45:00,wuhe_longping,south,2,40
2019/1/30 15:50:00,wuhe_longping,south,1,28
2019/1/30 15:55:00,wuhe_longping,south,1,36
2019/1/30 16:00:00,wuhe_longping,south,2,40
2019/1/30 16:05:00,wuhe_longping,south,1,42
2019/1/30 16:10:00,wuhe_longping,south,0,35
2019/1/30 16:15:00,wuhe_longping,south,1,32
2019/1/30 16:20:00,wuhe_longping,south,0,25
2019/1/30 16:25:00,wuhe_longping,south,0,33
2019/1/30 16:30:00,wuhe_longping,south,0,33
2019/1/30 16:35:00,wuhe_longping,south,0,38
2019/1/30 16:40:00,wuhe_longping,south,0,30
2019/1/30 16:45:00,wuhe_longping,south,2,31
2019/1/30 16:50:00,wuhe_longping,south,1,37
2019/1/30 16:55:00,wuhe_longping,south,2,33
2019/1/30 17:00:00,wuhe_longping,south,2,34
2019/1/30 17:05:00,wuhe_longping,south,0,34
2019/1/30 17:10:00,wuhe_longping,south,0,24
2019/1/30 17:15:00,wuhe_longping,south,0,34
2019/1/30 17:20:00,wuhe_longping,south,2,35
2019/1/30 17:25:00,wuhe_longping,south,0,37
2019/1/30 17:30:00,wuhe_longping,south,2,22
2019/1/30 17:35:00,wuhe_longping,south,5,56
2019/1/30 17:40:00,wuhe_longping,south,4,33
2019/1/30 17:45:00,wuhe_longping,south,4,46
2019/1/30 17:50:00,wuhe_longping,south,2,50
2019/1/30 17:55:00,wuhe_longping,south,4,42
2019/1/30 18:00:00,wuhe_longping,south,4,36
2019/1/30 18:05:00,wuhe_longping,south,1,53
2019/1/30 18:10:00,wuhe_longping,south,2,49
2019/1/30 18:15:00,wuhe_longping,south,2,44
2019/1/30 18:20:00,wuhe_longping,south,2,58
2019/1/30 18:25:00,wuhe_longping,south,0,53
2019/1/30 18:30:00,wuhe_longping,south,0,36
2019/1/30 18:35:00,wuhe_longping,south,0,36
2019/1/30 18:40:00,wuhe_longping,south,1,42
2019/1/30 18:45:00,wuhe_longping,south,0,39
2019/1/30 18:50:00,wuhe_longping,south,1,38
2019/1/30 18:55:00,wuhe_longping,south,0,38
2019/1/30 19:00:00,wuhe_longping,south,1,34
2019/1/30 19:05:00,wuhe_longping,south,0,23
2019/1/30 19:10:00,wuhe_longping,south,0,27
2019/1/30 19:15:00,wuhe_longping,south,1,33
2019/1/30 19:20:00,wuhe_longping,south,0,28
2019/1/30 19:25:00,wuhe_longping,south,0,18
2019/1/30 19:30:00,wuhe_longping,south,0,41
2019/1/30 19:35:00,wuhe_longping,south,0,27
2019/1/30 19:40:00,wuhe_longping,south,0,37
2019/1/30 19:45:00,wuhe_longping,south,0,22
2019/1/30 19:50:00,wuhe_longping,south,0,22
2019/1/30 19:55:00,wuhe_longping,south,0,26
2019/1/30 20:00:00,wuhe_longping,south,1,22
2019/1/30 20:05:00,wuhe_longping,south,0,38
2019/1/30 20:10:00,wuhe_longping,south,0,23
2019/1/30 20:15:00,wuhe_longping,south,0,22
2019/1/30 20:20:00,wuhe_longping,south,0,23
2019/1/30 20:25:00,wuhe_longping,south,0,33
2019/1/30 20:30:00,wuhe_longping,south,1,45
2019/1/30 20:35:00,wuhe_longping,south,0,21
2019/1/30 20:40:00,wuhe_longping,south,0,36
2019/1/30 20:45:00,wuhe_longping,south,0,31
2019/1/30 20:50:00,wuhe_longping,south,0,33
2019/1/30 20:55:00,wuhe_longping,south,0,32
2019/1/30 21:00:00,wuhe_longping,south,1,35
2019/1/30 21:05:00,wuhe_longping,south,0,31
2019/1/30 21:10:00,wuhe_longping,south,0,43
2019/1/30 21:15:00,wuhe_longping,south,3,43
2019/1/30 21:20:00,wuhe_longping,south,0,26
2019/1/30 21:25:00,wuhe_longping,south,0,22
2019/1/30 21:30:00,wuhe_longping,south,0,34
2019/1/30 21:35:00,wuhe_longping,south,0,31
2019/1/30 21:40:00,wuhe_longping,south,0,22
2019/1/30 21:45:00,wuhe_longping,south,0,33
2019/1/30 21:50:00,wuhe_longping,south,0,30
2019/1/30 21:55:00,wuhe_longping,south,0,36
2019/1/30 22:00:00,wuhe_longping,south,0,23
2019/1/30 22:05:00,wuhe_longping,south,0,30
2019/1/30 22:10:00,wuhe_longping,south,0,35
2019/1/30 22:15:00,wuhe_longping,south,0,34
2019/1/30 22:20:00,wuhe_longping,south,0,24
2019/1/30 22:25:00,wuhe_longping,south,0,22
2019/1/30 22:30:00,wuhe_longping,south,0,32
2019/1/30 22:35:00,wuhe_longping,south,0,38
2019/1/30 22:40:00,wuhe_longping,south,0,26
2019/1/30 22:45:00,wuhe_longping,south,0,29
2019/1/30 22:50:00,wuhe_longping,south,0,18
2019/1/30 22:55:00,wuhe_longping,south,0,27
2019/1/30 23:00:00,wuhe_longping,south,0,17
2019/1/30 23:05:00,wuhe_longping,south,1,27
2019/1/30 23:10:00,wuhe_longping,south,1,22
2019/1/30 23:15:00,wuhe_longping,south,0,18
2019/1/30 23:20:00,wuhe_longping,south,0,16
2019/1/30 23:25:00,wuhe_longping,south,0,21
2019/1/30 23:30:00,wuhe_longping,south,0,17
2019/1/30 23:35:00,wuhe_longping,south,0,14
2019/1/30 23:40:00,wuhe_longping,south,0,18
2019/1/30 23:45:00,wuhe_longping,south,0,16
2019/1/30 23:50:00,wuhe_longping,south,0,8
2019/1/30 23:55:00,wuhe_longping,south,0,11
