2019/1/22 00:00:00,chongzhi_beier,north,6,2
2019/1/22 00:05:00,chongzhi_beier,north,4,2
2019/1/22 00:10:00,chongzhi_beier,north,9,4
2019/1/22 00:15:00,chongzhi_beier,north,10,2
2019/1/22 00:20:00,chongzhi_beier,north,4,2
2019/1/22 00:25:00,chongzhi_beier,north,7,1
2019/1/22 00:30:00,chongzhi_beier,north,6,2
2019/1/22 00:35:00,chongzhi_beier,north,7,5
2019/1/22 00:40:00,chongzhi_beier,north,5,1
2019/1/22 00:45:00,chongzhi_beier,north,4,0
2019/1/22 00:50:00,chongzhi_beier,north,4,3
2019/1/22 00:55:00,chongzhi_beier,north,4,1
2019/1/22 01:00:00,chongzhi_beier,north,1,1
2019/1/22 01:05:00,chongzhi_beier,north,2,4
2019/1/22 01:10:00,chongzhi_beier,north,2,0
2019/1/22 01:15:00,chongzhi_beier,north,2,0
2019/1/22 01:20:00,chongzhi_beier,north,5,1
2019/1/22 01:25:00,chongzhi_beier,north,9,0
2019/1/22 01:30:00,chongzhi_beier,north,3,0
2019/1/22 01:35:00,chongzhi_beier,north,3,2
2019/1/22 01:40:00,chongzhi_beier,north,2,2
2019/1/22 01:45:00,chongzhi_beier,north,3,0
2019/1/22 01:50:00,chongzhi_beier,north,2,2
2019/1/22 01:55:00,chongzhi_beier,north,3,1
2019/1/22 02:00:00,chongzhi_beier,north,1,2
2019/1/22 02:05:00,chongzhi_beier,north,2,3
2019/1/22 02:10:00,chongzhi_beier,north,3,0
2019/1/22 02:15:00,chongzhi_beier,north,1,2
2019/1/22 02:20:00,chongzhi_beier,north,3,1
2019/1/22 02:25:00,chongzhi_beier,north,2,1
2019/1/22 02:30:00,chongzhi_beier,north,4,1
2019/1/22 02:35:00,chongzhi_beier,north,2,1
2019/1/22 02:40:00,chongzhi_beier,north,3,1
2019/1/22 02:45:00,chongzhi_beier,north,3,3
2019/1/22 02:50:00,chongzhi_beier,north,5,2
2019/1/22 02:55:00,chongzhi_beier,north,3,1
2019/1/22 03:00:00,chongzhi_beier,north,1,0
2019/1/22 03:05:00,chongzhi_beier,north,1,1
2019/1/22 03:10:00,chongzhi_beier,north,2,1
2019/1/22 03:15:00,chongzhi_beier,north,2,2
2019/1/22 03:20:00,chongzhi_beier,north,2,0
2019/1/22 03:25:00,chongzhi_beier,north,1,0
2019/1/22 03:30:00,chongzhi_beier,north,2,1
2019/1/22 03:35:00,chongzhi_beier,north,3,0
2019/1/22 03:40:00,chongzhi_beier,north,1,1
2019/1/22 03:45:00,chongzhi_beier,north,0,0
2019/1/22 03:50:00,chongzhi_beier,north,3,1
2019/1/22 03:55:00,chongzhi_beier,north,1,0
2019/1/22 04:00:00,chongzhi_beier,north,2,2
2019/1/22 04:05:00,chongzhi_beier,north,1,0
2019/1/22 04:10:00,chongzhi_beier,north,0,1
2019/1/22 04:15:00,chongzhi_beier,north,0,1
2019/1/22 04:20:00,chongzhi_beier,north,0,1
2019/1/22 04:25:00,chongzhi_beier,north,1,1
2019/1/22 04:30:00,chongzhi_beier,north,2,0
2019/1/22 04:35:00,chongzhi_beier,north,1,0
2019/1/22 04:40:00,chongzhi_beier,north,0,0
2019/1/22 04:45:00,chongzhi_beier,north,4,0
2019/1/22 04:50:00,chongzhi_beier,north,2,0
2019/1/22 04:55:00,chongzhi_beier,north,2,0
2019/1/22 05:00:00,chongzhi_beier,north,4,4
2019/1/22 05:05:00,chongzhi_beier,north,1,0
2019/1/22 05:10:00,chongzhi_beier,north,1,0
2019/1/22 05:15:00,chongzhi_beier,north,2,2
2019/1/22 05:20:00,chongzhi_beier,north,0,0
2019/1/22 05:25:00,chongzhi_beier,north,1,1
2019/1/22 05:30:00,chongzhi_beier,north,0,1
2019/1/22 05:35:00,chongzhi_beier,north,2,0
2019/1/22 05:40:00,chongzhi_beier,north,2,0
2019/1/22 05:45:00,chongzhi_beier,north,2,1
2019/1/22 05:50:00,chongzhi_beier,north,1,0
2019/1/22 05:55:00,chongzhi_beier,north,2,0
2019/1/22 06:00:00,chongzhi_beier,north,0,0
2019/1/22 06:05:00,chongzhi_beier,north,1,0
2019/1/22 06:10:00,chongzhi_beier,north,0,0
2019/1/22 06:15:00,chongzhi_beier,north,2,1
2019/1/22 06:20:00,chongzhi_beier,north,2,0
2019/1/22 06:25:00,chongzhi_beier,north,1,0
2019/1/22 06:30:00,chongzhi_beier,north,0,1
2019/1/22 06:35:00,chongzhi_beier,north,3,0
2019/1/22 06:40:00,chongzhi_beier,north,3,0
2019/1/22 06:45:00,chongzhi_beier,north,7,1
2019/1/22 06:50:00,chongzhi_beier,north,2,0
2019/1/22 06:55:00,chongzhi_beier,north,3,0
2019/1/22 07:00:00,chongzhi_beier,north,4,1
2019/1/22 07:05:00,chongzhi_beier,north,2,1
2019/1/22 07:10:00,chongzhi_beier,north,2,1
2019/1/22 07:15:00,chongzhi_beier,north,7,1
2019/1/22 07:20:00,chongzhi_beier,north,4,0
2019/1/22 07:25:00,chongzhi_beier,north,6,0
2019/1/22 07:30:00,chongzhi_beier,north,6,0
2019/1/22 07:35:00,chongzhi_beier,north,4,1
2019/1/22 07:40:00,chongzhi_beier,north,9,2
2019/1/22 07:45:00,chongzhi_beier,north,11,1
2019/1/22 07:50:00,chongzhi_beier,north,8,5
2019/1/22 07:55:00,chongzhi_beier,north,13,2
2019/1/22 08:00:00,chongzhi_beier,north,13,1
2019/1/22 08:05:00,chongzhi_beier,north,15,5
2019/1/22 08:10:00,chongzhi_beier,north,16,3
2019/1/22 08:15:00,chongzhi_beier,north,8,3
2019/1/22 08:20:00,chongzhi_beier,north,22,7
2019/1/22 08:25:00,chongzhi_beier,north,22,7
2019/1/22 08:30:00,chongzhi_beier,north,18,8
2019/1/22 08:35:00,chongzhi_beier,north,11,2
2019/1/22 08:40:00,chongzhi_beier,north,20,6
2019/1/22 08:45:00,chongzhi_beier,north,23,10
2019/1/22 08:50:00,chongzhi_beier,north,14,4
2019/1/22 08:55:00,chongzhi_beier,north,18,5
2019/1/22 09:00:00,chongzhi_beier,north,16,6
2019/1/22 09:05:00,chongzhi_beier,north,14,8
2019/1/22 09:10:00,chongzhi_beier,north,11,4
2019/1/22 09:15:00,chongzhi_beier,north,16,6
2019/1/22 09:20:00,chongzhi_beier,north,14,5
2019/1/22 09:25:00,chongzhi_beier,north,18,6
2019/1/22 09:30:00,chongzhi_beier,north,13,5
2019/1/22 09:35:00,chongzhi_beier,north,11,8
2019/1/22 09:40:00,chongzhi_beier,north,11,6
2019/1/22 09:45:00,chongzhi_beier,north,10,4
2019/1/22 09:50:00,chongzhi_beier,north,12,2
2019/1/22 09:55:00,chongzhi_beier,north,10,2
2019/1/22 10:00:00,chongzhi_beier,north,6,2
2019/1/22 10:05:00,chongzhi_beier,north,10,4
2019/1/22 10:10:00,chongzhi_beier,north,12,2
2019/1/22 10:15:00,chongzhi_beier,north,10,4
2019/1/22 10:20:00,chongzhi_beier,north,10,2
2019/1/22 10:25:00,chongzhi_beier,north,7,4
2019/1/22 10:30:00,chongzhi_beier,north,13,2
2019/1/22 10:35:00,chongzhi_beier,north,11,4
2019/1/22 10:40:00,chongzhi_beier,north,7,4
2019/1/22 10:45:00,chongzhi_beier,north,16,4
2019/1/22 10:50:00,chongzhi_beier,north,7,1
2019/1/22 10:55:00,chongzhi_beier,north,10,0
2019/1/22 11:00:00,chongzhi_beier,north,13,2
2019/1/22 11:05:00,chongzhi_beier,north,12,0
2019/1/22 11:10:00,chongzhi_beier,north,16,5
2019/1/22 11:15:00,chongzhi_beier,north,10,3
2019/1/22 11:20:00,chongzhi_beier,north,13,1
2019/1/22 11:25:00,chongzhi_beier,north,11,2
2019/1/22 11:30:00,chongzhi_beier,north,9,6
2019/1/22 11:35:00,chongzhi_beier,north,11,3
2019/1/22 11:40:00,chongzhi_beier,north,15,6
2019/1/22 11:45:00,chongzhi_beier,north,11,4
2019/1/22 11:50:00,chongzhi_beier,north,11,3
2019/1/22 11:55:00,chongzhi_beier,north,15,9
2019/1/22 12:00:00,chongzhi_beier,north,15,6
2019/1/22 12:05:00,chongzhi_beier,north,15,5
2019/1/22 12:10:00,chongzhi_beier,north,18,3
2019/1/22 12:15:00,chongzhi_beier,north,15,6
2019/1/22 12:20:00,chongzhi_beier,north,9,3
2019/1/22 12:25:00,chongzhi_beier,north,10,3
2019/1/22 12:30:00,chongzhi_beier,north,8,2
2019/1/22 12:35:00,chongzhi_beier,north,10,4
2019/1/22 12:40:00,chongzhi_beier,north,11,3
2019/1/22 12:45:00,chongzhi_beier,north,10,3
2019/1/22 12:50:00,chongzhi_beier,north,16,2
2019/1/22 12:55:00,chongzhi_beier,north,13,6
2019/1/22 13:00:00,chongzhi_beier,north,8,4
2019/1/22 13:05:00,chongzhi_beier,north,10,2
2019/1/22 13:10:00,chongzhi_beier,north,11,1
2019/1/22 13:15:00,chongzhi_beier,north,13,8
2019/1/22 13:20:00,chongzhi_beier,north,6,7
2019/1/22 13:25:00,chongzhi_beier,north,8,2
2019/1/22 13:30:00,chongzhi_beier,north,5,2
2019/1/22 13:35:00,chongzhi_beier,north,15,4
2019/1/22 13:40:00,chongzhi_beier,north,17,4
2019/1/22 13:45:00,chongzhi_beier,north,11,2
2019/1/22 13:50:00,chongzhi_beier,north,8,1
2019/1/22 13:55:00,chongzhi_beier,north,12,4
2019/1/22 14:00:00,chongzhi_beier,north,12,1
2019/1/22 14:05:00,chongzhi_beier,north,9,3
2019/1/22 14:10:00,chongzhi_beier,north,17,3
2019/1/22 14:15:00,chongzhi_beier,north,15,3
2019/1/22 14:20:00,chongzhi_beier,north,16,3
2019/1/22 14:25:00,chongzhi_beier,north,4,3
2019/1/22 14:30:00,chongzhi_beier,north,9,5
2019/1/22 14:35:00,chongzhi_beier,north,9,4
2019/1/22 14:40:00,chongzhi_beier,north,17,1
2019/1/22 14:45:00,chongzhi_beier,north,13,3
2019/1/22 14:50:00,chongzhi_beier,north,6,5
2019/1/22 14:55:00,chongzhi_beier,north,10,0
2019/1/22 15:00:00,chongzhi_beier,north,12,2
2019/1/22 15:05:00,chongzhi_beier,north,16,2
2019/1/22 15:10:00,chongzhi_beier,north,9,3
2019/1/22 15:15:00,chongzhi_beier,north,12,3
2019/1/22 15:20:00,chongzhi_beier,north,11,2
2019/1/22 15:25:00,chongzhi_beier,north,17,2
2019/1/22 15:30:00,chongzhi_beier,north,18,3
2019/1/22 15:35:00,chongzhi_beier,north,12,0
2019/1/22 15:40:00,chongzhi_beier,north,15,5
2019/1/22 15:45:00,chongzhi_beier,north,11,1
2019/1/22 15:50:00,chongzhi_beier,north,11,1
2019/1/22 15:55:00,chongzhi_beier,north,15,5
2019/1/22 16:00:00,chongzhi_beier,north,16,2
2019/1/22 16:05:00,chongzhi_beier,north,13,3
2019/1/22 16:10:00,chongzhi_beier,north,13,2
2019/1/22 16:15:00,chongzhi_beier,north,10,4
2019/1/22 16:20:00,chongzhi_beier,north,10,6
2019/1/22 16:25:00,chongzhi_beier,north,11,2
2019/1/22 16:30:00,chongzhi_beier,north,14,5
2019/1/22 16:35:00,chongzhi_beier,north,16,5
2019/1/22 16:40:00,chongzhi_beier,north,9,4
2019/1/22 16:45:00,chongzhi_beier,north,12,2
2019/1/22 16:50:00,chongzhi_beier,north,13,3
2019/1/22 16:55:00,chongzhi_beier,north,13,5
2019/1/22 17:00:00,chongzhi_beier,north,10,4
2019/1/22 17:05:00,chongzhi_beier,north,14,1
2019/1/22 17:10:00,chongzhi_beier,north,9,1
2019/1/22 17:15:00,chongzhi_beier,north,12,5
2019/1/22 17:20:00,chongzhi_beier,north,15,1
2019/1/22 17:25:00,chongzhi_beier,north,18,3
2019/1/22 17:30:00,chongzhi_beier,north,14,4
2019/1/22 17:35:00,chongzhi_beier,north,13,4
2019/1/22 17:40:00,chongzhi_beier,north,20,9
2019/1/22 17:45:00,chongzhi_beier,north,17,2
2019/1/22 17:50:00,chongzhi_beier,north,24,8
2019/1/22 17:55:00,chongzhi_beier,north,30,11
2019/1/22 18:00:00,chongzhi_beier,north,29,16
2019/1/22 18:05:00,chongzhi_beier,north,16,8
2019/1/22 18:10:00,chongzhi_beier,north,44,14
2019/1/22 18:15:00,chongzhi_beier,north,31,9
2019/1/22 18:20:00,chongzhi_beier,north,44,13
2019/1/22 18:25:00,chongzhi_beier,north,21,4
2019/1/22 18:30:00,chongzhi_beier,north,52,9
2019/1/22 18:35:00,chongzhi_beier,north,27,5
2019/1/22 18:40:00,chongzhi_beier,north,37,11
2019/1/22 18:45:00,chongzhi_beier,north,20,6
2019/1/22 18:50:00,chongzhi_beier,north,22,11
2019/1/22 18:55:00,chongzhi_beier,north,24,5
2019/1/22 19:00:00,chongzhi_beier,north,28,9
2019/1/22 19:05:00,chongzhi_beier,north,17,5
2019/1/22 19:10:00,chongzhi_beier,north,23,6
2019/1/22 19:15:00,chongzhi_beier,north,21,11
2019/1/22 19:20:00,chongzhi_beier,north,20,6
2019/1/22 19:25:00,chongzhi_beier,north,17,7
2019/1/22 19:30:00,chongzhi_beier,north,22,7
2019/1/22 19:35:00,chongzhi_beier,north,18,15
2019/1/22 19:40:00,chongzhi_beier,north,20,5
2019/1/22 19:45:00,chongzhi_beier,north,12,7
2019/1/22 19:50:00,chongzhi_beier,north,14,0
2019/1/22 19:55:00,chongzhi_beier,north,15,6
2019/1/22 20:00:00,chongzhi_beier,north,17,2
2019/1/22 20:05:00,chongzhi_beier,north,15,4
2019/1/22 20:10:00,chongzhi_beier,north,16,12
2019/1/22 20:15:00,chongzhi_beier,north,11,2
2019/1/22 20:20:00,chongzhi_beier,north,19,4
2019/1/22 20:25:00,chongzhi_beier,north,11,3
2019/1/22 20:30:00,chongzhi_beier,north,12,2
2019/1/22 20:35:00,chongzhi_beier,north,18,3
2019/1/22 20:40:00,chongzhi_beier,north,15,2
2019/1/22 20:45:00,chongzhi_beier,north,20,4
2019/1/22 20:50:00,chongzhi_beier,north,27,5
2019/1/22 20:55:00,chongzhi_beier,north,22,7
2019/1/22 21:00:00,chongzhi_beier,north,28,8
2019/1/22 21:05:00,chongzhi_beier,north,18,6
2019/1/22 21:10:00,chongzhi_beier,north,27,11
2019/1/22 21:15:00,chongzhi_beier,north,27,6
2019/1/22 21:20:00,chongzhi_beier,north,29,1
2019/1/22 21:25:00,chongzhi_beier,north,31,2
2019/1/22 21:30:00,chongzhi_beier,north,18,8
2019/1/22 21:35:00,chongzhi_beier,north,23,2
2019/1/22 21:40:00,chongzhi_beier,north,20,2
2019/1/22 21:45:00,chongzhi_beier,north,17,4
2019/1/22 21:50:00,chongzhi_beier,north,16,7
2019/1/22 21:55:00,chongzhi_beier,north,19,3
2019/1/22 22:00:00,chongzhi_beier,north,20,3
2019/1/22 22:05:00,chongzhi_beier,north,17,7
2019/1/22 22:10:00,chongzhi_beier,north,17,5
2019/1/22 22:15:00,chongzhi_beier,north,14,3
2019/1/22 22:20:00,chongzhi_beier,north,12,4
2019/1/22 22:25:00,chongzhi_beier,north,13,2
2019/1/22 22:30:00,chongzhi_beier,north,18,6
2019/1/22 22:35:00,chongzhi_beier,north,10,1
2019/1/22 22:40:00,chongzhi_beier,north,14,3
2019/1/22 22:45:00,chongzhi_beier,north,10,2
2019/1/22 22:50:00,chongzhi_beier,north,9,2
2019/1/22 22:55:00,chongzhi_beier,north,10,7
2019/1/22 23:00:00,chongzhi_beier,north,12,3
2019/1/22 23:05:00,chongzhi_beier,north,19,2
2019/1/22 23:10:00,chongzhi_beier,north,20,3
2019/1/22 23:15:00,chongzhi_beier,north,18,2
2019/1/22 23:20:00,chongzhi_beier,north,13,3
2019/1/22 23:25:00,chongzhi_beier,north,23,6
2019/1/22 23:30:00,chongzhi_beier,north,13,4
2019/1/22 23:35:00,chongzhi_beier,north,9,2
2019/1/22 23:40:00,chongzhi_beier,north,12,0
2019/1/22 23:45:00,chongzhi_beier,north,9,5
2019/1/22 23:50:00,chongzhi_beier,north,8,7
2019/1/22 23:55:00,chongzhi_beier,north,14,0
