2019/1/22 00:00:00,chongzhi_beier,east,6,18
2019/1/22 00:05:00,chongzhi_beier,east,5,16
2019/1/22 00:10:00,chongzhi_beier,east,5,13
2019/1/22 00:15:00,chongzhi_beier,east,6,27
2019/1/22 00:20:00,chongzhi_beier,east,3,21
2019/1/22 00:25:00,chongzhi_beier,east,5,15
2019/1/22 00:30:00,chongzhi_beier,east,9,20
2019/1/22 00:35:00,chongzhi_beier,east,2,14
2019/1/22 00:40:00,chongzhi_beier,east,1,17
2019/1/22 00:45:00,chongzhi_beier,east,2,15
2019/1/22 00:50:00,chongzhi_beier,east,1,17
2019/1/22 00:55:00,chongzhi_beier,east,2,2
2019/1/22 01:00:00,chongzhi_beier,east,6,18
2019/1/22 01:05:00,chongzhi_beier,east,2,10
2019/1/22 01:10:00,chongzhi_beier,east,0,11
2019/1/22 01:15:00,chongzhi_beier,east,4,13
2019/1/22 01:20:00,chongzhi_beier,east,4,5
2019/1/22 01:25:00,chongzhi_beier,east,0,7
2019/1/22 01:30:00,chongzhi_beier,east,3,10
2019/1/22 01:35:00,chongzhi_beier,east,0,17
2019/1/22 01:40:00,chongzhi_beier,east,1,5
2019/1/22 01:45:00,chongzhi_beier,east,1,13
2019/1/22 01:50:00,chongzhi_beier,east,3,6
2019/1/22 01:55:00,chongzhi_beier,east,2,4
2019/1/22 02:00:00,chongzhi_beier,east,3,5
2019/1/22 02:05:00,chongzhi_beier,east,5,8
2019/1/22 02:10:00,chongzhi_beier,east,2,5
2019/1/22 02:15:00,chongzhi_beier,east,1,7
2019/1/22 02:20:00,chongzhi_beier,east,0,9
2019/1/22 02:25:00,chongzhi_beier,east,1,9
2019/1/22 02:30:00,chongzhi_beier,east,1,7
2019/1/22 02:35:00,chongzhi_beier,east,2,6
2019/1/22 02:40:00,chongzhi_beier,east,1,8
2019/1/22 02:45:00,chongzhi_beier,east,2,9
2019/1/22 02:50:00,chongzhi_beier,east,0,8
2019/1/22 02:55:00,chongzhi_beier,east,1,2
2019/1/22 03:00:00,chongzhi_beier,east,4,4
2019/1/22 03:05:00,chongzhi_beier,east,2,5
2019/1/22 03:10:00,chongzhi_beier,east,0,9
2019/1/22 03:15:00,chongzhi_beier,east,2,6
2019/1/22 03:20:00,chongzhi_beier,east,3,9
2019/1/22 03:25:00,chongzhi_beier,east,3,7
2019/1/22 03:30:00,chongzhi_beier,east,3,1
2019/1/22 03:35:00,chongzhi_beier,east,0,2
2019/1/22 03:40:00,chongzhi_beier,east,1,6
2019/1/22 03:45:00,chongzhi_beier,east,0,4
2019/1/22 03:50:00,chongzhi_beier,east,1,6
2019/1/22 03:55:00,chongzhi_beier,east,0,4
2019/1/22 04:00:00,chongzhi_beier,east,0,4
2019/1/22 04:05:00,chongzhi_beier,east,2,5
2019/1/22 04:10:00,chongzhi_beier,east,1,3
2019/1/22 04:15:00,chongzhi_beier,east,1,4
2019/1/22 04:20:00,chongzhi_beier,east,4,6
2019/1/22 04:25:00,chongzhi_beier,east,2,4
2019/1/22 04:30:00,chongzhi_beier,east,0,2
2019/1/22 04:35:00,chongzhi_beier,east,1,5
2019/1/22 04:40:00,chongzhi_beier,east,0,3
2019/1/22 04:45:00,chongzhi_beier,east,2,5
2019/1/22 04:50:00,chongzhi_beier,east,0,2
2019/1/22 04:55:00,chongzhi_beier,east,0,3
2019/1/22 05:00:00,chongzhi_beier,east,2,6
2019/1/22 05:05:00,chongzhi_beier,east,0,6
2019/1/22 05:10:00,chongzhi_beier,east,0,7
2019/1/22 05:15:00,chongzhi_beier,east,2,8
2019/1/22 05:20:00,chongzhi_beier,east,0,3
2019/1/22 05:25:00,chongzhi_beier,east,0,7
2019/1/22 05:30:00,chongzhi_beier,east,5,8
2019/1/22 05:35:00,chongzhi_beier,east,1,3
2019/1/22 05:40:00,chongzhi_beier,east,0,10
2019/1/22 05:45:00,chongzhi_beier,east,0,6
2019/1/22 05:50:00,chongzhi_beier,east,3,10
2019/1/22 05:55:00,chongzhi_beier,east,2,8
2019/1/22 06:00:00,chongzhi_beier,east,1,17
2019/1/22 06:05:00,chongzhi_beier,east,3,18
2019/1/22 06:10:00,chongzhi_beier,east,1,15
2019/1/22 06:15:00,chongzhi_beier,east,2,24
2019/1/22 06:20:00,chongzhi_beier,east,0,22
2019/1/22 06:25:00,chongzhi_beier,east,0,19
2019/1/22 06:30:00,chongzhi_beier,east,0,21
2019/1/22 06:35:00,chongzhi_beier,east,1,21
2019/1/22 06:40:00,chongzhi_beier,east,0,26
2019/1/22 06:45:00,chongzhi_beier,east,0,24
2019/1/22 06:50:00,chongzhi_beier,east,3,24
2019/1/22 06:55:00,chongzhi_beier,east,0,28
2019/1/22 07:00:00,chongzhi_beier,east,2,23
2019/1/22 07:05:00,chongzhi_beier,east,0,40
2019/1/22 07:10:00,chongzhi_beier,east,2,33
2019/1/22 07:15:00,chongzhi_beier,east,0,45
2019/1/22 07:20:00,chongzhi_beier,east,7,47
2019/1/22 07:25:00,chongzhi_beier,east,4,36
2019/1/22 07:30:00,chongzhi_beier,east,3,39
2019/1/22 07:35:00,chongzhi_beier,east,3,65
2019/1/22 07:40:00,chongzhi_beier,east,5,52
2019/1/22 07:45:00,chongzhi_beier,east,7,46
2019/1/22 07:50:00,chongzhi_beier,east,3,51
2019/1/22 07:55:00,chongzhi_beier,east,4,64
2019/1/22 08:00:00,chongzhi_beier,east,9,66
2019/1/22 08:05:00,chongzhi_beier,east,8,72
2019/1/22 08:10:00,chongzhi_beier,east,8,75
2019/1/22 08:15:00,chongzhi_beier,east,10,88
2019/1/22 08:20:00,chongzhi_beier,east,3,55
2019/1/22 08:25:00,chongzhi_beier,east,12,94
2019/1/22 08:30:00,chongzhi_beier,east,10,90
2019/1/22 08:35:00,chongzhi_beier,east,6,83
2019/1/22 08:40:00,chongzhi_beier,east,8,47
2019/1/22 08:45:00,chongzhi_beier,east,13,84
2019/1/22 08:50:00,chongzhi_beier,east,8,47
2019/1/22 08:55:00,chongzhi_beier,east,13,65
2019/1/22 09:00:00,chongzhi_beier,east,12,70
2019/1/22 09:05:00,chongzhi_beier,east,11,77
2019/1/22 09:10:00,chongzhi_beier,east,10,64
2019/1/22 09:15:00,chongzhi_beier,east,12,61
2019/1/22 09:20:00,chongzhi_beier,east,6,56
2019/1/22 09:25:00,chongzhi_beier,east,12,60
2019/1/22 09:30:00,chongzhi_beier,east,15,39
2019/1/22 09:35:00,chongzhi_beier,east,11,80
2019/1/22 09:40:00,chongzhi_beier,east,6,51
2019/1/22 09:45:00,chongzhi_beier,east,5,47
2019/1/22 09:50:00,chongzhi_beier,east,12,74
2019/1/22 09:55:00,chongzhi_beier,east,11,69
2019/1/22 10:00:00,chongzhi_beier,east,5,61
2019/1/22 10:05:00,chongzhi_beier,east,5,59
2019/1/22 10:10:00,chongzhi_beier,east,5,56
2019/1/22 10:15:00,chongzhi_beier,east,7,55
2019/1/22 10:20:00,chongzhi_beier,east,9,35
2019/1/22 10:25:00,chongzhi_beier,east,6,63
2019/1/22 10:30:00,chongzhi_beier,east,6,58
2019/1/22 10:35:00,chongzhi_beier,east,12,68
2019/1/22 10:40:00,chongzhi_beier,east,11,55
2019/1/22 10:45:00,chongzhi_beier,east,6,52
2019/1/22 10:50:00,chongzhi_beier,east,5,44
2019/1/22 10:55:00,chongzhi_beier,east,6,60
2019/1/22 11:00:00,chongzhi_beier,east,9,51
2019/1/22 11:05:00,chongzhi_beier,east,5,62
2019/1/22 11:10:00,chongzhi_beier,east,5,38
2019/1/22 11:15:00,chongzhi_beier,east,7,52
2019/1/22 11:20:00,chongzhi_beier,east,8,65
2019/1/22 11:25:00,chongzhi_beier,east,11,61
2019/1/22 11:30:00,chongzhi_beier,east,10,48
2019/1/22 11:35:00,chongzhi_beier,east,12,53
2019/1/22 11:40:00,chongzhi_beier,east,6,61
2019/1/22 11:45:00,chongzhi_beier,east,10,67
2019/1/22 11:50:00,chongzhi_beier,east,6,52
2019/1/22 11:55:00,chongzhi_beier,east,7,46
2019/1/22 12:00:00,chongzhi_beier,east,12,56
2019/1/22 12:05:00,chongzhi_beier,east,8,45
2019/1/22 12:10:00,chongzhi_beier,east,8,41
2019/1/22 12:15:00,chongzhi_beier,east,11,40
2019/1/22 12:20:00,chongzhi_beier,east,8,50
2019/1/22 12:25:00,chongzhi_beier,east,5,52
2019/1/22 12:30:00,chongzhi_beier,east,5,53
2019/1/22 12:35:00,chongzhi_beier,east,6,46
2019/1/22 12:40:00,chongzhi_beier,east,5,48
2019/1/22 12:45:00,chongzhi_beier,east,5,42
2019/1/22 12:50:00,chongzhi_beier,east,3,27
2019/1/22 12:55:00,chongzhi_beier,east,11,55
2019/1/22 13:00:00,chongzhi_beier,east,8,45
2019/1/22 13:05:00,chongzhi_beier,east,7,60
2019/1/22 13:10:00,chongzhi_beier,east,10,29
2019/1/22 13:15:00,chongzhi_beier,east,8,50
2019/1/22 13:20:00,chongzhi_beier,east,3,57
2019/1/22 13:25:00,chongzhi_beier,east,7,67
2019/1/22 13:30:00,chongzhi_beier,east,7,47
2019/1/22 13:35:00,chongzhi_beier,east,8,43
2019/1/22 13:40:00,chongzhi_beier,east,9,55
2019/1/22 13:45:00,chongzhi_beier,east,9,71
2019/1/22 13:50:00,chongzhi_beier,east,5,54
2019/1/22 13:55:00,chongzhi_beier,east,5,55
2019/1/22 14:00:00,chongzhi_beier,east,6,57
2019/1/22 14:05:00,chongzhi_beier,east,9,75
2019/1/22 14:10:00,chongzhi_beier,east,5,61
2019/1/22 14:15:00,chongzhi_beier,east,4,64
2019/1/22 14:20:00,chongzhi_beier,east,6,46
2019/1/22 14:25:00,chongzhi_beier,east,7,59
2019/1/22 14:30:00,chongzhi_beier,east,9,54
2019/1/22 14:35:00,chongzhi_beier,east,8,47
2019/1/22 14:40:00,chongzhi_beier,east,7,46
2019/1/22 14:45:00,chongzhi_beier,east,7,48
2019/1/22 14:50:00,chongzhi_beier,east,9,55
2019/1/22 14:55:00,chongzhi_beier,east,3,77
2019/1/22 15:00:00,chongzhi_beier,east,9,61
2019/1/22 15:05:00,chongzhi_beier,east,7,48
2019/1/22 15:10:00,chongzhi_beier,east,10,55
2019/1/22 15:15:00,chongzhi_beier,east,4,53
2019/1/22 15:20:00,chongzhi_beier,east,6,83
2019/1/22 15:25:00,chongzhi_beier,east,14,59
2019/1/22 15:30:00,chongzhi_beier,east,8,63
2019/1/22 15:35:00,chongzhi_beier,east,10,59
2019/1/22 15:40:00,chongzhi_beier,east,8,52
2019/1/22 15:45:00,chongzhi_beier,east,8,71
2019/1/22 15:50:00,chongzhi_beier,east,12,56
2019/1/22 15:55:00,chongzhi_beier,east,8,48
2019/1/22 16:00:00,chongzhi_beier,east,11,68
2019/1/22 16:05:00,chongzhi_beier,east,8,69
2019/1/22 16:10:00,chongzhi_beier,east,11,41
2019/1/22 16:15:00,chongzhi_beier,east,11,74
2019/1/22 16:20:00,chongzhi_beier,east,15,53
2019/1/22 16:25:00,chongzhi_beier,east,7,41
2019/1/22 16:30:00,chongzhi_beier,east,10,44
2019/1/22 16:35:00,chongzhi_beier,east,8,75
2019/1/22 16:40:00,chongzhi_beier,east,11,43
2019/1/22 16:45:00,chongzhi_beier,east,9,107
2019/1/22 16:50:00,chongzhi_beier,east,15,68
2019/1/22 16:55:00,chongzhi_beier,east,10,42
2019/1/22 17:00:00,chongzhi_beier,east,14,61
2019/1/22 17:05:00,chongzhi_beier,east,5,70
2019/1/22 17:10:00,chongzhi_beier,east,8,52
2019/1/22 17:15:00,chongzhi_beier,east,14,65
2019/1/22 17:20:00,chongzhi_beier,east,6,59
2019/1/22 17:25:00,chongzhi_beier,east,11,59
2019/1/22 17:30:00,chongzhi_beier,east,5,53
2019/1/22 17:35:00,chongzhi_beier,east,9,62
2019/1/22 17:40:00,chongzhi_beier,east,9,65
2019/1/22 17:45:00,chongzhi_beier,east,3,36
2019/1/22 17:50:00,chongzhi_beier,east,14,44
2019/1/22 17:55:00,chongzhi_beier,east,7,49
2019/1/22 18:00:00,chongzhi_beier,east,10,61
2019/1/22 18:05:00,chongzhi_beier,east,10,58
2019/1/22 18:10:00,chongzhi_beier,east,7,46
2019/1/22 18:15:00,chongzhi_beier,east,17,75
2019/1/22 18:20:00,chongzhi_beier,east,9,38
2019/1/22 18:25:00,chongzhi_beier,east,16,77
2019/1/22 18:30:00,chongzhi_beier,east,3,41
2019/1/22 18:35:00,chongzhi_beier,east,12,70
2019/1/22 18:40:00,chongzhi_beier,east,10,37
2019/1/22 18:45:00,chongzhi_beier,east,7,55
2019/1/22 18:50:00,chongzhi_beier,east,13,59
2019/1/22 18:55:00,chongzhi_beier,east,7,49
2019/1/22 19:00:00,chongzhi_beier,east,9,57
2019/1/22 19:05:00,chongzhi_beier,east,7,58
2019/1/22 19:10:00,chongzhi_beier,east,20,40
2019/1/22 19:15:00,chongzhi_beier,east,12,47
2019/1/22 19:20:00,chongzhi_beier,east,9,35
2019/1/22 19:25:00,chongzhi_beier,east,9,27
2019/1/22 19:30:00,chongzhi_beier,east,9,36
2019/1/22 19:35:00,chongzhi_beier,east,10,34
2019/1/22 19:40:00,chongzhi_beier,east,6,51
2019/1/22 19:45:00,chongzhi_beier,east,13,45
2019/1/22 19:50:00,chongzhi_beier,east,12,50
2019/1/22 19:55:00,chongzhi_beier,east,8,39
2019/1/22 20:00:00,chongzhi_beier,east,6,30
2019/1/22 20:05:00,chongzhi_beier,east,8,39
2019/1/22 20:10:00,chongzhi_beier,east,13,51
2019/1/22 20:15:00,chongzhi_beier,east,8,68
2019/1/22 20:20:00,chongzhi_beier,east,11,48
2019/1/22 20:25:00,chongzhi_beier,east,5,40
2019/1/22 20:30:00,chongzhi_beier,east,12,43
2019/1/22 20:35:00,chongzhi_beier,east,15,33
2019/1/22 20:40:00,chongzhi_beier,east,5,26
2019/1/22 20:45:00,chongzhi_beier,east,10,58
2019/1/22 20:50:00,chongzhi_beier,east,6,29
2019/1/22 20:55:00,chongzhi_beier,east,9,36
2019/1/22 21:00:00,chongzhi_beier,east,8,37
2019/1/22 21:05:00,chongzhi_beier,east,10,35
2019/1/22 21:10:00,chongzhi_beier,east,8,48
2019/1/22 21:15:00,chongzhi_beier,east,4,42
2019/1/22 21:20:00,chongzhi_beier,east,14,45
2019/1/22 21:25:00,chongzhi_beier,east,12,44
2019/1/22 21:30:00,chongzhi_beier,east,7,35
2019/1/22 21:35:00,chongzhi_beier,east,8,51
2019/1/22 21:40:00,chongzhi_beier,east,9,38
2019/1/22 21:45:00,chongzhi_beier,east,9,29
2019/1/22 21:50:00,chongzhi_beier,east,9,48
2019/1/22 21:55:00,chongzhi_beier,east,6,37
2019/1/22 22:00:00,chongzhi_beier,east,8,35
2019/1/22 22:05:00,chongzhi_beier,east,6,43
2019/1/22 22:10:00,chongzhi_beier,east,10,43
2019/1/22 22:15:00,chongzhi_beier,east,11,36
2019/1/22 22:20:00,chongzhi_beier,east,12,34
2019/1/22 22:25:00,chongzhi_beier,east,7,32
2019/1/22 22:30:00,chongzhi_beier,east,11,31
2019/1/22 22:35:00,chongzhi_beier,east,5,33
2019/1/22 22:40:00,chongzhi_beier,east,5,29
2019/1/22 22:45:00,chongzhi_beier,east,5,53
2019/1/22 22:50:00,chongzhi_beier,east,7,44
2019/1/22 22:55:00,chongzhi_beier,east,13,41
2019/1/22 23:00:00,chongzhi_beier,east,7,27
2019/1/22 23:05:00,chongzhi_beier,east,2,27
2019/1/22 23:10:00,chongzhi_beier,east,9,29
2019/1/22 23:15:00,chongzhi_beier,east,7,22
2019/1/22 23:20:00,chongzhi_beier,east,8,21
2019/1/22 23:25:00,chongzhi_beier,east,8,28
2019/1/22 23:30:00,chongzhi_beier,east,8,25
2019/1/22 23:35:00,chongzhi_beier,east,9,30
2019/1/22 23:40:00,chongzhi_beier,east,4,31
2019/1/22 23:45:00,chongzhi_beier,east,2,15
2019/1/22 23:50:00,chongzhi_beier,east,4,23
2019/1/22 23:55:00,chongzhi_beier,east,5,15
