2019/1/22 00:00:00,chongzhi_jiaxian,east,1,6
2019/1/22 00:05:00,chongzhi_jiaxian,east,2,5
2019/1/22 00:10:00,chongzhi_jiaxian,east,3,4
2019/1/22 00:15:00,chongzhi_jiaxian,east,0,3
2019/1/22 00:20:00,chongzhi_jiaxian,east,1,7
2019/1/22 00:25:00,chongzhi_jiaxian,east,4,1
2019/1/22 00:30:00,chongzhi_jiaxian,east,0,2
2019/1/22 00:35:00,chongzhi_jiaxian,east,4,2
2019/1/22 00:40:00,chongzhi_jiaxian,east,1,3
2019/1/22 00:45:00,chongzhi_jiaxian,east,1,3
2019/1/22 00:50:00,chongzhi_jiaxian,east,3,6
2019/1/22 00:55:00,chongzhi_jiaxian,east,1,1
2019/1/22 01:00:00,chongzhi_jiaxian,east,4,1
2019/1/22 01:05:00,chongzhi_jiaxian,east,3,1
2019/1/22 01:10:00,chongzhi_jiaxian,east,1,2
2019/1/22 01:15:00,chongzhi_jiaxian,east,0,1
2019/1/22 01:20:00,chongzhi_jiaxian,east,1,2
2019/1/22 01:25:00,chongzhi_jiaxian,east,0,1
2019/1/22 01:30:00,chongzhi_jiaxian,east,1,3
2019/1/22 01:35:00,chongzhi_jiaxian,east,1,3
2019/1/22 01:40:00,chongzhi_jiaxian,east,2,3
2019/1/22 01:45:00,chongzhi_jiaxian,east,1,1
2019/1/22 01:50:00,chongzhi_jiaxian,east,1,0
2019/1/22 01:55:00,chongzhi_jiaxian,east,1,4
2019/1/22 02:00:00,chongzhi_jiaxian,east,1,2
2019/1/22 02:05:00,chongzhi_jiaxian,east,1,2
2019/1/22 02:10:00,chongzhi_jiaxian,east,0,0
2019/1/22 02:15:00,chongzhi_jiaxian,east,0,2
2019/1/22 02:20:00,chongzhi_jiaxian,east,0,1
2019/1/22 02:25:00,chongzhi_jiaxian,east,2,0
2019/1/22 02:30:00,chongzhi_jiaxian,east,0,0
2019/1/22 02:35:00,chongzhi_jiaxian,east,0,2
2019/1/22 02:40:00,chongzhi_jiaxian,east,2,0
2019/1/22 02:45:00,chongzhi_jiaxian,east,0,1
2019/1/22 02:50:00,chongzhi_jiaxian,east,1,2
2019/1/22 02:55:00,chongzhi_jiaxian,east,0,1
2019/1/22 03:00:00,chongzhi_jiaxian,east,0,0
2019/1/22 03:05:00,chongzhi_jiaxian,east,0,1
2019/1/22 03:10:00,chongzhi_jiaxian,east,1,1
2019/1/22 03:15:00,chongzhi_jiaxian,east,2,0
2019/1/22 03:20:00,chongzhi_jiaxian,east,0,0
2019/1/22 03:25:00,chongzhi_jiaxian,east,0,0
2019/1/22 03:30:00,chongzhi_jiaxian,east,0,1
2019/1/22 03:35:00,chongzhi_jiaxian,east,0,1
2019/1/22 03:40:00,chongzhi_jiaxian,east,0,0
2019/1/22 03:45:00,chongzhi_jiaxian,east,2,1
2019/1/22 03:50:00,chongzhi_jiaxian,east,2,0
2019/1/22 03:55:00,chongzhi_jiaxian,east,0,2
2019/1/22 04:00:00,chongzhi_jiaxian,east,0,0
2019/1/22 04:05:00,chongzhi_jiaxian,east,0,0
2019/1/22 04:10:00,chongzhi_jiaxian,east,0,0
2019/1/22 04:15:00,chongzhi_jiaxian,east,0,1
2019/1/22 04:20:00,chongzhi_jiaxian,east,0,2
2019/1/22 04:25:00,chongzhi_jiaxian,east,1,1
2019/1/22 04:30:00,chongzhi_jiaxian,east,0,1
2019/1/22 04:35:00,chongzhi_jiaxian,east,0,2
2019/1/22 04:40:00,chongzhi_jiaxian,east,0,0
2019/1/22 04:45:00,chongzhi_jiaxian,east,0,0
2019/1/22 04:50:00,chongzhi_jiaxian,east,1,1
2019/1/22 04:55:00,chongzhi_jiaxian,east,0,1
2019/1/22 05:00:00,chongzhi_jiaxian,east,0,0
2019/1/22 05:05:00,chongzhi_jiaxian,east,0,0
2019/1/22 05:10:00,chongzhi_jiaxian,east,1,2
2019/1/22 05:15:00,chongzhi_jiaxian,east,0,0
2019/1/22 05:20:00,chongzhi_jiaxian,east,0,2
2019/1/22 05:25:00,chongzhi_jiaxian,east,0,0
2019/1/22 05:30:00,chongzhi_jiaxian,east,0,2
2019/1/22 05:35:00,chongzhi_jiaxian,east,0,0
2019/1/22 05:40:00,chongzhi_jiaxian,east,0,3
2019/1/22 05:45:00,chongzhi_jiaxian,east,0,1
2019/1/22 05:50:00,chongzhi_jiaxian,east,5,3
2019/1/22 05:55:00,chongzhi_jiaxian,east,0,2
2019/1/22 06:00:00,chongzhi_jiaxian,east,1,4
2019/1/22 06:05:00,chongzhi_jiaxian,east,0,1
2019/1/22 06:10:00,chongzhi_jiaxian,east,1,4
2019/1/22 06:15:00,chongzhi_jiaxian,east,0,1
2019/1/22 06:20:00,chongzhi_jiaxian,east,1,1
2019/1/22 06:25:00,chongzhi_jiaxian,east,1,2
2019/1/22 06:30:00,chongzhi_jiaxian,east,3,4
2019/1/22 06:35:00,chongzhi_jiaxian,east,4,3
2019/1/22 06:40:00,chongzhi_jiaxian,east,0,2
2019/1/22 06:45:00,chongzhi_jiaxian,east,2,6
2019/1/22 06:50:00,chongzhi_jiaxian,east,2,5
2019/1/22 06:55:00,chongzhi_jiaxian,east,2,6
2019/1/22 07:00:00,chongzhi_jiaxian,east,5,3
2019/1/22 07:05:00,chongzhi_jiaxian,east,2,9
2019/1/22 07:10:00,chongzhi_jiaxian,east,3,18
2019/1/22 07:15:00,chongzhi_jiaxian,east,0,6
2019/1/22 07:20:00,chongzhi_jiaxian,east,6,10
2019/1/22 07:25:00,chongzhi_jiaxian,east,8,20
2019/1/22 07:30:00,chongzhi_jiaxian,east,0,7
2019/1/22 07:35:00,chongzhi_jiaxian,east,10,9
2019/1/22 07:40:00,chongzhi_jiaxian,east,2,17
2019/1/22 07:45:00,chongzhi_jiaxian,east,2,12
2019/1/22 07:50:00,chongzhi_jiaxian,east,7,10
2019/1/22 07:55:00,chongzhi_jiaxian,east,10,14
2019/1/22 08:00:00,chongzhi_jiaxian,east,18,18
2019/1/22 08:05:00,chongzhi_jiaxian,east,11,23
2019/1/22 08:10:00,chongzhi_jiaxian,east,15,16
2019/1/22 08:15:00,chongzhi_jiaxian,east,25,23
2019/1/22 08:20:00,chongzhi_jiaxian,east,18,27
2019/1/22 08:25:00,chongzhi_jiaxian,east,19,31
2019/1/22 08:30:00,chongzhi_jiaxian,east,15,37
2019/1/22 08:35:00,chongzhi_jiaxian,east,24,32
2019/1/22 08:40:00,chongzhi_jiaxian,east,6,18
2019/1/22 08:45:00,chongzhi_jiaxian,east,20,23
2019/1/22 08:50:00,chongzhi_jiaxian,east,18,25
2019/1/22 08:55:00,chongzhi_jiaxian,east,5,15
2019/1/22 09:00:00,chongzhi_jiaxian,east,15,23
2019/1/22 09:05:00,chongzhi_jiaxian,east,11,16
2019/1/22 09:10:00,chongzhi_jiaxian,east,15,19
2019/1/22 09:15:00,chongzhi_jiaxian,east,10,21
2019/1/22 09:20:00,chongzhi_jiaxian,east,11,16
2019/1/22 09:25:00,chongzhi_jiaxian,east,17,21
2019/1/22 09:30:00,chongzhi_jiaxian,east,9,9
2019/1/22 09:35:00,chongzhi_jiaxian,east,5,7
2019/1/22 09:40:00,chongzhi_jiaxian,east,11,11
2019/1/22 09:45:00,chongzhi_jiaxian,east,9,18
2019/1/22 09:50:00,chongzhi_jiaxian,east,13,11
2019/1/22 09:55:00,chongzhi_jiaxian,east,12,19
2019/1/22 10:00:00,chongzhi_jiaxian,east,7,13
2019/1/22 10:05:00,chongzhi_jiaxian,east,7,9
2019/1/22 10:10:00,chongzhi_jiaxian,east,7,13
2019/1/22 10:15:00,chongzhi_jiaxian,east,10,14
2019/1/22 10:20:00,chongzhi_jiaxian,east,9,9
2019/1/22 10:25:00,chongzhi_jiaxian,east,14,12
2019/1/22 10:30:00,chongzhi_jiaxian,east,8,5
2019/1/22 10:35:00,chongzhi_jiaxian,east,10,7
2019/1/22 10:40:00,chongzhi_jiaxian,east,11,15
2019/1/22 10:45:00,chongzhi_jiaxian,east,10,11
2019/1/22 10:50:00,chongzhi_jiaxian,east,10,15
2019/1/22 10:55:00,chongzhi_jiaxian,east,11,15
2019/1/22 11:00:00,chongzhi_jiaxian,east,4,17
2019/1/22 11:05:00,chongzhi_jiaxian,east,8,9
2019/1/22 11:10:00,chongzhi_jiaxian,east,5,16
2019/1/22 11:15:00,chongzhi_jiaxian,east,6,14
2019/1/22 11:20:00,chongzhi_jiaxian,east,6,10
2019/1/22 11:25:00,chongzhi_jiaxian,east,11,15
2019/1/22 11:30:00,chongzhi_jiaxian,east,5,10
2019/1/22 11:35:00,chongzhi_jiaxian,east,5,12
2019/1/22 11:40:00,chongzhi_jiaxian,east,4,8
2019/1/22 11:45:00,chongzhi_jiaxian,east,14,12
2019/1/22 11:50:00,chongzhi_jiaxian,east,8,9
2019/1/22 11:55:00,chongzhi_jiaxian,east,5,14
2019/1/22 12:00:00,chongzhi_jiaxian,east,12,9
2019/1/22 12:05:00,chongzhi_jiaxian,east,5,12
2019/1/22 12:10:00,chongzhi_jiaxian,east,8,5
2019/1/22 12:15:00,chongzhi_jiaxian,east,5,5
2019/1/22 12:20:00,chongzhi_jiaxian,east,7,11
2019/1/22 12:25:00,chongzhi_jiaxian,east,7,7
2019/1/22 12:30:00,chongzhi_jiaxian,east,5,11
2019/1/22 12:35:00,chongzhi_jiaxian,east,3,6
2019/1/22 12:40:00,chongzhi_jiaxian,east,11,11
2019/1/22 12:45:00,chongzhi_jiaxian,east,9,10
2019/1/22 12:50:00,chongzhi_jiaxian,east,4,8
2019/1/22 12:55:00,chongzhi_jiaxian,east,6,11
2019/1/22 13:00:00,chongzhi_jiaxian,east,6,13
2019/1/22 13:05:00,chongzhi_jiaxian,east,5,13
2019/1/22 13:10:00,chongzhi_jiaxian,east,8,14
2019/1/22 13:15:00,chongzhi_jiaxian,east,7,13
2019/1/22 13:20:00,chongzhi_jiaxian,east,4,18
2019/1/22 13:25:00,chongzhi_jiaxian,east,0,8
2019/1/22 13:30:00,chongzhi_jiaxian,east,9,13
2019/1/22 13:35:00,chongzhi_jiaxian,east,9,20
2019/1/22 13:40:00,chongzhi_jiaxian,east,15,13
2019/1/22 13:45:00,chongzhi_jiaxian,east,10,14
2019/1/22 13:50:00,chongzhi_jiaxian,east,6,18
2019/1/22 13:55:00,chongzhi_jiaxian,east,8,14
2019/1/22 14:00:00,chongzhi_jiaxian,east,7,16
2019/1/22 14:05:00,chongzhi_jiaxian,east,12,15
2019/1/22 14:10:00,chongzhi_jiaxian,east,11,20
2019/1/22 14:15:00,chongzhi_jiaxian,east,8,10
2019/1/22 14:20:00,chongzhi_jiaxian,east,6,20
2019/1/22 14:25:00,chongzhi_jiaxian,east,10,18
2019/1/22 14:30:00,chongzhi_jiaxian,east,7,16
2019/1/22 14:35:00,chongzhi_jiaxian,east,4,15
2019/1/22 14:40:00,chongzhi_jiaxian,east,11,15
2019/1/22 14:45:00,chongzhi_jiaxian,east,8,10
2019/1/22 14:50:00,chongzhi_jiaxian,east,11,15
2019/1/22 14:55:00,chongzhi_jiaxian,east,9,14
2019/1/22 15:00:00,chongzhi_jiaxian,east,6,12
2019/1/22 15:05:00,chongzhi_jiaxian,east,5,14
2019/1/22 15:10:00,chongzhi_jiaxian,east,9,19
2019/1/22 15:15:00,chongzhi_jiaxian,east,7,15
2019/1/22 15:20:00,chongzhi_jiaxian,east,11,19
2019/1/22 15:25:00,chongzhi_jiaxian,east,7,11
2019/1/22 15:30:00,chongzhi_jiaxian,east,5,13
2019/1/22 15:35:00,chongzhi_jiaxian,east,14,11
2019/1/22 15:40:00,chongzhi_jiaxian,east,6,15
2019/1/22 15:45:00,chongzhi_jiaxian,east,8,10
2019/1/22 15:50:00,chongzhi_jiaxian,east,7,14
2019/1/22 15:55:00,chongzhi_jiaxian,east,9,14
2019/1/22 16:00:00,chongzhi_jiaxian,east,8,15
2019/1/22 16:05:00,chongzhi_jiaxian,east,4,13
2019/1/22 16:10:00,chongzhi_jiaxian,east,4,7
2019/1/22 16:15:00,chongzhi_jiaxian,east,12,19
2019/1/22 16:20:00,chongzhi_jiaxian,east,6,15
2019/1/22 16:25:00,chongzhi_jiaxian,east,8,12
2019/1/22 16:30:00,chongzhi_jiaxian,east,12,11
2019/1/22 16:35:00,chongzhi_jiaxian,east,6,9
2019/1/22 16:40:00,chongzhi_jiaxian,east,9,15
2019/1/22 16:45:00,chongzhi_jiaxian,east,12,11
2019/1/22 16:50:00,chongzhi_jiaxian,east,10,13
2019/1/22 16:55:00,chongzhi_jiaxian,east,9,9
2019/1/22 17:00:00,chongzhi_jiaxian,east,11,12
2019/1/22 17:05:00,chongzhi_jiaxian,east,8,10
2019/1/22 17:10:00,chongzhi_jiaxian,east,12,16
2019/1/22 17:15:00,chongzhi_jiaxian,east,13,14
2019/1/22 17:20:00,chongzhi_jiaxian,east,5,6
2019/1/22 17:25:00,chongzhi_jiaxian,east,13,17
2019/1/22 17:30:00,chongzhi_jiaxian,east,12,14
2019/1/22 17:35:00,chongzhi_jiaxian,east,11,9
2019/1/22 17:40:00,chongzhi_jiaxian,east,5,9
2019/1/22 17:45:00,chongzhi_jiaxian,east,10,15
2019/1/22 17:50:00,chongzhi_jiaxian,east,3,15
2019/1/22 17:55:00,chongzhi_jiaxian,east,14,12
2019/1/22 18:00:00,chongzhi_jiaxian,east,9,5
2019/1/22 18:05:00,chongzhi_jiaxian,east,12,13
2019/1/22 18:10:00,chongzhi_jiaxian,east,18,22
2019/1/22 18:15:00,chongzhi_jiaxian,east,7,6
2019/1/22 18:20:00,chongzhi_jiaxian,east,13,17
2019/1/22 18:25:00,chongzhi_jiaxian,east,11,9
2019/1/22 18:30:00,chongzhi_jiaxian,east,9,9
2019/1/22 18:35:00,chongzhi_jiaxian,east,12,14
2019/1/22 18:40:00,chongzhi_jiaxian,east,6,8
2019/1/22 18:45:00,chongzhi_jiaxian,east,11,12
2019/1/22 18:50:00,chongzhi_jiaxian,east,12,10
2019/1/22 18:55:00,chongzhi_jiaxian,east,12,12
2019/1/22 19:00:00,chongzhi_jiaxian,east,12,15
2019/1/22 19:05:00,chongzhi_jiaxian,east,11,13
2019/1/22 19:10:00,chongzhi_jiaxian,east,9,14
2019/1/22 19:15:00,chongzhi_jiaxian,east,12,10
2019/1/22 19:20:00,chongzhi_jiaxian,east,9,12
2019/1/22 19:25:00,chongzhi_jiaxian,east,13,16
2019/1/22 19:30:00,chongzhi_jiaxian,east,11,11
2019/1/22 19:35:00,chongzhi_jiaxian,east,8,11
2019/1/22 19:40:00,chongzhi_jiaxian,east,5,6
2019/1/22 19:45:00,chongzhi_jiaxian,east,5,10
2019/1/22 19:50:00,chongzhi_jiaxian,east,8,9
2019/1/22 19:55:00,chongzhi_jiaxian,east,4,8
2019/1/22 20:00:00,chongzhi_jiaxian,east,8,5
2019/1/22 20:05:00,chongzhi_jiaxian,east,5,6
2019/1/22 20:10:00,chongzhi_jiaxian,east,3,14
2019/1/22 20:15:00,chongzhi_jiaxian,east,2,10
2019/1/22 20:20:00,chongzhi_jiaxian,east,4,16
2019/1/22 20:25:00,chongzhi_jiaxian,east,5,9
2019/1/22 20:30:00,chongzhi_jiaxian,east,4,7
2019/1/22 20:35:00,chongzhi_jiaxian,east,11,5
2019/1/22 20:40:00,chongzhi_jiaxian,east,7,7
2019/1/22 20:45:00,chongzhi_jiaxian,east,7,15
2019/1/22 20:50:00,chongzhi_jiaxian,east,14,11
2019/1/22 20:55:00,chongzhi_jiaxian,east,7,14
2019/1/22 21:00:00,chongzhi_jiaxian,east,12,10
2019/1/22 21:05:00,chongzhi_jiaxian,east,6,11
2019/1/22 21:10:00,chongzhi_jiaxian,east,16,12
2019/1/22 21:15:00,chongzhi_jiaxian,east,7,15
2019/1/22 21:20:00,chongzhi_jiaxian,east,3,12
2019/1/22 21:25:00,chongzhi_jiaxian,east,9,11
2019/1/22 21:30:00,chongzhi_jiaxian,east,10,11
2019/1/22 21:35:00,chongzhi_jiaxian,east,9,11
2019/1/22 21:40:00,chongzhi_jiaxian,east,8,8
2019/1/22 21:45:00,chongzhi_jiaxian,east,7,11
2019/1/22 21:50:00,chongzhi_jiaxian,east,12,13
2019/1/22 21:55:00,chongzhi_jiaxian,east,3,10
2019/1/22 22:00:00,chongzhi_jiaxian,east,8,9
2019/1/22 22:05:00,chongzhi_jiaxian,east,5,12
2019/1/22 22:10:00,chongzhi_jiaxian,east,7,5
2019/1/22 22:15:00,chongzhi_jiaxian,east,4,8
2019/1/22 22:20:00,chongzhi_jiaxian,east,7,13
2019/1/22 22:25:00,chongzhi_jiaxian,east,4,9
2019/1/22 22:30:00,chongzhi_jiaxian,east,3,11
2019/1/22 22:35:00,chongzhi_jiaxian,east,6,9
2019/1/22 22:40:00,chongzhi_jiaxian,east,5,13
2019/1/22 22:45:00,chongzhi_jiaxian,east,3,15
2019/1/22 22:50:00,chongzhi_jiaxian,east,5,8
2019/1/22 22:55:00,chongzhi_jiaxian,east,3,6
2019/1/22 23:00:00,chongzhi_jiaxian,east,2,11
2019/1/22 23:05:00,chongzhi_jiaxian,east,4,9
2019/1/22 23:10:00,chongzhi_jiaxian,east,7,6
2019/1/22 23:15:00,chongzhi_jiaxian,east,6,6
2019/1/22 23:20:00,chongzhi_jiaxian,east,6,5
2019/1/22 23:25:00,chongzhi_jiaxian,east,2,2
2019/1/22 23:30:00,chongzhi_jiaxian,east,3,6
2019/1/22 23:35:00,chongzhi_jiaxian,east,4,4
2019/1/22 23:40:00,chongzhi_jiaxian,east,2,13
2019/1/22 23:45:00,chongzhi_jiaxian,east,6,4
2019/1/22 23:50:00,chongzhi_jiaxian,east,2,3
2019/1/22 23:55:00,chongzhi_jiaxian,east,3,9
