2019/1/22 00:00:00,chongzhi_longping,south,5,6
2019/1/22 00:05:00,chongzhi_longping,south,5,9
2019/1/22 00:10:00,chongzhi_longping,south,3,8
2019/1/22 00:15:00,chongzhi_longping,south,3,7
2019/1/22 00:20:00,chongzhi_longping,south,7,5
2019/1/22 00:25:00,chongzhi_longping,south,5,4
2019/1/22 00:30:00,chongzhi_longping,south,6,7
2019/1/22 00:35:00,chongzhi_longping,south,8,3
2019/1/22 00:40:00,chongzhi_longping,south,7,12
2019/1/22 00:45:00,chongzhi_longping,south,5,7
2019/1/22 00:50:00,chongzhi_longping,south,3,6
2019/1/22 00:55:00,chongzhi_longping,south,5,4
2019/1/22 01:00:00,chongzhi_longping,south,7,6
2019/1/22 01:05:00,chongzhi_longping,south,5,5
2019/1/22 01:10:00,chongzhi_longping,south,9,2
2019/1/22 01:15:00,chongzhi_longping,south,5,4
2019/1/22 01:20:00,chongzhi_longping,south,2,2
2019/1/22 01:25:00,chongzhi_longping,south,2,3
2019/1/22 01:30:00,chongzhi_longping,south,4,2
2019/1/22 01:35:00,chongzhi_longping,south,7,6
2019/1/22 01:40:00,chongzhi_longping,south,5,0
2019/1/22 01:45:00,chongzhi_longping,south,6,3
2019/1/22 01:50:00,chongzhi_longping,south,6,1
2019/1/22 01:55:00,chongzhi_longping,south,7,2
2019/1/22 02:00:00,chongzhi_longping,south,2,2
2019/1/22 02:05:00,chongzhi_longping,south,3,1
2019/1/22 02:10:00,chongzhi_longping,south,4,4
2019/1/22 02:15:00,chongzhi_longping,south,5,2
2019/1/22 02:20:00,chongzhi_longping,south,2,5
2019/1/22 02:25:00,chongzhi_longping,south,8,2
2019/1/22 02:30:00,chongzhi_longping,south,5,2
2019/1/22 02:35:00,chongzhi_longping,south,5,3
2019/1/22 02:40:00,chongzhi_longping,south,3,6
2019/1/22 02:45:00,chongzhi_longping,south,11,1
2019/1/22 02:50:00,chongzhi_longping,south,5,7
2019/1/22 02:55:00,chongzhi_longping,south,6,1
2019/1/22 03:00:00,chongzhi_longping,south,3,1
2019/1/22 03:05:00,chongzhi_longping,south,5,3
2019/1/22 03:10:00,chongzhi_longping,south,8,4
2019/1/22 03:15:00,chongzhi_longping,south,6,2
2019/1/22 03:20:00,chongzhi_longping,south,0,1
2019/1/22 03:25:00,chongzhi_longping,south,4,2
2019/1/22 03:30:00,chongzhi_longping,south,4,1
2019/1/22 03:35:00,chongzhi_longping,south,5,4
2019/1/22 03:40:00,chongzhi_longping,south,5,1
2019/1/22 03:45:00,chongzhi_longping,south,9,4
2019/1/22 03:50:00,chongzhi_longping,south,4,4
2019/1/22 03:55:00,chongzhi_longping,south,8,2
2019/1/22 04:00:00,chongzhi_longping,south,5,4
2019/1/22 04:05:00,chongzhi_longping,south,7,3
2019/1/22 04:10:00,chongzhi_longping,south,0,0
2019/1/22 04:15:00,chongzhi_longping,south,4,3
2019/1/22 04:20:00,chongzhi_longping,south,8,1
2019/1/22 04:25:00,chongzhi_longping,south,2,5
2019/1/22 04:30:00,chongzhi_longping,south,1,4
2019/1/22 04:35:00,chongzhi_longping,south,4,2
2019/1/22 04:40:00,chongzhi_longping,south,5,5
2019/1/22 04:45:00,chongzhi_longping,south,4,4
2019/1/22 04:50:00,chongzhi_longping,south,4,2
2019/1/22 04:55:00,chongzhi_longping,south,3,1
2019/1/22 05:00:00,chongzhi_longping,south,4,2
2019/1/22 05:05:00,chongzhi_longping,south,1,1
2019/1/22 05:10:00,chongzhi_longping,south,4,3
2019/1/22 05:15:00,chongzhi_longping,south,4,2
2019/1/22 05:20:00,chongzhi_longping,south,1,1
2019/1/22 05:25:00,chongzhi_longping,south,1,3
2019/1/22 05:30:00,chongzhi_longping,south,2,4
2019/1/22 05:35:00,chongzhi_longping,south,0,1
2019/1/22 05:40:00,chongzhi_longping,south,0,2
2019/1/22 05:45:00,chongzhi_longping,south,0,0
2019/1/22 05:50:00,chongzhi_longping,south,0,2
2019/1/22 05:55:00,chongzhi_longping,south,1,3
2019/1/22 06:00:00,chongzhi_longping,south,0,2
2019/1/22 06:05:00,chongzhi_longping,south,1,0
2019/1/22 06:10:00,chongzhi_longping,south,1,2
2019/1/22 06:15:00,chongzhi_longping,south,1,2
2019/1/22 06:20:00,chongzhi_longping,south,0,1
2019/1/22 06:25:00,chongzhi_longping,south,0,1
2019/1/22 06:30:00,chongzhi_longping,south,1,0
2019/1/22 06:35:00,chongzhi_longping,south,3,3
2019/1/22 06:40:00,chongzhi_longping,south,1,1
2019/1/22 06:45:00,chongzhi_longping,south,3,5
2019/1/22 06:50:00,chongzhi_longping,south,1,6
2019/1/22 06:55:00,chongzhi_longping,south,3,5
2019/1/22 07:00:00,chongzhi_longping,south,1,3
2019/1/22 07:05:00,chongzhi_longping,south,3,3
2019/1/22 07:10:00,chongzhi_longping,south,2,10
2019/1/22 07:15:00,chongzhi_longping,south,2,8
2019/1/22 07:20:00,chongzhi_longping,south,5,14
2019/1/22 07:25:00,chongzhi_longping,south,6,9
2019/1/22 07:30:00,chongzhi_longping,south,3,8
2019/1/22 07:35:00,chongzhi_longping,south,5,20
2019/1/22 07:40:00,chongzhi_longping,south,6,27
2019/1/22 07:45:00,chongzhi_longping,south,1,19
2019/1/22 07:50:00,chongzhi_longping,south,11,49
2019/1/22 07:55:00,chongzhi_longping,south,7,62
2019/1/22 08:00:00,chongzhi_longping,south,9,54
2019/1/22 08:05:00,chongzhi_longping,south,6,49
2019/1/22 08:10:00,chongzhi_longping,south,9,68
2019/1/22 08:15:00,chongzhi_longping,south,10,62
2019/1/22 08:20:00,chongzhi_longping,south,12,53
2019/1/22 08:25:00,chongzhi_longping,south,15,69
2019/1/22 08:30:00,chongzhi_longping,south,10,51
2019/1/22 08:35:00,chongzhi_longping,south,8,34
2019/1/22 08:40:00,chongzhi_longping,south,11,32
2019/1/22 08:45:00,chongzhi_longping,south,13,47
2019/1/22 08:50:00,chongzhi_longping,south,14,54
2019/1/22 08:55:00,chongzhi_longping,south,13,36
2019/1/22 09:00:00,chongzhi_longping,south,8,31
2019/1/22 09:05:00,chongzhi_longping,south,5,37
2019/1/22 09:10:00,chongzhi_longping,south,8,30
2019/1/22 09:15:00,chongzhi_longping,south,11,40
2019/1/22 09:20:00,chongzhi_longping,south,4,24
2019/1/22 09:25:00,chongzhi_longping,south,9,19
2019/1/22 09:30:00,chongzhi_longping,south,5,19
2019/1/22 09:35:00,chongzhi_longping,south,6,15
2019/1/22 09:40:00,chongzhi_longping,south,5,15
2019/1/22 09:45:00,chongzhi_longping,south,8,25
2019/1/22 09:50:00,chongzhi_longping,south,8,15
2019/1/22 09:55:00,chongzhi_longping,south,7,18
2019/1/22 10:00:00,chongzhi_longping,south,3,13
2019/1/22 10:05:00,chongzhi_longping,south,4,21
2019/1/22 10:10:00,chongzhi_longping,south,7,17
2019/1/22 10:15:00,chongzhi_longping,south,3,18
2019/1/22 10:20:00,chongzhi_longping,south,3,18
2019/1/22 10:25:00,chongzhi_longping,south,12,12
2019/1/22 10:30:00,chongzhi_longping,south,9,25
2019/1/22 10:35:00,chongzhi_longping,south,3,10
2019/1/22 10:40:00,chongzhi_longping,south,2,16
2019/1/22 10:45:00,chongzhi_longping,south,8,11
2019/1/22 10:50:00,chongzhi_longping,south,5,6
2019/1/22 10:55:00,chongzhi_longping,south,4,15
2019/1/22 11:00:00,chongzhi_longping,south,2,9
2019/1/22 11:05:00,chongzhi_longping,south,1,9
2019/1/22 11:10:00,chongzhi_longping,south,7,11
2019/1/22 11:15:00,chongzhi_longping,south,7,17
2019/1/22 11:20:00,chongzhi_longping,south,1,10
2019/1/22 11:25:00,chongzhi_longping,south,4,6
2019/1/22 11:30:00,chongzhi_longping,south,1,6
2019/1/22 11:35:00,chongzhi_longping,south,6,14
2019/1/22 11:40:00,chongzhi_longping,south,2,9
2019/1/22 11:45:00,chongzhi_longping,south,9,15
2019/1/22 11:50:00,chongzhi_longping,south,4,15
2019/1/22 11:55:00,chongzhi_longping,south,4,18
2019/1/22 12:00:00,chongzhi_longping,south,4,10
2019/1/22 12:05:00,chongzhi_longping,south,4,13
2019/1/22 12:10:00,chongzhi_longping,south,6,8
2019/1/22 12:15:00,chongzhi_longping,south,4,11
2019/1/22 12:20:00,chongzhi_longping,south,3,10
2019/1/22 12:25:00,chongzhi_longping,south,0,9
2019/1/22 12:30:00,chongzhi_longping,south,6,16
2019/1/22 12:35:00,chongzhi_longping,south,2,15
2019/1/22 12:40:00,chongzhi_longping,south,5,11
2019/1/22 12:45:00,chongzhi_longping,south,4,18
2019/1/22 12:50:00,chongzhi_longping,south,2,7
2019/1/22 12:55:00,chongzhi_longping,south,5,13
2019/1/22 13:00:00,chongzhi_longping,south,3,8
2019/1/22 13:05:00,chongzhi_longping,south,3,10
2019/1/22 13:10:00,chongzhi_longping,south,4,13
2019/1/22 13:15:00,chongzhi_longping,south,10,12
2019/1/22 13:20:00,chongzhi_longping,south,8,10
2019/1/22 13:25:00,chongzhi_longping,south,7,9
2019/1/22 13:30:00,chongzhi_longping,south,4,19
2019/1/22 13:35:00,chongzhi_longping,south,4,18
2019/1/22 13:40:00,chongzhi_longping,south,4,20
2019/1/22 13:45:00,chongzhi_longping,south,5,16
2019/1/22 13:50:00,chongzhi_longping,south,12,22
2019/1/22 13:55:00,chongzhi_longping,south,6,18
2019/1/22 14:00:00,chongzhi_longping,south,9,17
2019/1/22 14:05:00,chongzhi_longping,south,2,16
2019/1/22 14:10:00,chongzhi_longping,south,9,26
2019/1/22 14:15:00,chongzhi_longping,south,6,20
2019/1/22 14:20:00,chongzhi_longping,south,4,15
2019/1/22 14:25:00,chongzhi_longping,south,5,17
2019/1/22 14:30:00,chongzhi_longping,south,6,21
2019/1/22 14:35:00,chongzhi_longping,south,4,15
2019/1/22 14:40:00,chongzhi_longping,south,3,11
2019/1/22 14:45:00,chongzhi_longping,south,4,13
2019/1/22 14:50:00,chongzhi_longping,south,6,9
2019/1/22 14:55:00,chongzhi_longping,south,4,18
2019/1/22 15:00:00,chongzhi_longping,south,4,15
2019/1/22 15:05:00,chongzhi_longping,south,6,10
2019/1/22 15:10:00,chongzhi_longping,south,5,11
2019/1/22 15:15:00,chongzhi_longping,south,8,18
2019/1/22 15:20:00,chongzhi_longping,south,4,13
2019/1/22 15:25:00,chongzhi_longping,south,4,13
2019/1/22 15:30:00,chongzhi_longping,south,6,13
2019/1/22 15:35:00,chongzhi_longping,south,6,16
2019/1/22 15:40:00,chongzhi_longping,south,3,13
2019/1/22 15:45:00,chongzhi_longping,south,6,12
2019/1/22 15:50:00,chongzhi_longping,south,5,9
2019/1/22 15:55:00,chongzhi_longping,south,6,19
2019/1/22 16:00:00,chongzhi_longping,south,5,11
2019/1/22 16:05:00,chongzhi_longping,south,7,7
2019/1/22 16:10:00,chongzhi_longping,south,6,16
2019/1/22 16:15:00,chongzhi_longping,south,3,20
2019/1/22 16:20:00,chongzhi_longping,south,1,13
2019/1/22 16:25:00,chongzhi_longping,south,1,15
2019/1/22 16:30:00,chongzhi_longping,south,5,14
2019/1/22 16:35:00,chongzhi_longping,south,7,8
2019/1/22 16:40:00,chongzhi_longping,south,11,19
2019/1/22 16:45:00,chongzhi_longping,south,4,14
2019/1/22 16:50:00,chongzhi_longping,south,3,14
2019/1/22 16:55:00,chongzhi_longping,south,9,16
2019/1/22 17:00:00,chongzhi_longping,south,9,9
2019/1/22 17:05:00,chongzhi_longping,south,2,11
2019/1/22 17:10:00,chongzhi_longping,south,6,19
2019/1/22 17:15:00,chongzhi_longping,south,5,14
2019/1/22 17:20:00,chongzhi_longping,south,7,9
2019/1/22 17:25:00,chongzhi_longping,south,3,10
2019/1/22 17:30:00,chongzhi_longping,south,7,13
2019/1/22 17:35:00,chongzhi_longping,south,8,10
2019/1/22 17:40:00,chongzhi_longping,south,5,15
2019/1/22 17:45:00,chongzhi_longping,south,7,10
2019/1/22 17:50:00,chongzhi_longping,south,4,17
2019/1/22 17:55:00,chongzhi_longping,south,7,12
2019/1/22 18:00:00,chongzhi_longping,south,9,16
2019/1/22 18:05:00,chongzhi_longping,south,6,12
2019/1/22 18:10:00,chongzhi_longping,south,8,21
2019/1/22 18:15:00,chongzhi_longping,south,6,16
2019/1/22 18:20:00,chongzhi_longping,south,5,14
2019/1/22 18:25:00,chongzhi_longping,south,5,11
2019/1/22 18:30:00,chongzhi_longping,south,9,16
2019/1/22 18:35:00,chongzhi_longping,south,7,9
2019/1/22 18:40:00,chongzhi_longping,south,10,14
2019/1/22 18:45:00,chongzhi_longping,south,7,5
2019/1/22 18:50:00,chongzhi_longping,south,6,19
2019/1/22 18:55:00,chongzhi_longping,south,2,10
2019/1/22 19:00:00,chongzhi_longping,south,6,15
2019/1/22 19:05:00,chongzhi_longping,south,4,19
2019/1/22 19:10:00,chongzhi_longping,south,5,8
2019/1/22 19:15:00,chongzhi_longping,south,11,14
2019/1/22 19:20:00,chongzhi_longping,south,8,12
2019/1/22 19:25:00,chongzhi_longping,south,5,8
2019/1/22 19:30:00,chongzhi_longping,south,12,13
2019/1/22 19:35:00,chongzhi_longping,south,6,10
2019/1/22 19:40:00,chongzhi_longping,south,3,13
2019/1/22 19:45:00,chongzhi_longping,south,3,8
2019/1/22 19:50:00,chongzhi_longping,south,6,16
2019/1/22 19:55:00,chongzhi_longping,south,5,13
2019/1/22 20:00:00,chongzhi_longping,south,7,15
2019/1/22 20:05:00,chongzhi_longping,south,13,8
2019/1/22 20:10:00,chongzhi_longping,south,6,13
2019/1/22 20:15:00,chongzhi_longping,south,7,12
2019/1/22 20:20:00,chongzhi_longping,south,6,10
2019/1/22 20:25:00,chongzhi_longping,south,8,11
2019/1/22 20:30:00,chongzhi_longping,south,7,15
2019/1/22 20:35:00,chongzhi_longping,south,3,21
2019/1/22 20:40:00,chongzhi_longping,south,6,18
2019/1/22 20:45:00,chongzhi_longping,south,12,12
2019/1/22 20:50:00,chongzhi_longping,south,4,12
2019/1/22 20:55:00,chongzhi_longping,south,7,12
2019/1/22 21:00:00,chongzhi_longping,south,2,16
2019/1/22 21:05:00,chongzhi_longping,south,6,17
2019/1/22 21:10:00,chongzhi_longping,south,3,13
2019/1/22 21:15:00,chongzhi_longping,south,4,14
2019/1/22 21:20:00,chongzhi_longping,south,4,23
2019/1/22 21:25:00,chongzhi_longping,south,4,11
2019/1/22 21:30:00,chongzhi_longping,south,4,16
2019/1/22 21:35:00,chongzhi_longping,south,4,12
2019/1/22 21:40:00,chongzhi_longping,south,5,15
2019/1/22 21:45:00,chongzhi_longping,south,12,21
2019/1/22 21:50:00,chongzhi_longping,south,8,19
2019/1/22 21:55:00,chongzhi_longping,south,7,14
2019/1/22 22:00:00,chongzhi_longping,south,8,16
2019/1/22 22:05:00,chongzhi_longping,south,7,15
2019/1/22 22:10:00,chongzhi_longping,south,7,13
2019/1/22 22:15:00,chongzhi_longping,south,4,17
2019/1/22 22:20:00,chongzhi_longping,south,7,19
2019/1/22 22:25:00,chongzhi_longping,south,11,20
2019/1/22 22:30:00,chongzhi_longping,south,10,9
2019/1/22 22:35:00,chongzhi_longping,south,12,22
2019/1/22 22:40:00,chongzhi_longping,south,5,14
2019/1/22 22:45:00,chongzhi_longping,south,5,15
2019/1/22 22:50:00,chongzhi_longping,south,8,18
2019/1/22 22:55:00,chongzhi_longping,south,2,7
2019/1/22 23:00:00,chongzhi_longping,south,9,23
2019/1/22 23:05:00,chongzhi_longping,south,7,12
2019/1/22 23:10:00,chongzhi_longping,south,6,15
2019/1/22 23:15:00,chongzhi_longping,south,8,16
2019/1/22 23:20:00,chongzhi_longping,south,3,10
2019/1/22 23:25:00,chongzhi_longping,south,12,19
2019/1/22 23:30:00,chongzhi_longping,south,5,18
2019/1/22 23:35:00,chongzhi_longping,south,4,10
2019/1/22 23:40:00,chongzhi_longping,south,7,14
2019/1/22 23:45:00,chongzhi_longping,south,7,6
2019/1/22 23:50:00,chongzhi_longping,south,12,13
2019/1/22 23:55:00,chongzhi_longping,south,5,8
