2019/1/22 00:00:00,wuhe_longping,south,0,17
2019/1/22 00:05:00,wuhe_longping,south,0,22
2019/1/22 00:10:00,wuhe_longping,south,0,14
2019/1/22 00:15:00,wuhe_longping,south,0,10
2019/1/22 00:20:00,wuhe_longping,south,0,12
2019/1/22 00:25:00,wuhe_longping,south,0,14
2019/1/22 00:30:00,wuhe_longping,south,0,11
2019/1/22 00:35:00,wuhe_longping,south,0,12
2019/1/22 00:40:00,wuhe_longping,south,0,10
2019/1/22 00:45:00,wuhe_longping,south,0,11
2019/1/22 00:50:00,wuhe_longping,south,0,9
2019/1/22 00:55:00,wuhe_longping,south,0,8
2019/1/22 01:00:00,wuhe_longping,south,0,11
2019/1/22 01:05:00,wuhe_longping,south,0,16
2019/1/22 01:10:00,wuhe_longping,south,0,12
2019/1/22 01:15:00,wuhe_longping,south,0,9
2019/1/22 01:20:00,wuhe_longping,south,0,8
2019/1/22 01:25:00,wuhe_longping,south,0,6
2019/1/22 01:30:00,wuhe_longping,south,0,5
2019/1/22 01:35:00,wuhe_longping,south,0,5
2019/1/22 01:40:00,wuhe_longping,south,0,5
2019/1/22 01:45:00,wuhe_longping,south,0,3
2019/1/22 01:50:00,wuhe_longping,south,0,4
2019/1/22 01:55:00,wuhe_longping,south,0,2
2019/1/22 02:00:00,wuhe_longping,south,0,9
2019/1/22 02:05:00,wuhe_longping,south,0,6
2019/1/22 02:10:00,wuhe_longping,south,0,11
2019/1/22 02:15:00,wuhe_longping,south,0,6
2019/1/22 02:20:00,wuhe_longping,south,0,5
2019/1/22 02:25:00,wuhe_longping,south,0,6
2019/1/22 02:30:00,wuhe_longping,south,0,4
2019/1/22 02:35:00,wuhe_longping,south,0,0
2019/1/22 02:40:00,wuhe_longping,south,0,6
2019/1/22 02:45:00,wuhe_longping,south,0,3
2019/1/22 02:50:00,wuhe_longping,south,0,9
2019/1/22 02:55:00,wuhe_longping,south,0,10
2019/1/22 03:00:00,wuhe_longping,south,0,3
2019/1/22 03:05:00,wuhe_longping,south,0,3
2019/1/22 03:10:00,wuhe_longping,south,0,2
2019/1/22 03:15:00,wuhe_longping,south,0,3
2019/1/22 03:20:00,wuhe_longping,south,0,1
2019/1/22 03:25:00,wuhe_longping,south,0,8
2019/1/22 03:30:00,wuhe_longping,south,0,6
2019/1/22 03:35:00,wuhe_longping,south,0,5
2019/1/22 03:40:00,wuhe_longping,south,0,2
2019/1/22 03:45:00,wuhe_longping,south,0,1
2019/1/22 03:50:00,wuhe_longping,south,0,3
2019/1/22 03:55:00,wuhe_longping,south,0,2
2019/1/22 04:00:00,wuhe_longping,south,0,4
2019/1/22 04:05:00,wuhe_longping,south,0,3
2019/1/22 04:10:00,wuhe_longping,south,0,3
2019/1/22 04:15:00,wuhe_longping,south,0,0
2019/1/22 04:20:00,wuhe_longping,south,0,4
2019/1/22 04:25:00,wuhe_longping,south,0,6
2019/1/22 04:30:00,wuhe_longping,south,0,1
2019/1/22 04:35:00,wuhe_longping,south,0,2
2019/1/22 04:40:00,wuhe_longping,south,0,4
2019/1/22 04:45:00,wuhe_longping,south,0,4
2019/1/22 04:50:00,wuhe_longping,south,0,4
2019/1/22 04:55:00,wuhe_longping,south,0,5
2019/1/22 05:00:00,wuhe_longping,south,0,5
2019/1/22 05:05:00,wuhe_longping,south,0,7
2019/1/22 05:10:00,wuhe_longping,south,0,8
2019/1/22 05:15:00,wuhe_longping,south,0,6
2019/1/22 05:20:00,wuhe_longping,south,0,5
2019/1/22 05:25:00,wuhe_longping,south,0,3
2019/1/22 05:30:00,wuhe_longping,south,0,4
2019/1/22 05:35:00,wuhe_longping,south,0,0
2019/1/22 05:40:00,wuhe_longping,south,0,5
2019/1/22 05:45:00,wuhe_longping,south,0,4
2019/1/22 05:50:00,wuhe_longping,south,0,8
2019/1/22 05:55:00,wuhe_longping,south,0,5
2019/1/22 06:00:00,wuhe_longping,south,0,5
2019/1/22 06:05:00,wuhe_longping,south,0,4
2019/1/22 06:10:00,wuhe_longping,south,0,8
2019/1/22 06:15:00,wuhe_longping,south,0,4
2019/1/22 06:20:00,wuhe_longping,south,0,4
2019/1/22 06:25:00,wuhe_longping,south,0,13
2019/1/22 06:30:00,wuhe_longping,south,0,10
2019/1/22 06:35:00,wuhe_longping,south,0,14
2019/1/22 06:40:00,wuhe_longping,south,0,15
2019/1/22 06:45:00,wuhe_longping,south,0,13
2019/1/22 06:50:00,wuhe_longping,south,0,7
2019/1/22 06:55:00,wuhe_longping,south,0,16
2019/1/22 07:00:00,wuhe_longping,south,1,22
2019/1/22 07:05:00,wuhe_longping,south,0,14
2019/1/22 07:10:00,wuhe_longping,south,0,17
2019/1/22 07:15:00,wuhe_longping,south,1,27
2019/1/22 07:20:00,wuhe_longping,south,0,34
2019/1/22 07:25:00,wuhe_longping,south,0,54
2019/1/22 07:30:00,wuhe_longping,south,0,54
2019/1/22 07:35:00,wuhe_longping,south,1,35
2019/1/22 07:40:00,wuhe_longping,south,2,79
2019/1/22 07:45:00,wuhe_longping,south,1,99
2019/1/22 07:50:00,wuhe_longping,south,0,82
2019/1/22 07:55:00,wuhe_longping,south,0,112
2019/1/22 08:00:00,wuhe_longping,south,0,104
2019/1/22 08:05:00,wuhe_longping,south,3,132
2019/1/22 08:10:00,wuhe_longping,south,3,114
2019/1/22 08:15:00,wuhe_longping,south,2,103
2019/1/22 08:20:00,wuhe_longping,south,3,111
2019/1/22 08:25:00,wuhe_longping,south,2,76
2019/1/22 08:30:00,wuhe_longping,south,2,96
2019/1/22 08:35:00,wuhe_longping,south,2,116
2019/1/22 08:40:00,wuhe_longping,south,0,99
2019/1/22 08:45:00,wuhe_longping,south,3,117
2019/1/22 08:50:00,wuhe_longping,south,2,93
2019/1/22 08:55:00,wuhe_longping,south,2,86
2019/1/22 09:00:00,wuhe_longping,south,3,74
2019/1/22 09:05:00,wuhe_longping,south,1,72
2019/1/22 09:10:00,wuhe_longping,south,0,70
2019/1/22 09:15:00,wuhe_longping,south,2,64
2019/1/22 09:20:00,wuhe_longping,south,2,73
2019/1/22 09:25:00,wuhe_longping,south,0,61
2019/1/22 09:30:00,wuhe_longping,south,2,52
2019/1/22 09:35:00,wuhe_longping,south,2,78
2019/1/22 09:40:00,wuhe_longping,south,1,47
2019/1/22 09:45:00,wuhe_longping,south,1,44
2019/1/22 09:50:00,wuhe_longping,south,0,67
2019/1/22 09:55:00,wuhe_longping,south,0,69
2019/1/22 10:00:00,wuhe_longping,south,1,80
2019/1/22 10:05:00,wuhe_longping,south,0,79
2019/1/22 10:10:00,wuhe_longping,south,0,79
2019/1/22 10:15:00,wuhe_longping,south,0,81
2019/1/22 10:20:00,wuhe_longping,south,1,78
2019/1/22 10:25:00,wuhe_longping,south,1,57
2019/1/22 10:30:00,wuhe_longping,south,2,63
2019/1/22 10:35:00,wuhe_longping,south,0,56
2019/1/22 10:40:00,wuhe_longping,south,1,48
2019/1/22 10:45:00,wuhe_longping,south,1,48
2019/1/22 10:50:00,wuhe_longping,south,0,47
2019/1/22 10:55:00,wuhe_longping,south,0,45
2019/1/22 11:00:00,wuhe_longping,south,1,47
2019/1/22 11:05:00,wuhe_longping,south,1,41
2019/1/22 11:10:00,wuhe_longping,south,1,45
2019/1/22 11:15:00,wuhe_longping,south,0,40
2019/1/22 11:20:00,wuhe_longping,south,0,50
2019/1/22 11:25:00,wuhe_longping,south,0,47
2019/1/22 11:30:00,wuhe_longping,south,2,49
2019/1/22 11:35:00,wuhe_longping,south,1,49
2019/1/22 11:40:00,wuhe_longping,south,1,47
2019/1/22 11:45:00,wuhe_longping,south,1,46
2019/1/22 11:50:00,wuhe_longping,south,3,57
2019/1/22 11:55:00,wuhe_longping,south,3,41
2019/1/22 12:00:00,wuhe_longping,south,0,43
2019/1/22 12:05:00,wuhe_longping,south,1,42
2019/1/22 12:10:00,wuhe_longping,south,1,38
2019/1/22 12:15:00,wuhe_longping,south,0,36
2019/1/22 12:20:00,wuhe_longping,south,0,41
2019/1/22 12:25:00,wuhe_longping,south,0,33
2019/1/22 12:30:00,wuhe_longping,south,0,35
2019/1/22 12:35:00,wuhe_longping,south,1,38
2019/1/22 12:40:00,wuhe_longping,south,0,31
2019/1/22 12:45:00,wuhe_longping,south,2,25
2019/1/22 12:50:00,wuhe_longping,south,0,39
2019/1/22 12:55:00,wuhe_longping,south,0,42
2019/1/22 13:00:00,wuhe_longping,south,0,33
2019/1/22 13:05:00,wuhe_longping,south,2,42
2019/1/22 13:10:00,wuhe_longping,south,1,42
2019/1/22 13:15:00,wuhe_longping,south,1,41
2019/1/22 13:20:00,wuhe_longping,south,2,58
2019/1/22 13:25:00,wuhe_longping,south,1,52
2019/1/22 13:30:00,wuhe_longping,south,0,47
2019/1/22 13:35:00,wuhe_longping,south,1,45
2019/1/22 13:40:00,wuhe_longping,south,0,46
2019/1/22 13:45:00,wuhe_longping,south,3,59
2019/1/22 13:50:00,wuhe_longping,south,2,55
2019/1/22 13:55:00,wuhe_longping,south,3,45
2019/1/22 14:00:00,wuhe_longping,south,1,68
2019/1/22 14:05:00,wuhe_longping,south,1,55
2019/1/22 14:10:00,wuhe_longping,south,0,57
2019/1/22 14:15:00,wuhe_longping,south,0,53
2019/1/22 14:20:00,wuhe_longping,south,1,60
2019/1/22 14:25:00,wuhe_longping,south,2,54
2019/1/22 14:30:00,wuhe_longping,south,2,57
2019/1/22 14:35:00,wuhe_longping,south,1,59
2019/1/22 14:40:00,wuhe_longping,south,2,35
2019/1/22 14:45:00,wuhe_longping,south,0,50
2019/1/22 14:50:00,wuhe_longping,south,0,50
2019/1/22 14:55:00,wuhe_longping,south,1,42
2019/1/22 15:00:00,wuhe_longping,south,0,52
2019/1/22 15:05:00,wuhe_longping,south,0,43
2019/1/22 15:10:00,wuhe_longping,south,1,43
2019/1/22 15:15:00,wuhe_longping,south,1,55
2019/1/22 15:20:00,wuhe_longping,south,3,49
2019/1/22 15:25:00,wuhe_longping,south,1,50
2019/1/22 15:30:00,wuhe_longping,south,2,48
2019/1/22 15:35:00,wuhe_longping,south,0,55
2019/1/22 15:40:00,wuhe_longping,south,0,58
2019/1/22 15:45:00,wuhe_longping,south,2,52
2019/1/22 15:50:00,wuhe_longping,south,0,49
2019/1/22 15:55:00,wuhe_longping,south,0,41
2019/1/22 16:00:00,wuhe_longping,south,0,57
2019/1/22 16:05:00,wuhe_longping,south,1,66
2019/1/22 16:10:00,wuhe_longping,south,0,39
2019/1/22 16:15:00,wuhe_longping,south,0,40
2019/1/22 16:20:00,wuhe_longping,south,2,38
2019/1/22 16:25:00,wuhe_longping,south,1,39
2019/1/22 16:30:00,wuhe_longping,south,1,55
2019/1/22 16:35:00,wuhe_longping,south,1,43
2019/1/22 16:40:00,wuhe_longping,south,0,42
2019/1/22 16:45:00,wuhe_longping,south,3,55
2019/1/22 16:50:00,wuhe_longping,south,1,48
2019/1/22 16:55:00,wuhe_longping,south,2,49
2019/1/22 17:00:00,wuhe_longping,south,0,62
2019/1/22 17:05:00,wuhe_longping,south,1,43
2019/1/22 17:10:00,wuhe_longping,south,1,41
2019/1/22 17:15:00,wuhe_longping,south,0,48
2019/1/22 17:20:00,wuhe_longping,south,3,42
2019/1/22 17:25:00,wuhe_longping,south,3,39
2019/1/22 17:30:00,wuhe_longping,south,0,41
2019/1/22 17:35:00,wuhe_longping,south,1,30
2019/1/22 17:40:00,wuhe_longping,south,1,30
2019/1/22 17:45:00,wuhe_longping,south,5,45
2019/1/22 17:50:00,wuhe_longping,south,0,27
2019/1/22 17:55:00,wuhe_longping,south,2,49
2019/1/22 18:00:00,wuhe_longping,south,2,34
2019/1/22 18:05:00,wuhe_longping,south,0,51
2019/1/22 18:10:00,wuhe_longping,south,3,36
2019/1/22 18:15:00,wuhe_longping,south,0,54
2019/1/22 18:20:00,wuhe_longping,south,1,49
2019/1/22 18:25:00,wuhe_longping,south,0,48
2019/1/22 18:30:00,wuhe_longping,south,0,35
2019/1/22 18:35:00,wuhe_longping,south,0,33
2019/1/22 18:40:00,wuhe_longping,south,0,64
2019/1/22 18:45:00,wuhe_longping,south,1,36
2019/1/22 18:50:00,wuhe_longping,south,0,21
2019/1/22 18:55:00,wuhe_longping,south,1,40
2019/1/22 19:00:00,wuhe_longping,south,2,46
2019/1/22 19:05:00,wuhe_longping,south,0,42
2019/1/22 19:10:00,wuhe_longping,south,0,19
2019/1/22 19:15:00,wuhe_longping,south,1,47
2019/1/22 19:20:00,wuhe_longping,south,0,24
2019/1/22 19:25:00,wuhe_longping,south,0,37
2019/1/22 19:30:00,wuhe_longping,south,0,40
2019/1/22 19:35:00,wuhe_longping,south,0,39
2019/1/22 19:40:00,wuhe_longping,south,0,33
2019/1/22 19:45:00,wuhe_longping,south,0,32
2019/1/22 19:50:00,wuhe_longping,south,0,37
2019/1/22 19:55:00,wuhe_longping,south,2,31
2019/1/22 20:00:00,wuhe_longping,south,0,43
2019/1/22 20:05:00,wuhe_longping,south,1,25
2019/1/22 20:10:00,wuhe_longping,south,0,35
2019/1/22 20:15:00,wuhe_longping,south,0,38
2019/1/22 20:20:00,wuhe_longping,south,0,27
2019/1/22 20:25:00,wuhe_longping,south,0,35
2019/1/22 20:30:00,wuhe_longping,south,1,46
2019/1/22 20:35:00,wuhe_longping,south,1,33
2019/1/22 20:40:00,wuhe_longping,south,0,43
2019/1/22 20:45:00,wuhe_longping,south,0,34
2019/1/22 20:50:00,wuhe_longping,south,0,35
2019/1/22 20:55:00,wuhe_longping,south,0,40
2019/1/22 21:00:00,wuhe_longping,south,0,51
2019/1/22 21:05:00,wuhe_longping,south,1,35
2019/1/22 21:10:00,wuhe_longping,south,0,39
2019/1/22 21:15:00,wuhe_longping,south,0,47
2019/1/22 21:20:00,wuhe_longping,south,0,34
2019/1/22 21:25:00,wuhe_longping,south,0,33
2019/1/22 21:30:00,wuhe_longping,south,0,32
2019/1/22 21:35:00,wuhe_longping,south,0,38
2019/1/22 21:40:00,wuhe_longping,south,0,43
2019/1/22 21:45:00,wuhe_longping,south,0,32
2019/1/22 21:50:00,wuhe_longping,south,0,47
2019/1/22 21:55:00,wuhe_longping,south,1,43
2019/1/22 22:00:00,wuhe_longping,south,0,38
2019/1/22 22:05:00,wuhe_longping,south,0,42
2019/1/22 22:10:00,wuhe_longping,south,0,28
2019/1/22 22:15:00,wuhe_longping,south,0,32
2019/1/22 22:20:00,wuhe_longping,south,0,39
2019/1/22 22:25:00,wuhe_longping,south,0,40
2019/1/22 22:30:00,wuhe_longping,south,0,34
2019/1/22 22:35:00,wuhe_longping,south,0,32
2019/1/22 22:40:00,wuhe_longping,south,0,24
2019/1/22 22:45:00,wuhe_longping,south,0,34
2019/1/22 22:50:00,wuhe_longping,south,0,37
2019/1/22 22:55:00,wuhe_longping,south,0,21
2019/1/22 23:00:00,wuhe_longping,south,0,27
2019/1/22 23:05:00,wuhe_longping,south,0,45
2019/1/22 23:10:00,wuhe_longping,south,0,39
2019/1/22 23:15:00,wuhe_longping,south,0,32
2019/1/22 23:20:00,wuhe_longping,south,0,30
2019/1/22 23:25:00,wuhe_longping,south,0,25
2019/1/22 23:30:00,wuhe_longping,south,0,22
2019/1/22 23:35:00,wuhe_longping,south,1,26
2019/1/22 23:40:00,wuhe_longping,south,1,31
2019/1/22 23:45:00,wuhe_longping,south,1,24
2019/1/22 23:50:00,wuhe_longping,south,1,18
2019/1/22 23:55:00,wuhe_longping,south,0,20
