2019/1/26 00:00:00,chongzhi_beier,west,6,22
2019/1/26 00:05:00,chongzhi_beier,west,11,38
2019/1/26 00:10:00,chongzhi_beier,west,12,25
2019/1/26 00:15:00,chongzhi_beier,west,7,19
2019/1/26 00:20:00,chongzhi_beier,west,8,22
2019/1/26 00:25:00,chongzhi_beier,west,9,33
2019/1/26 00:30:00,chongzhi_beier,west,4,30
2019/1/26 00:35:00,chongzhi_beier,west,2,19
2019/1/26 00:40:00,chongzhi_beier,west,8,21
2019/1/26 00:45:00,chongzhi_beier,west,6,24
2019/1/26 00:50:00,chongzhi_beier,west,6,18
2019/1/26 00:55:00,chongzhi_beier,west,0,9
2019/1/26 01:00:00,chongzhi_beier,west,5,17
2019/1/26 01:05:00,chongzhi_beier,west,7,18
2019/1/26 01:10:00,chongzhi_beier,west,2,14
2019/1/26 01:15:00,chongzhi_beier,west,5,22
2019/1/26 01:20:00,chongzhi_beier,west,7,14
2019/1/26 01:25:00,chongzhi_beier,west,6,26
2019/1/26 01:30:00,chongzhi_beier,west,3,14
2019/1/26 01:35:00,chongzhi_beier,west,7,18
2019/1/26 01:40:00,chongzhi_beier,west,5,10
2019/1/26 01:45:00,chongzhi_beier,west,10,11
2019/1/26 01:50:00,chongzhi_beier,west,4,9
2019/1/26 01:55:00,chongzhi_beier,west,7,6
2019/1/26 02:00:00,chongzhi_beier,west,6,14
2019/1/26 02:05:00,chongzhi_beier,west,1,6
2019/1/26 02:10:00,chongzhi_beier,west,1,9
2019/1/26 02:15:00,chongzhi_beier,west,2,9
2019/1/26 02:20:00,chongzhi_beier,west,3,4
2019/1/26 02:25:00,chongzhi_beier,west,3,6
2019/1/26 02:30:00,chongzhi_beier,west,2,23
2019/1/26 02:35:00,chongzhi_beier,west,5,11
2019/1/26 02:40:00,chongzhi_beier,west,4,13
2019/1/26 02:45:00,chongzhi_beier,west,4,9
2019/1/26 02:50:00,chongzhi_beier,west,4,7
2019/1/26 02:55:00,chongzhi_beier,west,4,10
2019/1/26 03:00:00,chongzhi_beier,west,5,9
2019/1/26 03:05:00,chongzhi_beier,west,4,4
2019/1/26 03:10:00,chongzhi_beier,west,6,5
2019/1/26 03:15:00,chongzhi_beier,west,4,7
2019/1/26 03:20:00,chongzhi_beier,west,3,6
2019/1/26 03:25:00,chongzhi_beier,west,1,2
2019/1/26 03:30:00,chongzhi_beier,west,3,8
2019/1/26 03:35:00,chongzhi_beier,west,0,5
2019/1/26 03:40:00,chongzhi_beier,west,0,8
2019/1/26 03:45:00,chongzhi_beier,west,4,3
2019/1/26 03:50:00,chongzhi_beier,west,1,6
2019/1/26 03:55:00,chongzhi_beier,west,3,9
2019/1/26 04:00:00,chongzhi_beier,west,1,7
2019/1/26 04:05:00,chongzhi_beier,west,2,5
2019/1/26 04:10:00,chongzhi_beier,west,3,6
2019/1/26 04:15:00,chongzhi_beier,west,3,6
2019/1/26 04:20:00,chongzhi_beier,west,2,5
2019/1/26 04:25:00,chongzhi_beier,west,1,3
2019/1/26 04:30:00,chongzhi_beier,west,4,6
2019/1/26 04:35:00,chongzhi_beier,west,1,5
2019/1/26 04:40:00,chongzhi_beier,west,0,9
2019/1/26 04:45:00,chongzhi_beier,west,2,9
2019/1/26 04:50:00,chongzhi_beier,west,1,5
2019/1/26 04:55:00,chongzhi_beier,west,2,5
2019/1/26 05:00:00,chongzhi_beier,west,2,3
2019/1/26 05:05:00,chongzhi_beier,west,2,8
2019/1/26 05:10:00,chongzhi_beier,west,1,5
2019/1/26 05:15:00,chongzhi_beier,west,2,10
2019/1/26 05:20:00,chongzhi_beier,west,3,3
2019/1/26 05:25:00,chongzhi_beier,west,3,8
2019/1/26 05:30:00,chongzhi_beier,west,1,3
2019/1/26 05:35:00,chongzhi_beier,west,4,4
2019/1/26 05:40:00,chongzhi_beier,west,2,6
2019/1/26 05:45:00,chongzhi_beier,west,2,3
2019/1/26 05:50:00,chongzhi_beier,west,0,9
2019/1/26 05:55:00,chongzhi_beier,west,4,14
2019/1/26 06:00:00,chongzhi_beier,west,0,8
2019/1/26 06:05:00,chongzhi_beier,west,0,9
2019/1/26 06:10:00,chongzhi_beier,west,1,11
2019/1/26 06:15:00,chongzhi_beier,west,0,6
2019/1/26 06:20:00,chongzhi_beier,west,2,10
2019/1/26 06:25:00,chongzhi_beier,west,1,3
2019/1/26 06:30:00,chongzhi_beier,west,1,11
2019/1/26 06:35:00,chongzhi_beier,west,2,16
2019/1/26 06:40:00,chongzhi_beier,west,3,11
2019/1/26 06:45:00,chongzhi_beier,west,3,12
2019/1/26 06:50:00,chongzhi_beier,west,0,13
2019/1/26 06:55:00,chongzhi_beier,west,2,12
2019/1/26 07:00:00,chongzhi_beier,west,4,11
2019/1/26 07:05:00,chongzhi_beier,west,5,13
2019/1/26 07:10:00,chongzhi_beier,west,2,17
2019/1/26 07:15:00,chongzhi_beier,west,6,20
2019/1/26 07:20:00,chongzhi_beier,west,5,20
2019/1/26 07:25:00,chongzhi_beier,west,10,17
2019/1/26 07:30:00,chongzhi_beier,west,8,23
2019/1/26 07:35:00,chongzhi_beier,west,13,27
2019/1/26 07:40:00,chongzhi_beier,west,14,31
2019/1/26 07:45:00,chongzhi_beier,west,20,17
2019/1/26 07:50:00,chongzhi_beier,west,29,10
2019/1/26 07:55:00,chongzhi_beier,west,21,17
2019/1/26 08:00:00,chongzhi_beier,west,46,42
2019/1/26 08:05:00,chongzhi_beier,west,36,41
2019/1/26 08:10:00,chongzhi_beier,west,54,31
2019/1/26 08:15:00,chongzhi_beier,west,32,30
2019/1/26 08:20:00,chongzhi_beier,west,47,43
2019/1/26 08:25:00,chongzhi_beier,west,43,49
2019/1/26 08:30:00,chongzhi_beier,west,43,57
2019/1/26 08:35:00,chongzhi_beier,west,47,44
2019/1/26 08:40:00,chongzhi_beier,west,25,25
2019/1/26 08:45:00,chongzhi_beier,west,33,25
2019/1/26 08:50:00,chongzhi_beier,west,43,54
2019/1/26 08:55:00,chongzhi_beier,west,25,44
2019/1/26 09:00:00,chongzhi_beier,west,30,46
2019/1/26 09:05:00,chongzhi_beier,west,21,44
2019/1/26 09:10:00,chongzhi_beier,west,8,26
2019/1/26 09:15:00,chongzhi_beier,west,16,44
2019/1/26 09:20:00,chongzhi_beier,west,19,60
2019/1/26 09:25:00,chongzhi_beier,west,11,39
2019/1/26 09:30:00,chongzhi_beier,west,11,38
2019/1/26 09:35:00,chongzhi_beier,west,11,36
2019/1/26 09:40:00,chongzhi_beier,west,6,26
2019/1/26 09:45:00,chongzhi_beier,west,13,52
2019/1/26 09:50:00,chongzhi_beier,west,15,40
2019/1/26 09:55:00,chongzhi_beier,west,10,45
2019/1/26 10:00:00,chongzhi_beier,west,10,55
2019/1/26 10:05:00,chongzhi_beier,west,3,35
2019/1/26 10:10:00,chongzhi_beier,west,11,42
2019/1/26 10:15:00,chongzhi_beier,west,10,43
2019/1/26 10:20:00,chongzhi_beier,west,9,52
2019/1/26 10:25:00,chongzhi_beier,west,12,33
2019/1/26 10:30:00,chongzhi_beier,west,11,44
2019/1/26 10:35:00,chongzhi_beier,west,8,31
2019/1/26 10:40:00,chongzhi_beier,west,9,53
2019/1/26 10:45:00,chongzhi_beier,west,12,42
2019/1/26 10:50:00,chongzhi_beier,west,9,56
2019/1/26 10:55:00,chongzhi_beier,west,9,40
2019/1/26 11:00:00,chongzhi_beier,west,9,55
2019/1/26 11:05:00,chongzhi_beier,west,3,35
2019/1/26 11:10:00,chongzhi_beier,west,9,48
2019/1/26 11:15:00,chongzhi_beier,west,7,52
2019/1/26 11:20:00,chongzhi_beier,west,7,38
2019/1/26 11:25:00,chongzhi_beier,west,6,48
2019/1/26 11:30:00,chongzhi_beier,west,7,39
2019/1/26 11:35:00,chongzhi_beier,west,7,29
2019/1/26 11:40:00,chongzhi_beier,west,14,62
2019/1/26 11:45:00,chongzhi_beier,west,12,33
2019/1/26 11:50:00,chongzhi_beier,west,5,36
2019/1/26 11:55:00,chongzhi_beier,west,11,50
2019/1/26 12:00:00,chongzhi_beier,west,15,43
2019/1/26 12:05:00,chongzhi_beier,west,12,47
2019/1/26 12:10:00,chongzhi_beier,west,7,45
2019/1/26 12:15:00,chongzhi_beier,west,6,35
2019/1/26 12:20:00,chongzhi_beier,west,5,38
2019/1/26 12:25:00,chongzhi_beier,west,9,45
2019/1/26 12:30:00,chongzhi_beier,west,8,50
2019/1/26 12:35:00,chongzhi_beier,west,3,24
2019/1/26 12:40:00,chongzhi_beier,west,8,31
2019/1/26 12:45:00,chongzhi_beier,west,13,31
2019/1/26 12:50:00,chongzhi_beier,west,5,33
2019/1/26 12:55:00,chongzhi_beier,west,14,46
2019/1/26 13:00:00,chongzhi_beier,west,11,31
2019/1/26 13:05:00,chongzhi_beier,west,10,34
2019/1/26 13:10:00,chongzhi_beier,west,4,29
2019/1/26 13:15:00,chongzhi_beier,west,12,39
2019/1/26 13:20:00,chongzhi_beier,west,19,47
2019/1/26 13:25:00,chongzhi_beier,west,4,16
2019/1/26 13:30:00,chongzhi_beier,west,16,37
2019/1/26 13:35:00,chongzhi_beier,west,9,32
2019/1/26 13:40:00,chongzhi_beier,west,11,48
2019/1/26 13:45:00,chongzhi_beier,west,16,57
2019/1/26 13:50:00,chongzhi_beier,west,11,32
2019/1/26 13:55:00,chongzhi_beier,west,9,47
2019/1/26 14:00:00,chongzhi_beier,west,11,28
2019/1/26 14:05:00,chongzhi_beier,west,13,43
2019/1/26 14:10:00,chongzhi_beier,west,6,41
2019/1/26 14:15:00,chongzhi_beier,west,8,33
2019/1/26 14:20:00,chongzhi_beier,west,13,53
2019/1/26 14:25:00,chongzhi_beier,west,6,43
2019/1/26 14:30:00,chongzhi_beier,west,6,55
2019/1/26 14:35:00,chongzhi_beier,west,10,45
2019/1/26 14:40:00,chongzhi_beier,west,10,67
2019/1/26 14:45:00,chongzhi_beier,west,7,37
2019/1/26 14:50:00,chongzhi_beier,west,5,39
2019/1/26 14:55:00,chongzhi_beier,west,9,43
2019/1/26 15:00:00,chongzhi_beier,west,10,39
2019/1/26 15:05:00,chongzhi_beier,west,12,37
2019/1/26 15:10:00,chongzhi_beier,west,5,44
2019/1/26 15:15:00,chongzhi_beier,west,19,61
2019/1/26 15:20:00,chongzhi_beier,west,7,47
2019/1/26 15:25:00,chongzhi_beier,west,12,40
2019/1/26 15:30:00,chongzhi_beier,west,8,42
2019/1/26 15:35:00,chongzhi_beier,west,12,58
2019/1/26 15:40:00,chongzhi_beier,west,9,49
2019/1/26 15:45:00,chongzhi_beier,west,12,30
2019/1/26 15:50:00,chongzhi_beier,west,12,51
2019/1/26 15:55:00,chongzhi_beier,west,12,59
2019/1/26 16:00:00,chongzhi_beier,west,7,46
2019/1/26 16:05:00,chongzhi_beier,west,8,36
2019/1/26 16:10:00,chongzhi_beier,west,4,57
2019/1/26 16:15:00,chongzhi_beier,west,12,43
2019/1/26 16:20:00,chongzhi_beier,west,11,46
2019/1/26 16:25:00,chongzhi_beier,west,10,48
2019/1/26 16:30:00,chongzhi_beier,west,5,50
2019/1/26 16:35:00,chongzhi_beier,west,12,48
2019/1/26 16:40:00,chongzhi_beier,west,9,48
2019/1/26 16:45:00,chongzhi_beier,west,5,45
2019/1/26 16:50:00,chongzhi_beier,west,5,21
2019/1/26 16:55:00,chongzhi_beier,west,13,54
2019/1/26 17:00:00,chongzhi_beier,west,10,39
2019/1/26 17:05:00,chongzhi_beier,west,6,39
2019/1/26 17:10:00,chongzhi_beier,west,10,46
2019/1/26 17:15:00,chongzhi_beier,west,9,57
2019/1/26 17:20:00,chongzhi_beier,west,4,28
2019/1/26 17:25:00,chongzhi_beier,west,9,48
2019/1/26 17:30:00,chongzhi_beier,west,16,52
2019/1/26 17:35:00,chongzhi_beier,west,10,35
2019/1/26 17:40:00,chongzhi_beier,west,21,77
2019/1/26 17:45:00,chongzhi_beier,west,16,49
2019/1/26 17:50:00,chongzhi_beier,west,6,35
2019/1/26 17:55:00,chongzhi_beier,west,16,73
2019/1/26 18:00:00,chongzhi_beier,west,17,61
2019/1/26 18:05:00,chongzhi_beier,west,11,48
2019/1/26 18:10:00,chongzhi_beier,west,16,90
2019/1/26 18:15:00,chongzhi_beier,west,14,49
2019/1/26 18:20:00,chongzhi_beier,west,9,47
2019/1/26 18:25:00,chongzhi_beier,west,15,74
2019/1/26 18:30:00,chongzhi_beier,west,11,43
2019/1/26 18:35:00,chongzhi_beier,west,13,56
2019/1/26 18:40:00,chongzhi_beier,west,17,85
2019/1/26 18:45:00,chongzhi_beier,west,16,67
2019/1/26 18:50:00,chongzhi_beier,west,11,64
2019/1/26 18:55:00,chongzhi_beier,west,18,79
2019/1/26 19:00:00,chongzhi_beier,west,8,47
2019/1/26 19:05:00,chongzhi_beier,west,10,78
2019/1/26 19:10:00,chongzhi_beier,west,10,46
2019/1/26 19:15:00,chongzhi_beier,west,9,45
2019/1/26 19:20:00,chongzhi_beier,west,4,38
2019/1/26 19:25:00,chongzhi_beier,west,11,47
2019/1/26 19:30:00,chongzhi_beier,west,6,32
2019/1/26 19:35:00,chongzhi_beier,west,11,51
2019/1/26 19:40:00,chongzhi_beier,west,8,51
2019/1/26 19:45:00,chongzhi_beier,west,13,47
2019/1/26 19:50:00,chongzhi_beier,west,12,38
2019/1/26 19:55:00,chongzhi_beier,west,7,15
2019/1/26 20:00:00,chongzhi_beier,west,7,36
2019/1/26 20:05:00,chongzhi_beier,west,12,36
2019/1/26 20:10:00,chongzhi_beier,west,8,40
2019/1/26 20:15:00,chongzhi_beier,west,16,47
2019/1/26 20:20:00,chongzhi_beier,west,10,46
2019/1/26 20:25:00,chongzhi_beier,west,11,48
2019/1/26 20:30:00,chongzhi_beier,west,13,52
2019/1/26 20:35:00,chongzhi_beier,west,11,53
2019/1/26 20:40:00,chongzhi_beier,west,9,37
2019/1/26 20:45:00,chongzhi_beier,west,10,38
2019/1/26 20:50:00,chongzhi_beier,west,11,55
2019/1/26 20:55:00,chongzhi_beier,west,10,42
2019/1/26 21:00:00,chongzhi_beier,west,13,62
2019/1/26 21:05:00,chongzhi_beier,west,19,47
2019/1/26 21:10:00,chongzhi_beier,west,10,46
2019/1/26 21:15:00,chongzhi_beier,west,9,38
2019/1/26 21:20:00,chongzhi_beier,west,11,54
2019/1/26 21:25:00,chongzhi_beier,west,14,67
2019/1/26 21:30:00,chongzhi_beier,west,8,48
2019/1/26 21:35:00,chongzhi_beier,west,21,58
2019/1/26 21:40:00,chongzhi_beier,west,3,43
2019/1/26 21:45:00,chongzhi_beier,west,6,59
2019/1/26 21:50:00,chongzhi_beier,west,6,54
2019/1/26 21:55:00,chongzhi_beier,west,11,52
2019/1/26 22:00:00,chongzhi_beier,west,16,51
2019/1/26 22:05:00,chongzhi_beier,west,17,54
2019/1/26 22:10:00,chongzhi_beier,west,10,43
2019/1/26 22:15:00,chongzhi_beier,west,16,65
2019/1/26 22:20:00,chongzhi_beier,west,15,53
2019/1/26 22:25:00,chongzhi_beier,west,11,29
2019/1/26 22:30:00,chongzhi_beier,west,20,66
2019/1/26 22:35:00,chongzhi_beier,west,22,46
2019/1/26 22:40:00,chongzhi_beier,west,14,40
2019/1/26 22:45:00,chongzhi_beier,west,18,52
2019/1/26 22:50:00,chongzhi_beier,west,6,40
2019/1/26 22:55:00,chongzhi_beier,west,10,32
2019/1/26 23:00:00,chongzhi_beier,west,17,44
2019/1/26 23:05:00,chongzhi_beier,west,9,35
2019/1/26 23:10:00,chongzhi_beier,west,19,42
2019/1/26 23:15:00,chongzhi_beier,west,7,32
2019/1/26 23:20:00,chongzhi_beier,west,6,27
2019/1/26 23:25:00,chongzhi_beier,west,10,34
2019/1/26 23:30:00,chongzhi_beier,west,9,25
2019/1/26 23:35:00,chongzhi_beier,west,11,38
2019/1/26 23:40:00,chongzhi_beier,west,16,29
2019/1/26 23:45:00,chongzhi_beier,west,11,29
2019/1/26 23:50:00,chongzhi_beier,west,11,29
2019/1/26 23:55:00,chongzhi_beier,west,8,19
