2019/1/26 00:00:00,chongzhi_beier,east,4,27
2019/1/26 00:05:00,chongzhi_beier,east,5,21
2019/1/26 00:10:00,chongzhi_beier,east,1,25
2019/1/26 00:15:00,chongzhi_beier,east,5,23
2019/1/26 00:20:00,chongzhi_beier,east,6,23
2019/1/26 00:25:00,chongzhi_beier,east,5,25
2019/1/26 00:30:00,chongzhi_beier,east,4,16
2019/1/26 00:35:00,chongzhi_beier,east,7,10
2019/1/26 00:40:00,chongzhi_beier,east,4,14
2019/1/26 00:45:00,chongzhi_beier,east,4,22
2019/1/26 00:50:00,chongzhi_beier,east,4,9
2019/1/26 00:55:00,chongzhi_beier,east,7,22
2019/1/26 01:00:00,chongzhi_beier,east,3,16
2019/1/26 01:05:00,chongzhi_beier,east,1,13
2019/1/26 01:10:00,chongzhi_beier,east,0,11
2019/1/26 01:15:00,chongzhi_beier,east,3,14
2019/1/26 01:20:00,chongzhi_beier,east,2,11
2019/1/26 01:25:00,chongzhi_beier,east,2,20
2019/1/26 01:30:00,chongzhi_beier,east,7,10
2019/1/26 01:35:00,chongzhi_beier,east,4,14
2019/1/26 01:40:00,chongzhi_beier,east,1,11
2019/1/26 01:45:00,chongzhi_beier,east,2,9
2019/1/26 01:50:00,chongzhi_beier,east,4,7
2019/1/26 01:55:00,chongzhi_beier,east,0,4
2019/1/26 02:00:00,chongzhi_beier,east,1,15
2019/1/26 02:05:00,chongzhi_beier,east,0,12
2019/1/26 02:10:00,chongzhi_beier,east,3,11
2019/1/26 02:15:00,chongzhi_beier,east,3,12
2019/1/26 02:20:00,chongzhi_beier,east,4,4
2019/1/26 02:25:00,chongzhi_beier,east,1,3
2019/1/26 02:30:00,chongzhi_beier,east,3,12
2019/1/26 02:35:00,chongzhi_beier,east,2,9
2019/1/26 02:40:00,chongzhi_beier,east,2,9
2019/1/26 02:45:00,chongzhi_beier,east,0,3
2019/1/26 02:50:00,chongzhi_beier,east,1,6
2019/1/26 02:55:00,chongzhi_beier,east,1,3
2019/1/26 03:00:00,chongzhi_beier,east,2,7
2019/1/26 03:05:00,chongzhi_beier,east,1,10
2019/1/26 03:10:00,chongzhi_beier,east,0,14
2019/1/26 03:15:00,chongzhi_beier,east,2,7
2019/1/26 03:20:00,chongzhi_beier,east,2,5
2019/1/26 03:25:00,chongzhi_beier,east,2,9
2019/1/26 03:30:00,chongzhi_beier,east,3,3
2019/1/26 03:35:00,chongzhi_beier,east,2,6
2019/1/26 03:40:00,chongzhi_beier,east,2,6
2019/1/26 03:45:00,chongzhi_beier,east,2,5
2019/1/26 03:50:00,chongzhi_beier,east,0,5
2019/1/26 03:55:00,chongzhi_beier,east,1,2
2019/1/26 04:00:00,chongzhi_beier,east,0,4
2019/1/26 04:05:00,chongzhi_beier,east,2,5
2019/1/26 04:10:00,chongzhi_beier,east,0,7
2019/1/26 04:15:00,chongzhi_beier,east,2,6
2019/1/26 04:20:00,chongzhi_beier,east,2,11
2019/1/26 04:25:00,chongzhi_beier,east,1,6
2019/1/26 04:30:00,chongzhi_beier,east,0,3
2019/1/26 04:35:00,chongzhi_beier,east,1,6
2019/1/26 04:40:00,chongzhi_beier,east,2,6
2019/1/26 04:45:00,chongzhi_beier,east,1,2
2019/1/26 04:50:00,chongzhi_beier,east,2,4
2019/1/26 04:55:00,chongzhi_beier,east,0,6
2019/1/26 05:00:00,chongzhi_beier,east,0,13
2019/1/26 05:05:00,chongzhi_beier,east,0,7
2019/1/26 05:10:00,chongzhi_beier,east,0,7
2019/1/26 05:15:00,chongzhi_beier,east,1,7
2019/1/26 05:20:00,chongzhi_beier,east,1,7
2019/1/26 05:25:00,chongzhi_beier,east,0,7
2019/1/26 05:30:00,chongzhi_beier,east,3,12
2019/1/26 05:35:00,chongzhi_beier,east,2,7
2019/1/26 05:40:00,chongzhi_beier,east,1,11
2019/1/26 05:45:00,chongzhi_beier,east,3,5
2019/1/26 05:50:00,chongzhi_beier,east,2,10
2019/1/26 05:55:00,chongzhi_beier,east,1,13
2019/1/26 06:00:00,chongzhi_beier,east,2,19
2019/1/26 06:05:00,chongzhi_beier,east,0,16
2019/1/26 06:10:00,chongzhi_beier,east,1,14
2019/1/26 06:15:00,chongzhi_beier,east,0,14
2019/1/26 06:20:00,chongzhi_beier,east,1,19
2019/1/26 06:25:00,chongzhi_beier,east,0,10
2019/1/26 06:30:00,chongzhi_beier,east,1,11
2019/1/26 06:35:00,chongzhi_beier,east,0,16
2019/1/26 06:40:00,chongzhi_beier,east,1,18
2019/1/26 06:45:00,chongzhi_beier,east,5,26
2019/1/26 06:50:00,chongzhi_beier,east,0,18
2019/1/26 06:55:00,chongzhi_beier,east,3,19
2019/1/26 07:00:00,chongzhi_beier,east,1,14
2019/1/26 07:05:00,chongzhi_beier,east,1,16
2019/1/26 07:10:00,chongzhi_beier,east,1,19
2019/1/26 07:15:00,chongzhi_beier,east,2,29
2019/1/26 07:20:00,chongzhi_beier,east,2,31
2019/1/26 07:25:00,chongzhi_beier,east,1,30
2019/1/26 07:30:00,chongzhi_beier,east,2,43
2019/1/26 07:35:00,chongzhi_beier,east,3,48
2019/1/26 07:40:00,chongzhi_beier,east,2,36
2019/1/26 07:45:00,chongzhi_beier,east,2,41
2019/1/26 07:50:00,chongzhi_beier,east,3,64
2019/1/26 07:55:00,chongzhi_beier,east,13,66
2019/1/26 08:00:00,chongzhi_beier,east,5,64
2019/1/26 08:05:00,chongzhi_beier,east,4,46
2019/1/26 08:10:00,chongzhi_beier,east,4,40
2019/1/26 08:15:00,chongzhi_beier,east,2,54
2019/1/26 08:20:00,chongzhi_beier,east,8,84
2019/1/26 08:25:00,chongzhi_beier,east,4,57
2019/1/26 08:30:00,chongzhi_beier,east,11,56
2019/1/26 08:35:00,chongzhi_beier,east,2,36
2019/1/26 08:40:00,chongzhi_beier,east,5,65
2019/1/26 08:45:00,chongzhi_beier,east,6,66
2019/1/26 08:50:00,chongzhi_beier,east,13,70
2019/1/26 08:55:00,chongzhi_beier,east,5,57
2019/1/26 09:00:00,chongzhi_beier,east,1,45
2019/1/26 09:05:00,chongzhi_beier,east,5,49
2019/1/26 09:10:00,chongzhi_beier,east,15,71
2019/1/26 09:15:00,chongzhi_beier,east,4,54
2019/1/26 09:20:00,chongzhi_beier,east,12,43
2019/1/26 09:25:00,chongzhi_beier,east,5,45
2019/1/26 09:30:00,chongzhi_beier,east,3,34
2019/1/26 09:35:00,chongzhi_beier,east,6,36
2019/1/26 09:40:00,chongzhi_beier,east,7,50
2019/1/26 09:45:00,chongzhi_beier,east,6,57
2019/1/26 09:50:00,chongzhi_beier,east,7,47
2019/1/26 09:55:00,chongzhi_beier,east,18,45
2019/1/26 10:00:00,chongzhi_beier,east,7,30
2019/1/26 10:05:00,chongzhi_beier,east,8,61
2019/1/26 10:10:00,chongzhi_beier,east,7,48
2019/1/26 10:15:00,chongzhi_beier,east,3,55
2019/1/26 10:20:00,chongzhi_beier,east,9,59
2019/1/26 10:25:00,chongzhi_beier,east,5,32
2019/1/26 10:30:00,chongzhi_beier,east,9,58
2019/1/26 10:35:00,chongzhi_beier,east,12,54
2019/1/26 10:40:00,chongzhi_beier,east,3,50
2019/1/26 10:45:00,chongzhi_beier,east,4,63
2019/1/26 10:50:00,chongzhi_beier,east,7,35
2019/1/26 10:55:00,chongzhi_beier,east,8,43
2019/1/26 11:00:00,chongzhi_beier,east,14,61
2019/1/26 11:05:00,chongzhi_beier,east,4,43
2019/1/26 11:10:00,chongzhi_beier,east,8,33
2019/1/26 11:15:00,chongzhi_beier,east,7,62
2019/1/26 11:20:00,chongzhi_beier,east,7,55
2019/1/26 11:25:00,chongzhi_beier,east,14,72
2019/1/26 11:30:00,chongzhi_beier,east,9,31
2019/1/26 11:35:00,chongzhi_beier,east,12,52
2019/1/26 11:40:00,chongzhi_beier,east,5,44
2019/1/26 11:45:00,chongzhi_beier,east,10,48
2019/1/26 11:50:00,chongzhi_beier,east,3,59
2019/1/26 11:55:00,chongzhi_beier,east,12,55
2019/1/26 12:00:00,chongzhi_beier,east,12,45
2019/1/26 12:05:00,chongzhi_beier,east,5,49
2019/1/26 12:10:00,chongzhi_beier,east,9,56
2019/1/26 12:15:00,chongzhi_beier,east,6,49
2019/1/26 12:20:00,chongzhi_beier,east,6,35
2019/1/26 12:25:00,chongzhi_beier,east,5,38
2019/1/26 12:30:00,chongzhi_beier,east,9,28
2019/1/26 12:35:00,chongzhi_beier,east,5,59
2019/1/26 12:40:00,chongzhi_beier,east,6,39
2019/1/26 12:45:00,chongzhi_beier,east,8,30
2019/1/26 12:50:00,chongzhi_beier,east,5,40
2019/1/26 12:55:00,chongzhi_beier,east,8,40
2019/1/26 13:00:00,chongzhi_beier,east,11,52
2019/1/26 13:05:00,chongzhi_beier,east,5,47
2019/1/26 13:10:00,chongzhi_beier,east,8,45
2019/1/26 13:15:00,chongzhi_beier,east,10,44
2019/1/26 13:20:00,chongzhi_beier,east,8,60
2019/1/26 13:25:00,chongzhi_beier,east,9,65
2019/1/26 13:30:00,chongzhi_beier,east,5,57
2019/1/26 13:35:00,chongzhi_beier,east,4,43
2019/1/26 13:40:00,chongzhi_beier,east,9,56
2019/1/26 13:45:00,chongzhi_beier,east,8,49
2019/1/26 13:50:00,chongzhi_beier,east,10,84
2019/1/26 13:55:00,chongzhi_beier,east,7,55
2019/1/26 14:00:00,chongzhi_beier,east,9,44
2019/1/26 14:05:00,chongzhi_beier,east,2,44
2019/1/26 14:10:00,chongzhi_beier,east,10,49
2019/1/26 14:15:00,chongzhi_beier,east,13,69
2019/1/26 14:20:00,chongzhi_beier,east,5,49
2019/1/26 14:25:00,chongzhi_beier,east,5,49
2019/1/26 14:30:00,chongzhi_beier,east,7,48
2019/1/26 14:35:00,chongzhi_beier,east,7,39
2019/1/26 14:40:00,chongzhi_beier,east,9,39
2019/1/26 14:45:00,chongzhi_beier,east,9,66
2019/1/26 14:50:00,chongzhi_beier,east,10,48
2019/1/26 14:55:00,chongzhi_beier,east,10,50
2019/1/26 15:00:00,chongzhi_beier,east,8,57
2019/1/26 15:05:00,chongzhi_beier,east,8,41
2019/1/26 15:10:00,chongzhi_beier,east,5,60
2019/1/26 15:15:00,chongzhi_beier,east,8,49
2019/1/26 15:20:00,chongzhi_beier,east,8,50
2019/1/26 15:25:00,chongzhi_beier,east,6,48
2019/1/26 15:30:00,chongzhi_beier,east,5,58
2019/1/26 15:35:00,chongzhi_beier,east,7,55
2019/1/26 15:40:00,chongzhi_beier,east,6,40
2019/1/26 15:45:00,chongzhi_beier,east,10,29
2019/1/26 15:50:00,chongzhi_beier,east,5,29
2019/1/26 15:55:00,chongzhi_beier,east,5,52
2019/1/26 16:00:00,chongzhi_beier,east,10,52
2019/1/26 16:05:00,chongzhi_beier,east,11,60
2019/1/26 16:10:00,chongzhi_beier,east,5,54
2019/1/26 16:15:00,chongzhi_beier,east,11,53
2019/1/26 16:20:00,chongzhi_beier,east,3,52
2019/1/26 16:25:00,chongzhi_beier,east,4,56
2019/1/26 16:30:00,chongzhi_beier,east,4,57
2019/1/26 16:35:00,chongzhi_beier,east,7,28
2019/1/26 16:40:00,chongzhi_beier,east,5,56
2019/1/26 16:45:00,chongzhi_beier,east,5,30
2019/1/26 16:50:00,chongzhi_beier,east,12,61
2019/1/26 16:55:00,chongzhi_beier,east,7,55
2019/1/26 17:00:00,chongzhi_beier,east,5,33
2019/1/26 17:05:00,chongzhi_beier,east,10,59
2019/1/26 17:10:00,chongzhi_beier,east,16,53
2019/1/26 17:15:00,chongzhi_beier,east,5,24
2019/1/26 17:20:00,chongzhi_beier,east,13,41
2019/1/26 17:25:00,chongzhi_beier,east,7,66
2019/1/26 17:30:00,chongzhi_beier,east,6,37
2019/1/26 17:35:00,chongzhi_beier,east,10,62
2019/1/26 17:40:00,chongzhi_beier,east,6,59
2019/1/26 17:45:00,chongzhi_beier,east,8,33
2019/1/26 17:50:00,chongzhi_beier,east,16,72
2019/1/26 17:55:00,chongzhi_beier,east,16,59
2019/1/26 18:00:00,chongzhi_beier,east,6,17
2019/1/26 18:05:00,chongzhi_beier,east,12,91
2019/1/26 18:10:00,chongzhi_beier,east,14,50
2019/1/26 18:15:00,chongzhi_beier,east,5,27
2019/1/26 18:20:00,chongzhi_beier,east,10,71
2019/1/26 18:25:00,chongzhi_beier,east,12,63
2019/1/26 18:30:00,chongzhi_beier,east,7,16
2019/1/26 18:35:00,chongzhi_beier,east,17,50
2019/1/26 18:40:00,chongzhi_beier,east,14,67
2019/1/26 18:45:00,chongzhi_beier,east,6,19
2019/1/26 18:50:00,chongzhi_beier,east,13,50
2019/1/26 18:55:00,chongzhi_beier,east,15,48
2019/1/26 19:00:00,chongzhi_beier,east,4,45
2019/1/26 19:05:00,chongzhi_beier,east,9,31
2019/1/26 19:10:00,chongzhi_beier,east,7,53
2019/1/26 19:15:00,chongzhi_beier,east,11,59
2019/1/26 19:20:00,chongzhi_beier,east,6,36
2019/1/26 19:25:00,chongzhi_beier,east,9,45
2019/1/26 19:30:00,chongzhi_beier,east,7,49
2019/1/26 19:35:00,chongzhi_beier,east,7,41
2019/1/26 19:40:00,chongzhi_beier,east,11,46
2019/1/26 19:45:00,chongzhi_beier,east,14,49
2019/1/26 19:50:00,chongzhi_beier,east,7,45
2019/1/26 19:55:00,chongzhi_beier,east,7,34
2019/1/26 20:00:00,chongzhi_beier,east,9,38
2019/1/26 20:05:00,chongzhi_beier,east,13,42
2019/1/26 20:10:00,chongzhi_beier,east,3,51
2019/1/26 20:15:00,chongzhi_beier,east,8,28
2019/1/26 20:20:00,chongzhi_beier,east,10,35
2019/1/26 20:25:00,chongzhi_beier,east,11,37
2019/1/26 20:30:00,chongzhi_beier,east,8,42
2019/1/26 20:35:00,chongzhi_beier,east,5,37
2019/1/26 20:40:00,chongzhi_beier,east,9,39
2019/1/26 20:45:00,chongzhi_beier,east,8,30
2019/1/26 20:50:00,chongzhi_beier,east,7,53
2019/1/26 20:55:00,chongzhi_beier,east,15,59
2019/1/26 21:00:00,chongzhi_beier,east,7,54
2019/1/26 21:05:00,chongzhi_beier,east,5,34
2019/1/26 21:10:00,chongzhi_beier,east,9,30
2019/1/26 21:15:00,chongzhi_beier,east,9,26
2019/1/26 21:20:00,chongzhi_beier,east,9,45
2019/1/26 21:25:00,chongzhi_beier,east,6,39
2019/1/26 21:30:00,chongzhi_beier,east,11,33
2019/1/26 21:35:00,chongzhi_beier,east,8,46
2019/1/26 21:40:00,chongzhi_beier,east,5,34
2019/1/26 21:45:00,chongzhi_beier,east,8,40
2019/1/26 21:50:00,chongzhi_beier,east,10,35
2019/1/26 21:55:00,chongzhi_beier,east,11,32
2019/1/26 22:00:00,chongzhi_beier,east,3,26
2019/1/26 22:05:00,chongzhi_beier,east,9,48
2019/1/26 22:10:00,chongzhi_beier,east,9,38
2019/1/26 22:15:00,chongzhi_beier,east,6,27
2019/1/26 22:20:00,chongzhi_beier,east,8,51
2019/1/26 22:25:00,chongzhi_beier,east,12,29
2019/1/26 22:30:00,chongzhi_beier,east,2,24
2019/1/26 22:35:00,chongzhi_beier,east,8,47
2019/1/26 22:40:00,chongzhi_beier,east,7,40
2019/1/26 22:45:00,chongzhi_beier,east,5,31
2019/1/26 22:50:00,chongzhi_beier,east,8,47
2019/1/26 22:55:00,chongzhi_beier,east,4,29
2019/1/26 23:00:00,chongzhi_beier,east,2,16
2019/1/26 23:05:00,chongzhi_beier,east,13,38
2019/1/26 23:10:00,chongzhi_beier,east,8,21
2019/1/26 23:15:00,chongzhi_beier,east,6,25
2019/1/26 23:20:00,chongzhi_beier,east,5,30
2019/1/26 23:25:00,chongzhi_beier,east,5,28
2019/1/26 23:30:00,chongzhi_beier,east,6,29
2019/1/26 23:35:00,chongzhi_beier,east,4,15
2019/1/26 23:40:00,chongzhi_beier,east,7,22
2019/1/26 23:45:00,chongzhi_beier,east,3,12
2019/1/26 23:50:00,chongzhi_beier,east,8,28
2019/1/26 23:55:00,chongzhi_beier,east,2,13
