2019/1/26 00:00:00,chongzhi_longping,south,3,6
2019/1/26 00:05:00,chongzhi_longping,south,4,8
2019/1/26 00:10:00,chongzhi_longping,south,2,4
2019/1/26 00:15:00,chongzhi_longping,south,10,9
2019/1/26 00:20:00,chongzhi_longping,south,11,12
2019/1/26 00:25:00,chongzhi_longping,south,8,2
2019/1/26 00:30:00,chongzhi_longping,south,7,4
2019/1/26 00:35:00,chongzhi_longping,south,3,8
2019/1/26 00:40:00,chongzhi_longping,south,3,4
2019/1/26 00:45:00,chongzhi_longping,south,7,2
2019/1/26 00:50:00,chongzhi_longping,south,4,2
2019/1/26 00:55:00,chongzhi_longping,south,2,6
2019/1/26 01:00:00,chongzhi_longping,south,5,4
2019/1/26 01:05:00,chongzhi_longping,south,2,7
2019/1/26 01:10:00,chongzhi_longping,south,6,0
2019/1/26 01:15:00,chongzhi_longping,south,4,7
2019/1/26 01:20:00,chongzhi_longping,south,0,4
2019/1/26 01:25:00,chongzhi_longping,south,4,4
2019/1/26 01:30:00,chongzhi_longping,south,4,2
2019/1/26 01:35:00,chongzhi_longping,south,4,3
2019/1/26 01:40:00,chongzhi_longping,south,2,3
2019/1/26 01:45:00,chongzhi_longping,south,3,7
2019/1/26 01:50:00,chongzhi_longping,south,3,4
2019/1/26 01:55:00,chongzhi_longping,south,2,2
2019/1/26 02:00:00,chongzhi_longping,south,4,6
2019/1/26 02:05:00,chongzhi_longping,south,6,3
2019/1/26 02:10:00,chongzhi_longping,south,4,3
2019/1/26 02:15:00,chongzhi_longping,south,5,3
2019/1/26 02:20:00,chongzhi_longping,south,7,5
2019/1/26 02:25:00,chongzhi_longping,south,6,3
2019/1/26 02:30:00,chongzhi_longping,south,7,7
2019/1/26 02:35:00,chongzhi_longping,south,6,3
2019/1/26 02:40:00,chongzhi_longping,south,6,2
2019/1/26 02:45:00,chongzhi_longping,south,6,3
2019/1/26 02:50:00,chongzhi_longping,south,4,2
2019/1/26 02:55:00,chongzhi_longping,south,6,3
2019/1/26 03:00:00,chongzhi_longping,south,7,2
2019/1/26 03:05:00,chongzhi_longping,south,4,4
2019/1/26 03:10:00,chongzhi_longping,south,8,5
2019/1/26 03:15:00,chongzhi_longping,south,4,0
2019/1/26 03:20:00,chongzhi_longping,south,4,1
2019/1/26 03:25:00,chongzhi_longping,south,1,2
2019/1/26 03:30:00,chongzhi_longping,south,3,0
2019/1/26 03:35:00,chongzhi_longping,south,5,1
2019/1/26 03:40:00,chongzhi_longping,south,8,2
2019/1/26 03:45:00,chongzhi_longping,south,7,3
2019/1/26 03:50:00,chongzhi_longping,south,8,2
2019/1/26 03:55:00,chongzhi_longping,south,6,4
2019/1/26 04:00:00,chongzhi_longping,south,6,2
2019/1/26 04:05:00,chongzhi_longping,south,2,2
2019/1/26 04:10:00,chongzhi_longping,south,2,7
2019/1/26 04:15:00,chongzhi_longping,south,5,0
2019/1/26 04:20:00,chongzhi_longping,south,6,4
2019/1/26 04:25:00,chongzhi_longping,south,0,2
2019/1/26 04:30:00,chongzhi_longping,south,2,1
2019/1/26 04:35:00,chongzhi_longping,south,5,1
2019/1/26 04:40:00,chongzhi_longping,south,0,3
2019/1/26 04:45:00,chongzhi_longping,south,3,4
2019/1/26 04:50:00,chongzhi_longping,south,4,4
2019/1/26 04:55:00,chongzhi_longping,south,4,1
2019/1/26 05:00:00,chongzhi_longping,south,3,2
2019/1/26 05:05:00,chongzhi_longping,south,3,3
2019/1/26 05:10:00,chongzhi_longping,south,2,0
2019/1/26 05:15:00,chongzhi_longping,south,2,0
2019/1/26 05:20:00,chongzhi_longping,south,2,0
2019/1/26 05:25:00,chongzhi_longping,south,1,1
2019/1/26 05:30:00,chongzhi_longping,south,1,3
2019/1/26 05:35:00,chongzhi_longping,south,1,5
2019/1/26 05:40:00,chongzhi_longping,south,2,2
2019/1/26 05:45:00,chongzhi_longping,south,2,1
2019/1/26 05:50:00,chongzhi_longping,south,0,3
2019/1/26 05:55:00,chongzhi_longping,south,0,1
2019/1/26 06:00:00,chongzhi_longping,south,2,4
2019/1/26 06:05:00,chongzhi_longping,south,0,4
2019/1/26 06:10:00,chongzhi_longping,south,0,0
2019/1/26 06:15:00,chongzhi_longping,south,0,0
2019/1/26 06:20:00,chongzhi_longping,south,1,2
2019/1/26 06:25:00,chongzhi_longping,south,1,0
2019/1/26 06:30:00,chongzhi_longping,south,1,2
2019/1/26 06:35:00,chongzhi_longping,south,0,2
2019/1/26 06:40:00,chongzhi_longping,south,1,3
2019/1/26 06:45:00,chongzhi_longping,south,1,0
2019/1/26 06:50:00,chongzhi_longping,south,1,0
2019/1/26 06:55:00,chongzhi_longping,south,1,3
2019/1/26 07:00:00,chongzhi_longping,south,1,6
2019/1/26 07:05:00,chongzhi_longping,south,2,7
2019/1/26 07:10:00,chongzhi_longping,south,3,6
2019/1/26 07:15:00,chongzhi_longping,south,1,3
2019/1/26 07:20:00,chongzhi_longping,south,1,10
2019/1/26 07:25:00,chongzhi_longping,south,4,19
2019/1/26 07:30:00,chongzhi_longping,south,4,12
2019/1/26 07:35:00,chongzhi_longping,south,4,22
2019/1/26 07:40:00,chongzhi_longping,south,5,18
2019/1/26 07:45:00,chongzhi_longping,south,8,45
2019/1/26 07:50:00,chongzhi_longping,south,4,36
2019/1/26 07:55:00,chongzhi_longping,south,12,35
2019/1/26 08:00:00,chongzhi_longping,south,4,47
2019/1/26 08:05:00,chongzhi_longping,south,8,55
2019/1/26 08:10:00,chongzhi_longping,south,6,65
2019/1/26 08:15:00,chongzhi_longping,south,6,56
2019/1/26 08:20:00,chongzhi_longping,south,10,55
2019/1/26 08:25:00,chongzhi_longping,south,12,58
2019/1/26 08:30:00,chongzhi_longping,south,8,53
2019/1/26 08:35:00,chongzhi_longping,south,8,55
2019/1/26 08:40:00,chongzhi_longping,south,14,45
2019/1/26 08:45:00,chongzhi_longping,south,4,38
2019/1/26 08:50:00,chongzhi_longping,south,10,48
2019/1/26 08:55:00,chongzhi_longping,south,4,60
2019/1/26 09:00:00,chongzhi_longping,south,5,38
2019/1/26 09:05:00,chongzhi_longping,south,6,32
2019/1/26 09:10:00,chongzhi_longping,south,2,20
2019/1/26 09:15:00,chongzhi_longping,south,4,18
2019/1/26 09:20:00,chongzhi_longping,south,6,24
2019/1/26 09:25:00,chongzhi_longping,south,6,17
2019/1/26 09:30:00,chongzhi_longping,south,7,17
2019/1/26 09:35:00,chongzhi_longping,south,3,13
2019/1/26 09:40:00,chongzhi_longping,south,3,17
2019/1/26 09:45:00,chongzhi_longping,south,7,18
2019/1/26 09:50:00,chongzhi_longping,south,5,16
2019/1/26 09:55:00,chongzhi_longping,south,4,18
2019/1/26 10:00:00,chongzhi_longping,south,2,10
2019/1/26 10:05:00,chongzhi_longping,south,2,9
2019/1/26 10:10:00,chongzhi_longping,south,2,17
2019/1/26 10:15:00,chongzhi_longping,south,0,11
2019/1/26 10:20:00,chongzhi_longping,south,2,9
2019/1/26 10:25:00,chongzhi_longping,south,3,9
2019/1/26 10:30:00,chongzhi_longping,south,3,10
2019/1/26 10:35:00,chongzhi_longping,south,4,15
2019/1/26 10:40:00,chongzhi_longping,south,2,11
2019/1/26 10:45:00,chongzhi_longping,south,3,15
2019/1/26 10:50:00,chongzhi_longping,south,4,14
2019/1/26 10:55:00,chongzhi_longping,south,3,20
2019/1/26 11:00:00,chongzhi_longping,south,5,14
2019/1/26 11:05:00,chongzhi_longping,south,3,8
2019/1/26 11:10:00,chongzhi_longping,south,2,9
2019/1/26 11:15:00,chongzhi_longping,south,6,11
2019/1/26 11:20:00,chongzhi_longping,south,2,6
2019/1/26 11:25:00,chongzhi_longping,south,2,11
2019/1/26 11:30:00,chongzhi_longping,south,4,10
2019/1/26 11:35:00,chongzhi_longping,south,5,10
2019/1/26 11:40:00,chongzhi_longping,south,3,15
2019/1/26 11:45:00,chongzhi_longping,south,2,17
2019/1/26 11:50:00,chongzhi_longping,south,2,6
2019/1/26 11:55:00,chongzhi_longping,south,2,15
2019/1/26 12:00:00,chongzhi_longping,south,2,18
2019/1/26 12:05:00,chongzhi_longping,south,6,16
2019/1/26 12:10:00,chongzhi_longping,south,1,13
2019/1/26 12:15:00,chongzhi_longping,south,5,12
2019/1/26 12:20:00,chongzhi_longping,south,6,11
2019/1/26 12:25:00,chongzhi_longping,south,1,8
2019/1/26 12:30:00,chongzhi_longping,south,3,13
2019/1/26 12:35:00,chongzhi_longping,south,2,8
2019/1/26 12:40:00,chongzhi_longping,south,1,12
2019/1/26 12:45:00,chongzhi_longping,south,2,20
2019/1/26 12:50:00,chongzhi_longping,south,1,10
2019/1/26 12:55:00,chongzhi_longping,south,2,8
2019/1/26 13:00:00,chongzhi_longping,south,1,9
2019/1/26 13:05:00,chongzhi_longping,south,2,4
2019/1/26 13:10:00,chongzhi_longping,south,9,8
2019/1/26 13:15:00,chongzhi_longping,south,6,7
2019/1/26 13:20:00,chongzhi_longping,south,2,19
2019/1/26 13:25:00,chongzhi_longping,south,7,18
2019/1/26 13:30:00,chongzhi_longping,south,3,6
2019/1/26 13:35:00,chongzhi_longping,south,4,23
2019/1/26 13:40:00,chongzhi_longping,south,4,19
2019/1/26 13:45:00,chongzhi_longping,south,5,15
2019/1/26 13:50:00,chongzhi_longping,south,4,17
2019/1/26 13:55:00,chongzhi_longping,south,8,19
2019/1/26 14:00:00,chongzhi_longping,south,1,16
2019/1/26 14:05:00,chongzhi_longping,south,1,19
2019/1/26 14:10:00,chongzhi_longping,south,6,14
2019/1/26 14:15:00,chongzhi_longping,south,3,17
2019/1/26 14:20:00,chongzhi_longping,south,1,13
2019/1/26 14:25:00,chongzhi_longping,south,1,15
2019/1/26 14:30:00,chongzhi_longping,south,4,14
2019/1/26 14:35:00,chongzhi_longping,south,2,19
2019/1/26 14:40:00,chongzhi_longping,south,3,12
2019/1/26 14:45:00,chongzhi_longping,south,1,7
2019/1/26 14:50:00,chongzhi_longping,south,1,11
2019/1/26 14:55:00,chongzhi_longping,south,4,16
2019/1/26 15:00:00,chongzhi_longping,south,4,13
2019/1/26 15:05:00,chongzhi_longping,south,4,11
2019/1/26 15:10:00,chongzhi_longping,south,1,11
2019/1/26 15:15:00,chongzhi_longping,south,6,15
2019/1/26 15:20:00,chongzhi_longping,south,3,16
2019/1/26 15:25:00,chongzhi_longping,south,1,12
2019/1/26 15:30:00,chongzhi_longping,south,4,13
2019/1/26 15:35:00,chongzhi_longping,south,2,8
2019/1/26 15:40:00,chongzhi_longping,south,4,15
2019/1/26 15:45:00,chongzhi_longping,south,2,9
2019/1/26 15:50:00,chongzhi_longping,south,4,13
2019/1/26 15:55:00,chongzhi_longping,south,3,11
2019/1/26 16:00:00,chongzhi_longping,south,3,15
2019/1/26 16:05:00,chongzhi_longping,south,2,14
2019/1/26 16:10:00,chongzhi_longping,south,7,10
2019/1/26 16:15:00,chongzhi_longping,south,7,17
2019/1/26 16:20:00,chongzhi_longping,south,6,14
2019/1/26 16:25:00,chongzhi_longping,south,3,10
2019/1/26 16:30:00,chongzhi_longping,south,5,7
2019/1/26 16:35:00,chongzhi_longping,south,4,7
2019/1/26 16:40:00,chongzhi_longping,south,5,8
2019/1/26 16:45:00,chongzhi_longping,south,5,13
2019/1/26 16:50:00,chongzhi_longping,south,3,13
2019/1/26 16:55:00,chongzhi_longping,south,6,13
2019/1/26 17:00:00,chongzhi_longping,south,6,15
2019/1/26 17:05:00,chongzhi_longping,south,4,15
2019/1/26 17:10:00,chongzhi_longping,south,5,13
2019/1/26 17:15:00,chongzhi_longping,south,7,6
2019/1/26 17:20:00,chongzhi_longping,south,5,9
2019/1/26 17:25:00,chongzhi_longping,south,4,12
2019/1/26 17:30:00,chongzhi_longping,south,4,19
2019/1/26 17:35:00,chongzhi_longping,south,12,18
2019/1/26 17:40:00,chongzhi_longping,south,12,22
2019/1/26 17:45:00,chongzhi_longping,south,7,15
2019/1/26 17:50:00,chongzhi_longping,south,11,17
2019/1/26 17:55:00,chongzhi_longping,south,13,18
2019/1/26 18:00:00,chongzhi_longping,south,16,24
2019/1/26 18:05:00,chongzhi_longping,south,10,22
2019/1/26 18:10:00,chongzhi_longping,south,4,25
2019/1/26 18:15:00,chongzhi_longping,south,11,22
2019/1/26 18:20:00,chongzhi_longping,south,11,14
2019/1/26 18:25:00,chongzhi_longping,south,3,9
2019/1/26 18:30:00,chongzhi_longping,south,8,13
2019/1/26 18:35:00,chongzhi_longping,south,11,18
2019/1/26 18:40:00,chongzhi_longping,south,13,23
2019/1/26 18:45:00,chongzhi_longping,south,10,11
2019/1/26 18:50:00,chongzhi_longping,south,5,21
2019/1/26 18:55:00,chongzhi_longping,south,7,16
2019/1/26 19:00:00,chongzhi_longping,south,6,14
2019/1/26 19:05:00,chongzhi_longping,south,2,10
2019/1/26 19:10:00,chongzhi_longping,south,10,12
2019/1/26 19:15:00,chongzhi_longping,south,3,21
2019/1/26 19:20:00,chongzhi_longping,south,3,8
2019/1/26 19:25:00,chongzhi_longping,south,1,14
2019/1/26 19:30:00,chongzhi_longping,south,1,10
2019/1/26 19:35:00,chongzhi_longping,south,2,11
2019/1/26 19:40:00,chongzhi_longping,south,2,7
2019/1/26 19:45:00,chongzhi_longping,south,1,12
2019/1/26 19:50:00,chongzhi_longping,south,4,13
2019/1/26 19:55:00,chongzhi_longping,south,3,11
2019/1/26 20:00:00,chongzhi_longping,south,3,12
2019/1/26 20:05:00,chongzhi_longping,south,9,13
2019/1/26 20:10:00,chongzhi_longping,south,3,15
2019/1/26 20:15:00,chongzhi_longping,south,5,10
2019/1/26 20:20:00,chongzhi_longping,south,5,10
2019/1/26 20:25:00,chongzhi_longping,south,8,12
2019/1/26 20:30:00,chongzhi_longping,south,2,12
2019/1/26 20:35:00,chongzhi_longping,south,3,16
2019/1/26 20:40:00,chongzhi_longping,south,2,17
2019/1/26 20:45:00,chongzhi_longping,south,3,16
2019/1/26 20:50:00,chongzhi_longping,south,4,11
2019/1/26 20:55:00,chongzhi_longping,south,6,16
2019/1/26 21:00:00,chongzhi_longping,south,3,21
2019/1/26 21:05:00,chongzhi_longping,south,6,16
2019/1/26 21:10:00,chongzhi_longping,south,7,15
2019/1/26 21:15:00,chongzhi_longping,south,12,14
2019/1/26 21:20:00,chongzhi_longping,south,4,15
2019/1/26 21:25:00,chongzhi_longping,south,5,14
2019/1/26 21:30:00,chongzhi_longping,south,4,15
2019/1/26 21:35:00,chongzhi_longping,south,3,20
2019/1/26 21:40:00,chongzhi_longping,south,5,15
2019/1/26 21:45:00,chongzhi_longping,south,6,12
2019/1/26 21:50:00,chongzhi_longping,south,5,7
2019/1/26 21:55:00,chongzhi_longping,south,5,14
2019/1/26 22:00:00,chongzhi_longping,south,9,9
2019/1/26 22:05:00,chongzhi_longping,south,12,7
2019/1/26 22:10:00,chongzhi_longping,south,10,10
2019/1/26 22:15:00,chongzhi_longping,south,5,13
2019/1/26 22:20:00,chongzhi_longping,south,6,9
2019/1/26 22:25:00,chongzhi_longping,south,7,11
2019/1/26 22:30:00,chongzhi_longping,south,7,8
2019/1/26 22:35:00,chongzhi_longping,south,8,10
2019/1/26 22:40:00,chongzhi_longping,south,8,11
2019/1/26 22:45:00,chongzhi_longping,south,5,16
2019/1/26 22:50:00,chongzhi_longping,south,8,11
2019/1/26 22:55:00,chongzhi_longping,south,12,12
2019/1/26 23:00:00,chongzhi_longping,south,7,20
2019/1/26 23:05:00,chongzhi_longping,south,5,18
2019/1/26 23:10:00,chongzhi_longping,south,6,19
2019/1/26 23:15:00,chongzhi_longping,south,5,10
2019/1/26 23:20:00,chongzhi_longping,south,11,8
2019/1/26 23:25:00,chongzhi_longping,south,3,9
2019/1/26 23:30:00,chongzhi_longping,south,3,8
2019/1/26 23:35:00,chongzhi_longping,south,2,9
2019/1/26 23:40:00,chongzhi_longping,south,5,5
2019/1/26 23:45:00,chongzhi_longping,south,2,11
2019/1/26 23:50:00,chongzhi_longping,south,6,9
2019/1/26 23:55:00,chongzhi_longping,south,7,7
