2019/1/26 00:00:00,wuhe_zhangheng,north,4,24
2019/1/26 00:05:00,wuhe_zhangheng,north,1,18
2019/1/26 00:10:00,wuhe_zhangheng,north,2,23
2019/1/26 00:15:00,wuhe_zhangheng,north,0,17
2019/1/26 00:20:00,wuhe_zhangheng,north,3,12
2019/1/26 00:25:00,wuhe_zhangheng,north,3,26
2019/1/26 00:30:00,wuhe_zhangheng,north,1,19
2019/1/26 00:35:00,wuhe_zhangheng,north,4,19
2019/1/26 00:40:00,wuhe_zhangheng,north,2,13
2019/1/26 00:45:00,wuhe_zhangheng,north,0,9
2019/1/26 00:50:00,wuhe_zhangheng,north,1,21
2019/1/26 00:55:00,wuhe_zhangheng,north,2,15
2019/1/26 01:00:00,wuhe_zhangheng,north,3,11
2019/1/26 01:05:00,wuhe_zhangheng,north,0,13
2019/1/26 01:10:00,wuhe_zhangheng,north,2,16
2019/1/26 01:15:00,wuhe_zhangheng,north,2,10
2019/1/26 01:20:00,wuhe_zhangheng,north,1,11
2019/1/26 01:25:00,wuhe_zhangheng,north,1,10
2019/1/26 01:30:00,wuhe_zhangheng,north,0,16
2019/1/26 01:35:00,wuhe_zhangheng,north,1,8
2019/1/26 01:40:00,wuhe_zhangheng,north,0,12
2019/1/26 01:45:00,wuhe_zhangheng,north,1,7
2019/1/26 01:50:00,wuhe_zhangheng,north,0,6
2019/1/26 01:55:00,wuhe_zhangheng,north,0,0
2019/1/26 02:00:00,wuhe_zhangheng,north,0,5
2019/1/26 02:05:00,wuhe_zhangheng,north,2,7
2019/1/26 02:10:00,wuhe_zhangheng,north,2,5
2019/1/26 02:15:00,wuhe_zhangheng,north,0,4
2019/1/26 02:20:00,wuhe_zhangheng,north,0,3
2019/1/26 02:25:00,wuhe_zhangheng,north,0,11
2019/1/26 02:30:00,wuhe_zhangheng,north,0,8
2019/1/26 02:35:00,wuhe_zhangheng,north,0,9
2019/1/26 02:40:00,wuhe_zhangheng,north,1,8
2019/1/26 02:45:00,wuhe_zhangheng,north,1,3
2019/1/26 02:50:00,wuhe_zhangheng,north,0,3
2019/1/26 02:55:00,wuhe_zhangheng,north,2,6
2019/1/26 03:00:00,wuhe_zhangheng,north,0,5
2019/1/26 03:05:00,wuhe_zhangheng,north,1,4
2019/1/26 03:10:00,wuhe_zhangheng,north,1,4
2019/1/26 03:15:00,wuhe_zhangheng,north,0,3
2019/1/26 03:20:00,wuhe_zhangheng,north,1,5
2019/1/26 03:25:00,wuhe_zhangheng,north,0,2
2019/1/26 03:30:00,wuhe_zhangheng,north,0,4
2019/1/26 03:35:00,wuhe_zhangheng,north,0,3
2019/1/26 03:40:00,wuhe_zhangheng,north,0,1
2019/1/26 03:45:00,wuhe_zhangheng,north,3,5
2019/1/26 03:50:00,wuhe_zhangheng,north,1,2
2019/1/26 03:55:00,wuhe_zhangheng,north,0,2
2019/1/26 04:00:00,wuhe_zhangheng,north,0,4
2019/1/26 04:05:00,wuhe_zhangheng,north,1,4
2019/1/26 04:10:00,wuhe_zhangheng,north,0,3
2019/1/26 04:15:00,wuhe_zhangheng,north,0,5
2019/1/26 04:20:00,wuhe_zhangheng,north,0,3
2019/1/26 04:25:00,wuhe_zhangheng,north,1,4
2019/1/26 04:30:00,wuhe_zhangheng,north,1,3
2019/1/26 04:35:00,wuhe_zhangheng,north,0,2
2019/1/26 04:40:00,wuhe_zhangheng,north,0,1
2019/1/26 04:45:00,wuhe_zhangheng,north,0,2
2019/1/26 04:50:00,wuhe_zhangheng,north,0,3
2019/1/26 04:55:00,wuhe_zhangheng,north,2,1
2019/1/26 05:00:00,wuhe_zhangheng,north,0,2
2019/1/26 05:05:00,wuhe_zhangheng,north,0,3
2019/1/26 05:10:00,wuhe_zhangheng,north,0,3
2019/1/26 05:15:00,wuhe_zhangheng,north,0,5
2019/1/26 05:20:00,wuhe_zhangheng,north,0,4
2019/1/26 05:25:00,wuhe_zhangheng,north,0,4
2019/1/26 05:30:00,wuhe_zhangheng,north,0,7
2019/1/26 05:35:00,wuhe_zhangheng,north,0,6
2019/1/26 05:40:00,wuhe_zhangheng,north,1,5
2019/1/26 05:45:00,wuhe_zhangheng,north,0,6
2019/1/26 05:50:00,wuhe_zhangheng,north,1,4
2019/1/26 05:55:00,wuhe_zhangheng,north,2,6
2019/1/26 06:00:00,wuhe_zhangheng,north,0,4
2019/1/26 06:05:00,wuhe_zhangheng,north,1,6
2019/1/26 06:10:00,wuhe_zhangheng,north,1,5
2019/1/26 06:15:00,wuhe_zhangheng,north,1,7
2019/1/26 06:20:00,wuhe_zhangheng,north,1,9
2019/1/26 06:25:00,wuhe_zhangheng,north,0,4
2019/1/26 06:30:00,wuhe_zhangheng,north,1,11
2019/1/26 06:35:00,wuhe_zhangheng,north,0,12
2019/1/26 06:40:00,wuhe_zhangheng,north,0,10
2019/1/26 06:45:00,wuhe_zhangheng,north,4,15
2019/1/26 06:50:00,wuhe_zhangheng,north,1,11
2019/1/26 06:55:00,wuhe_zhangheng,north,2,12
2019/1/26 07:00:00,wuhe_zhangheng,north,3,18
2019/1/26 07:05:00,wuhe_zhangheng,north,0,11
2019/1/26 07:10:00,wuhe_zhangheng,north,5,16
2019/1/26 07:15:00,wuhe_zhangheng,north,2,24
2019/1/26 07:20:00,wuhe_zhangheng,north,2,10
2019/1/26 07:25:00,wuhe_zhangheng,north,6,33
2019/1/26 07:30:00,wuhe_zhangheng,north,2,31
2019/1/26 07:35:00,wuhe_zhangheng,north,2,34
2019/1/26 07:40:00,wuhe_zhangheng,north,4,51
2019/1/26 07:45:00,wuhe_zhangheng,north,7,43
2019/1/26 07:50:00,wuhe_zhangheng,north,20,97
2019/1/26 07:55:00,wuhe_zhangheng,north,13,92
2019/1/26 08:00:00,wuhe_zhangheng,north,19,92
2019/1/26 08:05:00,wuhe_zhangheng,north,18,149
2019/1/26 08:10:00,wuhe_zhangheng,north,12,87
2019/1/26 08:15:00,wuhe_zhangheng,north,28,129
2019/1/26 08:20:00,wuhe_zhangheng,north,27,135
2019/1/26 08:25:00,wuhe_zhangheng,north,14,64
2019/1/26 08:30:00,wuhe_zhangheng,north,21,125
2019/1/26 08:35:00,wuhe_zhangheng,north,15,86
2019/1/26 08:40:00,wuhe_zhangheng,north,13,39
2019/1/26 08:45:00,wuhe_zhangheng,north,15,76
2019/1/26 08:50:00,wuhe_zhangheng,north,5,43
2019/1/26 08:55:00,wuhe_zhangheng,north,9,48
2019/1/26 09:00:00,wuhe_zhangheng,north,9,43
2019/1/26 09:05:00,wuhe_zhangheng,north,6,37
2019/1/26 09:10:00,wuhe_zhangheng,north,4,44
2019/1/26 09:15:00,wuhe_zhangheng,north,7,28
2019/1/26 09:20:00,wuhe_zhangheng,north,6,39
2019/1/26 09:25:00,wuhe_zhangheng,north,4,39
2019/1/26 09:30:00,wuhe_zhangheng,north,7,46
2019/1/26 09:35:00,wuhe_zhangheng,north,7,36
2019/1/26 09:40:00,wuhe_zhangheng,north,4,34
2019/1/26 09:45:00,wuhe_zhangheng,north,1,28
2019/1/26 09:50:00,wuhe_zhangheng,north,5,51
2019/1/26 09:55:00,wuhe_zhangheng,north,7,46
2019/1/26 10:00:00,wuhe_zhangheng,north,2,45
2019/1/26 10:05:00,wuhe_zhangheng,north,3,31
2019/1/26 10:10:00,wuhe_zhangheng,north,9,34
2019/1/26 10:15:00,wuhe_zhangheng,north,7,43
2019/1/26 10:20:00,wuhe_zhangheng,north,2,23
2019/1/26 10:25:00,wuhe_zhangheng,north,1,53
2019/1/26 10:30:00,wuhe_zhangheng,north,4,44
2019/1/26 10:35:00,wuhe_zhangheng,north,2,37
2019/1/26 10:40:00,wuhe_zhangheng,north,7,23
2019/1/26 10:45:00,wuhe_zhangheng,north,7,34
2019/1/26 10:50:00,wuhe_zhangheng,north,5,51
2019/1/26 10:55:00,wuhe_zhangheng,north,3,22
2019/1/26 11:00:00,wuhe_zhangheng,north,3,43
2019/1/26 11:05:00,wuhe_zhangheng,north,4,63
2019/1/26 11:10:00,wuhe_zhangheng,north,2,25
2019/1/26 11:15:00,wuhe_zhangheng,north,4,44
2019/1/26 11:20:00,wuhe_zhangheng,north,11,44
2019/1/26 11:25:00,wuhe_zhangheng,north,3,34
2019/1/26 11:30:00,wuhe_zhangheng,north,8,42
2019/1/26 11:35:00,wuhe_zhangheng,north,4,41
2019/1/26 11:40:00,wuhe_zhangheng,north,5,56
2019/1/26 11:45:00,wuhe_zhangheng,north,7,37
2019/1/26 11:50:00,wuhe_zhangheng,north,8,40
2019/1/26 11:55:00,wuhe_zhangheng,north,8,41
2019/1/26 12:00:00,wuhe_zhangheng,north,3,30
2019/1/26 12:05:00,wuhe_zhangheng,north,4,48
2019/1/26 12:10:00,wuhe_zhangheng,north,9,32
2019/1/26 12:15:00,wuhe_zhangheng,north,3,20
2019/1/26 12:20:00,wuhe_zhangheng,north,6,41
2019/1/26 12:25:00,wuhe_zhangheng,north,3,41
2019/1/26 12:30:00,wuhe_zhangheng,north,6,14
2019/1/26 12:35:00,wuhe_zhangheng,north,6,57
2019/1/26 12:40:00,wuhe_zhangheng,north,6,47
2019/1/26 12:45:00,wuhe_zhangheng,north,3,24
2019/1/26 12:50:00,wuhe_zhangheng,north,2,35
2019/1/26 12:55:00,wuhe_zhangheng,north,9,43
2019/1/26 13:00:00,wuhe_zhangheng,north,4,24
2019/1/26 13:05:00,wuhe_zhangheng,north,5,38
2019/1/26 13:10:00,wuhe_zhangheng,north,3,39
2019/1/26 13:15:00,wuhe_zhangheng,north,3,32
2019/1/26 13:20:00,wuhe_zhangheng,north,6,36
2019/1/26 13:25:00,wuhe_zhangheng,north,4,52
2019/1/26 13:30:00,wuhe_zhangheng,north,2,36
2019/1/26 13:35:00,wuhe_zhangheng,north,10,35
2019/1/26 13:40:00,wuhe_zhangheng,north,6,38
2019/1/26 13:45:00,wuhe_zhangheng,north,2,46
2019/1/26 13:50:00,wuhe_zhangheng,north,11,37
2019/1/26 13:55:00,wuhe_zhangheng,north,5,59
2019/1/26 14:00:00,wuhe_zhangheng,north,2,45
2019/1/26 14:05:00,wuhe_zhangheng,north,4,37
2019/1/26 14:10:00,wuhe_zhangheng,north,10,46
2019/1/26 14:15:00,wuhe_zhangheng,north,6,54
2019/1/26 14:20:00,wuhe_zhangheng,north,3,32
2019/1/26 14:25:00,wuhe_zhangheng,north,5,37
2019/1/26 14:30:00,wuhe_zhangheng,north,3,47
2019/1/26 14:35:00,wuhe_zhangheng,north,5,55
2019/1/26 14:40:00,wuhe_zhangheng,north,3,16
2019/1/26 14:45:00,wuhe_zhangheng,north,7,65
2019/1/26 14:50:00,wuhe_zhangheng,north,3,57
2019/1/26 14:55:00,wuhe_zhangheng,north,6,46
2019/1/26 15:00:00,wuhe_zhangheng,north,2,48
2019/1/26 15:05:00,wuhe_zhangheng,north,3,74
2019/1/26 15:10:00,wuhe_zhangheng,north,5,73
2019/1/26 15:15:00,wuhe_zhangheng,north,2,47
2019/1/26 15:20:00,wuhe_zhangheng,north,11,91
2019/1/26 15:25:00,wuhe_zhangheng,north,10,117
2019/1/26 15:30:00,wuhe_zhangheng,north,7,110
2019/1/26 15:35:00,wuhe_zhangheng,north,5,78
2019/1/26 15:40:00,wuhe_zhangheng,north,11,125
2019/1/26 15:45:00,wuhe_zhangheng,north,3,141
2019/1/26 15:50:00,wuhe_zhangheng,north,4,91
2019/1/26 15:55:00,wuhe_zhangheng,north,8,124
2019/1/26 16:00:00,wuhe_zhangheng,north,8,110
2019/1/26 16:05:00,wuhe_zhangheng,north,10,103
2019/1/26 16:10:00,wuhe_zhangheng,north,6,66
2019/1/26 16:15:00,wuhe_zhangheng,north,8,93
2019/1/26 16:20:00,wuhe_zhangheng,north,6,82
2019/1/26 16:25:00,wuhe_zhangheng,north,3,67
2019/1/26 16:30:00,wuhe_zhangheng,north,6,27
2019/1/26 16:35:00,wuhe_zhangheng,north,6,54
2019/1/26 16:40:00,wuhe_zhangheng,north,5,60
2019/1/26 16:45:00,wuhe_zhangheng,north,7,23
2019/1/26 16:50:00,wuhe_zhangheng,north,9,58
2019/1/26 16:55:00,wuhe_zhangheng,north,3,36
2019/1/26 17:00:00,wuhe_zhangheng,north,4,33
2019/1/26 17:05:00,wuhe_zhangheng,north,4,50
2019/1/26 17:10:00,wuhe_zhangheng,north,9,53
2019/1/26 17:15:00,wuhe_zhangheng,north,3,32
2019/1/26 17:20:00,wuhe_zhangheng,north,10,62
2019/1/26 17:25:00,wuhe_zhangheng,north,8,69
2019/1/26 17:30:00,wuhe_zhangheng,north,2,33
2019/1/26 17:35:00,wuhe_zhangheng,north,12,63
2019/1/26 17:40:00,wuhe_zhangheng,north,16,63
2019/1/26 17:45:00,wuhe_zhangheng,north,6,36
2019/1/26 17:50:00,wuhe_zhangheng,north,15,88
2019/1/26 17:55:00,wuhe_zhangheng,north,16,81
2019/1/26 18:00:00,wuhe_zhangheng,north,7,44
2019/1/26 18:05:00,wuhe_zhangheng,north,13,62
2019/1/26 18:10:00,wuhe_zhangheng,north,18,78
2019/1/26 18:15:00,wuhe_zhangheng,north,2,45
2019/1/26 18:20:00,wuhe_zhangheng,north,7,66
2019/1/26 18:25:00,wuhe_zhangheng,north,10,70
2019/1/26 18:30:00,wuhe_zhangheng,north,7,45
2019/1/26 18:35:00,wuhe_zhangheng,north,16,46
2019/1/26 18:40:00,wuhe_zhangheng,north,10,66
2019/1/26 18:45:00,wuhe_zhangheng,north,14,81
2019/1/26 18:50:00,wuhe_zhangheng,north,4,50
2019/1/26 18:55:00,wuhe_zhangheng,north,5,45
2019/1/26 19:00:00,wuhe_zhangheng,north,6,62
2019/1/26 19:05:00,wuhe_zhangheng,north,13,83
2019/1/26 19:10:00,wuhe_zhangheng,north,6,53
2019/1/26 19:15:00,wuhe_zhangheng,north,4,49
2019/1/26 19:20:00,wuhe_zhangheng,north,5,32
2019/1/26 19:25:00,wuhe_zhangheng,north,11,41
2019/1/26 19:30:00,wuhe_zhangheng,north,7,57
2019/1/26 19:35:00,wuhe_zhangheng,north,2,36
2019/1/26 19:40:00,wuhe_zhangheng,north,1,37
2019/1/26 19:45:00,wuhe_zhangheng,north,8,31
2019/1/26 19:50:00,wuhe_zhangheng,north,2,42
2019/1/26 19:55:00,wuhe_zhangheng,north,5,51
2019/1/26 20:00:00,wuhe_zhangheng,north,4,39
2019/1/26 20:05:00,wuhe_zhangheng,north,2,42
2019/1/26 20:10:00,wuhe_zhangheng,north,1,15
2019/1/26 20:15:00,wuhe_zhangheng,north,5,37
2019/1/26 20:20:00,wuhe_zhangheng,north,7,47
2019/1/26 20:25:00,wuhe_zhangheng,north,7,40
2019/1/26 20:30:00,wuhe_zhangheng,north,2,40
2019/1/26 20:35:00,wuhe_zhangheng,north,4,24
2019/1/26 20:40:00,wuhe_zhangheng,north,3,37
2019/1/26 20:45:00,wuhe_zhangheng,north,2,49
2019/1/26 20:50:00,wuhe_zhangheng,north,4,42
2019/1/26 20:55:00,wuhe_zhangheng,north,5,40
2019/1/26 21:00:00,wuhe_zhangheng,north,5,28
2019/1/26 21:05:00,wuhe_zhangheng,north,4,53
2019/1/26 21:10:00,wuhe_zhangheng,north,6,53
2019/1/26 21:15:00,wuhe_zhangheng,north,6,37
2019/1/26 21:20:00,wuhe_zhangheng,north,4,39
2019/1/26 21:25:00,wuhe_zhangheng,north,5,32
2019/1/26 21:30:00,wuhe_zhangheng,north,6,47
2019/1/26 21:35:00,wuhe_zhangheng,north,6,42
2019/1/26 21:40:00,wuhe_zhangheng,north,5,37
2019/1/26 21:45:00,wuhe_zhangheng,north,4,34
2019/1/26 21:50:00,wuhe_zhangheng,north,8,34
2019/1/26 21:55:00,wuhe_zhangheng,north,3,31
2019/1/26 22:00:00,wuhe_zhangheng,north,2,35
2019/1/26 22:05:00,wuhe_zhangheng,north,8,45
2019/1/26 22:10:00,wuhe_zhangheng,north,3,28
2019/1/26 22:15:00,wuhe_zhangheng,north,4,37
2019/1/26 22:20:00,wuhe_zhangheng,north,4,36
2019/1/26 22:25:00,wuhe_zhangheng,north,3,52
2019/1/26 22:30:00,wuhe_zhangheng,north,6,32
2019/1/26 22:35:00,wuhe_zhangheng,north,3,28
2019/1/26 22:40:00,wuhe_zhangheng,north,7,42
2019/1/26 22:45:00,wuhe_zhangheng,north,4,33
2019/1/26 22:50:00,wuhe_zhangheng,north,3,14
2019/1/26 22:55:00,wuhe_zhangheng,north,1,23
2019/1/26 23:00:00,wuhe_zhangheng,north,1,23
2019/1/26 23:05:00,wuhe_zhangheng,north,12,24
2019/1/26 23:10:00,wuhe_zhangheng,north,6,19
2019/1/26 23:15:00,wuhe_zhangheng,north,3,43
2019/1/26 23:20:00,wuhe_zhangheng,north,2,26
2019/1/26 23:25:00,wuhe_zhangheng,north,1,9
2019/1/26 23:30:00,wuhe_zhangheng,north,3,20
2019/1/26 23:35:00,wuhe_zhangheng,north,3,22
2019/1/26 23:40:00,wuhe_zhangheng,north,0,28
2019/1/26 23:45:00,wuhe_zhangheng,north,0,19
2019/1/26 23:50:00,wuhe_zhangheng,north,0,12
2019/1/26 23:55:00,wuhe_zhangheng,north,1,20
