2019/1/26 00:00:00,wuhe_jiaxian,north,7,19
2019/1/26 00:05:00,wuhe_jiaxian,north,4,18
2019/1/26 00:10:00,wuhe_jiaxian,north,4,23
2019/1/26 00:15:00,wuhe_jiaxian,north,2,18
2019/1/26 00:20:00,wuhe_jiaxian,north,1,16
2019/1/26 00:25:00,wuhe_jiaxian,north,5,23
2019/1/26 00:30:00,wuhe_jiaxian,north,1,20
2019/1/26 00:35:00,wuhe_jiaxian,north,1,18
2019/1/26 00:40:00,wuhe_jiaxian,north,2,11
2019/1/26 00:45:00,wuhe_jiaxian,north,1,13
2019/1/26 00:50:00,wuhe_jiaxian,north,4,17
2019/1/26 00:55:00,wuhe_jiaxian,north,0,15
2019/1/26 01:00:00,wuhe_jiaxian,north,3,16
2019/1/26 01:05:00,wuhe_jiaxian,north,2,12
2019/1/26 01:10:00,wuhe_jiaxian,north,2,13
2019/1/26 01:15:00,wuhe_jiaxian,north,2,11
2019/1/26 01:20:00,wuhe_jiaxian,north,1,14
2019/1/26 01:25:00,wuhe_jiaxian,north,2,8
2019/1/26 01:30:00,wuhe_jiaxian,north,0,15
2019/1/26 01:35:00,wuhe_jiaxian,north,2,10
2019/1/26 01:40:00,wuhe_jiaxian,north,1,11
2019/1/26 01:45:00,wuhe_jiaxian,north,0,7
2019/1/26 01:50:00,wuhe_jiaxian,north,1,12
2019/1/26 01:55:00,wuhe_jiaxian,north,0,7
2019/1/26 02:00:00,wuhe_jiaxian,north,2,5
2019/1/26 02:05:00,wuhe_jiaxian,north,2,8
2019/1/26 02:10:00,wuhe_jiaxian,north,1,7
2019/1/26 02:15:00,wuhe_jiaxian,north,0,4
2019/1/26 02:20:00,wuhe_jiaxian,north,3,4
2019/1/26 02:25:00,wuhe_jiaxian,north,1,12
2019/1/26 02:30:00,wuhe_jiaxian,north,2,12
2019/1/26 02:35:00,wuhe_jiaxian,north,0,8
2019/1/26 02:40:00,wuhe_jiaxian,north,0,14
2019/1/26 02:45:00,wuhe_jiaxian,north,1,2
2019/1/26 02:50:00,wuhe_jiaxian,north,1,4
2019/1/26 02:55:00,wuhe_jiaxian,north,2,5
2019/1/26 03:00:00,wuhe_jiaxian,north,2,3
2019/1/26 03:05:00,wuhe_jiaxian,north,1,2
2019/1/26 03:10:00,wuhe_jiaxian,north,0,5
2019/1/26 03:15:00,wuhe_jiaxian,north,0,3
2019/1/26 03:20:00,wuhe_jiaxian,north,2,4
2019/1/26 03:25:00,wuhe_jiaxian,north,1,1
2019/1/26 03:30:00,wuhe_jiaxian,north,0,3
2019/1/26 03:35:00,wuhe_jiaxian,north,0,4
2019/1/26 03:40:00,wuhe_jiaxian,north,1,0
2019/1/26 03:45:00,wuhe_jiaxian,north,0,5
2019/1/26 03:50:00,wuhe_jiaxian,north,0,2
2019/1/26 03:55:00,wuhe_jiaxian,north,0,3
2019/1/26 04:00:00,wuhe_jiaxian,north,0,4
2019/1/26 04:05:00,wuhe_jiaxian,north,1,2
2019/1/26 04:10:00,wuhe_jiaxian,north,2,4
2019/1/26 04:15:00,wuhe_jiaxian,north,0,5
2019/1/26 04:20:00,wuhe_jiaxian,north,0,1
2019/1/26 04:25:00,wuhe_jiaxian,north,0,6
2019/1/26 04:30:00,wuhe_jiaxian,north,1,5
2019/1/26 04:35:00,wuhe_jiaxian,north,0,2
2019/1/26 04:40:00,wuhe_jiaxian,north,0,1
2019/1/26 04:45:00,wuhe_jiaxian,north,0,2
2019/1/26 04:50:00,wuhe_jiaxian,north,0,2
2019/1/26 04:55:00,wuhe_jiaxian,north,0,3
2019/1/26 05:00:00,wuhe_jiaxian,north,1,1
2019/1/26 05:05:00,wuhe_jiaxian,north,0,4
2019/1/26 05:10:00,wuhe_jiaxian,north,1,3
2019/1/26 05:15:00,wuhe_jiaxian,north,1,3
2019/1/26 05:20:00,wuhe_jiaxian,north,1,3
2019/1/26 05:25:00,wuhe_jiaxian,north,0,3
2019/1/26 05:30:00,wuhe_jiaxian,north,0,5
2019/1/26 05:35:00,wuhe_jiaxian,north,2,6
2019/1/26 05:40:00,wuhe_jiaxian,north,1,2
2019/1/26 05:45:00,wuhe_jiaxian,north,0,5
2019/1/26 05:50:00,wuhe_jiaxian,north,1,3
2019/1/26 05:55:00,wuhe_jiaxian,north,0,9
2019/1/26 06:00:00,wuhe_jiaxian,north,0,3
2019/1/26 06:05:00,wuhe_jiaxian,north,0,5
2019/1/26 06:10:00,wuhe_jiaxian,north,1,6
2019/1/26 06:15:00,wuhe_jiaxian,north,0,4
2019/1/26 06:20:00,wuhe_jiaxian,north,2,6
2019/1/26 06:25:00,wuhe_jiaxian,north,0,5
2019/1/26 06:30:00,wuhe_jiaxian,north,2,9
2019/1/26 06:35:00,wuhe_jiaxian,north,3,12
2019/1/26 06:40:00,wuhe_jiaxian,north,0,13
2019/1/26 06:45:00,wuhe_jiaxian,north,3,20
2019/1/26 06:50:00,wuhe_jiaxian,north,1,10
2019/1/26 06:55:00,wuhe_jiaxian,north,1,11
2019/1/26 07:00:00,wuhe_jiaxian,north,3,12
2019/1/26 07:05:00,wuhe_jiaxian,north,5,9
2019/1/26 07:10:00,wuhe_jiaxian,north,4,17
2019/1/26 07:15:00,wuhe_jiaxian,north,6,8
2019/1/26 07:20:00,wuhe_jiaxian,north,6,18
2019/1/26 07:25:00,wuhe_jiaxian,north,2,28
2019/1/26 07:30:00,wuhe_jiaxian,north,9,30
2019/1/26 07:35:00,wuhe_jiaxian,north,10,50
2019/1/26 07:40:00,wuhe_jiaxian,north,11,32
2019/1/26 07:45:00,wuhe_jiaxian,north,19,58
2019/1/26 07:50:00,wuhe_jiaxian,north,19,55
2019/1/26 07:55:00,wuhe_jiaxian,north,19,76
2019/1/26 08:00:00,wuhe_jiaxian,north,18,70
2019/1/26 08:05:00,wuhe_jiaxian,north,27,95
2019/1/26 08:10:00,wuhe_jiaxian,north,12,70
2019/1/26 08:15:00,wuhe_jiaxian,north,26,118
2019/1/26 08:20:00,wuhe_jiaxian,north,20,90
2019/1/26 08:25:00,wuhe_jiaxian,north,17,90
2019/1/26 08:30:00,wuhe_jiaxian,north,19,73
2019/1/26 08:35:00,wuhe_jiaxian,north,25,81
2019/1/26 08:40:00,wuhe_jiaxian,north,19,61
2019/1/26 08:45:00,wuhe_jiaxian,north,17,59
2019/1/26 08:50:00,wuhe_jiaxian,north,22,56
2019/1/26 08:55:00,wuhe_jiaxian,north,15,61
2019/1/26 09:00:00,wuhe_jiaxian,north,10,44
2019/1/26 09:05:00,wuhe_jiaxian,north,4,43
2019/1/26 09:10:00,wuhe_jiaxian,north,12,37
2019/1/26 09:15:00,wuhe_jiaxian,north,11,32
2019/1/26 09:20:00,wuhe_jiaxian,north,6,42
2019/1/26 09:25:00,wuhe_jiaxian,north,5,41
2019/1/26 09:30:00,wuhe_jiaxian,north,9,42
2019/1/26 09:35:00,wuhe_jiaxian,north,11,29
2019/1/26 09:40:00,wuhe_jiaxian,north,5,36
2019/1/26 09:45:00,wuhe_jiaxian,north,6,42
2019/1/26 09:50:00,wuhe_jiaxian,north,11,46
2019/1/26 09:55:00,wuhe_jiaxian,north,5,42
2019/1/26 10:00:00,wuhe_jiaxian,north,8,37
2019/1/26 10:05:00,wuhe_jiaxian,north,9,50
2019/1/26 10:10:00,wuhe_jiaxian,north,6,35
2019/1/26 10:15:00,wuhe_jiaxian,north,4,28
2019/1/26 10:20:00,wuhe_jiaxian,north,4,38
2019/1/26 10:25:00,wuhe_jiaxian,north,8,50
2019/1/26 10:30:00,wuhe_jiaxian,north,6,34
2019/1/26 10:35:00,wuhe_jiaxian,north,6,32
2019/1/26 10:40:00,wuhe_jiaxian,north,8,39
2019/1/26 10:45:00,wuhe_jiaxian,north,7,20
2019/1/26 10:50:00,wuhe_jiaxian,north,5,36
2019/1/26 10:55:00,wuhe_jiaxian,north,4,49
2019/1/26 11:00:00,wuhe_jiaxian,north,4,40
2019/1/26 11:05:00,wuhe_jiaxian,north,12,41
2019/1/26 11:10:00,wuhe_jiaxian,north,11,50
2019/1/26 11:15:00,wuhe_jiaxian,north,10,40
2019/1/26 11:20:00,wuhe_jiaxian,north,10,28
2019/1/26 11:25:00,wuhe_jiaxian,north,7,33
2019/1/26 11:30:00,wuhe_jiaxian,north,13,46
2019/1/26 11:35:00,wuhe_jiaxian,north,5,43
2019/1/26 11:40:00,wuhe_jiaxian,north,9,33
2019/1/26 11:45:00,wuhe_jiaxian,north,13,55
2019/1/26 11:50:00,wuhe_jiaxian,north,5,36
2019/1/26 11:55:00,wuhe_jiaxian,north,14,24
2019/1/26 12:00:00,wuhe_jiaxian,north,12,47
2019/1/26 12:05:00,wuhe_jiaxian,north,3,51
2019/1/26 12:10:00,wuhe_jiaxian,north,6,19
2019/1/26 12:15:00,wuhe_jiaxian,north,9,33
2019/1/26 12:20:00,wuhe_jiaxian,north,3,43
2019/1/26 12:25:00,wuhe_jiaxian,north,1,32
2019/1/26 12:30:00,wuhe_jiaxian,north,3,34
2019/1/26 12:35:00,wuhe_jiaxian,north,6,51
2019/1/26 12:40:00,wuhe_jiaxian,north,5,29
2019/1/26 12:45:00,wuhe_jiaxian,north,9,43
2019/1/26 12:50:00,wuhe_jiaxian,north,6,37
2019/1/26 12:55:00,wuhe_jiaxian,north,2,32
2019/1/26 13:00:00,wuhe_jiaxian,north,7,36
2019/1/26 13:05:00,wuhe_jiaxian,north,8,32
2019/1/26 13:10:00,wuhe_jiaxian,north,6,15
2019/1/26 13:15:00,wuhe_jiaxian,north,10,41
2019/1/26 13:20:00,wuhe_jiaxian,north,10,43
2019/1/26 13:25:00,wuhe_jiaxian,north,4,32
2019/1/26 13:30:00,wuhe_jiaxian,north,7,37
2019/1/26 13:35:00,wuhe_jiaxian,north,18,44
2019/1/26 13:40:00,wuhe_jiaxian,north,11,29
2019/1/26 13:45:00,wuhe_jiaxian,north,10,35
2019/1/26 13:50:00,wuhe_jiaxian,north,14,50
2019/1/26 13:55:00,wuhe_jiaxian,north,7,29
2019/1/26 14:00:00,wuhe_jiaxian,north,12,52
2019/1/26 14:05:00,wuhe_jiaxian,north,4,58
2019/1/26 14:10:00,wuhe_jiaxian,north,5,56
2019/1/26 14:15:00,wuhe_jiaxian,north,7,37
2019/1/26 14:20:00,wuhe_jiaxian,north,4,38
2019/1/26 14:25:00,wuhe_jiaxian,north,4,55
2019/1/26 14:30:00,wuhe_jiaxian,north,9,47
2019/1/26 14:35:00,wuhe_jiaxian,north,6,41
2019/1/26 14:40:00,wuhe_jiaxian,north,5,36
2019/1/26 14:45:00,wuhe_jiaxian,north,6,57
2019/1/26 14:50:00,wuhe_jiaxian,north,9,36
2019/1/26 14:55:00,wuhe_jiaxian,north,10,36
2019/1/26 15:00:00,wuhe_jiaxian,north,10,68
2019/1/26 15:05:00,wuhe_jiaxian,north,4,57
2019/1/26 15:10:00,wuhe_jiaxian,north,11,79
2019/1/26 15:15:00,wuhe_jiaxian,north,11,65
2019/1/26 15:20:00,wuhe_jiaxian,north,8,97
2019/1/26 15:25:00,wuhe_jiaxian,north,7,76
2019/1/26 15:30:00,wuhe_jiaxian,north,5,130
2019/1/26 15:35:00,wuhe_jiaxian,north,8,128
2019/1/26 15:40:00,wuhe_jiaxian,north,6,112
2019/1/26 15:45:00,wuhe_jiaxian,north,8,92
2019/1/26 15:50:00,wuhe_jiaxian,north,8,134
2019/1/26 15:55:00,wuhe_jiaxian,north,6,141
2019/1/26 16:00:00,wuhe_jiaxian,north,9,98
2019/1/26 16:05:00,wuhe_jiaxian,north,11,78
2019/1/26 16:10:00,wuhe_jiaxian,north,8,103
2019/1/26 16:15:00,wuhe_jiaxian,north,4,93
2019/1/26 16:20:00,wuhe_jiaxian,north,14,63
2019/1/26 16:25:00,wuhe_jiaxian,north,7,54
2019/1/26 16:30:00,wuhe_jiaxian,north,5,51
2019/1/26 16:35:00,wuhe_jiaxian,north,6,48
2019/1/26 16:40:00,wuhe_jiaxian,north,4,45
2019/1/26 16:45:00,wuhe_jiaxian,north,9,46
2019/1/26 16:50:00,wuhe_jiaxian,north,12,43
2019/1/26 16:55:00,wuhe_jiaxian,north,9,29
2019/1/26 17:00:00,wuhe_jiaxian,north,9,51
2019/1/26 17:05:00,wuhe_jiaxian,north,13,40
2019/1/26 17:10:00,wuhe_jiaxian,north,7,45
2019/1/26 17:15:00,wuhe_jiaxian,north,7,52
2019/1/26 17:20:00,wuhe_jiaxian,north,7,55
2019/1/26 17:25:00,wuhe_jiaxian,north,9,42
2019/1/26 17:30:00,wuhe_jiaxian,north,14,60
2019/1/26 17:35:00,wuhe_jiaxian,north,6,61
2019/1/26 17:40:00,wuhe_jiaxian,north,12,37
2019/1/26 17:45:00,wuhe_jiaxian,north,10,61
2019/1/26 17:50:00,wuhe_jiaxian,north,13,80
2019/1/26 17:55:00,wuhe_jiaxian,north,14,70
2019/1/26 18:00:00,wuhe_jiaxian,north,14,75
2019/1/26 18:05:00,wuhe_jiaxian,north,29,91
2019/1/26 18:10:00,wuhe_jiaxian,north,15,63
2019/1/26 18:15:00,wuhe_jiaxian,north,21,53
2019/1/26 18:20:00,wuhe_jiaxian,north,12,56
2019/1/26 18:25:00,wuhe_jiaxian,north,13,43
2019/1/26 18:30:00,wuhe_jiaxian,north,14,84
2019/1/26 18:35:00,wuhe_jiaxian,north,32,50
2019/1/26 18:40:00,wuhe_jiaxian,north,21,51
2019/1/26 18:45:00,wuhe_jiaxian,north,18,44
2019/1/26 18:50:00,wuhe_jiaxian,north,17,67
2019/1/26 18:55:00,wuhe_jiaxian,north,9,66
2019/1/26 19:00:00,wuhe_jiaxian,north,21,61
2019/1/26 19:05:00,wuhe_jiaxian,north,10,60
2019/1/26 19:10:00,wuhe_jiaxian,north,11,53
2019/1/26 19:15:00,wuhe_jiaxian,north,9,56
2019/1/26 19:20:00,wuhe_jiaxian,north,7,46
2019/1/26 19:25:00,wuhe_jiaxian,north,9,44
2019/1/26 19:30:00,wuhe_jiaxian,north,7,36
2019/1/26 19:35:00,wuhe_jiaxian,north,9,41
2019/1/26 19:40:00,wuhe_jiaxian,north,9,38
2019/1/26 19:45:00,wuhe_jiaxian,north,10,45
2019/1/26 19:50:00,wuhe_jiaxian,north,8,45
2019/1/26 19:55:00,wuhe_jiaxian,north,8,47
2019/1/26 20:00:00,wuhe_jiaxian,north,9,33
2019/1/26 20:05:00,wuhe_jiaxian,north,10,36
2019/1/26 20:10:00,wuhe_jiaxian,north,6,31
2019/1/26 20:15:00,wuhe_jiaxian,north,9,36
2019/1/26 20:20:00,wuhe_jiaxian,north,8,38
2019/1/26 20:25:00,wuhe_jiaxian,north,5,23
2019/1/26 20:30:00,wuhe_jiaxian,north,13,40
2019/1/26 20:35:00,wuhe_jiaxian,north,6,37
2019/1/26 20:40:00,wuhe_jiaxian,north,6,34
2019/1/26 20:45:00,wuhe_jiaxian,north,2,45
2019/1/26 20:50:00,wuhe_jiaxian,north,14,34
2019/1/26 20:55:00,wuhe_jiaxian,north,7,44
2019/1/26 21:00:00,wuhe_jiaxian,north,4,39
2019/1/26 21:05:00,wuhe_jiaxian,north,4,34
2019/1/26 21:10:00,wuhe_jiaxian,north,11,60
2019/1/26 21:15:00,wuhe_jiaxian,north,7,34
2019/1/26 21:20:00,wuhe_jiaxian,north,8,41
2019/1/26 21:25:00,wuhe_jiaxian,north,8,54
2019/1/26 21:30:00,wuhe_jiaxian,north,12,39
2019/1/26 21:35:00,wuhe_jiaxian,north,8,28
2019/1/26 21:40:00,wuhe_jiaxian,north,4,37
2019/1/26 21:45:00,wuhe_jiaxian,north,7,32
2019/1/26 21:50:00,wuhe_jiaxian,north,6,42
2019/1/26 21:55:00,wuhe_jiaxian,north,14,27
2019/1/26 22:00:00,wuhe_jiaxian,north,5,21
2019/1/26 22:05:00,wuhe_jiaxian,north,10,29
2019/1/26 22:10:00,wuhe_jiaxian,north,8,40
2019/1/26 22:15:00,wuhe_jiaxian,north,8,38
2019/1/26 22:20:00,wuhe_jiaxian,north,3,28
2019/1/26 22:25:00,wuhe_jiaxian,north,8,43
2019/1/26 22:30:00,wuhe_jiaxian,north,7,36
2019/1/26 22:35:00,wuhe_jiaxian,north,4,28
2019/1/26 22:40:00,wuhe_jiaxian,north,10,44
2019/1/26 22:45:00,wuhe_jiaxian,north,6,38
2019/1/26 22:50:00,wuhe_jiaxian,north,2,8
2019/1/26 22:55:00,wuhe_jiaxian,north,1,28
2019/1/26 23:00:00,wuhe_jiaxian,north,3,29
2019/1/26 23:05:00,wuhe_jiaxian,north,2,29
2019/1/26 23:10:00,wuhe_jiaxian,north,0,23
2019/1/26 23:15:00,wuhe_jiaxian,north,5,28
2019/1/26 23:20:00,wuhe_jiaxian,north,8,25
2019/1/26 23:25:00,wuhe_jiaxian,north,0,18
2019/1/26 23:30:00,wuhe_jiaxian,north,3,21
2019/1/26 23:35:00,wuhe_jiaxian,north,1,19
2019/1/26 23:40:00,wuhe_jiaxian,north,4,21
2019/1/26 23:45:00,wuhe_jiaxian,north,4,16
2019/1/26 23:50:00,wuhe_jiaxian,north,3,21
2019/1/26 23:55:00,wuhe_jiaxian,north,2,18
