2019/1/26 00:00:00,wuhe_longping,north,0,24
2019/1/26 00:05:00,wuhe_longping,north,0,20
2019/1/26 00:10:00,wuhe_longping,north,4,26
2019/1/26 00:15:00,wuhe_longping,north,4,24
2019/1/26 00:20:00,wuhe_longping,north,2,17
2019/1/26 00:25:00,wuhe_longping,north,1,24
2019/1/26 00:30:00,wuhe_longping,north,1,29
2019/1/26 00:35:00,wuhe_longping,north,0,18
2019/1/26 00:40:00,wuhe_longping,north,0,15
2019/1/26 00:45:00,wuhe_longping,north,1,11
2019/1/26 00:50:00,wuhe_longping,north,1,18
2019/1/26 00:55:00,wuhe_longping,north,2,12
2019/1/26 01:00:00,wuhe_longping,north,1,21
2019/1/26 01:05:00,wuhe_longping,north,1,12
2019/1/26 01:10:00,wuhe_longping,north,2,10
2019/1/26 01:15:00,wuhe_longping,north,1,8
2019/1/26 01:20:00,wuhe_longping,north,2,10
2019/1/26 01:25:00,wuhe_longping,north,0,14
2019/1/26 01:30:00,wuhe_longping,north,0,17
2019/1/26 01:35:00,wuhe_longping,north,0,15
2019/1/26 01:40:00,wuhe_longping,north,1,11
2019/1/26 01:45:00,wuhe_longping,north,0,8
2019/1/26 01:50:00,wuhe_longping,north,1,8
2019/1/26 01:55:00,wuhe_longping,north,0,7
2019/1/26 02:00:00,wuhe_longping,north,0,9
2019/1/26 02:05:00,wuhe_longping,north,0,12
2019/1/26 02:10:00,wuhe_longping,north,1,6
2019/1/26 02:15:00,wuhe_longping,north,1,5
2019/1/26 02:20:00,wuhe_longping,north,0,5
2019/1/26 02:25:00,wuhe_longping,north,0,8
2019/1/26 02:30:00,wuhe_longping,north,0,11
2019/1/26 02:35:00,wuhe_longping,north,0,9
2019/1/26 02:40:00,wuhe_longping,north,0,9
2019/1/26 02:45:00,wuhe_longping,north,1,5
2019/1/26 02:50:00,wuhe_longping,north,0,5
2019/1/26 02:55:00,wuhe_longping,north,1,7
2019/1/26 03:00:00,wuhe_longping,north,0,2
2019/1/26 03:05:00,wuhe_longping,north,1,2
2019/1/26 03:10:00,wuhe_longping,north,0,5
2019/1/26 03:15:00,wuhe_longping,north,0,5
2019/1/26 03:20:00,wuhe_longping,north,1,1
2019/1/26 03:25:00,wuhe_longping,north,0,3
2019/1/26 03:30:00,wuhe_longping,north,0,6
2019/1/26 03:35:00,wuhe_longping,north,0,1
2019/1/26 03:40:00,wuhe_longping,north,0,3
2019/1/26 03:45:00,wuhe_longping,north,0,4
2019/1/26 03:50:00,wuhe_longping,north,0,5
2019/1/26 03:55:00,wuhe_longping,north,0,2
2019/1/26 04:00:00,wuhe_longping,north,0,5
2019/1/26 04:05:00,wuhe_longping,north,0,4
2019/1/26 04:10:00,wuhe_longping,north,0,3
2019/1/26 04:15:00,wuhe_longping,north,0,5
2019/1/26 04:20:00,wuhe_longping,north,0,3
2019/1/26 04:25:00,wuhe_longping,north,0,4
2019/1/26 04:30:00,wuhe_longping,north,0,2
2019/1/26 04:35:00,wuhe_longping,north,0,5
2019/1/26 04:40:00,wuhe_longping,north,0,3
2019/1/26 04:45:00,wuhe_longping,north,0,2
2019/1/26 04:50:00,wuhe_longping,north,0,3
2019/1/26 04:55:00,wuhe_longping,north,0,3
2019/1/26 05:00:00,wuhe_longping,north,0,1
2019/1/26 05:05:00,wuhe_longping,north,0,2
2019/1/26 05:10:00,wuhe_longping,north,1,5
2019/1/26 05:15:00,wuhe_longping,north,0,1
2019/1/26 05:20:00,wuhe_longping,north,1,4
2019/1/26 05:25:00,wuhe_longping,north,1,4
2019/1/26 05:30:00,wuhe_longping,north,1,10
2019/1/26 05:35:00,wuhe_longping,north,0,3
2019/1/26 05:40:00,wuhe_longping,north,0,7
2019/1/26 05:45:00,wuhe_longping,north,0,6
2019/1/26 05:50:00,wuhe_longping,north,0,4
2019/1/26 05:55:00,wuhe_longping,north,0,7
2019/1/26 06:00:00,wuhe_longping,north,0,2
2019/1/26 06:05:00,wuhe_longping,north,1,8
2019/1/26 06:10:00,wuhe_longping,north,0,4
2019/1/26 06:15:00,wuhe_longping,north,1,2
2019/1/26 06:20:00,wuhe_longping,north,1,7
2019/1/26 06:25:00,wuhe_longping,north,0,5
2019/1/26 06:30:00,wuhe_longping,north,0,7
2019/1/26 06:35:00,wuhe_longping,north,0,7
2019/1/26 06:40:00,wuhe_longping,north,0,15
2019/1/26 06:45:00,wuhe_longping,north,2,21
2019/1/26 06:50:00,wuhe_longping,north,0,12
2019/1/26 06:55:00,wuhe_longping,north,1,15
2019/1/26 07:00:00,wuhe_longping,north,5,15
2019/1/26 07:05:00,wuhe_longping,north,0,19
2019/1/26 07:10:00,wuhe_longping,north,0,17
2019/1/26 07:15:00,wuhe_longping,north,3,19
2019/1/26 07:20:00,wuhe_longping,north,1,24
2019/1/26 07:25:00,wuhe_longping,north,5,28
2019/1/26 07:30:00,wuhe_longping,north,5,30
2019/1/26 07:35:00,wuhe_longping,north,8,39
2019/1/26 07:40:00,wuhe_longping,north,4,39
2019/1/26 07:45:00,wuhe_longping,north,16,38
2019/1/26 07:50:00,wuhe_longping,north,14,56
2019/1/26 07:55:00,wuhe_longping,north,19,59
2019/1/26 08:00:00,wuhe_longping,north,30,68
2019/1/26 08:05:00,wuhe_longping,north,21,83
2019/1/26 08:10:00,wuhe_longping,north,24,65
2019/1/26 08:15:00,wuhe_longping,north,27,71
2019/1/26 08:20:00,wuhe_longping,north,25,80
2019/1/26 08:25:00,wuhe_longping,north,23,80
2019/1/26 08:30:00,wuhe_longping,north,25,79
2019/1/26 08:35:00,wuhe_longping,north,22,88
2019/1/26 08:40:00,wuhe_longping,north,21,74
2019/1/26 08:45:00,wuhe_longping,north,26,73
2019/1/26 08:50:00,wuhe_longping,north,23,68
2019/1/26 08:55:00,wuhe_longping,north,14,68
2019/1/26 09:00:00,wuhe_longping,north,16,78
2019/1/26 09:05:00,wuhe_longping,north,12,48
2019/1/26 09:10:00,wuhe_longping,north,8,57
2019/1/26 09:15:00,wuhe_longping,north,9,64
2019/1/26 09:20:00,wuhe_longping,north,8,56
2019/1/26 09:25:00,wuhe_longping,north,7,58
2019/1/26 09:30:00,wuhe_longping,north,6,59
2019/1/26 09:35:00,wuhe_longping,north,8,46
2019/1/26 09:40:00,wuhe_longping,north,6,44
2019/1/26 09:45:00,wuhe_longping,north,11,59
2019/1/26 09:50:00,wuhe_longping,north,11,59
2019/1/26 09:55:00,wuhe_longping,north,11,51
2019/1/26 10:00:00,wuhe_longping,north,11,54
2019/1/26 10:05:00,wuhe_longping,north,16,48
2019/1/26 10:10:00,wuhe_longping,north,14,39
2019/1/26 10:15:00,wuhe_longping,north,10,44
2019/1/26 10:20:00,wuhe_longping,north,15,57
2019/1/26 10:25:00,wuhe_longping,north,9,53
2019/1/26 10:30:00,wuhe_longping,north,14,39
2019/1/26 10:35:00,wuhe_longping,north,6,39
2019/1/26 10:40:00,wuhe_longping,north,12,41
2019/1/26 10:45:00,wuhe_longping,north,9,27
2019/1/26 10:50:00,wuhe_longping,north,13,48
2019/1/26 10:55:00,wuhe_longping,north,11,59
2019/1/26 11:00:00,wuhe_longping,north,8,46
2019/1/26 11:05:00,wuhe_longping,north,13,63
2019/1/26 11:10:00,wuhe_longping,north,10,63
2019/1/26 11:15:00,wuhe_longping,north,14,40
2019/1/26 11:20:00,wuhe_longping,north,9,36
2019/1/26 11:25:00,wuhe_longping,north,15,48
2019/1/26 11:30:00,wuhe_longping,north,14,43
2019/1/26 11:35:00,wuhe_longping,north,15,47
2019/1/26 11:40:00,wuhe_longping,north,13,59
2019/1/26 11:45:00,wuhe_longping,north,9,72
2019/1/26 11:50:00,wuhe_longping,north,20,50
2019/1/26 11:55:00,wuhe_longping,north,17,52
2019/1/26 12:00:00,wuhe_longping,north,18,65
2019/1/26 12:05:00,wuhe_longping,north,15,79
2019/1/26 12:10:00,wuhe_longping,north,18,44
2019/1/26 12:15:00,wuhe_longping,north,10,32
2019/1/26 12:20:00,wuhe_longping,north,17,44
2019/1/26 12:25:00,wuhe_longping,north,11,54
2019/1/26 12:30:00,wuhe_longping,north,11,56
2019/1/26 12:35:00,wuhe_longping,north,16,52
2019/1/26 12:40:00,wuhe_longping,north,10,56
2019/1/26 12:45:00,wuhe_longping,north,11,48
2019/1/26 12:50:00,wuhe_longping,north,8,41
2019/1/26 12:55:00,wuhe_longping,north,10,46
2019/1/26 13:00:00,wuhe_longping,north,16,37
2019/1/26 13:05:00,wuhe_longping,north,12,31
2019/1/26 13:10:00,wuhe_longping,north,6,36
2019/1/26 13:15:00,wuhe_longping,north,8,50
2019/1/26 13:20:00,wuhe_longping,north,18,46
2019/1/26 13:25:00,wuhe_longping,north,13,42
2019/1/26 13:30:00,wuhe_longping,north,14,46
2019/1/26 13:35:00,wuhe_longping,north,12,53
2019/1/26 13:40:00,wuhe_longping,north,14,36
2019/1/26 13:45:00,wuhe_longping,north,5,46
2019/1/26 13:50:00,wuhe_longping,north,10,53
2019/1/26 13:55:00,wuhe_longping,north,16,58
2019/1/26 14:00:00,wuhe_longping,north,19,58
2019/1/26 14:05:00,wuhe_longping,north,13,70
2019/1/26 14:10:00,wuhe_longping,north,17,48
2019/1/26 14:15:00,wuhe_longping,north,17,50
2019/1/26 14:20:00,wuhe_longping,north,10,56
2019/1/26 14:25:00,wuhe_longping,north,22,61
2019/1/26 14:30:00,wuhe_longping,north,12,46
2019/1/26 14:35:00,wuhe_longping,north,12,60
2019/1/26 14:40:00,wuhe_longping,north,8,42
2019/1/26 14:45:00,wuhe_longping,north,12,59
2019/1/26 14:50:00,wuhe_longping,north,10,44
2019/1/26 14:55:00,wuhe_longping,north,11,51
2019/1/26 15:00:00,wuhe_longping,north,8,54
2019/1/26 15:05:00,wuhe_longping,north,12,76
2019/1/26 15:10:00,wuhe_longping,north,20,93
2019/1/26 15:15:00,wuhe_longping,north,14,74
2019/1/26 15:20:00,wuhe_longping,north,10,71
2019/1/26 15:25:00,wuhe_longping,north,9,117
2019/1/26 15:30:00,wuhe_longping,north,7,134
2019/1/26 15:35:00,wuhe_longping,north,22,109
2019/1/26 15:40:00,wuhe_longping,north,10,125
2019/1/26 15:45:00,wuhe_longping,north,17,113
2019/1/26 15:50:00,wuhe_longping,north,11,123
2019/1/26 15:55:00,wuhe_longping,north,14,141
2019/1/26 16:00:00,wuhe_longping,north,13,110
2019/1/26 16:05:00,wuhe_longping,north,18,90
2019/1/26 16:10:00,wuhe_longping,north,8,122
2019/1/26 16:15:00,wuhe_longping,north,15,98
2019/1/26 16:20:00,wuhe_longping,north,11,80
2019/1/26 16:25:00,wuhe_longping,north,12,77
2019/1/26 16:30:00,wuhe_longping,north,11,52
2019/1/26 16:35:00,wuhe_longping,north,14,57
2019/1/26 16:40:00,wuhe_longping,north,12,56
2019/1/26 16:45:00,wuhe_longping,north,25,46
2019/1/26 16:50:00,wuhe_longping,north,14,56
2019/1/26 16:55:00,wuhe_longping,north,15,42
2019/1/26 17:00:00,wuhe_longping,north,9,63
2019/1/26 17:05:00,wuhe_longping,north,13,37
2019/1/26 17:10:00,wuhe_longping,north,12,74
2019/1/26 17:15:00,wuhe_longping,north,11,52
2019/1/26 17:20:00,wuhe_longping,north,18,58
2019/1/26 17:25:00,wuhe_longping,north,14,66
2019/1/26 17:30:00,wuhe_longping,north,27,67
2019/1/26 17:35:00,wuhe_longping,north,15,97
2019/1/26 17:40:00,wuhe_longping,north,28,84
2019/1/26 17:45:00,wuhe_longping,north,15,106
2019/1/26 17:50:00,wuhe_longping,north,19,94
2019/1/26 17:55:00,wuhe_longping,north,25,140
2019/1/26 18:00:00,wuhe_longping,north,19,111
2019/1/26 18:05:00,wuhe_longping,north,24,112
2019/1/26 18:10:00,wuhe_longping,north,19,128
2019/1/26 18:15:00,wuhe_longping,north,27,92
2019/1/26 18:20:00,wuhe_longping,north,13,111
2019/1/26 18:25:00,wuhe_longping,north,19,79
2019/1/26 18:30:00,wuhe_longping,north,18,152
2019/1/26 18:35:00,wuhe_longping,north,16,101
2019/1/26 18:40:00,wuhe_longping,north,22,125
2019/1/26 18:45:00,wuhe_longping,north,21,145
2019/1/26 18:50:00,wuhe_longping,north,22,112
2019/1/26 18:55:00,wuhe_longping,north,17,132
2019/1/26 19:00:00,wuhe_longping,north,23,99
2019/1/26 19:05:00,wuhe_longping,north,14,118
2019/1/26 19:10:00,wuhe_longping,north,14,89
2019/1/26 19:15:00,wuhe_longping,north,4,92
2019/1/26 19:20:00,wuhe_longping,north,15,71
2019/1/26 19:25:00,wuhe_longping,north,8,56
2019/1/26 19:30:00,wuhe_longping,north,8,59
2019/1/26 19:35:00,wuhe_longping,north,9,52
2019/1/26 19:40:00,wuhe_longping,north,5,43
2019/1/26 19:45:00,wuhe_longping,north,6,57
2019/1/26 19:50:00,wuhe_longping,north,5,63
2019/1/26 19:55:00,wuhe_longping,north,6,59
2019/1/26 20:00:00,wuhe_longping,north,5,46
2019/1/26 20:05:00,wuhe_longping,north,9,36
2019/1/26 20:10:00,wuhe_longping,north,4,42
2019/1/26 20:15:00,wuhe_longping,north,3,49
2019/1/26 20:20:00,wuhe_longping,north,8,37
2019/1/26 20:25:00,wuhe_longping,north,5,38
2019/1/26 20:30:00,wuhe_longping,north,8,44
2019/1/26 20:35:00,wuhe_longping,north,4,46
2019/1/26 20:40:00,wuhe_longping,north,10,53
2019/1/26 20:45:00,wuhe_longping,north,15,66
2019/1/26 20:50:00,wuhe_longping,north,2,56
2019/1/26 20:55:00,wuhe_longping,north,8,65
2019/1/26 21:00:00,wuhe_longping,north,5,62
2019/1/26 21:05:00,wuhe_longping,north,4,52
2019/1/26 21:10:00,wuhe_longping,north,7,55
2019/1/26 21:15:00,wuhe_longping,north,13,76
2019/1/26 21:20:00,wuhe_longping,north,13,66
2019/1/26 21:25:00,wuhe_longping,north,12,61
2019/1/26 21:30:00,wuhe_longping,north,10,62
2019/1/26 21:35:00,wuhe_longping,north,9,47
2019/1/26 21:40:00,wuhe_longping,north,5,53
2019/1/26 21:45:00,wuhe_longping,north,4,42
2019/1/26 21:50:00,wuhe_longping,north,7,47
2019/1/26 21:55:00,wuhe_longping,north,4,33
2019/1/26 22:00:00,wuhe_longping,north,5,52
2019/1/26 22:05:00,wuhe_longping,north,2,36
2019/1/26 22:10:00,wuhe_longping,north,9,49
2019/1/26 22:15:00,wuhe_longping,north,3,47
2019/1/26 22:20:00,wuhe_longping,north,3,39
2019/1/26 22:25:00,wuhe_longping,north,5,39
2019/1/26 22:30:00,wuhe_longping,north,6,50
2019/1/26 22:35:00,wuhe_longping,north,4,30
2019/1/26 22:40:00,wuhe_longping,north,4,50
2019/1/26 22:45:00,wuhe_longping,north,3,45
2019/1/26 22:50:00,wuhe_longping,north,2,26
2019/1/26 22:55:00,wuhe_longping,north,4,34
2019/1/26 23:00:00,wuhe_longping,north,7,31
2019/1/26 23:05:00,wuhe_longping,north,6,30
2019/1/26 23:10:00,wuhe_longping,north,4,38
2019/1/26 23:15:00,wuhe_longping,north,8,33
2019/1/26 23:20:00,wuhe_longping,north,6,43
2019/1/26 23:25:00,wuhe_longping,north,0,27
2019/1/26 23:30:00,wuhe_longping,north,1,26
2019/1/26 23:35:00,wuhe_longping,north,2,17
2019/1/26 23:40:00,wuhe_longping,north,0,37
2019/1/26 23:45:00,wuhe_longping,north,3,27
2019/1/26 23:50:00,wuhe_longping,north,1,25
2019/1/26 23:55:00,wuhe_longping,north,2,16
