2019/1/25 00:00:00,chongzhi_beier,west,9,32
2019/1/25 00:05:00,chongzhi_beier,west,9,31
2019/1/25 00:10:00,chongzhi_beier,west,6,26
2019/1/25 00:15:00,chongzhi_beier,west,10,30
2019/1/25 00:20:00,chongzhi_beier,west,11,21
2019/1/25 00:25:00,chongzhi_beier,west,9,14
2019/1/25 00:30:00,chongzhi_beier,west,7,16
2019/1/25 00:35:00,chongzhi_beier,west,7,29
2019/1/25 00:40:00,chongzhi_beier,west,8,19
2019/1/25 00:45:00,chongzhi_beier,west,5,17
2019/1/25 00:50:00,chongzhi_beier,west,6,20
2019/1/25 00:55:00,chongzhi_beier,west,1,23
2019/1/25 01:00:00,chongzhi_beier,west,9,14
2019/1/25 01:05:00,chongzhi_beier,west,5,14
2019/1/25 01:10:00,chongzhi_beier,west,9,16
2019/1/25 01:15:00,chongzhi_beier,west,3,9
2019/1/25 01:20:00,chongzhi_beier,west,5,13
2019/1/25 01:25:00,chongzhi_beier,west,8,11
2019/1/25 01:30:00,chongzhi_beier,west,8,11
2019/1/25 01:35:00,chongzhi_beier,west,4,7
2019/1/25 01:40:00,chongzhi_beier,west,5,12
2019/1/25 01:45:00,chongzhi_beier,west,0,11
2019/1/25 01:50:00,chongzhi_beier,west,3,9
2019/1/25 01:55:00,chongzhi_beier,west,1,2
2019/1/25 02:00:00,chongzhi_beier,west,1,7
2019/1/25 02:05:00,chongzhi_beier,west,4,13
2019/1/25 02:10:00,chongzhi_beier,west,7,11
2019/1/25 02:15:00,chongzhi_beier,west,5,5
2019/1/25 02:20:00,chongzhi_beier,west,2,6
2019/1/25 02:25:00,chongzhi_beier,west,3,10
2019/1/25 02:30:00,chongzhi_beier,west,2,5
2019/1/25 02:35:00,chongzhi_beier,west,3,8
2019/1/25 02:40:00,chongzhi_beier,west,2,5
2019/1/25 02:45:00,chongzhi_beier,west,2,6
2019/1/25 02:50:00,chongzhi_beier,west,8,7
2019/1/25 02:55:00,chongzhi_beier,west,5,12
2019/1/25 03:00:00,chongzhi_beier,west,4,7
2019/1/25 03:05:00,chongzhi_beier,west,1,7
2019/1/25 03:10:00,chongzhi_beier,west,0,5
2019/1/25 03:15:00,chongzhi_beier,west,0,2
2019/1/25 03:20:00,chongzhi_beier,west,5,8
2019/1/25 03:25:00,chongzhi_beier,west,4,3
2019/1/25 03:30:00,chongzhi_beier,west,0,5
2019/1/25 03:35:00,chongzhi_beier,west,4,2
2019/1/25 03:40:00,chongzhi_beier,west,2,4
2019/1/25 03:45:00,chongzhi_beier,west,2,4
2019/1/25 03:50:00,chongzhi_beier,west,3,4
2019/1/25 03:55:00,chongzhi_beier,west,3,3
2019/1/25 04:00:00,chongzhi_beier,west,8,2
2019/1/25 04:05:00,chongzhi_beier,west,5,5
2019/1/25 04:10:00,chongzhi_beier,west,2,4
2019/1/25 04:15:00,chongzhi_beier,west,1,7
2019/1/25 04:20:00,chongzhi_beier,west,2,5
2019/1/25 04:25:00,chongzhi_beier,west,0,6
2019/1/25 04:30:00,chongzhi_beier,west,1,4
2019/1/25 04:35:00,chongzhi_beier,west,3,6
2019/1/25 04:40:00,chongzhi_beier,west,1,2
2019/1/25 04:45:00,chongzhi_beier,west,2,6
2019/1/25 04:50:00,chongzhi_beier,west,4,5
2019/1/25 04:55:00,chongzhi_beier,west,1,7
2019/1/25 05:00:00,chongzhi_beier,west,0,6
2019/1/25 05:05:00,chongzhi_beier,west,1,4
2019/1/25 05:10:00,chongzhi_beier,west,1,5
2019/1/25 05:15:00,chongzhi_beier,west,1,1
2019/1/25 05:20:00,chongzhi_beier,west,0,5
2019/1/25 05:25:00,chongzhi_beier,west,2,6
2019/1/25 05:30:00,chongzhi_beier,west,4,3
2019/1/25 05:35:00,chongzhi_beier,west,0,6
2019/1/25 05:40:00,chongzhi_beier,west,4,5
2019/1/25 05:45:00,chongzhi_beier,west,3,10
2019/1/25 05:50:00,chongzhi_beier,west,0,5
2019/1/25 05:55:00,chongzhi_beier,west,2,5
2019/1/25 06:00:00,chongzhi_beier,west,0,7
2019/1/25 06:05:00,chongzhi_beier,west,0,4
2019/1/25 06:10:00,chongzhi_beier,west,0,10
2019/1/25 06:15:00,chongzhi_beier,west,1,15
2019/1/25 06:20:00,chongzhi_beier,west,0,4
2019/1/25 06:25:00,chongzhi_beier,west,0,9
2019/1/25 06:30:00,chongzhi_beier,west,6,16
2019/1/25 06:35:00,chongzhi_beier,west,2,8
2019/1/25 06:40:00,chongzhi_beier,west,4,18
2019/1/25 06:45:00,chongzhi_beier,west,0,8
2019/1/25 06:50:00,chongzhi_beier,west,8,19
2019/1/25 06:55:00,chongzhi_beier,west,4,17
2019/1/25 07:00:00,chongzhi_beier,west,1,15
2019/1/25 07:05:00,chongzhi_beier,west,8,12
2019/1/25 07:10:00,chongzhi_beier,west,1,17
2019/1/25 07:15:00,chongzhi_beier,west,1,11
2019/1/25 07:20:00,chongzhi_beier,west,10,26
2019/1/25 07:25:00,chongzhi_beier,west,3,17
2019/1/25 07:30:00,chongzhi_beier,west,12,21
2019/1/25 07:35:00,chongzhi_beier,west,13,30
2019/1/25 07:40:00,chongzhi_beier,west,10,26
2019/1/25 07:45:00,chongzhi_beier,west,21,23
2019/1/25 07:50:00,chongzhi_beier,west,24,37
2019/1/25 07:55:00,chongzhi_beier,west,29,28
2019/1/25 08:00:00,chongzhi_beier,west,42,23
2019/1/25 08:05:00,chongzhi_beier,west,33,24
2019/1/25 08:10:00,chongzhi_beier,west,38,44
2019/1/25 08:15:00,chongzhi_beier,west,48,42
2019/1/25 08:20:00,chongzhi_beier,west,43,35
2019/1/25 08:25:00,chongzhi_beier,west,45,49
2019/1/25 08:30:00,chongzhi_beier,west,42,41
2019/1/25 08:35:00,chongzhi_beier,west,32,38
2019/1/25 08:40:00,chongzhi_beier,west,32,49
2019/1/25 08:45:00,chongzhi_beier,west,47,37
2019/1/25 08:50:00,chongzhi_beier,west,37,54
2019/1/25 08:55:00,chongzhi_beier,west,36,48
2019/1/25 09:00:00,chongzhi_beier,west,17,35
2019/1/25 09:05:00,chongzhi_beier,west,16,51
2019/1/25 09:10:00,chongzhi_beier,west,31,50
2019/1/25 09:15:00,chongzhi_beier,west,27,45
2019/1/25 09:20:00,chongzhi_beier,west,21,47
2019/1/25 09:25:00,chongzhi_beier,west,21,48
2019/1/25 09:30:00,chongzhi_beier,west,15,23
2019/1/25 09:35:00,chongzhi_beier,west,17,36
2019/1/25 09:40:00,chongzhi_beier,west,15,50
2019/1/25 09:45:00,chongzhi_beier,west,15,53
2019/1/25 09:50:00,chongzhi_beier,west,21,40
2019/1/25 09:55:00,chongzhi_beier,west,13,28
2019/1/25 10:00:00,chongzhi_beier,west,16,47
2019/1/25 10:05:00,chongzhi_beier,west,17,33
2019/1/25 10:10:00,chongzhi_beier,west,8,48
2019/1/25 10:15:00,chongzhi_beier,west,5,40
2019/1/25 10:20:00,chongzhi_beier,west,12,33
2019/1/25 10:25:00,chongzhi_beier,west,8,31
2019/1/25 10:30:00,chongzhi_beier,west,15,35
2019/1/25 10:35:00,chongzhi_beier,west,11,42
2019/1/25 10:40:00,chongzhi_beier,west,9,40
2019/1/25 10:45:00,chongzhi_beier,west,7,56
2019/1/25 10:50:00,chongzhi_beier,west,6,38
2019/1/25 10:55:00,chongzhi_beier,west,9,47
2019/1/25 11:00:00,chongzhi_beier,west,20,49
2019/1/25 11:05:00,chongzhi_beier,west,8,39
2019/1/25 11:10:00,chongzhi_beier,west,10,33
2019/1/25 11:15:00,chongzhi_beier,west,8,29
2019/1/25 11:20:00,chongzhi_beier,west,14,38
2019/1/25 11:25:00,chongzhi_beier,west,17,57
2019/1/25 11:30:00,chongzhi_beier,west,7,37
2019/1/25 11:35:00,chongzhi_beier,west,12,40
2019/1/25 11:40:00,chongzhi_beier,west,12,36
2019/1/25 11:45:00,chongzhi_beier,west,8,36
2019/1/25 11:50:00,chongzhi_beier,west,18,41
2019/1/25 11:55:00,chongzhi_beier,west,12,41
2019/1/25 12:00:00,chongzhi_beier,west,5,50
2019/1/25 12:05:00,chongzhi_beier,west,9,38
2019/1/25 12:10:00,chongzhi_beier,west,12,59
2019/1/25 12:15:00,chongzhi_beier,west,7,38
2019/1/25 12:20:00,chongzhi_beier,west,12,32
2019/1/25 12:25:00,chongzhi_beier,west,10,39
2019/1/25 12:30:00,chongzhi_beier,west,7,31
2019/1/25 12:35:00,chongzhi_beier,west,12,61
2019/1/25 12:40:00,chongzhi_beier,west,10,26
2019/1/25 12:45:00,chongzhi_beier,west,9,45
2019/1/25 12:50:00,chongzhi_beier,west,15,33
2019/1/25 12:55:00,chongzhi_beier,west,10,33
2019/1/25 13:00:00,chongzhi_beier,west,12,43
2019/1/25 13:05:00,chongzhi_beier,west,7,36
2019/1/25 13:10:00,chongzhi_beier,west,14,28
2019/1/25 13:15:00,chongzhi_beier,west,6,27
2019/1/25 13:20:00,chongzhi_beier,west,21,62
2019/1/25 13:25:00,chongzhi_beier,west,21,48
2019/1/25 13:30:00,chongzhi_beier,west,7,34
2019/1/25 13:35:00,chongzhi_beier,west,8,39
2019/1/25 13:40:00,chongzhi_beier,west,16,53
2019/1/25 13:45:00,chongzhi_beier,west,18,47
2019/1/25 13:50:00,chongzhi_beier,west,10,42
2019/1/25 13:55:00,chongzhi_beier,west,12,35
2019/1/25 14:00:00,chongzhi_beier,west,10,43
2019/1/25 14:05:00,chongzhi_beier,west,9,50
2019/1/25 14:10:00,chongzhi_beier,west,20,51
2019/1/25 14:15:00,chongzhi_beier,west,17,36
2019/1/25 14:20:00,chongzhi_beier,west,7,39
2019/1/25 14:25:00,chongzhi_beier,west,8,42
2019/1/25 14:30:00,chongzhi_beier,west,5,54
2019/1/25 14:35:00,chongzhi_beier,west,15,52
2019/1/25 14:40:00,chongzhi_beier,west,14,44
2019/1/25 14:45:00,chongzhi_beier,west,12,40
2019/1/25 14:50:00,chongzhi_beier,west,9,53
2019/1/25 14:55:00,chongzhi_beier,west,12,59
2019/1/25 15:00:00,chongzhi_beier,west,13,52
2019/1/25 15:05:00,chongzhi_beier,west,23,62
2019/1/25 15:10:00,chongzhi_beier,west,10,39
2019/1/25 15:15:00,chongzhi_beier,west,10,43
2019/1/25 15:20:00,chongzhi_beier,west,5,21
2019/1/25 15:25:00,chongzhi_beier,west,3,30
2019/1/25 15:30:00,chongzhi_beier,west,11,31
2019/1/25 15:35:00,chongzhi_beier,west,11,35
2019/1/25 15:40:00,chongzhi_beier,west,12,41
2019/1/25 15:45:00,chongzhi_beier,west,7,53
2019/1/25 15:50:00,chongzhi_beier,west,12,47
2019/1/25 15:55:00,chongzhi_beier,west,13,53
2019/1/25 16:00:00,chongzhi_beier,west,16,45
2019/1/25 16:05:00,chongzhi_beier,west,9,48
2019/1/25 16:10:00,chongzhi_beier,west,13,45
2019/1/25 16:15:00,chongzhi_beier,west,10,48
2019/1/25 16:20:00,chongzhi_beier,west,8,46
2019/1/25 16:25:00,chongzhi_beier,west,14,61
2019/1/25 16:30:00,chongzhi_beier,west,8,48
2019/1/25 16:35:00,chongzhi_beier,west,15,53
2019/1/25 16:40:00,chongzhi_beier,west,10,57
2019/1/25 16:45:00,chongzhi_beier,west,9,52
2019/1/25 16:50:00,chongzhi_beier,west,3,38
2019/1/25 16:55:00,chongzhi_beier,west,11,54
2019/1/25 17:00:00,chongzhi_beier,west,8,42
2019/1/25 17:05:00,chongzhi_beier,west,8,60
2019/1/25 17:10:00,chongzhi_beier,west,8,52
2019/1/25 17:15:00,chongzhi_beier,west,6,39
2019/1/25 17:20:00,chongzhi_beier,west,4,50
2019/1/25 17:25:00,chongzhi_beier,west,10,64
2019/1/25 17:30:00,chongzhi_beier,west,20,59
2019/1/25 17:35:00,chongzhi_beier,west,4,26
2019/1/25 17:40:00,chongzhi_beier,west,7,69
2019/1/25 17:45:00,chongzhi_beier,west,20,58
2019/1/25 17:50:00,chongzhi_beier,west,8,42
2019/1/25 17:55:00,chongzhi_beier,west,17,47
2019/1/25 18:00:00,chongzhi_beier,west,15,75
2019/1/25 18:05:00,chongzhi_beier,west,16,62
2019/1/25 18:10:00,chongzhi_beier,west,2,60
2019/1/25 18:15:00,chongzhi_beier,west,11,55
2019/1/25 18:20:00,chongzhi_beier,west,17,70
2019/1/25 18:25:00,chongzhi_beier,west,14,65
2019/1/25 18:30:00,chongzhi_beier,west,10,42
2019/1/25 18:35:00,chongzhi_beier,west,14,71
2019/1/25 18:40:00,chongzhi_beier,west,13,59
2019/1/25 18:45:00,chongzhi_beier,west,7,30
2019/1/25 18:50:00,chongzhi_beier,west,13,53
2019/1/25 18:55:00,chongzhi_beier,west,15,52
2019/1/25 19:00:00,chongzhi_beier,west,13,46
2019/1/25 19:05:00,chongzhi_beier,west,6,43
2019/1/25 19:10:00,chongzhi_beier,west,12,60
2019/1/25 19:15:00,chongzhi_beier,west,18,62
2019/1/25 19:20:00,chongzhi_beier,west,13,67
2019/1/25 19:25:00,chongzhi_beier,west,12,30
2019/1/25 19:30:00,chongzhi_beier,west,7,68
2019/1/25 19:35:00,chongzhi_beier,west,14,49
2019/1/25 19:40:00,chongzhi_beier,west,9,52
2019/1/25 19:45:00,chongzhi_beier,west,6,45
2019/1/25 19:50:00,chongzhi_beier,west,9,53
2019/1/25 19:55:00,chongzhi_beier,west,15,54
2019/1/25 20:00:00,chongzhi_beier,west,10,48
2019/1/25 20:05:00,chongzhi_beier,west,9,48
2019/1/25 20:10:00,chongzhi_beier,west,13,52
2019/1/25 20:15:00,chongzhi_beier,west,12,50
2019/1/25 20:20:00,chongzhi_beier,west,11,55
2019/1/25 20:25:00,chongzhi_beier,west,14,39
2019/1/25 20:30:00,chongzhi_beier,west,13,43
2019/1/25 20:35:00,chongzhi_beier,west,10,54
2019/1/25 20:40:00,chongzhi_beier,west,15,65
2019/1/25 20:45:00,chongzhi_beier,west,11,48
2019/1/25 20:50:00,chongzhi_beier,west,11,46
2019/1/25 20:55:00,chongzhi_beier,west,12,48
2019/1/25 21:00:00,chongzhi_beier,west,11,45
2019/1/25 21:05:00,chongzhi_beier,west,9,48
2019/1/25 21:10:00,chongzhi_beier,west,12,52
2019/1/25 21:15:00,chongzhi_beier,west,10,81
2019/1/25 21:20:00,chongzhi_beier,west,18,75
2019/1/25 21:25:00,chongzhi_beier,west,10,51
2019/1/25 21:30:00,chongzhi_beier,west,9,48
2019/1/25 21:35:00,chongzhi_beier,west,16,52
2019/1/25 21:40:00,chongzhi_beier,west,8,44
2019/1/25 21:45:00,chongzhi_beier,west,8,55
2019/1/25 21:50:00,chongzhi_beier,west,11,44
2019/1/25 21:55:00,chongzhi_beier,west,14,73
2019/1/25 22:00:00,chongzhi_beier,west,13,51
2019/1/25 22:05:00,chongzhi_beier,west,9,43
2019/1/25 22:10:00,chongzhi_beier,west,16,57
2019/1/25 22:15:00,chongzhi_beier,west,9,51
2019/1/25 22:20:00,chongzhi_beier,west,12,37
2019/1/25 22:25:00,chongzhi_beier,west,18,58
2019/1/25 22:30:00,chongzhi_beier,west,10,47
2019/1/25 22:35:00,chongzhi_beier,west,11,42
2019/1/25 22:40:00,chongzhi_beier,west,13,51
2019/1/25 22:45:00,chongzhi_beier,west,13,41
2019/1/25 22:50:00,chongzhi_beier,west,10,41
2019/1/25 22:55:00,chongzhi_beier,west,17,54
2019/1/25 23:00:00,chongzhi_beier,west,9,46
2019/1/25 23:05:00,chongzhi_beier,west,10,33
2019/1/25 23:10:00,chongzhi_beier,west,17,53
2019/1/25 23:15:00,chongzhi_beier,west,13,38
2019/1/25 23:20:00,chongzhi_beier,west,16,57
2019/1/25 23:25:00,chongzhi_beier,west,13,37
2019/1/25 23:30:00,chongzhi_beier,west,9,35
2019/1/25 23:35:00,chongzhi_beier,west,12,39
2019/1/25 23:40:00,chongzhi_beier,west,9,28
2019/1/25 23:45:00,chongzhi_beier,west,12,43
2019/1/25 23:50:00,chongzhi_beier,west,6,23
2019/1/25 23:55:00,chongzhi_beier,west,10,34
