2019/1/25 00:00:00,chongzhi_beier,east,6,18
2019/1/25 00:05:00,chongzhi_beier,east,7,19
2019/1/25 00:10:00,chongzhi_beier,east,7,15
2019/1/25 00:15:00,chongzhi_beier,east,1,9
2019/1/25 00:20:00,chongzhi_beier,east,4,20
2019/1/25 00:25:00,chongzhi_beier,east,5,9
2019/1/25 00:30:00,chongzhi_beier,east,3,21
2019/1/25 00:35:00,chongzhi_beier,east,3,21
2019/1/25 00:40:00,chongzhi_beier,east,3,14
2019/1/25 00:45:00,chongzhi_beier,east,5,17
2019/1/25 00:50:00,chongzhi_beier,east,4,10
2019/1/25 00:55:00,chongzhi_beier,east,5,10
2019/1/25 01:00:00,chongzhi_beier,east,4,15
2019/1/25 01:05:00,chongzhi_beier,east,1,7
2019/1/25 01:10:00,chongzhi_beier,east,4,12
2019/1/25 01:15:00,chongzhi_beier,east,3,8
2019/1/25 01:20:00,chongzhi_beier,east,2,8
2019/1/25 01:25:00,chongzhi_beier,east,1,9
2019/1/25 01:30:00,chongzhi_beier,east,5,9
2019/1/25 01:35:00,chongzhi_beier,east,5,15
2019/1/25 01:40:00,chongzhi_beier,east,0,16
2019/1/25 01:45:00,chongzhi_beier,east,2,8
2019/1/25 01:50:00,chongzhi_beier,east,2,7
2019/1/25 01:55:00,chongzhi_beier,east,1,6
2019/1/25 02:00:00,chongzhi_beier,east,0,4
2019/1/25 02:05:00,chongzhi_beier,east,4,9
2019/1/25 02:10:00,chongzhi_beier,east,0,3
2019/1/25 02:15:00,chongzhi_beier,east,1,9
2019/1/25 02:20:00,chongzhi_beier,east,6,8
2019/1/25 02:25:00,chongzhi_beier,east,1,8
2019/1/25 02:30:00,chongzhi_beier,east,0,6
2019/1/25 02:35:00,chongzhi_beier,east,0,7
2019/1/25 02:40:00,chongzhi_beier,east,1,8
2019/1/25 02:45:00,chongzhi_beier,east,0,2
2019/1/25 02:50:00,chongzhi_beier,east,2,5
2019/1/25 02:55:00,chongzhi_beier,east,0,4
2019/1/25 03:00:00,chongzhi_beier,east,1,2
2019/1/25 03:05:00,chongzhi_beier,east,2,1
2019/1/25 03:10:00,chongzhi_beier,east,0,2
2019/1/25 03:15:00,chongzhi_beier,east,0,6
2019/1/25 03:20:00,chongzhi_beier,east,3,3
2019/1/25 03:25:00,chongzhi_beier,east,0,5
2019/1/25 03:30:00,chongzhi_beier,east,0,3
2019/1/25 03:35:00,chongzhi_beier,east,0,4
2019/1/25 03:40:00,chongzhi_beier,east,0,2
2019/1/25 03:45:00,chongzhi_beier,east,3,2
2019/1/25 03:50:00,chongzhi_beier,east,3,3
2019/1/25 03:55:00,chongzhi_beier,east,0,6
2019/1/25 04:00:00,chongzhi_beier,east,0,3
2019/1/25 04:05:00,chongzhi_beier,east,1,6
2019/1/25 04:10:00,chongzhi_beier,east,1,2
2019/1/25 04:15:00,chongzhi_beier,east,2,2
2019/1/25 04:20:00,chongzhi_beier,east,0,2
2019/1/25 04:25:00,chongzhi_beier,east,0,4
2019/1/25 04:30:00,chongzhi_beier,east,0,8
2019/1/25 04:35:00,chongzhi_beier,east,0,5
2019/1/25 04:40:00,chongzhi_beier,east,2,6
2019/1/25 04:45:00,chongzhi_beier,east,1,4
2019/1/25 04:50:00,chongzhi_beier,east,1,2
2019/1/25 04:55:00,chongzhi_beier,east,0,2
2019/1/25 05:00:00,chongzhi_beier,east,2,6
2019/1/25 05:05:00,chongzhi_beier,east,3,5
2019/1/25 05:10:00,chongzhi_beier,east,0,5
2019/1/25 05:15:00,chongzhi_beier,east,2,11
2019/1/25 05:20:00,chongzhi_beier,east,1,10
2019/1/25 05:25:00,chongzhi_beier,east,1,9
2019/1/25 05:30:00,chongzhi_beier,east,1,6
2019/1/25 05:35:00,chongzhi_beier,east,0,14
2019/1/25 05:40:00,chongzhi_beier,east,0,8
2019/1/25 05:45:00,chongzhi_beier,east,2,10
2019/1/25 05:50:00,chongzhi_beier,east,0,9
2019/1/25 05:55:00,chongzhi_beier,east,0,17
2019/1/25 06:00:00,chongzhi_beier,east,0,18
2019/1/25 06:05:00,chongzhi_beier,east,2,12
2019/1/25 06:10:00,chongzhi_beier,east,0,15
2019/1/25 06:15:00,chongzhi_beier,east,0,21
2019/1/25 06:20:00,chongzhi_beier,east,0,7
2019/1/25 06:25:00,chongzhi_beier,east,0,16
2019/1/25 06:30:00,chongzhi_beier,east,0,24
2019/1/25 06:35:00,chongzhi_beier,east,1,30
2019/1/25 06:40:00,chongzhi_beier,east,0,28
2019/1/25 06:45:00,chongzhi_beier,east,0,29
2019/1/25 06:50:00,chongzhi_beier,east,3,20
2019/1/25 06:55:00,chongzhi_beier,east,5,22
2019/1/25 07:00:00,chongzhi_beier,east,1,33
2019/1/25 07:05:00,chongzhi_beier,east,1,44
2019/1/25 07:10:00,chongzhi_beier,east,1,39
2019/1/25 07:15:00,chongzhi_beier,east,2,34
2019/1/25 07:20:00,chongzhi_beier,east,0,45
2019/1/25 07:25:00,chongzhi_beier,east,2,46
2019/1/25 07:30:00,chongzhi_beier,east,5,61
2019/1/25 07:35:00,chongzhi_beier,east,2,67
2019/1/25 07:40:00,chongzhi_beier,east,5,51
2019/1/25 07:45:00,chongzhi_beier,east,5,58
2019/1/25 07:50:00,chongzhi_beier,east,10,52
2019/1/25 07:55:00,chongzhi_beier,east,6,40
2019/1/25 08:00:00,chongzhi_beier,east,8,62
2019/1/25 08:05:00,chongzhi_beier,east,6,75
2019/1/25 08:10:00,chongzhi_beier,east,7,94
2019/1/25 08:15:00,chongzhi_beier,east,4,79
2019/1/25 08:20:00,chongzhi_beier,east,4,78
2019/1/25 08:25:00,chongzhi_beier,east,7,53
2019/1/25 08:30:00,chongzhi_beier,east,7,61
2019/1/25 08:35:00,chongzhi_beier,east,9,75
2019/1/25 08:40:00,chongzhi_beier,east,10,72
2019/1/25 08:45:00,chongzhi_beier,east,5,67
2019/1/25 08:50:00,chongzhi_beier,east,5,52
2019/1/25 08:55:00,chongzhi_beier,east,7,31
2019/1/25 09:00:00,chongzhi_beier,east,12,54
2019/1/25 09:05:00,chongzhi_beier,east,12,69
2019/1/25 09:10:00,chongzhi_beier,east,7,71
2019/1/25 09:15:00,chongzhi_beier,east,9,73
2019/1/25 09:20:00,chongzhi_beier,east,3,39
2019/1/25 09:25:00,chongzhi_beier,east,7,45
2019/1/25 09:30:00,chongzhi_beier,east,9,64
2019/1/25 09:35:00,chongzhi_beier,east,9,71
2019/1/25 09:40:00,chongzhi_beier,east,10,76
2019/1/25 09:45:00,chongzhi_beier,east,6,65
2019/1/25 09:50:00,chongzhi_beier,east,8,37
2019/1/25 09:55:00,chongzhi_beier,east,8,60
2019/1/25 10:00:00,chongzhi_beier,east,4,53
2019/1/25 10:05:00,chongzhi_beier,east,11,70
2019/1/25 10:10:00,chongzhi_beier,east,9,59
2019/1/25 10:15:00,chongzhi_beier,east,11,62
2019/1/25 10:20:00,chongzhi_beier,east,9,64
2019/1/25 10:25:00,chongzhi_beier,east,10,68
2019/1/25 10:30:00,chongzhi_beier,east,7,40
2019/1/25 10:35:00,chongzhi_beier,east,6,58
2019/1/25 10:40:00,chongzhi_beier,east,13,51
2019/1/25 10:45:00,chongzhi_beier,east,8,55
2019/1/25 10:50:00,chongzhi_beier,east,11,36
2019/1/25 10:55:00,chongzhi_beier,east,14,38
2019/1/25 11:00:00,chongzhi_beier,east,7,51
2019/1/25 11:05:00,chongzhi_beier,east,11,64
2019/1/25 11:10:00,chongzhi_beier,east,4,61
2019/1/25 11:15:00,chongzhi_beier,east,13,53
2019/1/25 11:20:00,chongzhi_beier,east,7,42
2019/1/25 11:25:00,chongzhi_beier,east,9,49
2019/1/25 11:30:00,chongzhi_beier,east,10,63
2019/1/25 11:35:00,chongzhi_beier,east,11,41
2019/1/25 11:40:00,chongzhi_beier,east,6,46
2019/1/25 11:45:00,chongzhi_beier,east,11,46
2019/1/25 11:50:00,chongzhi_beier,east,7,43
2019/1/25 11:55:00,chongzhi_beier,east,8,69
2019/1/25 12:00:00,chongzhi_beier,east,8,49
2019/1/25 12:05:00,chongzhi_beier,east,6,51
2019/1/25 12:10:00,chongzhi_beier,east,6,53
2019/1/25 12:15:00,chongzhi_beier,east,8,24
2019/1/25 12:20:00,chongzhi_beier,east,11,68
2019/1/25 12:25:00,chongzhi_beier,east,6,46
2019/1/25 12:30:00,chongzhi_beier,east,4,35
2019/1/25 12:35:00,chongzhi_beier,east,4,42
2019/1/25 12:40:00,chongzhi_beier,east,9,53
2019/1/25 12:45:00,chongzhi_beier,east,5,52
2019/1/25 12:50:00,chongzhi_beier,east,4,50
2019/1/25 12:55:00,chongzhi_beier,east,5,27
2019/1/25 13:00:00,chongzhi_beier,east,7,49
2019/1/25 13:05:00,chongzhi_beier,east,9,58
2019/1/25 13:10:00,chongzhi_beier,east,10,41
2019/1/25 13:15:00,chongzhi_beier,east,5,47
2019/1/25 13:20:00,chongzhi_beier,east,4,37
2019/1/25 13:25:00,chongzhi_beier,east,11,74
2019/1/25 13:30:00,chongzhi_beier,east,10,42
2019/1/25 13:35:00,chongzhi_beier,east,9,49
2019/1/25 13:40:00,chongzhi_beier,east,6,55
2019/1/25 13:45:00,chongzhi_beier,east,6,33
2019/1/25 13:50:00,chongzhi_beier,east,13,88
2019/1/25 13:55:00,chongzhi_beier,east,4,49
2019/1/25 14:00:00,chongzhi_beier,east,12,71
2019/1/25 14:05:00,chongzhi_beier,east,3,59
2019/1/25 14:10:00,chongzhi_beier,east,9,60
2019/1/25 14:15:00,chongzhi_beier,east,6,63
2019/1/25 14:20:00,chongzhi_beier,east,12,56
2019/1/25 14:25:00,chongzhi_beier,east,13,40
2019/1/25 14:30:00,chongzhi_beier,east,5,47
2019/1/25 14:35:00,chongzhi_beier,east,9,56
2019/1/25 14:40:00,chongzhi_beier,east,9,55
2019/1/25 14:45:00,chongzhi_beier,east,9,80
2019/1/25 14:50:00,chongzhi_beier,east,6,58
2019/1/25 14:55:00,chongzhi_beier,east,5,42
2019/1/25 15:00:00,chongzhi_beier,east,6,55
2019/1/25 15:05:00,chongzhi_beier,east,12,60
2019/1/25 15:10:00,chongzhi_beier,east,5,65
2019/1/25 15:15:00,chongzhi_beier,east,13,47
2019/1/25 15:20:00,chongzhi_beier,east,13,68
2019/1/25 15:25:00,chongzhi_beier,east,6,49
2019/1/25 15:30:00,chongzhi_beier,east,13,60
2019/1/25 15:35:00,chongzhi_beier,east,8,67
2019/1/25 15:40:00,chongzhi_beier,east,11,69
2019/1/25 15:45:00,chongzhi_beier,east,11,66
2019/1/25 15:50:00,chongzhi_beier,east,8,55
2019/1/25 15:55:00,chongzhi_beier,east,9,71
2019/1/25 16:00:00,chongzhi_beier,east,9,50
2019/1/25 16:05:00,chongzhi_beier,east,10,58
2019/1/25 16:10:00,chongzhi_beier,east,6,37
2019/1/25 16:15:00,chongzhi_beier,east,13,48
2019/1/25 16:20:00,chongzhi_beier,east,14,64
2019/1/25 16:25:00,chongzhi_beier,east,4,61
2019/1/25 16:30:00,chongzhi_beier,east,10,58
2019/1/25 16:35:00,chongzhi_beier,east,6,45
2019/1/25 16:40:00,chongzhi_beier,east,7,54
2019/1/25 16:45:00,chongzhi_beier,east,10,41
2019/1/25 16:50:00,chongzhi_beier,east,7,71
2019/1/25 16:55:00,chongzhi_beier,east,14,58
2019/1/25 17:00:00,chongzhi_beier,east,9,54
2019/1/25 17:05:00,chongzhi_beier,east,4,61
2019/1/25 17:10:00,chongzhi_beier,east,8,19
2019/1/25 17:15:00,chongzhi_beier,east,9,61
2019/1/25 17:20:00,chongzhi_beier,east,6,71
2019/1/25 17:25:00,chongzhi_beier,east,7,41
2019/1/25 17:30:00,chongzhi_beier,east,9,40
2019/1/25 17:35:00,chongzhi_beier,east,15,56
2019/1/25 17:40:00,chongzhi_beier,east,11,69
2019/1/25 17:45:00,chongzhi_beier,east,5,65
2019/1/25 17:50:00,chongzhi_beier,east,11,46
2019/1/25 17:55:00,chongzhi_beier,east,12,47
2019/1/25 18:00:00,chongzhi_beier,east,9,57
2019/1/25 18:05:00,chongzhi_beier,east,1,28
2019/1/25 18:10:00,chongzhi_beier,east,8,55
2019/1/25 18:15:00,chongzhi_beier,east,13,64
2019/1/25 18:20:00,chongzhi_beier,east,11,48
2019/1/25 18:25:00,chongzhi_beier,east,10,26
2019/1/25 18:30:00,chongzhi_beier,east,10,56
2019/1/25 18:35:00,chongzhi_beier,east,11,49
2019/1/25 18:40:00,chongzhi_beier,east,4,54
2019/1/25 18:45:00,chongzhi_beier,east,11,30
2019/1/25 18:50:00,chongzhi_beier,east,11,47
2019/1/25 18:55:00,chongzhi_beier,east,13,43
2019/1/25 19:00:00,chongzhi_beier,east,8,31
2019/1/25 19:05:00,chongzhi_beier,east,12,39
2019/1/25 19:10:00,chongzhi_beier,east,8,51
2019/1/25 19:15:00,chongzhi_beier,east,11,47
2019/1/25 19:20:00,chongzhi_beier,east,7,23
2019/1/25 19:25:00,chongzhi_beier,east,13,42
2019/1/25 19:30:00,chongzhi_beier,east,16,42
2019/1/25 19:35:00,chongzhi_beier,east,8,51
2019/1/25 19:40:00,chongzhi_beier,east,13,44
2019/1/25 19:45:00,chongzhi_beier,east,12,54
2019/1/25 19:50:00,chongzhi_beier,east,13,56
2019/1/25 19:55:00,chongzhi_beier,east,9,55
2019/1/25 20:00:00,chongzhi_beier,east,10,49
2019/1/25 20:05:00,chongzhi_beier,east,5,29
2019/1/25 20:10:00,chongzhi_beier,east,8,48
2019/1/25 20:15:00,chongzhi_beier,east,4,34
2019/1/25 20:20:00,chongzhi_beier,east,10,35
2019/1/25 20:25:00,chongzhi_beier,east,6,29
2019/1/25 20:30:00,chongzhi_beier,east,7,33
2019/1/25 20:35:00,chongzhi_beier,east,14,30
2019/1/25 20:40:00,chongzhi_beier,east,4,48
2019/1/25 20:45:00,chongzhi_beier,east,7,46
2019/1/25 20:50:00,chongzhi_beier,east,5,60
2019/1/25 20:55:00,chongzhi_beier,east,5,37
2019/1/25 21:00:00,chongzhi_beier,east,5,32
2019/1/25 21:05:00,chongzhi_beier,east,5,41
2019/1/25 21:10:00,chongzhi_beier,east,8,58
2019/1/25 21:15:00,chongzhi_beier,east,2,39
2019/1/25 21:20:00,chongzhi_beier,east,7,41
2019/1/25 21:25:00,chongzhi_beier,east,16,56
2019/1/25 21:30:00,chongzhi_beier,east,12,49
2019/1/25 21:35:00,chongzhi_beier,east,5,58
2019/1/25 21:40:00,chongzhi_beier,east,9,40
2019/1/25 21:45:00,chongzhi_beier,east,7,41
2019/1/25 21:50:00,chongzhi_beier,east,9,38
2019/1/25 21:55:00,chongzhi_beier,east,11,41
2019/1/25 22:00:00,chongzhi_beier,east,13,48
2019/1/25 22:05:00,chongzhi_beier,east,7,37
2019/1/25 22:10:00,chongzhi_beier,east,8,23
2019/1/25 22:15:00,chongzhi_beier,east,9,48
2019/1/25 22:20:00,chongzhi_beier,east,5,39
2019/1/25 22:25:00,chongzhi_beier,east,10,43
2019/1/25 22:30:00,chongzhi_beier,east,12,42
2019/1/25 22:35:00,chongzhi_beier,east,6,37
2019/1/25 22:40:00,chongzhi_beier,east,8,20
2019/1/25 22:45:00,chongzhi_beier,east,10,46
2019/1/25 22:50:00,chongzhi_beier,east,7,31
2019/1/25 22:55:00,chongzhi_beier,east,3,30
2019/1/25 23:00:00,chongzhi_beier,east,8,51
2019/1/25 23:05:00,chongzhi_beier,east,7,19
2019/1/25 23:10:00,chongzhi_beier,east,5,30
2019/1/25 23:15:00,chongzhi_beier,east,3,30
2019/1/25 23:20:00,chongzhi_beier,east,3,19
2019/1/25 23:25:00,chongzhi_beier,east,6,39
2019/1/25 23:30:00,chongzhi_beier,east,11,30
2019/1/25 23:35:00,chongzhi_beier,east,5,27
2019/1/25 23:40:00,chongzhi_beier,east,5,20
2019/1/25 23:45:00,chongzhi_beier,east,3,20
2019/1/25 23:50:00,chongzhi_beier,east,8,32
2019/1/25 23:55:00,chongzhi_beier,east,9,13
