2019/1/25 00:00:00,wuhe_longping,south,0,16
2019/1/25 00:05:00,wuhe_longping,south,0,24
2019/1/25 00:10:00,wuhe_longping,south,0,22
2019/1/25 00:15:00,wuhe_longping,south,0,12
2019/1/25 00:20:00,wuhe_longping,south,0,18
2019/1/25 00:25:00,wuhe_longping,south,0,11
2019/1/25 00:30:00,wuhe_longping,south,1,10
2019/1/25 00:35:00,wuhe_longping,south,0,15
2019/1/25 00:40:00,wuhe_longping,south,0,9
2019/1/25 00:45:00,wuhe_longping,south,0,10
2019/1/25 00:50:00,wuhe_longping,south,0,11
2019/1/25 00:55:00,wuhe_longping,south,0,11
2019/1/25 01:00:00,wuhe_longping,south,0,7
2019/1/25 01:05:00,wuhe_longping,south,0,5
2019/1/25 01:10:00,wuhe_longping,south,0,11
2019/1/25 01:15:00,wuhe_longping,south,0,16
2019/1/25 01:20:00,wuhe_longping,south,0,4
2019/1/25 01:25:00,wuhe_longping,south,0,5
2019/1/25 01:30:00,wuhe_longping,south,0,7
2019/1/25 01:35:00,wuhe_longping,south,0,5
2019/1/25 01:40:00,wuhe_longping,south,0,11
2019/1/25 01:45:00,wuhe_longping,south,0,8
2019/1/25 01:50:00,wuhe_longping,south,0,3
2019/1/25 01:55:00,wuhe_longping,south,0,5
2019/1/25 02:00:00,wuhe_longping,south,0,11
2019/1/25 02:05:00,wuhe_longping,south,0,6
2019/1/25 02:10:00,wuhe_longping,south,0,5
2019/1/25 02:15:00,wuhe_longping,south,0,9
2019/1/25 02:20:00,wuhe_longping,south,0,6
2019/1/25 02:25:00,wuhe_longping,south,0,4
2019/1/25 02:30:00,wuhe_longping,south,0,2
2019/1/25 02:35:00,wuhe_longping,south,0,5
2019/1/25 02:40:00,wuhe_longping,south,0,7
2019/1/25 02:45:00,wuhe_longping,south,0,1
2019/1/25 02:50:00,wuhe_longping,south,0,3
2019/1/25 02:55:00,wuhe_longping,south,0,15
2019/1/25 03:00:00,wuhe_longping,south,0,7
2019/1/25 03:05:00,wuhe_longping,south,0,3
2019/1/25 03:10:00,wuhe_longping,south,0,6
2019/1/25 03:15:00,wuhe_longping,south,0,2
2019/1/25 03:20:00,wuhe_longping,south,0,1
2019/1/25 03:25:00,wuhe_longping,south,0,6
2019/1/25 03:30:00,wuhe_longping,south,0,0
2019/1/25 03:35:00,wuhe_longping,south,0,2
2019/1/25 03:40:00,wuhe_longping,south,0,4
2019/1/25 03:45:00,wuhe_longping,south,0,5
2019/1/25 03:50:00,wuhe_longping,south,0,0
2019/1/25 03:55:00,wuhe_longping,south,0,5
2019/1/25 04:00:00,wuhe_longping,south,0,4
2019/1/25 04:05:00,wuhe_longping,south,0,6
2019/1/25 04:10:00,wuhe_longping,south,0,3
2019/1/25 04:15:00,wuhe_longping,south,0,2
2019/1/25 04:20:00,wuhe_longping,south,0,6
2019/1/25 04:25:00,wuhe_longping,south,0,5
2019/1/25 04:30:00,wuhe_longping,south,0,4
2019/1/25 04:35:00,wuhe_longping,south,0,5
2019/1/25 04:40:00,wuhe_longping,south,0,6
2019/1/25 04:45:00,wuhe_longping,south,0,1
2019/1/25 04:50:00,wuhe_longping,south,0,7
2019/1/25 04:55:00,wuhe_longping,south,0,3
2019/1/25 05:00:00,wuhe_longping,south,0,2
2019/1/25 05:05:00,wuhe_longping,south,0,10
2019/1/25 05:10:00,wuhe_longping,south,0,3
2019/1/25 05:15:00,wuhe_longping,south,0,6
2019/1/25 05:20:00,wuhe_longping,south,0,13
2019/1/25 05:25:00,wuhe_longping,south,0,5
2019/1/25 05:30:00,wuhe_longping,south,0,10
2019/1/25 05:35:00,wuhe_longping,south,0,6
2019/1/25 05:40:00,wuhe_longping,south,0,4
2019/1/25 05:45:00,wuhe_longping,south,0,5
2019/1/25 05:50:00,wuhe_longping,south,0,6
2019/1/25 05:55:00,wuhe_longping,south,0,13
2019/1/25 06:00:00,wuhe_longping,south,0,22
2019/1/25 06:05:00,wuhe_longping,south,0,4
2019/1/25 06:10:00,wuhe_longping,south,0,5
2019/1/25 06:15:00,wuhe_longping,south,0,10
2019/1/25 06:20:00,wuhe_longping,south,0,6
2019/1/25 06:25:00,wuhe_longping,south,0,8
2019/1/25 06:30:00,wuhe_longping,south,0,13
2019/1/25 06:35:00,wuhe_longping,south,0,11
2019/1/25 06:40:00,wuhe_longping,south,0,16
2019/1/25 06:45:00,wuhe_longping,south,0,18
2019/1/25 06:50:00,wuhe_longping,south,0,10
2019/1/25 06:55:00,wuhe_longping,south,0,13
2019/1/25 07:00:00,wuhe_longping,south,0,12
2019/1/25 07:05:00,wuhe_longping,south,0,21
2019/1/25 07:10:00,wuhe_longping,south,0,24
2019/1/25 07:15:00,wuhe_longping,south,1,24
2019/1/25 07:20:00,wuhe_longping,south,0,18
2019/1/25 07:25:00,wuhe_longping,south,1,52
2019/1/25 07:30:00,wuhe_longping,south,0,55
2019/1/25 07:35:00,wuhe_longping,south,2,67
2019/1/25 07:40:00,wuhe_longping,south,0,51
2019/1/25 07:45:00,wuhe_longping,south,0,72
2019/1/25 07:50:00,wuhe_longping,south,0,117
2019/1/25 07:55:00,wuhe_longping,south,2,115
2019/1/25 08:00:00,wuhe_longping,south,0,120
2019/1/25 08:05:00,wuhe_longping,south,0,76
2019/1/25 08:10:00,wuhe_longping,south,1,150
2019/1/25 08:15:00,wuhe_longping,south,5,135
2019/1/25 08:20:00,wuhe_longping,south,4,154
2019/1/25 08:25:00,wuhe_longping,south,3,91
2019/1/25 08:30:00,wuhe_longping,south,1,99
2019/1/25 08:35:00,wuhe_longping,south,0,96
2019/1/25 08:40:00,wuhe_longping,south,2,105
2019/1/25 08:45:00,wuhe_longping,south,2,97
2019/1/25 08:50:00,wuhe_longping,south,1,94
2019/1/25 08:55:00,wuhe_longping,south,4,94
2019/1/25 09:00:00,wuhe_longping,south,2,95
2019/1/25 09:05:00,wuhe_longping,south,1,71
2019/1/25 09:10:00,wuhe_longping,south,0,80
2019/1/25 09:15:00,wuhe_longping,south,0,62
2019/1/25 09:20:00,wuhe_longping,south,3,46
2019/1/25 09:25:00,wuhe_longping,south,3,77
2019/1/25 09:30:00,wuhe_longping,south,2,39
2019/1/25 09:35:00,wuhe_longping,south,2,59
2019/1/25 09:40:00,wuhe_longping,south,0,58
2019/1/25 09:45:00,wuhe_longping,south,0,51
2019/1/25 09:50:00,wuhe_longping,south,0,65
2019/1/25 09:55:00,wuhe_longping,south,2,53
2019/1/25 10:00:00,wuhe_longping,south,4,53
2019/1/25 10:05:00,wuhe_longping,south,1,64
2019/1/25 10:10:00,wuhe_longping,south,0,56
2019/1/25 10:15:00,wuhe_longping,south,2,45
2019/1/25 10:20:00,wuhe_longping,south,2,34
2019/1/25 10:25:00,wuhe_longping,south,2,73
2019/1/25 10:30:00,wuhe_longping,south,2,51
2019/1/25 10:35:00,wuhe_longping,south,0,42
2019/1/25 10:40:00,wuhe_longping,south,1,40
2019/1/25 10:45:00,wuhe_longping,south,0,45
2019/1/25 10:50:00,wuhe_longping,south,2,43
2019/1/25 10:55:00,wuhe_longping,south,1,44
2019/1/25 11:00:00,wuhe_longping,south,0,42
2019/1/25 11:05:00,wuhe_longping,south,0,66
2019/1/25 11:10:00,wuhe_longping,south,1,44
2019/1/25 11:15:00,wuhe_longping,south,2,53
2019/1/25 11:20:00,wuhe_longping,south,0,49
2019/1/25 11:25:00,wuhe_longping,south,1,46
2019/1/25 11:30:00,wuhe_longping,south,3,48
2019/1/25 11:35:00,wuhe_longping,south,0,45
2019/1/25 11:40:00,wuhe_longping,south,2,47
2019/1/25 11:45:00,wuhe_longping,south,3,50
2019/1/25 11:50:00,wuhe_longping,south,0,43
2019/1/25 11:55:00,wuhe_longping,south,2,46
2019/1/25 12:00:00,wuhe_longping,south,2,38
2019/1/25 12:05:00,wuhe_longping,south,2,50
2019/1/25 12:10:00,wuhe_longping,south,1,44
2019/1/25 12:15:00,wuhe_longping,south,0,38
2019/1/25 12:20:00,wuhe_longping,south,2,46
2019/1/25 12:25:00,wuhe_longping,south,2,26
2019/1/25 12:30:00,wuhe_longping,south,1,42
2019/1/25 12:35:00,wuhe_longping,south,1,39
2019/1/25 12:40:00,wuhe_longping,south,0,36
2019/1/25 12:45:00,wuhe_longping,south,1,42
2019/1/25 12:50:00,wuhe_longping,south,3,41
2019/1/25 12:55:00,wuhe_longping,south,3,35
2019/1/25 13:00:00,wuhe_longping,south,0,45
2019/1/25 13:05:00,wuhe_longping,south,1,55
2019/1/25 13:10:00,wuhe_longping,south,0,25
2019/1/25 13:15:00,wuhe_longping,south,1,54
2019/1/25 13:20:00,wuhe_longping,south,1,40
2019/1/25 13:25:00,wuhe_longping,south,1,57
2019/1/25 13:30:00,wuhe_longping,south,1,65
2019/1/25 13:35:00,wuhe_longping,south,2,57
2019/1/25 13:40:00,wuhe_longping,south,0,77
2019/1/25 13:45:00,wuhe_longping,south,0,51
2019/1/25 13:50:00,wuhe_longping,south,2,58
2019/1/25 13:55:00,wuhe_longping,south,2,72
2019/1/25 14:00:00,wuhe_longping,south,2,70
2019/1/25 14:05:00,wuhe_longping,south,1,53
2019/1/25 14:10:00,wuhe_longping,south,3,50
2019/1/25 14:15:00,wuhe_longping,south,1,43
2019/1/25 14:20:00,wuhe_longping,south,4,58
2019/1/25 14:25:00,wuhe_longping,south,2,51
2019/1/25 14:30:00,wuhe_longping,south,0,47
2019/1/25 14:35:00,wuhe_longping,south,3,36
2019/1/25 14:40:00,wuhe_longping,south,0,61
2019/1/25 14:45:00,wuhe_longping,south,2,48
2019/1/25 14:50:00,wuhe_longping,south,1,59
2019/1/25 14:55:00,wuhe_longping,south,1,38
2019/1/25 15:00:00,wuhe_longping,south,1,43
2019/1/25 15:05:00,wuhe_longping,south,0,55
2019/1/25 15:10:00,wuhe_longping,south,1,63
2019/1/25 15:15:00,wuhe_longping,south,1,70
2019/1/25 15:20:00,wuhe_longping,south,1,62
2019/1/25 15:25:00,wuhe_longping,south,1,56
2019/1/25 15:30:00,wuhe_longping,south,2,81
2019/1/25 15:35:00,wuhe_longping,south,2,77
2019/1/25 15:40:00,wuhe_longping,south,2,63
2019/1/25 15:45:00,wuhe_longping,south,4,57
2019/1/25 15:50:00,wuhe_longping,south,3,81
2019/1/25 15:55:00,wuhe_longping,south,3,82
2019/1/25 16:00:00,wuhe_longping,south,0,75
2019/1/25 16:05:00,wuhe_longping,south,3,52
2019/1/25 16:10:00,wuhe_longping,south,0,53
2019/1/25 16:15:00,wuhe_longping,south,0,44
2019/1/25 16:20:00,wuhe_longping,south,3,43
2019/1/25 16:25:00,wuhe_longping,south,2,62
2019/1/25 16:30:00,wuhe_longping,south,1,60
2019/1/25 16:35:00,wuhe_longping,south,0,51
2019/1/25 16:40:00,wuhe_longping,south,3,40
2019/1/25 16:45:00,wuhe_longping,south,0,55
2019/1/25 16:50:00,wuhe_longping,south,0,40
2019/1/25 16:55:00,wuhe_longping,south,2,39
2019/1/25 17:00:00,wuhe_longping,south,0,35
2019/1/25 17:05:00,wuhe_longping,south,1,44
2019/1/25 17:10:00,wuhe_longping,south,2,36
2019/1/25 17:15:00,wuhe_longping,south,0,35
2019/1/25 17:20:00,wuhe_longping,south,2,40
2019/1/25 17:25:00,wuhe_longping,south,0,41
2019/1/25 17:30:00,wuhe_longping,south,0,36
2019/1/25 17:35:00,wuhe_longping,south,3,40
2019/1/25 17:40:00,wuhe_longping,south,4,28
2019/1/25 17:45:00,wuhe_longping,south,2,60
2019/1/25 17:50:00,wuhe_longping,south,1,39
2019/1/25 17:55:00,wuhe_longping,south,2,49
2019/1/25 18:00:00,wuhe_longping,south,0,36
2019/1/25 18:05:00,wuhe_longping,south,4,63
2019/1/25 18:10:00,wuhe_longping,south,0,54
2019/1/25 18:15:00,wuhe_longping,south,0,36
2019/1/25 18:20:00,wuhe_longping,south,1,57
2019/1/25 18:25:00,wuhe_longping,south,0,49
2019/1/25 18:30:00,wuhe_longping,south,0,49
2019/1/25 18:35:00,wuhe_longping,south,0,42
2019/1/25 18:40:00,wuhe_longping,south,0,47
2019/1/25 18:45:00,wuhe_longping,south,0,32
2019/1/25 18:50:00,wuhe_longping,south,0,31
2019/1/25 18:55:00,wuhe_longping,south,0,46
2019/1/25 19:00:00,wuhe_longping,south,0,40
2019/1/25 19:05:00,wuhe_longping,south,0,33
2019/1/25 19:10:00,wuhe_longping,south,0,47
2019/1/25 19:15:00,wuhe_longping,south,0,42
2019/1/25 19:20:00,wuhe_longping,south,0,33
2019/1/25 19:25:00,wuhe_longping,south,1,32
2019/1/25 19:30:00,wuhe_longping,south,1,36
2019/1/25 19:35:00,wuhe_longping,south,0,26
2019/1/25 19:40:00,wuhe_longping,south,0,56
2019/1/25 19:45:00,wuhe_longping,south,0,37
2019/1/25 19:50:00,wuhe_longping,south,0,32
2019/1/25 19:55:00,wuhe_longping,south,0,33
2019/1/25 20:00:00,wuhe_longping,south,0,40
2019/1/25 20:05:00,wuhe_longping,south,0,25
2019/1/25 20:10:00,wuhe_longping,south,0,39
2019/1/25 20:15:00,wuhe_longping,south,1,26
2019/1/25 20:20:00,wuhe_longping,south,0,55
2019/1/25 20:25:00,wuhe_longping,south,1,44
2019/1/25 20:30:00,wuhe_longping,south,0,50
2019/1/25 20:35:00,wuhe_longping,south,0,22
2019/1/25 20:40:00,wuhe_longping,south,0,45
2019/1/25 20:45:00,wuhe_longping,south,0,35
2019/1/25 20:50:00,wuhe_longping,south,1,39
2019/1/25 20:55:00,wuhe_longping,south,0,39
2019/1/25 21:00:00,wuhe_longping,south,0,49
2019/1/25 21:05:00,wuhe_longping,south,0,51
2019/1/25 21:10:00,wuhe_longping,south,0,47
2019/1/25 21:15:00,wuhe_longping,south,1,23
2019/1/25 21:20:00,wuhe_longping,south,0,45
2019/1/25 21:25:00,wuhe_longping,south,0,38
2019/1/25 21:30:00,wuhe_longping,south,0,42
2019/1/25 21:35:00,wuhe_longping,south,0,35
2019/1/25 21:40:00,wuhe_longping,south,0,31
2019/1/25 21:45:00,wuhe_longping,south,0,33
2019/1/25 21:50:00,wuhe_longping,south,0,41
2019/1/25 21:55:00,wuhe_longping,south,0,14
2019/1/25 22:00:00,wuhe_longping,south,0,43
2019/1/25 22:05:00,wuhe_longping,south,1,45
2019/1/25 22:10:00,wuhe_longping,south,0,40
2019/1/25 22:15:00,wuhe_longping,south,0,23
2019/1/25 22:20:00,wuhe_longping,south,0,44
2019/1/25 22:25:00,wuhe_longping,south,0,37
2019/1/25 22:30:00,wuhe_longping,south,0,42
2019/1/25 22:35:00,wuhe_longping,south,0,35
2019/1/25 22:40:00,wuhe_longping,south,0,34
2019/1/25 22:45:00,wuhe_longping,south,1,45
2019/1/25 22:50:00,wuhe_longping,south,0,32
2019/1/25 22:55:00,wuhe_longping,south,0,34
2019/1/25 23:00:00,wuhe_longping,south,0,36
2019/1/25 23:05:00,wuhe_longping,south,0,33
2019/1/25 23:10:00,wuhe_longping,south,0,31
2019/1/25 23:15:00,wuhe_longping,south,0,20
2019/1/25 23:20:00,wuhe_longping,south,0,34
2019/1/25 23:25:00,wuhe_longping,south,0,33
2019/1/25 23:30:00,wuhe_longping,south,0,25
2019/1/25 23:35:00,wuhe_longping,south,0,24
2019/1/25 23:40:00,wuhe_longping,south,0,25
2019/1/25 23:45:00,wuhe_longping,south,0,31
2019/1/25 23:50:00,wuhe_longping,south,0,16
2019/1/25 23:55:00,wuhe_longping,south,0,23
