2019/1/25 00:00:00,wuhe_longping,north,2,19
2019/1/25 00:05:00,wuhe_longping,north,2,24
2019/1/25 00:10:00,wuhe_longping,north,1,32
2019/1/25 00:15:00,wuhe_longping,north,0,22
2019/1/25 00:20:00,wuhe_longping,north,1,26
2019/1/25 00:25:00,wuhe_longping,north,1,8
2019/1/25 00:30:00,wuhe_longping,north,1,18
2019/1/25 00:35:00,wuhe_longping,north,2,17
2019/1/25 00:40:00,wuhe_longping,north,2,21
2019/1/25 00:45:00,wuhe_longping,north,2,18
2019/1/25 00:50:00,wuhe_longping,north,0,14
2019/1/25 00:55:00,wuhe_longping,north,2,25
2019/1/25 01:00:00,wuhe_longping,north,0,12
2019/1/25 01:05:00,wuhe_longping,north,1,11
2019/1/25 01:10:00,wuhe_longping,north,0,14
2019/1/25 01:15:00,wuhe_longping,north,1,17
2019/1/25 01:20:00,wuhe_longping,north,0,6
2019/1/25 01:25:00,wuhe_longping,north,3,13
2019/1/25 01:30:00,wuhe_longping,north,0,8
2019/1/25 01:35:00,wuhe_longping,north,1,9
2019/1/25 01:40:00,wuhe_longping,north,1,9
2019/1/25 01:45:00,wuhe_longping,north,0,17
2019/1/25 01:50:00,wuhe_longping,north,0,7
2019/1/25 01:55:00,wuhe_longping,north,0,3
2019/1/25 02:00:00,wuhe_longping,north,1,5
2019/1/25 02:05:00,wuhe_longping,north,1,5
2019/1/25 02:10:00,wuhe_longping,north,0,8
2019/1/25 02:15:00,wuhe_longping,north,0,9
2019/1/25 02:20:00,wuhe_longping,north,0,6
2019/1/25 02:25:00,wuhe_longping,north,0,7
2019/1/25 02:30:00,wuhe_longping,north,1,6
2019/1/25 02:35:00,wuhe_longping,north,0,3
2019/1/25 02:40:00,wuhe_longping,north,0,3
2019/1/25 02:45:00,wuhe_longping,north,0,9
2019/1/25 02:50:00,wuhe_longping,north,0,5
2019/1/25 02:55:00,wuhe_longping,north,0,6
2019/1/25 03:00:00,wuhe_longping,north,0,4
2019/1/25 03:05:00,wuhe_longping,north,0,2
2019/1/25 03:10:00,wuhe_longping,north,0,6
2019/1/25 03:15:00,wuhe_longping,north,0,5
2019/1/25 03:20:00,wuhe_longping,north,0,5
2019/1/25 03:25:00,wuhe_longping,north,0,7
2019/1/25 03:30:00,wuhe_longping,north,0,5
2019/1/25 03:35:00,wuhe_longping,north,0,5
2019/1/25 03:40:00,wuhe_longping,north,0,4
2019/1/25 03:45:00,wuhe_longping,north,1,6
2019/1/25 03:50:00,wuhe_longping,north,0,3
2019/1/25 03:55:00,wuhe_longping,north,0,2
2019/1/25 04:00:00,wuhe_longping,north,0,5
2019/1/25 04:05:00,wuhe_longping,north,0,7
2019/1/25 04:10:00,wuhe_longping,north,0,8
2019/1/25 04:15:00,wuhe_longping,north,1,2
2019/1/25 04:20:00,wuhe_longping,north,0,4
2019/1/25 04:25:00,wuhe_longping,north,0,4
2019/1/25 04:30:00,wuhe_longping,north,0,3
2019/1/25 04:35:00,wuhe_longping,north,0,3
2019/1/25 04:40:00,wuhe_longping,north,0,1
2019/1/25 04:45:00,wuhe_longping,north,0,2
2019/1/25 04:50:00,wuhe_longping,north,0,0
2019/1/25 04:55:00,wuhe_longping,north,1,3
2019/1/25 05:00:00,wuhe_longping,north,0,5
2019/1/25 05:05:00,wuhe_longping,north,0,3
2019/1/25 05:10:00,wuhe_longping,north,0,1
2019/1/25 05:15:00,wuhe_longping,north,0,2
2019/1/25 05:20:00,wuhe_longping,north,0,6
2019/1/25 05:25:00,wuhe_longping,north,0,2
2019/1/25 05:30:00,wuhe_longping,north,0,2
2019/1/25 05:35:00,wuhe_longping,north,0,5
2019/1/25 05:40:00,wuhe_longping,north,0,5
2019/1/25 05:45:00,wuhe_longping,north,0,2
2019/1/25 05:50:00,wuhe_longping,north,0,3
2019/1/25 05:55:00,wuhe_longping,north,0,3
2019/1/25 06:00:00,wuhe_longping,north,0,15
2019/1/25 06:05:00,wuhe_longping,north,0,2
2019/1/25 06:10:00,wuhe_longping,north,1,8
2019/1/25 06:15:00,wuhe_longping,north,0,5
2019/1/25 06:20:00,wuhe_longping,north,0,5
2019/1/25 06:25:00,wuhe_longping,north,0,6
2019/1/25 06:30:00,wuhe_longping,north,0,10
2019/1/25 06:35:00,wuhe_longping,north,1,9
2019/1/25 06:40:00,wuhe_longping,north,1,20
2019/1/25 06:45:00,wuhe_longping,north,1,17
2019/1/25 06:50:00,wuhe_longping,north,1,23
2019/1/25 06:55:00,wuhe_longping,north,2,15
2019/1/25 07:00:00,wuhe_longping,north,0,24
2019/1/25 07:05:00,wuhe_longping,north,1,26
2019/1/25 07:10:00,wuhe_longping,north,2,27
2019/1/25 07:15:00,wuhe_longping,north,3,28
2019/1/25 07:20:00,wuhe_longping,north,5,33
2019/1/25 07:25:00,wuhe_longping,north,0,18
2019/1/25 07:30:00,wuhe_longping,north,2,39
2019/1/25 07:35:00,wuhe_longping,north,4,33
2019/1/25 07:40:00,wuhe_longping,north,7,29
2019/1/25 07:45:00,wuhe_longping,north,13,40
2019/1/25 07:50:00,wuhe_longping,north,10,58
2019/1/25 07:55:00,wuhe_longping,north,17,61
2019/1/25 08:00:00,wuhe_longping,north,20,84
2019/1/25 08:05:00,wuhe_longping,north,27,70
2019/1/25 08:10:00,wuhe_longping,north,21,69
2019/1/25 08:15:00,wuhe_longping,north,32,71
2019/1/25 08:20:00,wuhe_longping,north,27,83
2019/1/25 08:25:00,wuhe_longping,north,30,70
2019/1/25 08:30:00,wuhe_longping,north,22,64
2019/1/25 08:35:00,wuhe_longping,north,19,52
2019/1/25 08:40:00,wuhe_longping,north,17,78
2019/1/25 08:45:00,wuhe_longping,north,18,62
2019/1/25 08:50:00,wuhe_longping,north,14,55
2019/1/25 08:55:00,wuhe_longping,north,13,56
2019/1/25 09:00:00,wuhe_longping,north,10,63
2019/1/25 09:05:00,wuhe_longping,north,15,81
2019/1/25 09:10:00,wuhe_longping,north,12,61
2019/1/25 09:15:00,wuhe_longping,north,10,59
2019/1/25 09:20:00,wuhe_longping,north,13,72
2019/1/25 09:25:00,wuhe_longping,north,8,44
2019/1/25 09:30:00,wuhe_longping,north,9,52
2019/1/25 09:35:00,wuhe_longping,north,14,64
2019/1/25 09:40:00,wuhe_longping,north,15,64
2019/1/25 09:45:00,wuhe_longping,north,7,64
2019/1/25 09:50:00,wuhe_longping,north,19,57
2019/1/25 09:55:00,wuhe_longping,north,21,46
2019/1/25 10:00:00,wuhe_longping,north,10,40
2019/1/25 10:05:00,wuhe_longping,north,7,57
2019/1/25 10:10:00,wuhe_longping,north,12,51
2019/1/25 10:15:00,wuhe_longping,north,10,44
2019/1/25 10:20:00,wuhe_longping,north,5,33
2019/1/25 10:25:00,wuhe_longping,north,5,58
2019/1/25 10:30:00,wuhe_longping,north,5,54
2019/1/25 10:35:00,wuhe_longping,north,18,41
2019/1/25 10:40:00,wuhe_longping,north,15,41
2019/1/25 10:45:00,wuhe_longping,north,15,30
2019/1/25 10:50:00,wuhe_longping,north,13,35
2019/1/25 10:55:00,wuhe_longping,north,11,48
2019/1/25 11:00:00,wuhe_longping,north,11,52
2019/1/25 11:05:00,wuhe_longping,north,17,48
2019/1/25 11:10:00,wuhe_longping,north,14,38
2019/1/25 11:15:00,wuhe_longping,north,10,52
2019/1/25 11:20:00,wuhe_longping,north,7,52
2019/1/25 11:25:00,wuhe_longping,north,13,61
2019/1/25 11:30:00,wuhe_longping,north,12,48
2019/1/25 11:35:00,wuhe_longping,north,16,40
2019/1/25 11:40:00,wuhe_longping,north,15,55
2019/1/25 11:45:00,wuhe_longping,north,10,46
2019/1/25 11:50:00,wuhe_longping,north,13,61
2019/1/25 11:55:00,wuhe_longping,north,10,53
2019/1/25 12:00:00,wuhe_longping,north,25,39
2019/1/25 12:05:00,wuhe_longping,north,17,55
2019/1/25 12:10:00,wuhe_longping,north,10,40
2019/1/25 12:15:00,wuhe_longping,north,12,51
2019/1/25 12:20:00,wuhe_longping,north,9,39
2019/1/25 12:25:00,wuhe_longping,north,15,44
2019/1/25 12:30:00,wuhe_longping,north,14,42
2019/1/25 12:35:00,wuhe_longping,north,10,43
2019/1/25 12:40:00,wuhe_longping,north,11,34
2019/1/25 12:45:00,wuhe_longping,north,13,38
2019/1/25 12:50:00,wuhe_longping,north,9,29
2019/1/25 12:55:00,wuhe_longping,north,12,35
2019/1/25 13:00:00,wuhe_longping,north,13,41
2019/1/25 13:05:00,wuhe_longping,north,10,52
2019/1/25 13:10:00,wuhe_longping,north,19,27
2019/1/25 13:15:00,wuhe_longping,north,7,44
2019/1/25 13:20:00,wuhe_longping,north,7,22
2019/1/25 13:25:00,wuhe_longping,north,10,68
2019/1/25 13:30:00,wuhe_longping,north,14,37
2019/1/25 13:35:00,wuhe_longping,north,12,44
2019/1/25 13:40:00,wuhe_longping,north,19,53
2019/1/25 13:45:00,wuhe_longping,north,13,61
2019/1/25 13:50:00,wuhe_longping,north,18,32
2019/1/25 13:55:00,wuhe_longping,north,15,57
2019/1/25 14:00:00,wuhe_longping,north,19,49
2019/1/25 14:05:00,wuhe_longping,north,18,49
2019/1/25 14:10:00,wuhe_longping,north,15,48
2019/1/25 14:15:00,wuhe_longping,north,12,41
2019/1/25 14:20:00,wuhe_longping,north,14,45
2019/1/25 14:25:00,wuhe_longping,north,12,55
2019/1/25 14:30:00,wuhe_longping,north,13,45
2019/1/25 14:35:00,wuhe_longping,north,14,53
2019/1/25 14:40:00,wuhe_longping,north,14,55
2019/1/25 14:45:00,wuhe_longping,north,13,50
2019/1/25 14:50:00,wuhe_longping,north,15,70
2019/1/25 14:55:00,wuhe_longping,north,17,60
2019/1/25 15:00:00,wuhe_longping,north,11,50
2019/1/25 15:05:00,wuhe_longping,north,9,61
2019/1/25 15:10:00,wuhe_longping,north,7,67
2019/1/25 15:15:00,wuhe_longping,north,13,61
2019/1/25 15:20:00,wuhe_longping,north,15,34
2019/1/25 15:25:00,wuhe_longping,north,7,50
2019/1/25 15:30:00,wuhe_longping,north,10,61
2019/1/25 15:35:00,wuhe_longping,north,15,57
2019/1/25 15:40:00,wuhe_longping,north,14,74
2019/1/25 15:45:00,wuhe_longping,north,15,33
2019/1/25 15:50:00,wuhe_longping,north,12,52
2019/1/25 15:55:00,wuhe_longping,north,11,69
2019/1/25 16:00:00,wuhe_longping,north,16,56
2019/1/25 16:05:00,wuhe_longping,north,18,58
2019/1/25 16:10:00,wuhe_longping,north,12,50
2019/1/25 16:15:00,wuhe_longping,north,19,34
2019/1/25 16:20:00,wuhe_longping,north,14,87
2019/1/25 16:25:00,wuhe_longping,north,19,54
2019/1/25 16:30:00,wuhe_longping,north,11,64
2019/1/25 16:35:00,wuhe_longping,north,7,78
2019/1/25 16:40:00,wuhe_longping,north,19,75
2019/1/25 16:45:00,wuhe_longping,north,13,64
2019/1/25 16:50:00,wuhe_longping,north,10,59
2019/1/25 16:55:00,wuhe_longping,north,17,56
2019/1/25 17:00:00,wuhe_longping,north,21,80
2019/1/25 17:05:00,wuhe_longping,north,16,76
2019/1/25 17:10:00,wuhe_longping,north,9,102
2019/1/25 17:15:00,wuhe_longping,north,19,99
2019/1/25 17:20:00,wuhe_longping,north,14,87
2019/1/25 17:25:00,wuhe_longping,north,20,72
2019/1/25 17:30:00,wuhe_longping,north,18,56
2019/1/25 17:35:00,wuhe_longping,north,19,114
2019/1/25 17:40:00,wuhe_longping,north,22,95
2019/1/25 17:45:00,wuhe_longping,north,20,103
2019/1/25 17:50:00,wuhe_longping,north,28,121
2019/1/25 17:55:00,wuhe_longping,north,20,130
2019/1/25 18:00:00,wuhe_longping,north,26,149
2019/1/25 18:05:00,wuhe_longping,north,28,129
2019/1/25 18:10:00,wuhe_longping,north,23,134
2019/1/25 18:15:00,wuhe_longping,north,27,144
2019/1/25 18:20:00,wuhe_longping,north,14,118
2019/1/25 18:25:00,wuhe_longping,north,24,94
2019/1/25 18:30:00,wuhe_longping,north,20,103
2019/1/25 18:35:00,wuhe_longping,north,18,88
2019/1/25 18:40:00,wuhe_longping,north,21,104
2019/1/25 18:45:00,wuhe_longping,north,16,85
2019/1/25 18:50:00,wuhe_longping,north,21,109
2019/1/25 18:55:00,wuhe_longping,north,11,82
2019/1/25 19:00:00,wuhe_longping,north,7,71
2019/1/25 19:05:00,wuhe_longping,north,16,87
2019/1/25 19:10:00,wuhe_longping,north,11,67
2019/1/25 19:15:00,wuhe_longping,north,8,81
2019/1/25 19:20:00,wuhe_longping,north,0,64
2019/1/25 19:25:00,wuhe_longping,north,9,58
2019/1/25 19:30:00,wuhe_longping,north,14,66
2019/1/25 19:35:00,wuhe_longping,north,20,62
2019/1/25 19:40:00,wuhe_longping,north,0,86
2019/1/25 19:45:00,wuhe_longping,north,9,57
2019/1/25 19:50:00,wuhe_longping,north,16,83
2019/1/25 19:55:00,wuhe_longping,north,12,52
2019/1/25 20:00:00,wuhe_longping,north,10,62
2019/1/25 20:05:00,wuhe_longping,north,8,60
2019/1/25 20:10:00,wuhe_longping,north,5,65
2019/1/25 20:15:00,wuhe_longping,north,9,55
2019/1/25 20:20:00,wuhe_longping,north,5,43
2019/1/25 20:25:00,wuhe_longping,north,8,54
2019/1/25 20:30:00,wuhe_longping,north,5,60
2019/1/25 20:35:00,wuhe_longping,north,12,41
2019/1/25 20:40:00,wuhe_longping,north,10,90
2019/1/25 20:45:00,wuhe_longping,north,8,87
2019/1/25 20:50:00,wuhe_longping,north,7,70
2019/1/25 20:55:00,wuhe_longping,north,11,41
2019/1/25 21:00:00,wuhe_longping,north,12,64
2019/1/25 21:05:00,wuhe_longping,north,9,50
2019/1/25 21:10:00,wuhe_longping,north,11,60
2019/1/25 21:15:00,wuhe_longping,north,9,45
2019/1/25 21:20:00,wuhe_longping,north,5,74
2019/1/25 21:25:00,wuhe_longping,north,6,68
2019/1/25 21:30:00,wuhe_longping,north,5,48
2019/1/25 21:35:00,wuhe_longping,north,6,41
2019/1/25 21:40:00,wuhe_longping,north,10,41
2019/1/25 21:45:00,wuhe_longping,north,7,62
2019/1/25 21:50:00,wuhe_longping,north,3,33
2019/1/25 21:55:00,wuhe_longping,north,13,46
2019/1/25 22:00:00,wuhe_longping,north,3,62
2019/1/25 22:05:00,wuhe_longping,north,7,56
2019/1/25 22:10:00,wuhe_longping,north,9,51
2019/1/25 22:15:00,wuhe_longping,north,5,43
2019/1/25 22:20:00,wuhe_longping,north,6,65
2019/1/25 22:25:00,wuhe_longping,north,6,45
2019/1/25 22:30:00,wuhe_longping,north,2,48
2019/1/25 22:35:00,wuhe_longping,north,9,52
2019/1/25 22:40:00,wuhe_longping,north,8,32
2019/1/25 22:45:00,wuhe_longping,north,5,45
2019/1/25 22:50:00,wuhe_longping,north,2,30
2019/1/25 22:55:00,wuhe_longping,north,6,44
2019/1/25 23:00:00,wuhe_longping,north,3,52
2019/1/25 23:05:00,wuhe_longping,north,4,58
2019/1/25 23:10:00,wuhe_longping,north,8,37
2019/1/25 23:15:00,wuhe_longping,north,3,31
2019/1/25 23:20:00,wuhe_longping,north,2,26
2019/1/25 23:25:00,wuhe_longping,north,2,32
2019/1/25 23:30:00,wuhe_longping,north,6,26
2019/1/25 23:35:00,wuhe_longping,north,2,38
2019/1/25 23:40:00,wuhe_longping,north,1,35
2019/1/25 23:45:00,wuhe_longping,north,1,19
2019/1/25 23:50:00,wuhe_longping,north,4,30
2019/1/25 23:55:00,wuhe_longping,north,1,23
