2019/1/25 00:00:00,wuhe_jiaxian,south,0,8
2019/1/25 00:05:00,wuhe_jiaxian,south,0,17
2019/1/25 00:10:00,wuhe_jiaxian,south,0,14
2019/1/25 00:15:00,wuhe_jiaxian,south,2,11
2019/1/25 00:20:00,wuhe_jiaxian,south,0,11
2019/1/25 00:25:00,wuhe_jiaxian,south,0,11
2019/1/25 00:30:00,wuhe_jiaxian,south,0,6
2019/1/25 00:35:00,wuhe_jiaxian,south,0,15
2019/1/25 00:40:00,wuhe_jiaxian,south,0,9
2019/1/25 00:45:00,wuhe_jiaxian,south,0,13
2019/1/25 00:50:00,wuhe_jiaxian,south,0,13
2019/1/25 00:55:00,wuhe_jiaxian,south,0,7
2019/1/25 01:00:00,wuhe_jiaxian,south,0,12
2019/1/25 01:05:00,wuhe_jiaxian,south,0,4
2019/1/25 01:10:00,wuhe_jiaxian,south,0,12
2019/1/25 01:15:00,wuhe_jiaxian,south,0,13
2019/1/25 01:20:00,wuhe_jiaxian,south,0,7
2019/1/25 01:25:00,wuhe_jiaxian,south,0,4
2019/1/25 01:30:00,wuhe_jiaxian,south,0,12
2019/1/25 01:35:00,wuhe_jiaxian,south,0,5
2019/1/25 01:40:00,wuhe_jiaxian,south,0,7
2019/1/25 01:45:00,wuhe_jiaxian,south,0,9
2019/1/25 01:50:00,wuhe_jiaxian,south,0,5
2019/1/25 01:55:00,wuhe_jiaxian,south,0,6
2019/1/25 02:00:00,wuhe_jiaxian,south,0,5
2019/1/25 02:05:00,wuhe_jiaxian,south,0,7
2019/1/25 02:10:00,wuhe_jiaxian,south,0,5
2019/1/25 02:15:00,wuhe_jiaxian,south,0,11
2019/1/25 02:20:00,wuhe_jiaxian,south,0,5
2019/1/25 02:25:00,wuhe_jiaxian,south,0,6
2019/1/25 02:30:00,wuhe_jiaxian,south,0,3
2019/1/25 02:35:00,wuhe_jiaxian,south,0,4
2019/1/25 02:40:00,wuhe_jiaxian,south,0,4
2019/1/25 02:45:00,wuhe_jiaxian,south,0,3
2019/1/25 02:50:00,wuhe_jiaxian,south,0,4
2019/1/25 02:55:00,wuhe_jiaxian,south,0,3
2019/1/25 03:00:00,wuhe_jiaxian,south,0,8
2019/1/25 03:05:00,wuhe_jiaxian,south,0,5
2019/1/25 03:10:00,wuhe_jiaxian,south,0,4
2019/1/25 03:15:00,wuhe_jiaxian,south,0,4
2019/1/25 03:20:00,wuhe_jiaxian,south,0,4
2019/1/25 03:25:00,wuhe_jiaxian,south,0,7
2019/1/25 03:30:00,wuhe_jiaxian,south,0,0
2019/1/25 03:35:00,wuhe_jiaxian,south,0,1
2019/1/25 03:40:00,wuhe_jiaxian,south,0,4
2019/1/25 03:45:00,wuhe_jiaxian,south,0,5
2019/1/25 03:50:00,wuhe_jiaxian,south,0,4
2019/1/25 03:55:00,wuhe_jiaxian,south,0,3
2019/1/25 04:00:00,wuhe_jiaxian,south,0,7
2019/1/25 04:05:00,wuhe_jiaxian,south,0,5
2019/1/25 04:10:00,wuhe_jiaxian,south,0,5
2019/1/25 04:15:00,wuhe_jiaxian,south,0,0
2019/1/25 04:20:00,wuhe_jiaxian,south,0,6
2019/1/25 04:25:00,wuhe_jiaxian,south,0,6
2019/1/25 04:30:00,wuhe_jiaxian,south,0,5
2019/1/25 04:35:00,wuhe_jiaxian,south,0,4
2019/1/25 04:40:00,wuhe_jiaxian,south,0,7
2019/1/25 04:45:00,wuhe_jiaxian,south,0,2
2019/1/25 04:50:00,wuhe_jiaxian,south,0,6
2019/1/25 04:55:00,wuhe_jiaxian,south,0,4
2019/1/25 05:00:00,wuhe_jiaxian,south,0,5
2019/1/25 05:05:00,wuhe_jiaxian,south,0,9
2019/1/25 05:10:00,wuhe_jiaxian,south,0,6
2019/1/25 05:15:00,wuhe_jiaxian,south,0,7
2019/1/25 05:20:00,wuhe_jiaxian,south,0,10
2019/1/25 05:25:00,wuhe_jiaxian,south,0,6
2019/1/25 05:30:00,wuhe_jiaxian,south,0,7
2019/1/25 05:35:00,wuhe_jiaxian,south,0,8
2019/1/25 05:40:00,wuhe_jiaxian,south,0,6
2019/1/25 05:45:00,wuhe_jiaxian,south,0,6
2019/1/25 05:50:00,wuhe_jiaxian,south,1,4
2019/1/25 05:55:00,wuhe_jiaxian,south,0,14
2019/1/25 06:00:00,wuhe_jiaxian,south,0,11
2019/1/25 06:05:00,wuhe_jiaxian,south,0,3
2019/1/25 06:10:00,wuhe_jiaxian,south,0,7
2019/1/25 06:15:00,wuhe_jiaxian,south,0,6
2019/1/25 06:20:00,wuhe_jiaxian,south,0,15
2019/1/25 06:25:00,wuhe_jiaxian,south,1,7
2019/1/25 06:30:00,wuhe_jiaxian,south,0,10
2019/1/25 06:35:00,wuhe_jiaxian,south,0,16
2019/1/25 06:40:00,wuhe_jiaxian,south,1,6
2019/1/25 06:45:00,wuhe_jiaxian,south,1,13
2019/1/25 06:50:00,wuhe_jiaxian,south,0,13
2019/1/25 06:55:00,wuhe_jiaxian,south,0,11
2019/1/25 07:00:00,wuhe_jiaxian,south,0,14
2019/1/25 07:05:00,wuhe_jiaxian,south,0,12
2019/1/25 07:10:00,wuhe_jiaxian,south,2,19
2019/1/25 07:15:00,wuhe_jiaxian,south,1,18
2019/1/25 07:20:00,wuhe_jiaxian,south,0,28
2019/1/25 07:25:00,wuhe_jiaxian,south,1,46
2019/1/25 07:30:00,wuhe_jiaxian,south,4,28
2019/1/25 07:35:00,wuhe_jiaxian,south,6,46
2019/1/25 07:40:00,wuhe_jiaxian,south,4,43
2019/1/25 07:45:00,wuhe_jiaxian,south,8,49
2019/1/25 07:50:00,wuhe_jiaxian,south,9,65
2019/1/25 07:55:00,wuhe_jiaxian,south,14,38
2019/1/25 08:00:00,wuhe_jiaxian,south,19,61
2019/1/25 08:05:00,wuhe_jiaxian,south,23,79
2019/1/25 08:10:00,wuhe_jiaxian,south,25,60
2019/1/25 08:15:00,wuhe_jiaxian,south,31,89
2019/1/25 08:20:00,wuhe_jiaxian,south,24,47
2019/1/25 08:25:00,wuhe_jiaxian,south,32,73
2019/1/25 08:30:00,wuhe_jiaxian,south,32,66
2019/1/25 08:35:00,wuhe_jiaxian,south,19,39
2019/1/25 08:40:00,wuhe_jiaxian,south,27,70
2019/1/25 08:45:00,wuhe_jiaxian,south,29,53
2019/1/25 08:50:00,wuhe_jiaxian,south,12,51
2019/1/25 08:55:00,wuhe_jiaxian,south,25,79
2019/1/25 09:00:00,wuhe_jiaxian,south,21,74
2019/1/25 09:05:00,wuhe_jiaxian,south,11,56
2019/1/25 09:10:00,wuhe_jiaxian,south,4,41
2019/1/25 09:15:00,wuhe_jiaxian,south,10,68
2019/1/25 09:20:00,wuhe_jiaxian,south,6,45
2019/1/25 09:25:00,wuhe_jiaxian,south,9,53
2019/1/25 09:30:00,wuhe_jiaxian,south,6,27
2019/1/25 09:35:00,wuhe_jiaxian,south,7,37
2019/1/25 09:40:00,wuhe_jiaxian,south,5,33
2019/1/25 09:45:00,wuhe_jiaxian,south,3,38
2019/1/25 09:50:00,wuhe_jiaxian,south,2,51
2019/1/25 09:55:00,wuhe_jiaxian,south,6,49
2019/1/25 10:00:00,wuhe_jiaxian,south,4,41
2019/1/25 10:05:00,wuhe_jiaxian,south,4,33
2019/1/25 10:10:00,wuhe_jiaxian,south,6,33
2019/1/25 10:15:00,wuhe_jiaxian,south,6,38
2019/1/25 10:20:00,wuhe_jiaxian,south,5,44
2019/1/25 10:25:00,wuhe_jiaxian,south,8,56
2019/1/25 10:30:00,wuhe_jiaxian,south,0,27
2019/1/25 10:35:00,wuhe_jiaxian,south,4,33
2019/1/25 10:40:00,wuhe_jiaxian,south,4,35
2019/1/25 10:45:00,wuhe_jiaxian,south,9,35
2019/1/25 10:50:00,wuhe_jiaxian,south,7,40
2019/1/25 10:55:00,wuhe_jiaxian,south,3,34
2019/1/25 11:00:00,wuhe_jiaxian,south,4,31
2019/1/25 11:05:00,wuhe_jiaxian,south,6,46
2019/1/25 11:10:00,wuhe_jiaxian,south,5,47
2019/1/25 11:15:00,wuhe_jiaxian,south,6,32
2019/1/25 11:20:00,wuhe_jiaxian,south,4,36
2019/1/25 11:25:00,wuhe_jiaxian,south,4,33
2019/1/25 11:30:00,wuhe_jiaxian,south,4,31
2019/1/25 11:35:00,wuhe_jiaxian,south,4,47
2019/1/25 11:40:00,wuhe_jiaxian,south,5,47
2019/1/25 11:45:00,wuhe_jiaxian,south,4,33
2019/1/25 11:50:00,wuhe_jiaxian,south,2,34
2019/1/25 11:55:00,wuhe_jiaxian,south,7,33
2019/1/25 12:00:00,wuhe_jiaxian,south,3,36
2019/1/25 12:05:00,wuhe_jiaxian,south,8,32
2019/1/25 12:10:00,wuhe_jiaxian,south,3,38
2019/1/25 12:15:00,wuhe_jiaxian,south,2,18
2019/1/25 12:20:00,wuhe_jiaxian,south,5,24
2019/1/25 12:25:00,wuhe_jiaxian,south,4,40
2019/1/25 12:30:00,wuhe_jiaxian,south,3,30
2019/1/25 12:35:00,wuhe_jiaxian,south,4,35
2019/1/25 12:40:00,wuhe_jiaxian,south,5,28
2019/1/25 12:45:00,wuhe_jiaxian,south,6,45
2019/1/25 12:50:00,wuhe_jiaxian,south,7,45
2019/1/25 12:55:00,wuhe_jiaxian,south,2,43
2019/1/25 13:00:00,wuhe_jiaxian,south,0,44
2019/1/25 13:05:00,wuhe_jiaxian,south,3,40
2019/1/25 13:10:00,wuhe_jiaxian,south,4,13
2019/1/25 13:15:00,wuhe_jiaxian,south,5,45
2019/1/25 13:20:00,wuhe_jiaxian,south,6,43
2019/1/25 13:25:00,wuhe_jiaxian,south,8,43
2019/1/25 13:30:00,wuhe_jiaxian,south,5,53
2019/1/25 13:35:00,wuhe_jiaxian,south,6,36
2019/1/25 13:40:00,wuhe_jiaxian,south,8,60
2019/1/25 13:45:00,wuhe_jiaxian,south,8,45
2019/1/25 13:50:00,wuhe_jiaxian,south,8,58
2019/1/25 13:55:00,wuhe_jiaxian,south,8,57
2019/1/25 14:00:00,wuhe_jiaxian,south,11,57
2019/1/25 14:05:00,wuhe_jiaxian,south,5,34
2019/1/25 14:10:00,wuhe_jiaxian,south,6,49
2019/1/25 14:15:00,wuhe_jiaxian,south,5,53
2019/1/25 14:20:00,wuhe_jiaxian,south,6,42
2019/1/25 14:25:00,wuhe_jiaxian,south,4,28
2019/1/25 14:30:00,wuhe_jiaxian,south,3,46
2019/1/25 14:35:00,wuhe_jiaxian,south,6,44
2019/1/25 14:40:00,wuhe_jiaxian,south,3,57
2019/1/25 14:45:00,wuhe_jiaxian,south,3,37
2019/1/25 14:50:00,wuhe_jiaxian,south,3,35
2019/1/25 14:55:00,wuhe_jiaxian,south,1,33
2019/1/25 15:00:00,wuhe_jiaxian,south,3,56
2019/1/25 15:05:00,wuhe_jiaxian,south,3,49
2019/1/25 15:10:00,wuhe_jiaxian,south,1,31
2019/1/25 15:15:00,wuhe_jiaxian,south,4,58
2019/1/25 15:20:00,wuhe_jiaxian,south,2,78
2019/1/25 15:25:00,wuhe_jiaxian,south,6,47
2019/1/25 15:30:00,wuhe_jiaxian,south,3,68
2019/1/25 15:35:00,wuhe_jiaxian,south,3,58
2019/1/25 15:40:00,wuhe_jiaxian,south,2,76
2019/1/25 15:45:00,wuhe_jiaxian,south,3,57
2019/1/25 15:50:00,wuhe_jiaxian,south,6,65
2019/1/25 15:55:00,wuhe_jiaxian,south,4,41
2019/1/25 16:00:00,wuhe_jiaxian,south,9,78
2019/1/25 16:05:00,wuhe_jiaxian,south,3,51
2019/1/25 16:10:00,wuhe_jiaxian,south,4,50
2019/1/25 16:15:00,wuhe_jiaxian,south,0,40
2019/1/25 16:20:00,wuhe_jiaxian,south,5,37
2019/1/25 16:25:00,wuhe_jiaxian,south,7,47
2019/1/25 16:30:00,wuhe_jiaxian,south,6,39
2019/1/25 16:35:00,wuhe_jiaxian,south,3,35
2019/1/25 16:40:00,wuhe_jiaxian,south,1,36
2019/1/25 16:45:00,wuhe_jiaxian,south,4,43
2019/1/25 16:50:00,wuhe_jiaxian,south,1,36
2019/1/25 16:55:00,wuhe_jiaxian,south,2,51
2019/1/25 17:00:00,wuhe_jiaxian,south,4,31
2019/1/25 17:05:00,wuhe_jiaxian,south,3,36
2019/1/25 17:10:00,wuhe_jiaxian,south,3,32
2019/1/25 17:15:00,wuhe_jiaxian,south,3,29
2019/1/25 17:20:00,wuhe_jiaxian,south,2,20
2019/1/25 17:25:00,wuhe_jiaxian,south,2,29
2019/1/25 17:30:00,wuhe_jiaxian,south,4,45
2019/1/25 17:35:00,wuhe_jiaxian,south,4,36
2019/1/25 17:40:00,wuhe_jiaxian,south,4,22
2019/1/25 17:45:00,wuhe_jiaxian,south,4,47
2019/1/25 17:50:00,wuhe_jiaxian,south,4,33
2019/1/25 17:55:00,wuhe_jiaxian,south,3,43
2019/1/25 18:00:00,wuhe_jiaxian,south,2,30
2019/1/25 18:05:00,wuhe_jiaxian,south,4,51
2019/1/25 18:10:00,wuhe_jiaxian,south,2,47
2019/1/25 18:15:00,wuhe_jiaxian,south,1,33
2019/1/25 18:20:00,wuhe_jiaxian,south,3,46
2019/1/25 18:25:00,wuhe_jiaxian,south,0,51
2019/1/25 18:30:00,wuhe_jiaxian,south,1,48
2019/1/25 18:35:00,wuhe_jiaxian,south,2,37
2019/1/25 18:40:00,wuhe_jiaxian,south,2,42
2019/1/25 18:45:00,wuhe_jiaxian,south,1,32
2019/1/25 18:50:00,wuhe_jiaxian,south,1,20
2019/1/25 18:55:00,wuhe_jiaxian,south,0,34
2019/1/25 19:00:00,wuhe_jiaxian,south,2,37
2019/1/25 19:05:00,wuhe_jiaxian,south,2,52
2019/1/25 19:10:00,wuhe_jiaxian,south,1,40
2019/1/25 19:15:00,wuhe_jiaxian,south,0,36
2019/1/25 19:20:00,wuhe_jiaxian,south,1,16
2019/1/25 19:25:00,wuhe_jiaxian,south,2,43
2019/1/25 19:30:00,wuhe_jiaxian,south,2,37
2019/1/25 19:35:00,wuhe_jiaxian,south,1,29
2019/1/25 19:40:00,wuhe_jiaxian,south,0,41
2019/1/25 19:45:00,wuhe_jiaxian,south,0,35
2019/1/25 19:50:00,wuhe_jiaxian,south,0,31
2019/1/25 19:55:00,wuhe_jiaxian,south,1,34
2019/1/25 20:00:00,wuhe_jiaxian,south,0,26
2019/1/25 20:05:00,wuhe_jiaxian,south,1,44
2019/1/25 20:10:00,wuhe_jiaxian,south,0,26
2019/1/25 20:15:00,wuhe_jiaxian,south,2,18
2019/1/25 20:20:00,wuhe_jiaxian,south,3,44
2019/1/25 20:25:00,wuhe_jiaxian,south,0,37
2019/1/25 20:30:00,wuhe_jiaxian,south,1,30
2019/1/25 20:35:00,wuhe_jiaxian,south,4,33
2019/1/25 20:40:00,wuhe_jiaxian,south,0,37
2019/1/25 20:45:00,wuhe_jiaxian,south,0,35
2019/1/25 20:50:00,wuhe_jiaxian,south,4,40
2019/1/25 20:55:00,wuhe_jiaxian,south,1,34
2019/1/25 21:00:00,wuhe_jiaxian,south,1,58
2019/1/25 21:05:00,wuhe_jiaxian,south,2,36
2019/1/25 21:10:00,wuhe_jiaxian,south,4,43
2019/1/25 21:15:00,wuhe_jiaxian,south,0,24
2019/1/25 21:20:00,wuhe_jiaxian,south,2,45
2019/1/25 21:25:00,wuhe_jiaxian,south,1,19
2019/1/25 21:30:00,wuhe_jiaxian,south,0,46
2019/1/25 21:35:00,wuhe_jiaxian,south,3,54
2019/1/25 21:40:00,wuhe_jiaxian,south,1,25
2019/1/25 21:45:00,wuhe_jiaxian,south,1,28
2019/1/25 21:50:00,wuhe_jiaxian,south,2,33
2019/1/25 21:55:00,wuhe_jiaxian,south,1,16
2019/1/25 22:00:00,wuhe_jiaxian,south,0,31
2019/1/25 22:05:00,wuhe_jiaxian,south,1,34
2019/1/25 22:10:00,wuhe_jiaxian,south,3,47
2019/1/25 22:15:00,wuhe_jiaxian,south,0,33
2019/1/25 22:20:00,wuhe_jiaxian,south,0,45
2019/1/25 22:25:00,wuhe_jiaxian,south,0,29
2019/1/25 22:30:00,wuhe_jiaxian,south,4,33
2019/1/25 22:35:00,wuhe_jiaxian,south,3,20
2019/1/25 22:40:00,wuhe_jiaxian,south,0,45
2019/1/25 22:45:00,wuhe_jiaxian,south,1,34
2019/1/25 22:50:00,wuhe_jiaxian,south,1,33
2019/1/25 22:55:00,wuhe_jiaxian,south,0,26
2019/1/25 23:00:00,wuhe_jiaxian,south,1,28
2019/1/25 23:05:00,wuhe_jiaxian,south,0,27
2019/1/25 23:10:00,wuhe_jiaxian,south,0,22
2019/1/25 23:15:00,wuhe_jiaxian,south,1,21
2019/1/25 23:20:00,wuhe_jiaxian,south,0,23
2019/1/25 23:25:00,wuhe_jiaxian,south,0,26
2019/1/25 23:30:00,wuhe_jiaxian,south,0,30
2019/1/25 23:35:00,wuhe_jiaxian,south,2,18
2019/1/25 23:40:00,wuhe_jiaxian,south,0,16
2019/1/25 23:45:00,wuhe_jiaxian,south,0,23
2019/1/25 23:50:00,wuhe_jiaxian,south,1,14
2019/1/25 23:55:00,wuhe_jiaxian,south,0,15
