2019/1/21 00:00:00,chongzhi_beier,west,4,26
2019/1/21 00:05:00,chongzhi_beier,west,8,16
2019/1/21 00:10:00,chongzhi_beier,west,6,21
2019/1/21 00:15:00,chongzhi_beier,west,6,14
2019/1/21 00:20:00,chongzhi_beier,west,7,17
2019/1/21 00:25:00,chongzhi_beier,west,0,7
2019/1/21 00:30:00,chongzhi_beier,west,5,25
2019/1/21 00:35:00,chongzhi_beier,west,4,23
2019/1/21 00:40:00,chongzhi_beier,west,10,21
2019/1/21 00:45:00,chongzhi_beier,west,10,17
2019/1/21 00:50:00,chongzhi_beier,west,5,13
2019/1/21 00:55:00,chongzhi_beier,west,4,15
2019/1/21 01:00:00,chongzhi_beier,west,8,18
2019/1/21 01:05:00,chongzhi_beier,west,2,12
2019/1/21 01:10:00,chongzhi_beier,west,1,6
2019/1/21 01:15:00,chongzhi_beier,west,4,14
2019/1/21 01:20:00,chongzhi_beier,west,9,13
2019/1/21 01:25:00,chongzhi_beier,west,2,15
2019/1/21 01:30:00,chongzhi_beier,west,6,12
2019/1/21 01:35:00,chongzhi_beier,west,4,4
2019/1/21 01:40:00,chongzhi_beier,west,3,10
2019/1/21 01:45:00,chongzhi_beier,west,6,10
2019/1/21 01:50:00,chongzhi_beier,west,2,6
2019/1/21 01:55:00,chongzhi_beier,west,3,12
2019/1/21 02:00:00,chongzhi_beier,west,3,11
2019/1/21 02:05:00,chongzhi_beier,west,6,7
2019/1/21 02:10:00,chongzhi_beier,west,7,9
2019/1/21 02:15:00,chongzhi_beier,west,5,15
2019/1/21 02:20:00,chongzhi_beier,west,2,7
2019/1/21 02:25:00,chongzhi_beier,west,3,16
2019/1/21 02:30:00,chongzhi_beier,west,3,8
2019/1/21 02:35:00,chongzhi_beier,west,0,6
2019/1/21 02:40:00,chongzhi_beier,west,6,6
2019/1/21 02:45:00,chongzhi_beier,west,6,4
2019/1/21 02:50:00,chongzhi_beier,west,3,9
2019/1/21 02:55:00,chongzhi_beier,west,3,3
2019/1/21 03:00:00,chongzhi_beier,west,3,8
2019/1/21 03:05:00,chongzhi_beier,west,4,4
2019/1/21 03:10:00,chongzhi_beier,west,2,3
2019/1/21 03:15:00,chongzhi_beier,west,2,6
2019/1/21 03:20:00,chongzhi_beier,west,4,7
2019/1/21 03:25:00,chongzhi_beier,west,5,6
2019/1/21 03:30:00,chongzhi_beier,west,3,4
2019/1/21 03:35:00,chongzhi_beier,west,4,2
2019/1/21 03:40:00,chongzhi_beier,west,3,6
2019/1/21 03:45:00,chongzhi_beier,west,2,2
2019/1/21 03:50:00,chongzhi_beier,west,2,3
2019/1/21 03:55:00,chongzhi_beier,west,3,1
2019/1/21 04:00:00,chongzhi_beier,west,1,2
2019/1/21 04:05:00,chongzhi_beier,west,2,6
2019/1/21 04:10:00,chongzhi_beier,west,2,5
2019/1/21 04:15:00,chongzhi_beier,west,0,3
2019/1/21 04:20:00,chongzhi_beier,west,6,3
2019/1/21 04:25:00,chongzhi_beier,west,5,4
2019/1/21 04:30:00,chongzhi_beier,west,3,4
2019/1/21 04:35:00,chongzhi_beier,west,3,8
2019/1/21 04:40:00,chongzhi_beier,west,0,3
2019/1/21 04:45:00,chongzhi_beier,west,2,6
2019/1/21 04:50:00,chongzhi_beier,west,0,3
2019/1/21 04:55:00,chongzhi_beier,west,6,5
2019/1/21 05:00:00,chongzhi_beier,west,0,9
2019/1/21 05:05:00,chongzhi_beier,west,1,5
2019/1/21 05:10:00,chongzhi_beier,west,3,5
2019/1/21 05:15:00,chongzhi_beier,west,1,10
2019/1/21 05:20:00,chongzhi_beier,west,2,4
2019/1/21 05:25:00,chongzhi_beier,west,4,3
2019/1/21 05:30:00,chongzhi_beier,west,1,7
2019/1/21 05:35:00,chongzhi_beier,west,0,2
2019/1/21 05:40:00,chongzhi_beier,west,3,10
2019/1/21 05:45:00,chongzhi_beier,west,1,4
2019/1/21 05:50:00,chongzhi_beier,west,1,2
2019/1/21 05:55:00,chongzhi_beier,west,2,4
2019/1/21 06:00:00,chongzhi_beier,west,4,6
2019/1/21 06:05:00,chongzhi_beier,west,1,9
2019/1/21 06:10:00,chongzhi_beier,west,2,16
2019/1/21 06:15:00,chongzhi_beier,west,0,11
2019/1/21 06:20:00,chongzhi_beier,west,1,7
2019/1/21 06:25:00,chongzhi_beier,west,2,17
2019/1/21 06:30:00,chongzhi_beier,west,3,10
2019/1/21 06:35:00,chongzhi_beier,west,1,14
2019/1/21 06:40:00,chongzhi_beier,west,2,11
2019/1/21 06:45:00,chongzhi_beier,west,3,12
2019/1/21 06:50:00,chongzhi_beier,west,3,11
2019/1/21 06:55:00,chongzhi_beier,west,8,15
2019/1/21 07:00:00,chongzhi_beier,west,4,16
2019/1/21 07:05:00,chongzhi_beier,west,2,9
2019/1/21 07:10:00,chongzhi_beier,west,3,12
2019/1/21 07:15:00,chongzhi_beier,west,5,22
2019/1/21 07:20:00,chongzhi_beier,west,4,20
2019/1/21 07:25:00,chongzhi_beier,west,7,37
2019/1/21 07:30:00,chongzhi_beier,west,17,19
2019/1/21 07:35:00,chongzhi_beier,west,12,34
2019/1/21 07:40:00,chongzhi_beier,west,10,25
2019/1/21 07:45:00,chongzhi_beier,west,31,38
2019/1/21 07:50:00,chongzhi_beier,west,31,30
2019/1/21 07:55:00,chongzhi_beier,west,32,28
2019/1/21 08:00:00,chongzhi_beier,west,36,31
2019/1/21 08:05:00,chongzhi_beier,west,34,34
2019/1/21 08:10:00,chongzhi_beier,west,40,41
2019/1/21 08:15:00,chongzhi_beier,west,40,37
2019/1/21 08:20:00,chongzhi_beier,west,40,24
2019/1/21 08:25:00,chongzhi_beier,west,47,61
2019/1/21 08:30:00,chongzhi_beier,west,33,34
2019/1/21 08:35:00,chongzhi_beier,west,20,29
2019/1/21 08:40:00,chongzhi_beier,west,54,47
2019/1/21 08:45:00,chongzhi_beier,west,25,37
2019/1/21 08:50:00,chongzhi_beier,west,44,45
2019/1/21 08:55:00,chongzhi_beier,west,28,32
2019/1/21 09:00:00,chongzhi_beier,west,30,42
2019/1/21 09:05:00,chongzhi_beier,west,28,45
2019/1/21 09:10:00,chongzhi_beier,west,13,38
2019/1/21 09:15:00,chongzhi_beier,west,13,43
2019/1/21 09:20:00,chongzhi_beier,west,16,37
2019/1/21 09:25:00,chongzhi_beier,west,19,49
2019/1/21 09:30:00,chongzhi_beier,west,27,54
2019/1/21 09:35:00,chongzhi_beier,west,10,36
2019/1/21 09:40:00,chongzhi_beier,west,14,37
2019/1/21 09:45:00,chongzhi_beier,west,13,54
2019/1/21 09:50:00,chongzhi_beier,west,18,35
2019/1/21 09:55:00,chongzhi_beier,west,13,38
2019/1/21 10:00:00,chongzhi_beier,west,13,57
2019/1/21 10:05:00,chongzhi_beier,west,20,54
2019/1/21 10:10:00,chongzhi_beier,west,12,26
2019/1/21 10:15:00,chongzhi_beier,west,5,30
2019/1/21 10:20:00,chongzhi_beier,west,16,61
2019/1/21 10:25:00,chongzhi_beier,west,10,48
2019/1/21 10:30:00,chongzhi_beier,west,7,38
2019/1/21 10:35:00,chongzhi_beier,west,10,47
2019/1/21 10:40:00,chongzhi_beier,west,5,23
2019/1/21 10:45:00,chongzhi_beier,west,7,55
2019/1/21 10:50:00,chongzhi_beier,west,12,52
2019/1/21 10:55:00,chongzhi_beier,west,11,39
2019/1/21 11:00:00,chongzhi_beier,west,14,54
2019/1/21 11:05:00,chongzhi_beier,west,7,41
2019/1/21 11:10:00,chongzhi_beier,west,7,40
2019/1/21 11:15:00,chongzhi_beier,west,9,60
2019/1/21 11:20:00,chongzhi_beier,west,5,31
2019/1/21 11:25:00,chongzhi_beier,west,14,68
2019/1/21 11:30:00,chongzhi_beier,west,15,47
2019/1/21 11:35:00,chongzhi_beier,west,4,26
2019/1/21 11:40:00,chongzhi_beier,west,12,57
2019/1/21 11:45:00,chongzhi_beier,west,9,41
2019/1/21 11:50:00,chongzhi_beier,west,5,42
2019/1/21 11:55:00,chongzhi_beier,west,5,52
2019/1/21 12:00:00,chongzhi_beier,west,3,35
2019/1/21 12:05:00,chongzhi_beier,west,10,55
2019/1/21 12:10:00,chongzhi_beier,west,9,54
2019/1/21 12:15:00,chongzhi_beier,west,11,27
2019/1/21 12:20:00,chongzhi_beier,west,15,33
2019/1/21 12:25:00,chongzhi_beier,west,9,53
2019/1/21 12:30:00,chongzhi_beier,west,9,38
2019/1/21 12:35:00,chongzhi_beier,west,4,42
2019/1/21 12:40:00,chongzhi_beier,west,9,45
2019/1/21 12:45:00,chongzhi_beier,west,14,38
2019/1/21 12:50:00,chongzhi_beier,west,17,34
2019/1/21 12:55:00,chongzhi_beier,west,6,36
2019/1/21 13:00:00,chongzhi_beier,west,11,44
2019/1/21 13:05:00,chongzhi_beier,west,14,44
2019/1/21 13:10:00,chongzhi_beier,west,12,45
2019/1/21 13:15:00,chongzhi_beier,west,9,43
2019/1/21 13:20:00,chongzhi_beier,west,2,42
2019/1/21 13:25:00,chongzhi_beier,west,11,49
2019/1/21 13:30:00,chongzhi_beier,west,9,51
2019/1/21 13:35:00,chongzhi_beier,west,14,54
2019/1/21 13:40:00,chongzhi_beier,west,7,30
2019/1/21 13:45:00,chongzhi_beier,west,14,47
2019/1/21 13:50:00,chongzhi_beier,west,15,66
2019/1/21 13:55:00,chongzhi_beier,west,11,59
2019/1/21 14:00:00,chongzhi_beier,west,7,45
2019/1/21 14:05:00,chongzhi_beier,west,9,36
2019/1/21 14:10:00,chongzhi_beier,west,14,51
2019/1/21 14:15:00,chongzhi_beier,west,18,39
2019/1/21 14:20:00,chongzhi_beier,west,9,45
2019/1/21 14:25:00,chongzhi_beier,west,8,40
2019/1/21 14:30:00,chongzhi_beier,west,10,59
2019/1/21 14:35:00,chongzhi_beier,west,8,40
2019/1/21 14:40:00,chongzhi_beier,west,11,42
2019/1/21 14:45:00,chongzhi_beier,west,11,60
2019/1/21 14:50:00,chongzhi_beier,west,9,43
2019/1/21 14:55:00,chongzhi_beier,west,11,47
2019/1/21 15:00:00,chongzhi_beier,west,10,59
2019/1/21 15:05:00,chongzhi_beier,west,10,45
2019/1/21 15:10:00,chongzhi_beier,west,13,53
2019/1/21 15:15:00,chongzhi_beier,west,13,36
2019/1/21 15:20:00,chongzhi_beier,west,11,58
2019/1/21 15:25:00,chongzhi_beier,west,8,69
2019/1/21 15:30:00,chongzhi_beier,west,13,46
2019/1/21 15:35:00,chongzhi_beier,west,7,48
2019/1/21 15:40:00,chongzhi_beier,west,4,50
2019/1/21 15:45:00,chongzhi_beier,west,8,36
2019/1/21 15:50:00,chongzhi_beier,west,19,61
2019/1/21 15:55:00,chongzhi_beier,west,11,60
2019/1/21 16:00:00,chongzhi_beier,west,13,31
2019/1/21 16:05:00,chongzhi_beier,west,13,52
2019/1/21 16:10:00,chongzhi_beier,west,13,62
2019/1/21 16:15:00,chongzhi_beier,west,12,73
2019/1/21 16:20:00,chongzhi_beier,west,10,51
2019/1/21 16:25:00,chongzhi_beier,west,11,56
2019/1/21 16:30:00,chongzhi_beier,west,10,46
2019/1/21 16:35:00,chongzhi_beier,west,11,45
2019/1/21 16:40:00,chongzhi_beier,west,9,64
2019/1/21 16:45:00,chongzhi_beier,west,12,63
2019/1/21 16:50:00,chongzhi_beier,west,8,52
2019/1/21 16:55:00,chongzhi_beier,west,9,37
2019/1/21 17:00:00,chongzhi_beier,west,10,66
2019/1/21 17:05:00,chongzhi_beier,west,6,76
2019/1/21 17:10:00,chongzhi_beier,west,14,52
2019/1/21 17:15:00,chongzhi_beier,west,9,38
2019/1/21 17:20:00,chongzhi_beier,west,9,51
2019/1/21 17:25:00,chongzhi_beier,west,16,44
2019/1/21 17:30:00,chongzhi_beier,west,7,42
2019/1/21 17:35:00,chongzhi_beier,west,10,69
2019/1/21 17:40:00,chongzhi_beier,west,11,45
2019/1/21 17:45:00,chongzhi_beier,west,10,67
2019/1/21 17:50:00,chongzhi_beier,west,7,63
2019/1/21 17:55:00,chongzhi_beier,west,14,47
2019/1/21 18:00:00,chongzhi_beier,west,11,57
2019/1/21 18:05:00,chongzhi_beier,west,5,31
2019/1/21 18:10:00,chongzhi_beier,west,16,70
2019/1/21 18:15:00,chongzhi_beier,west,16,73
2019/1/21 18:20:00,chongzhi_beier,west,8,24
2019/1/21 18:25:00,chongzhi_beier,west,11,54
2019/1/21 18:30:00,chongzhi_beier,west,17,72
2019/1/21 18:35:00,chongzhi_beier,west,9,48
2019/1/21 18:40:00,chongzhi_beier,west,11,43
2019/1/21 18:45:00,chongzhi_beier,west,14,81
2019/1/21 18:50:00,chongzhi_beier,west,11,53
2019/1/21 18:55:00,chongzhi_beier,west,6,45
2019/1/21 19:00:00,chongzhi_beier,west,4,41
2019/1/21 19:05:00,chongzhi_beier,west,8,62
2019/1/21 19:10:00,chongzhi_beier,west,10,42
2019/1/21 19:15:00,chongzhi_beier,west,9,52
2019/1/21 19:20:00,chongzhi_beier,west,6,53
2019/1/21 19:25:00,chongzhi_beier,west,11,52
2019/1/21 19:30:00,chongzhi_beier,west,6,47
2019/1/21 19:35:00,chongzhi_beier,west,9,39
2019/1/21 19:40:00,chongzhi_beier,west,12,70
2019/1/21 19:45:00,chongzhi_beier,west,12,60
2019/1/21 19:50:00,chongzhi_beier,west,9,74
2019/1/21 19:55:00,chongzhi_beier,west,7,45
2019/1/21 20:00:00,chongzhi_beier,west,7,43
2019/1/21 20:05:00,chongzhi_beier,west,9,61
2019/1/21 20:10:00,chongzhi_beier,west,8,49
2019/1/21 20:15:00,chongzhi_beier,west,6,38
2019/1/21 20:20:00,chongzhi_beier,west,12,63
2019/1/21 20:25:00,chongzhi_beier,west,12,37
2019/1/21 20:30:00,chongzhi_beier,west,11,56
2019/1/21 20:35:00,chongzhi_beier,west,11,48
2019/1/21 20:40:00,chongzhi_beier,west,8,47
2019/1/21 20:45:00,chongzhi_beier,west,10,56
2019/1/21 20:50:00,chongzhi_beier,west,4,47
2019/1/21 20:55:00,chongzhi_beier,west,12,71
2019/1/21 21:00:00,chongzhi_beier,west,12,65
2019/1/21 21:05:00,chongzhi_beier,west,4,38
2019/1/21 21:10:00,chongzhi_beier,west,11,58
2019/1/21 21:15:00,chongzhi_beier,west,10,43
2019/1/21 21:20:00,chongzhi_beier,west,13,53
2019/1/21 21:25:00,chongzhi_beier,west,11,53
2019/1/21 21:30:00,chongzhi_beier,west,12,45
2019/1/21 21:35:00,chongzhi_beier,west,14,61
2019/1/21 21:40:00,chongzhi_beier,west,8,36
2019/1/21 21:45:00,chongzhi_beier,west,13,65
2019/1/21 21:50:00,chongzhi_beier,west,4,43
2019/1/21 21:55:00,chongzhi_beier,west,5,32
2019/1/21 22:00:00,chongzhi_beier,west,8,51
2019/1/21 22:05:00,chongzhi_beier,west,11,51
2019/1/21 22:10:00,chongzhi_beier,west,14,45
2019/1/21 22:15:00,chongzhi_beier,west,18,39
2019/1/21 22:20:00,chongzhi_beier,west,8,51
2019/1/21 22:25:00,chongzhi_beier,west,16,46
2019/1/21 22:30:00,chongzhi_beier,west,6,35
2019/1/21 22:35:00,chongzhi_beier,west,11,38
2019/1/21 22:40:00,chongzhi_beier,west,11,50
2019/1/21 22:45:00,chongzhi_beier,west,15,38
2019/1/21 22:50:00,chongzhi_beier,west,16,47
2019/1/21 22:55:00,chongzhi_beier,west,11,49
2019/1/21 23:00:00,chongzhi_beier,west,13,36
2019/1/21 23:05:00,chongzhi_beier,west,12,44
2019/1/21 23:10:00,chongzhi_beier,west,13,50
2019/1/21 23:15:00,chongzhi_beier,west,24,36
2019/1/21 23:20:00,chongzhi_beier,west,9,31
2019/1/21 23:25:00,chongzhi_beier,west,10,31
2019/1/21 23:30:00,chongzhi_beier,west,9,28
2019/1/21 23:35:00,chongzhi_beier,west,15,33
2019/1/21 23:40:00,chongzhi_beier,west,9,30
2019/1/21 23:45:00,chongzhi_beier,west,17,27
2019/1/21 23:50:00,chongzhi_beier,west,4,25
2019/1/21 23:55:00,chongzhi_beier,west,9,32
