2019/1/21 00:00:00,chongzhi_beier,north,5,2
2019/1/21 00:05:00,chongzhi_beier,north,4,1
2019/1/21 00:10:00,chongzhi_beier,north,4,1
2019/1/21 00:15:00,chongzhi_beier,north,3,3
2019/1/21 00:20:00,chongzhi_beier,north,2,2
2019/1/21 00:25:00,chongzhi_beier,north,5,1
2019/1/21 00:30:00,chongzhi_beier,north,3,0
2019/1/21 00:35:00,chongzhi_beier,north,8,1
2019/1/21 00:40:00,chongzhi_beier,north,6,3
2019/1/21 00:45:00,chongzhi_beier,north,5,1
2019/1/21 00:50:00,chongzhi_beier,north,3,2
2019/1/21 00:55:00,chongzhi_beier,north,7,1
2019/1/21 01:00:00,chongzhi_beier,north,6,1
2019/1/21 01:05:00,chongzhi_beier,north,4,2
2019/1/21 01:10:00,chongzhi_beier,north,3,3
2019/1/21 01:15:00,chongzhi_beier,north,4,1
2019/1/21 01:20:00,chongzhi_beier,north,2,4
2019/1/21 01:25:00,chongzhi_beier,north,5,1
2019/1/21 01:30:00,chongzhi_beier,north,1,2
2019/1/21 01:35:00,chongzhi_beier,north,2,1
2019/1/21 01:40:00,chongzhi_beier,north,3,0
2019/1/21 01:45:00,chongzhi_beier,north,4,0
2019/1/21 01:50:00,chongzhi_beier,north,3,1
2019/1/21 01:55:00,chongzhi_beier,north,0,0
2019/1/21 02:00:00,chongzhi_beier,north,4,1
2019/1/21 02:05:00,chongzhi_beier,north,0,2
2019/1/21 02:10:00,chongzhi_beier,north,4,3
2019/1/21 02:15:00,chongzhi_beier,north,1,1
2019/1/21 02:20:00,chongzhi_beier,north,4,2
2019/1/21 02:25:00,chongzhi_beier,north,3,1
2019/1/21 02:30:00,chongzhi_beier,north,1,0
2019/1/21 02:35:00,chongzhi_beier,north,2,2
2019/1/21 02:40:00,chongzhi_beier,north,3,1
2019/1/21 02:45:00,chongzhi_beier,north,4,2
2019/1/21 02:50:00,chongzhi_beier,north,1,2
2019/1/21 02:55:00,chongzhi_beier,north,2,0
2019/1/21 03:00:00,chongzhi_beier,north,3,2
2019/1/21 03:05:00,chongzhi_beier,north,3,0
2019/1/21 03:10:00,chongzhi_beier,north,2,0
2019/1/21 03:15:00,chongzhi_beier,north,3,0
2019/1/21 03:20:00,chongzhi_beier,north,1,1
2019/1/21 03:25:00,chongzhi_beier,north,1,1
2019/1/21 03:30:00,chongzhi_beier,north,2,0
2019/1/21 03:35:00,chongzhi_beier,north,0,1
2019/1/21 03:40:00,chongzhi_beier,north,3,0
2019/1/21 03:45:00,chongzhi_beier,north,2,0
2019/1/21 03:50:00,chongzhi_beier,north,2,0
2019/1/21 03:55:00,chongzhi_beier,north,0,1
2019/1/21 04:00:00,chongzhi_beier,north,4,0
2019/1/21 04:05:00,chongzhi_beier,north,1,0
2019/1/21 04:10:00,chongzhi_beier,north,3,4
2019/1/21 04:15:00,chongzhi_beier,north,2,1
2019/1/21 04:20:00,chongzhi_beier,north,1,0
2019/1/21 04:25:00,chongzhi_beier,north,1,2
2019/1/21 04:30:00,chongzhi_beier,north,2,0
2019/1/21 04:35:00,chongzhi_beier,north,1,1
2019/1/21 04:40:00,chongzhi_beier,north,1,3
2019/1/21 04:45:00,chongzhi_beier,north,4,1
2019/1/21 04:50:00,chongzhi_beier,north,3,1
2019/1/21 04:55:00,chongzhi_beier,north,0,1
2019/1/21 05:00:00,chongzhi_beier,north,2,1
2019/1/21 05:05:00,chongzhi_beier,north,0,0
2019/1/21 05:10:00,chongzhi_beier,north,3,0
2019/1/21 05:15:00,chongzhi_beier,north,1,1
2019/1/21 05:20:00,chongzhi_beier,north,0,0
2019/1/21 05:25:00,chongzhi_beier,north,1,1
2019/1/21 05:30:00,chongzhi_beier,north,0,1
2019/1/21 05:35:00,chongzhi_beier,north,2,0
2019/1/21 05:40:00,chongzhi_beier,north,1,0
2019/1/21 05:45:00,chongzhi_beier,north,1,1
2019/1/21 05:50:00,chongzhi_beier,north,0,0
2019/1/21 05:55:00,chongzhi_beier,north,0,0
2019/1/21 06:00:00,chongzhi_beier,north,1,0
2019/1/21 06:05:00,chongzhi_beier,north,1,0
2019/1/21 06:10:00,chongzhi_beier,north,0,0
2019/1/21 06:15:00,chongzhi_beier,north,1,0
2019/1/21 06:20:00,chongzhi_beier,north,0,0
2019/1/21 06:25:00,chongzhi_beier,north,0,0
2019/1/21 06:30:00,chongzhi_beier,north,4,1
2019/1/21 06:35:00,chongzhi_beier,north,2,0
2019/1/21 06:40:00,chongzhi_beier,north,1,0
2019/1/21 06:45:00,chongzhi_beier,north,2,1
2019/1/21 06:50:00,chongzhi_beier,north,4,1
2019/1/21 06:55:00,chongzhi_beier,north,5,1
2019/1/21 07:00:00,chongzhi_beier,north,2,2
2019/1/21 07:05:00,chongzhi_beier,north,5,0
2019/1/21 07:10:00,chongzhi_beier,north,1,0
2019/1/21 07:15:00,chongzhi_beier,north,11,1
2019/1/21 07:20:00,chongzhi_beier,north,2,1
2019/1/21 07:25:00,chongzhi_beier,north,7,1
2019/1/21 07:30:00,chongzhi_beier,north,4,3
2019/1/21 07:35:00,chongzhi_beier,north,9,0
2019/1/21 07:40:00,chongzhi_beier,north,8,0
2019/1/21 07:45:00,chongzhi_beier,north,8,3
2019/1/21 07:50:00,chongzhi_beier,north,14,1
2019/1/21 07:55:00,chongzhi_beier,north,10,0
2019/1/21 08:00:00,chongzhi_beier,north,6,2
2019/1/21 08:05:00,chongzhi_beier,north,18,5
2019/1/21 08:10:00,chongzhi_beier,north,15,1
2019/1/21 08:15:00,chongzhi_beier,north,20,8
2019/1/21 08:20:00,chongzhi_beier,north,13,5
2019/1/21 08:25:00,chongzhi_beier,north,11,1
2019/1/21 08:30:00,chongzhi_beier,north,21,6
2019/1/21 08:35:00,chongzhi_beier,north,26,7
2019/1/21 08:40:00,chongzhi_beier,north,16,4
2019/1/21 08:45:00,chongzhi_beier,north,17,4
2019/1/21 08:50:00,chongzhi_beier,north,21,6
2019/1/21 08:55:00,chongzhi_beier,north,15,5
2019/1/21 09:00:00,chongzhi_beier,north,15,5
2019/1/21 09:05:00,chongzhi_beier,north,13,3
2019/1/21 09:10:00,chongzhi_beier,north,18,7
2019/1/21 09:15:00,chongzhi_beier,north,13,5
2019/1/21 09:20:00,chongzhi_beier,north,11,6
2019/1/21 09:25:00,chongzhi_beier,north,16,5
2019/1/21 09:30:00,chongzhi_beier,north,5,5
2019/1/21 09:35:00,chongzhi_beier,north,7,4
2019/1/21 09:40:00,chongzhi_beier,north,15,2
2019/1/21 09:45:00,chongzhi_beier,north,7,3
2019/1/21 09:50:00,chongzhi_beier,north,13,1
2019/1/21 09:55:00,chongzhi_beier,north,17,5
2019/1/21 10:00:00,chongzhi_beier,north,10,2
2019/1/21 10:05:00,chongzhi_beier,north,12,1
2019/1/21 10:10:00,chongzhi_beier,north,14,2
2019/1/21 10:15:00,chongzhi_beier,north,10,3
2019/1/21 10:20:00,chongzhi_beier,north,10,2
2019/1/21 10:25:00,chongzhi_beier,north,11,4
2019/1/21 10:30:00,chongzhi_beier,north,12,4
2019/1/21 10:35:00,chongzhi_beier,north,8,3
2019/1/21 10:40:00,chongzhi_beier,north,11,2
2019/1/21 10:45:00,chongzhi_beier,north,12,0
2019/1/21 10:50:00,chongzhi_beier,north,12,4
2019/1/21 10:55:00,chongzhi_beier,north,18,3
2019/1/21 11:00:00,chongzhi_beier,north,6,1
2019/1/21 11:05:00,chongzhi_beier,north,13,2
2019/1/21 11:10:00,chongzhi_beier,north,10,2
2019/1/21 11:15:00,chongzhi_beier,north,7,3
2019/1/21 11:20:00,chongzhi_beier,north,13,5
2019/1/21 11:25:00,chongzhi_beier,north,9,4
2019/1/21 11:30:00,chongzhi_beier,north,15,2
2019/1/21 11:35:00,chongzhi_beier,north,10,3
2019/1/21 11:40:00,chongzhi_beier,north,13,1
2019/1/21 11:45:00,chongzhi_beier,north,13,7
2019/1/21 11:50:00,chongzhi_beier,north,12,4
2019/1/21 11:55:00,chongzhi_beier,north,15,4
2019/1/21 12:00:00,chongzhi_beier,north,18,5
2019/1/21 12:05:00,chongzhi_beier,north,11,3
2019/1/21 12:10:00,chongzhi_beier,north,13,7
2019/1/21 12:15:00,chongzhi_beier,north,16,3
2019/1/21 12:20:00,chongzhi_beier,north,13,7
2019/1/21 12:25:00,chongzhi_beier,north,16,1
2019/1/21 12:30:00,chongzhi_beier,north,14,6
2019/1/21 12:35:00,chongzhi_beier,north,13,1
2019/1/21 12:40:00,chongzhi_beier,north,7,3
2019/1/21 12:45:00,chongzhi_beier,north,10,1
2019/1/21 12:50:00,chongzhi_beier,north,14,4
2019/1/21 12:55:00,chongzhi_beier,north,9,4
2019/1/21 13:00:00,chongzhi_beier,north,11,4
2019/1/21 13:05:00,chongzhi_beier,north,11,4
2019/1/21 13:10:00,chongzhi_beier,north,13,2
2019/1/21 13:15:00,chongzhi_beier,north,12,6
2019/1/21 13:20:00,chongzhi_beier,north,6,2
2019/1/21 13:25:00,chongzhi_beier,north,8,4
2019/1/21 13:30:00,chongzhi_beier,north,5,4
2019/1/21 13:35:00,chongzhi_beier,north,12,2
2019/1/21 13:40:00,chongzhi_beier,north,14,4
2019/1/21 13:45:00,chongzhi_beier,north,15,3
2019/1/21 13:50:00,chongzhi_beier,north,8,4
2019/1/21 13:55:00,chongzhi_beier,north,13,4
2019/1/21 14:00:00,chongzhi_beier,north,7,3
2019/1/21 14:05:00,chongzhi_beier,north,10,3
2019/1/21 14:10:00,chongzhi_beier,north,12,9
2019/1/21 14:15:00,chongzhi_beier,north,15,8
2019/1/21 14:20:00,chongzhi_beier,north,14,3
2019/1/21 14:25:00,chongzhi_beier,north,15,1
2019/1/21 14:30:00,chongzhi_beier,north,12,5
2019/1/21 14:35:00,chongzhi_beier,north,9,4
2019/1/21 14:40:00,chongzhi_beier,north,9,5
2019/1/21 14:45:00,chongzhi_beier,north,14,1
2019/1/21 14:50:00,chongzhi_beier,north,16,3
2019/1/21 14:55:00,chongzhi_beier,north,14,2
2019/1/21 15:00:00,chongzhi_beier,north,11,1
2019/1/21 15:05:00,chongzhi_beier,north,13,3
2019/1/21 15:10:00,chongzhi_beier,north,10,7
2019/1/21 15:15:00,chongzhi_beier,north,7,3
2019/1/21 15:20:00,chongzhi_beier,north,7,0
2019/1/21 15:25:00,chongzhi_beier,north,7,0
2019/1/21 15:30:00,chongzhi_beier,north,12,1
2019/1/21 15:35:00,chongzhi_beier,north,10,7
2019/1/21 15:40:00,chongzhi_beier,north,12,4
2019/1/21 15:45:00,chongzhi_beier,north,11,5
2019/1/21 15:50:00,chongzhi_beier,north,10,3
2019/1/21 15:55:00,chongzhi_beier,north,13,3
2019/1/21 16:00:00,chongzhi_beier,north,10,2
2019/1/21 16:05:00,chongzhi_beier,north,19,5
2019/1/21 16:10:00,chongzhi_beier,north,12,4
2019/1/21 16:15:00,chongzhi_beier,north,8,0
2019/1/21 16:20:00,chongzhi_beier,north,5,2
2019/1/21 16:25:00,chongzhi_beier,north,6,1
2019/1/21 16:30:00,chongzhi_beier,north,17,5
2019/1/21 16:35:00,chongzhi_beier,north,12,1
2019/1/21 16:40:00,chongzhi_beier,north,10,2
2019/1/21 16:45:00,chongzhi_beier,north,9,3
2019/1/21 16:50:00,chongzhi_beier,north,15,5
2019/1/21 16:55:00,chongzhi_beier,north,20,2
2019/1/21 17:00:00,chongzhi_beier,north,5,4
2019/1/21 17:05:00,chongzhi_beier,north,12,7
2019/1/21 17:10:00,chongzhi_beier,north,19,5
2019/1/21 17:15:00,chongzhi_beier,north,17,3
2019/1/21 17:20:00,chongzhi_beier,north,19,2
2019/1/21 17:25:00,chongzhi_beier,north,15,3
2019/1/21 17:30:00,chongzhi_beier,north,10,3
2019/1/21 17:35:00,chongzhi_beier,north,24,4
2019/1/21 17:40:00,chongzhi_beier,north,15,2
2019/1/21 17:45:00,chongzhi_beier,north,11,2
2019/1/21 17:50:00,chongzhi_beier,north,12,4
2019/1/21 17:55:00,chongzhi_beier,north,32,9
2019/1/21 18:00:00,chongzhi_beier,north,38,10
2019/1/21 18:05:00,chongzhi_beier,north,32,11
2019/1/21 18:10:00,chongzhi_beier,north,23,6
2019/1/21 18:15:00,chongzhi_beier,north,21,9
2019/1/21 18:20:00,chongzhi_beier,north,36,8
2019/1/21 18:25:00,chongzhi_beier,north,39,12
2019/1/21 18:30:00,chongzhi_beier,north,24,11
2019/1/21 18:35:00,chongzhi_beier,north,38,8
2019/1/21 18:40:00,chongzhi_beier,north,27,14
2019/1/21 18:45:00,chongzhi_beier,north,13,1
2019/1/21 18:50:00,chongzhi_beier,north,40,15
2019/1/21 18:55:00,chongzhi_beier,north,27,8
2019/1/21 19:00:00,chongzhi_beier,north,21,12
2019/1/21 19:05:00,chongzhi_beier,north,26,8
2019/1/21 19:10:00,chongzhi_beier,north,30,6
2019/1/21 19:15:00,chongzhi_beier,north,23,9
2019/1/21 19:20:00,chongzhi_beier,north,15,3
2019/1/21 19:25:00,chongzhi_beier,north,24,3
2019/1/21 19:30:00,chongzhi_beier,north,17,7
2019/1/21 19:35:00,chongzhi_beier,north,24,7
2019/1/21 19:40:00,chongzhi_beier,north,18,6
2019/1/21 19:45:00,chongzhi_beier,north,17,3
2019/1/21 19:50:00,chongzhi_beier,north,19,4
2019/1/21 19:55:00,chongzhi_beier,north,14,3
2019/1/21 20:00:00,chongzhi_beier,north,11,3
2019/1/21 20:05:00,chongzhi_beier,north,13,4
2019/1/21 20:10:00,chongzhi_beier,north,14,5
2019/1/21 20:15:00,chongzhi_beier,north,18,3
2019/1/21 20:20:00,chongzhi_beier,north,9,3
2019/1/21 20:25:00,chongzhi_beier,north,27,9
2019/1/21 20:30:00,chongzhi_beier,north,7,3
2019/1/21 20:35:00,chongzhi_beier,north,15,6
2019/1/21 20:40:00,chongzhi_beier,north,33,1
2019/1/21 20:45:00,chongzhi_beier,north,23,7
2019/1/21 20:50:00,chongzhi_beier,north,39,16
2019/1/21 20:55:00,chongzhi_beier,north,18,4
2019/1/21 21:00:00,chongzhi_beier,north,28,16
2019/1/21 21:05:00,chongzhi_beier,north,34,8
2019/1/21 21:10:00,chongzhi_beier,north,29,2
2019/1/21 21:15:00,chongzhi_beier,north,24,8
2019/1/21 21:20:00,chongzhi_beier,north,18,3
2019/1/21 21:25:00,chongzhi_beier,north,19,4
2019/1/21 21:30:00,chongzhi_beier,north,30,4
2019/1/21 21:35:00,chongzhi_beier,north,11,3
2019/1/21 21:40:00,chongzhi_beier,north,32,2
2019/1/21 21:45:00,chongzhi_beier,north,18,3
2019/1/21 21:50:00,chongzhi_beier,north,16,5
2019/1/21 21:55:00,chongzhi_beier,north,17,7
2019/1/21 22:00:00,chongzhi_beier,north,18,3
2019/1/21 22:05:00,chongzhi_beier,north,16,2
2019/1/21 22:10:00,chongzhi_beier,north,12,5
2019/1/21 22:15:00,chongzhi_beier,north,14,1
2019/1/21 22:20:00,chongzhi_beier,north,22,5
2019/1/21 22:25:00,chongzhi_beier,north,18,4
2019/1/21 22:30:00,chongzhi_beier,north,7,0
2019/1/21 22:35:00,chongzhi_beier,north,9,6
2019/1/21 22:40:00,chongzhi_beier,north,18,4
2019/1/21 22:45:00,chongzhi_beier,north,13,2
2019/1/21 22:50:00,chongzhi_beier,north,13,2
2019/1/21 22:55:00,chongzhi_beier,north,10,1
2019/1/21 23:00:00,chongzhi_beier,north,15,2
2019/1/21 23:05:00,chongzhi_beier,north,24,4
2019/1/21 23:10:00,chongzhi_beier,north,12,1
2019/1/21 23:15:00,chongzhi_beier,north,18,3
2019/1/21 23:20:00,chongzhi_beier,north,13,1
2019/1/21 23:25:00,chongzhi_beier,north,19,4
2019/1/21 23:30:00,chongzhi_beier,north,18,3
2019/1/21 23:35:00,chongzhi_beier,north,14,1
2019/1/21 23:40:00,chongzhi_beier,north,9,1
2019/1/21 23:45:00,chongzhi_beier,north,11,2
2019/1/21 23:50:00,chongzhi_beier,north,7,1
2019/1/21 23:55:00,chongzhi_beier,north,10,5
