2019/1/21 00:00:00,chongzhi_beier,east,1,18
2019/1/21 00:05:00,chongzhi_beier,east,4,26
2019/1/21 00:10:00,chongzhi_beier,east,6,16
2019/1/21 00:15:00,chongzhi_beier,east,7,17
2019/1/21 00:20:00,chongzhi_beier,east,1,11
2019/1/21 00:25:00,chongzhi_beier,east,4,14
2019/1/21 00:30:00,chongzhi_beier,east,3,13
2019/1/21 00:35:00,chongzhi_beier,east,4,13
2019/1/21 00:40:00,chongzhi_beier,east,3,10
2019/1/21 00:45:00,chongzhi_beier,east,3,10
2019/1/21 00:50:00,chongzhi_beier,east,2,48
2019/1/21 00:55:00,chongzhi_beier,east,1,9
2019/1/21 01:00:00,chongzhi_beier,east,4,12
2019/1/21 01:05:00,chongzhi_beier,east,4,9
2019/1/21 01:10:00,chongzhi_beier,east,4,11
2019/1/21 01:15:00,chongzhi_beier,east,3,6
2019/1/21 01:20:00,chongzhi_beier,east,2,5
2019/1/21 01:25:00,chongzhi_beier,east,3,9
2019/1/21 01:30:00,chongzhi_beier,east,1,6
2019/1/21 01:35:00,chongzhi_beier,east,2,4
2019/1/21 01:40:00,chongzhi_beier,east,4,6
2019/1/21 01:45:00,chongzhi_beier,east,5,3
2019/1/21 01:50:00,chongzhi_beier,east,1,8
2019/1/21 01:55:00,chongzhi_beier,east,1,8
2019/1/21 02:00:00,chongzhi_beier,east,0,10
2019/1/21 02:05:00,chongzhi_beier,east,3,6
2019/1/21 02:10:00,chongzhi_beier,east,3,9
2019/1/21 02:15:00,chongzhi_beier,east,0,7
2019/1/21 02:20:00,chongzhi_beier,east,1,7
2019/1/21 02:25:00,chongzhi_beier,east,3,4
2019/1/21 02:30:00,chongzhi_beier,east,1,8
2019/1/21 02:35:00,chongzhi_beier,east,0,3
2019/1/21 02:40:00,chongzhi_beier,east,1,9
2019/1/21 02:45:00,chongzhi_beier,east,1,4
2019/1/21 02:50:00,chongzhi_beier,east,2,7
2019/1/21 02:55:00,chongzhi_beier,east,0,5
2019/1/21 03:00:00,chongzhi_beier,east,1,5
2019/1/21 03:05:00,chongzhi_beier,east,5,3
2019/1/21 03:10:00,chongzhi_beier,east,1,3
2019/1/21 03:15:00,chongzhi_beier,east,1,6
2019/1/21 03:20:00,chongzhi_beier,east,1,3
2019/1/21 03:25:00,chongzhi_beier,east,1,3
2019/1/21 03:30:00,chongzhi_beier,east,1,9
2019/1/21 03:35:00,chongzhi_beier,east,2,5
2019/1/21 03:40:00,chongzhi_beier,east,2,5
2019/1/21 03:45:00,chongzhi_beier,east,0,6
2019/1/21 03:50:00,chongzhi_beier,east,1,8
2019/1/21 03:55:00,chongzhi_beier,east,0,4
2019/1/21 04:00:00,chongzhi_beier,east,0,6
2019/1/21 04:05:00,chongzhi_beier,east,1,7
2019/1/21 04:10:00,chongzhi_beier,east,1,8
2019/1/21 04:15:00,chongzhi_beier,east,1,2
2019/1/21 04:20:00,chongzhi_beier,east,2,4
2019/1/21 04:25:00,chongzhi_beier,east,2,2
2019/1/21 04:30:00,chongzhi_beier,east,0,6
2019/1/21 04:35:00,chongzhi_beier,east,0,5
2019/1/21 04:40:00,chongzhi_beier,east,3,6
2019/1/21 04:45:00,chongzhi_beier,east,1,6
2019/1/21 04:50:00,chongzhi_beier,east,2,4
2019/1/21 04:55:00,chongzhi_beier,east,1,5
2019/1/21 05:00:00,chongzhi_beier,east,3,8
2019/1/21 05:05:00,chongzhi_beier,east,2,6
2019/1/21 05:10:00,chongzhi_beier,east,0,5
2019/1/21 05:15:00,chongzhi_beier,east,0,9
2019/1/21 05:20:00,chongzhi_beier,east,0,8
2019/1/21 05:25:00,chongzhi_beier,east,1,12
2019/1/21 05:30:00,chongzhi_beier,east,1,5
2019/1/21 05:35:00,chongzhi_beier,east,2,15
2019/1/21 05:40:00,chongzhi_beier,east,3,10
2019/1/21 05:45:00,chongzhi_beier,east,2,13
2019/1/21 05:50:00,chongzhi_beier,east,3,17
2019/1/21 05:55:00,chongzhi_beier,east,0,8
2019/1/21 06:00:00,chongzhi_beier,east,0,14
2019/1/21 06:05:00,chongzhi_beier,east,1,20
2019/1/21 06:10:00,chongzhi_beier,east,1,27
2019/1/21 06:15:00,chongzhi_beier,east,1,14
2019/1/21 06:20:00,chongzhi_beier,east,1,15
2019/1/21 06:25:00,chongzhi_beier,east,2,22
2019/1/21 06:30:00,chongzhi_beier,east,1,18
2019/1/21 06:35:00,chongzhi_beier,east,2,17
2019/1/21 06:40:00,chongzhi_beier,east,1,27
2019/1/21 06:45:00,chongzhi_beier,east,2,31
2019/1/21 06:50:00,chongzhi_beier,east,1,23
2019/1/21 06:55:00,chongzhi_beier,east,0,47
2019/1/21 07:00:00,chongzhi_beier,east,1,42
2019/1/21 07:05:00,chongzhi_beier,east,2,42
2019/1/21 07:10:00,chongzhi_beier,east,2,34
2019/1/21 07:15:00,chongzhi_beier,east,1,45
2019/1/21 07:20:00,chongzhi_beier,east,4,50
2019/1/21 07:25:00,chongzhi_beier,east,4,86
2019/1/21 07:30:00,chongzhi_beier,east,8,48
2019/1/21 07:35:00,chongzhi_beier,east,4,48
2019/1/21 07:40:00,chongzhi_beier,east,1,54
2019/1/21 07:45:00,chongzhi_beier,east,7,47
2019/1/21 07:50:00,chongzhi_beier,east,7,49
2019/1/21 07:55:00,chongzhi_beier,east,4,77
2019/1/21 08:00:00,chongzhi_beier,east,6,81
2019/1/21 08:05:00,chongzhi_beier,east,6,62
2019/1/21 08:10:00,chongzhi_beier,east,8,76
2019/1/21 08:15:00,chongzhi_beier,east,7,68
2019/1/21 08:20:00,chongzhi_beier,east,17,111
2019/1/21 08:25:00,chongzhi_beier,east,4,74
2019/1/21 08:30:00,chongzhi_beier,east,8,56
2019/1/21 08:35:00,chongzhi_beier,east,8,81
2019/1/21 08:40:00,chongzhi_beier,east,10,78
2019/1/21 08:45:00,chongzhi_beier,east,6,51
2019/1/21 08:50:00,chongzhi_beier,east,13,98
2019/1/21 08:55:00,chongzhi_beier,east,9,77
2019/1/21 09:00:00,chongzhi_beier,east,13,80
2019/1/21 09:05:00,chongzhi_beier,east,14,55
2019/1/21 09:10:00,chongzhi_beier,east,18,94
2019/1/21 09:15:00,chongzhi_beier,east,9,51
2019/1/21 09:20:00,chongzhi_beier,east,9,66
2019/1/21 09:25:00,chongzhi_beier,east,14,61
2019/1/21 09:30:00,chongzhi_beier,east,10,52
2019/1/21 09:35:00,chongzhi_beier,east,9,77
2019/1/21 09:40:00,chongzhi_beier,east,9,50
2019/1/21 09:45:00,chongzhi_beier,east,10,38
2019/1/21 09:50:00,chongzhi_beier,east,9,69
2019/1/21 09:55:00,chongzhi_beier,east,10,61
2019/1/21 10:00:00,chongzhi_beier,east,4,52
2019/1/21 10:05:00,chongzhi_beier,east,8,53
2019/1/21 10:10:00,chongzhi_beier,east,14,46
2019/1/21 10:15:00,chongzhi_beier,east,7,44
2019/1/21 10:20:00,chongzhi_beier,east,13,63
2019/1/21 10:25:00,chongzhi_beier,east,15,40
2019/1/21 10:30:00,chongzhi_beier,east,9,39
2019/1/21 10:35:00,chongzhi_beier,east,7,52
2019/1/21 10:40:00,chongzhi_beier,east,10,61
2019/1/21 10:45:00,chongzhi_beier,east,8,49
2019/1/21 10:50:00,chongzhi_beier,east,3,52
2019/1/21 10:55:00,chongzhi_beier,east,8,62
2019/1/21 11:00:00,chongzhi_beier,east,5,60
2019/1/21 11:05:00,chongzhi_beier,east,9,45
2019/1/21 11:10:00,chongzhi_beier,east,19,47
2019/1/21 11:15:00,chongzhi_beier,east,7,33
2019/1/21 11:20:00,chongzhi_beier,east,9,54
2019/1/21 11:25:00,chongzhi_beier,east,9,57
2019/1/21 11:30:00,chongzhi_beier,east,3,31
2019/1/21 11:35:00,chongzhi_beier,east,10,63
2019/1/21 11:40:00,chongzhi_beier,east,12,55
2019/1/21 11:45:00,chongzhi_beier,east,9,35
2019/1/21 11:50:00,chongzhi_beier,east,9,69
2019/1/21 11:55:00,chongzhi_beier,east,9,41
2019/1/21 12:00:00,chongzhi_beier,east,6,43
2019/1/21 12:05:00,chongzhi_beier,east,15,73
2019/1/21 12:10:00,chongzhi_beier,east,8,39
2019/1/21 12:15:00,chongzhi_beier,east,11,60
2019/1/21 12:20:00,chongzhi_beier,east,7,22
2019/1/21 12:25:00,chongzhi_beier,east,10,7
2019/1/21 12:30:00,chongzhi_beier,east,11,14
2019/1/21 12:35:00,chongzhi_beier,east,10,12
2019/1/21 12:40:00,chongzhi_beier,east,9,15
2019/1/21 12:45:00,chongzhi_beier,east,6,13
2019/1/21 12:50:00,chongzhi_beier,east,3,11
2019/1/21 12:55:00,chongzhi_beier,east,10,13
2019/1/21 13:00:00,chongzhi_beier,east,10,14
2019/1/21 13:05:00,chongzhi_beier,east,6,18
2019/1/21 13:10:00,chongzhi_beier,east,5,9
2019/1/21 13:15:00,chongzhi_beier,east,11,20
2019/1/21 13:20:00,chongzhi_beier,east,3,18
2019/1/21 13:25:00,chongzhi_beier,east,13,16
2019/1/21 13:30:00,chongzhi_beier,east,8,16
2019/1/21 13:35:00,chongzhi_beier,east,4,15
2019/1/21 13:40:00,chongzhi_beier,east,14,23
2019/1/21 13:45:00,chongzhi_beier,east,14,15
2019/1/21 13:50:00,chongzhi_beier,east,12,15
2019/1/21 13:55:00,chongzhi_beier,east,7,14
2019/1/21 14:00:00,chongzhi_beier,east,3,30
2019/1/21 14:05:00,chongzhi_beier,east,9,20
2019/1/21 14:10:00,chongzhi_beier,east,12,18
2019/1/21 14:15:00,chongzhi_beier,east,13,18
2019/1/21 14:20:00,chongzhi_beier,east,4,16
2019/1/21 14:25:00,chongzhi_beier,east,4,13
2019/1/21 14:30:00,chongzhi_beier,east,10,15
2019/1/21 14:35:00,chongzhi_beier,east,7,22
2019/1/21 14:40:00,chongzhi_beier,east,7,16
2019/1/21 14:45:00,chongzhi_beier,east,14,25
2019/1/21 14:50:00,chongzhi_beier,east,16,12
2019/1/21 14:55:00,chongzhi_beier,east,8,10
2019/1/21 15:00:00,chongzhi_beier,east,14,14
2019/1/21 15:05:00,chongzhi_beier,east,11,16
2019/1/21 15:10:00,chongzhi_beier,east,6,25
2019/1/21 15:15:00,chongzhi_beier,east,8,55
2019/1/21 15:20:00,chongzhi_beier,east,8,73
2019/1/21 15:25:00,chongzhi_beier,east,6,42
2019/1/21 15:30:00,chongzhi_beier,east,6,68
2019/1/21 15:35:00,chongzhi_beier,east,7,52
2019/1/21 15:40:00,chongzhi_beier,east,6,59
2019/1/21 15:45:00,chongzhi_beier,east,12,28
2019/1/21 15:50:00,chongzhi_beier,east,5,54
2019/1/21 15:55:00,chongzhi_beier,east,9,78
2019/1/21 16:00:00,chongzhi_beier,east,13,57
2019/1/21 16:05:00,chongzhi_beier,east,5,57
2019/1/21 16:10:00,chongzhi_beier,east,9,55
2019/1/21 16:15:00,chongzhi_beier,east,9,44
2019/1/21 16:20:00,chongzhi_beier,east,7,63
2019/1/21 16:25:00,chongzhi_beier,east,9,36
2019/1/21 16:30:00,chongzhi_beier,east,8,57
2019/1/21 16:35:00,chongzhi_beier,east,10,60
2019/1/21 16:40:00,chongzhi_beier,east,7,56
2019/1/21 16:45:00,chongzhi_beier,east,17,76
2019/1/21 16:50:00,chongzhi_beier,east,10,59
2019/1/21 16:55:00,chongzhi_beier,east,10,42
2019/1/21 17:00:00,chongzhi_beier,east,9,48
2019/1/21 17:05:00,chongzhi_beier,east,8,59
2019/1/21 17:10:00,chongzhi_beier,east,8,87
2019/1/21 17:15:00,chongzhi_beier,east,5,36
2019/1/21 17:20:00,chongzhi_beier,east,14,65
2019/1/21 17:25:00,chongzhi_beier,east,6,36
2019/1/21 17:30:00,chongzhi_beier,east,5,58
2019/1/21 17:35:00,chongzhi_beier,east,8,63
2019/1/21 17:40:00,chongzhi_beier,east,11,57
2019/1/21 17:45:00,chongzhi_beier,east,15,70
2019/1/21 17:50:00,chongzhi_beier,east,14,65
2019/1/21 17:55:00,chongzhi_beier,east,7,45
2019/1/21 18:00:00,chongzhi_beier,east,12,36
2019/1/21 18:05:00,chongzhi_beier,east,14,48
2019/1/21 18:10:00,chongzhi_beier,east,6,59
2019/1/21 18:15:00,chongzhi_beier,east,7,62
2019/1/21 18:20:00,chongzhi_beier,east,11,47
2019/1/21 18:25:00,chongzhi_beier,east,15,75
2019/1/21 18:30:00,chongzhi_beier,east,8,76
2019/1/21 18:35:00,chongzhi_beier,east,8,41
2019/1/21 18:40:00,chongzhi_beier,east,11,68
2019/1/21 18:45:00,chongzhi_beier,east,16,46
2019/1/21 18:50:00,chongzhi_beier,east,6,41
2019/1/21 18:55:00,chongzhi_beier,east,6,43
2019/1/21 19:00:00,chongzhi_beier,east,9,51
2019/1/21 19:05:00,chongzhi_beier,east,11,25
2019/1/21 19:10:00,chongzhi_beier,east,6,37
2019/1/21 19:15:00,chongzhi_beier,east,10,47
2019/1/21 19:20:00,chongzhi_beier,east,10,45
2019/1/21 19:25:00,chongzhi_beier,east,5,49
2019/1/21 19:30:00,chongzhi_beier,east,11,40
2019/1/21 19:35:00,chongzhi_beier,east,7,36
2019/1/21 19:40:00,chongzhi_beier,east,8,52
2019/1/21 19:45:00,chongzhi_beier,east,12,42
2019/1/21 19:50:00,chongzhi_beier,east,9,52
2019/1/21 19:55:00,chongzhi_beier,east,12,29
2019/1/21 20:00:00,chongzhi_beier,east,13,51
2019/1/21 20:05:00,chongzhi_beier,east,8,39
2019/1/21 20:10:00,chongzhi_beier,east,7,61
2019/1/21 20:15:00,chongzhi_beier,east,5,36
2019/1/21 20:20:00,chongzhi_beier,east,8,47
2019/1/21 20:25:00,chongzhi_beier,east,10,31
2019/1/21 20:30:00,chongzhi_beier,east,7,28
2019/1/21 20:35:00,chongzhi_beier,east,14,51
2019/1/21 20:40:00,chongzhi_beier,east,7,31
2019/1/21 20:45:00,chongzhi_beier,east,9,34
2019/1/21 20:50:00,chongzhi_beier,east,8,51
2019/1/21 20:55:00,chongzhi_beier,east,9,30
2019/1/21 21:00:00,chongzhi_beier,east,8,58
2019/1/21 21:05:00,chongzhi_beier,east,4,39
2019/1/21 21:10:00,chongzhi_beier,east,8,44
2019/1/21 21:15:00,chongzhi_beier,east,7,35
2019/1/21 21:20:00,chongzhi_beier,east,5,32
2019/1/21 21:25:00,chongzhi_beier,east,12,51
2019/1/21 21:30:00,chongzhi_beier,east,8,38
2019/1/21 21:35:00,chongzhi_beier,east,8,50
2019/1/21 21:40:00,chongzhi_beier,east,4,33
2019/1/21 21:45:00,chongzhi_beier,east,9,30
2019/1/21 21:50:00,chongzhi_beier,east,9,44
2019/1/21 21:55:00,chongzhi_beier,east,9,35
2019/1/21 22:00:00,chongzhi_beier,east,10,43
2019/1/21 22:05:00,chongzhi_beier,east,5,39
2019/1/21 22:10:00,chongzhi_beier,east,10,46
2019/1/21 22:15:00,chongzhi_beier,east,5,30
2019/1/21 22:20:00,chongzhi_beier,east,8,27
2019/1/21 22:25:00,chongzhi_beier,east,7,21
2019/1/21 22:30:00,chongzhi_beier,east,7,34
2019/1/21 22:35:00,chongzhi_beier,east,9,25
2019/1/21 22:40:00,chongzhi_beier,east,7,27
2019/1/21 22:45:00,chongzhi_beier,east,5,29
2019/1/21 22:50:00,chongzhi_beier,east,5,34
2019/1/21 22:55:00,chongzhi_beier,east,6,27
2019/1/21 23:00:00,chongzhi_beier,east,8,40
2019/1/21 23:05:00,chongzhi_beier,east,6,27
2019/1/21 23:10:00,chongzhi_beier,east,7,29
2019/1/21 23:15:00,chongzhi_beier,east,6,24
2019/1/21 23:20:00,chongzhi_beier,east,1,29
2019/1/21 23:25:00,chongzhi_beier,east,2,28
2019/1/21 23:30:00,chongzhi_beier,east,5,20
2019/1/21 23:35:00,chongzhi_beier,east,11,28
2019/1/21 23:40:00,chongzhi_beier,east,5,21
2019/1/21 23:45:00,chongzhi_beier,east,6,24
2019/1/21 23:50:00,chongzhi_beier,east,3,18
2019/1/21 23:55:00,chongzhi_beier,east,3,20
