2019/1/21 00:00:00,wuhe_jiaxian,east,9,0
2019/1/21 00:05:00,wuhe_jiaxian,east,4,0
2019/1/21 00:10:00,wuhe_jiaxian,east,5,0
2019/1/21 00:15:00,wuhe_jiaxian,east,2,0
2019/1/21 00:20:00,wuhe_jiaxian,east,4,0
2019/1/21 00:25:00,wuhe_jiaxian,east,6,0
2019/1/21 00:30:00,wuhe_jiaxian,east,0,0
2019/1/21 00:35:00,wuhe_jiaxian,east,0,0
2019/1/21 00:40:00,wuhe_jiaxian,east,5,0
2019/1/21 00:45:00,wuhe_jiaxian,east,5,0
2019/1/21 00:50:00,wuhe_jiaxian,east,2,0
2019/1/21 00:55:00,wuhe_jiaxian,east,1,0
2019/1/21 01:00:00,wuhe_jiaxian,east,1,0
2019/1/21 01:05:00,wuhe_jiaxian,east,4,0
2019/1/21 01:10:00,wuhe_jiaxian,east,1,0
2019/1/21 01:15:00,wuhe_jiaxian,east,3,0
2019/1/21 01:20:00,wuhe_jiaxian,east,2,0
2019/1/21 01:25:00,wuhe_jiaxian,east,0,0
2019/1/21 01:30:00,wuhe_jiaxian,east,0,0
2019/1/21 01:35:00,wuhe_jiaxian,east,0,0
2019/1/21 01:40:00,wuhe_jiaxian,east,0,0
2019/1/21 01:45:00,wuhe_jiaxian,east,3,0
2019/1/21 01:50:00,wuhe_jiaxian,east,1,0
2019/1/21 01:55:00,wuhe_jiaxian,east,1,0
2019/1/21 02:00:00,wuhe_jiaxian,east,0,0
2019/1/21 02:05:00,wuhe_jiaxian,east,2,0
2019/1/21 02:10:00,wuhe_jiaxian,east,3,0
2019/1/21 02:15:00,wuhe_jiaxian,east,0,0
2019/1/21 02:20:00,wuhe_jiaxian,east,3,0
2019/1/21 02:25:00,wuhe_jiaxian,east,0,0
2019/1/21 02:30:00,wuhe_jiaxian,east,2,0
2019/1/21 02:35:00,wuhe_jiaxian,east,0,0
2019/1/21 02:40:00,wuhe_jiaxian,east,2,0
2019/1/21 02:45:00,wuhe_jiaxian,east,0,0
2019/1/21 02:50:00,wuhe_jiaxian,east,1,0
2019/1/21 02:55:00,wuhe_jiaxian,east,1,0
2019/1/21 03:00:00,wuhe_jiaxian,east,1,0
2019/1/21 03:05:00,wuhe_jiaxian,east,1,0
2019/1/21 03:10:00,wuhe_jiaxian,east,1,0
2019/1/21 03:15:00,wuhe_jiaxian,east,0,0
2019/1/21 03:20:00,wuhe_jiaxian,east,2,0
2019/1/21 03:25:00,wuhe_jiaxian,east,0,0
2019/1/21 03:30:00,wuhe_jiaxian,east,2,0
2019/1/21 03:35:00,wuhe_jiaxian,east,0,0
2019/1/21 03:40:00,wuhe_jiaxian,east,0,0
2019/1/21 03:45:00,wuhe_jiaxian,east,1,0
2019/1/21 03:50:00,wuhe_jiaxian,east,1,0
2019/1/21 03:55:00,wuhe_jiaxian,east,1,0
2019/1/21 04:00:00,wuhe_jiaxian,east,2,0
2019/1/21 04:05:00,wuhe_jiaxian,east,0,0
2019/1/21 04:10:00,wuhe_jiaxian,east,0,0
2019/1/21 04:15:00,wuhe_jiaxian,east,0,0
2019/1/21 04:20:00,wuhe_jiaxian,east,1,0
2019/1/21 04:25:00,wuhe_jiaxian,east,0,0
2019/1/21 04:30:00,wuhe_jiaxian,east,1,0
2019/1/21 04:35:00,wuhe_jiaxian,east,0,0
2019/1/21 04:40:00,wuhe_jiaxian,east,0,0
2019/1/21 04:45:00,wuhe_jiaxian,east,0,0
2019/1/21 04:50:00,wuhe_jiaxian,east,1,0
2019/1/21 04:55:00,wuhe_jiaxian,east,0,0
2019/1/21 05:00:00,wuhe_jiaxian,east,0,0
2019/1/21 05:05:00,wuhe_jiaxian,east,1,0
2019/1/21 05:10:00,wuhe_jiaxian,east,0,0
2019/1/21 05:15:00,wuhe_jiaxian,east,0,0
2019/1/21 05:20:00,wuhe_jiaxian,east,0,0
2019/1/21 05:25:00,wuhe_jiaxian,east,1,0
2019/1/21 05:30:00,wuhe_jiaxian,east,1,0
2019/1/21 05:35:00,wuhe_jiaxian,east,0,0
2019/1/21 05:40:00,wuhe_jiaxian,east,3,0
2019/1/21 05:45:00,wuhe_jiaxian,east,3,0
2019/1/21 05:50:00,wuhe_jiaxian,east,1,0
2019/1/21 05:55:00,wuhe_jiaxian,east,0,0
2019/1/21 06:00:00,wuhe_jiaxian,east,1,0
2019/1/21 06:05:00,wuhe_jiaxian,east,4,0
2019/1/21 06:10:00,wuhe_jiaxian,east,2,0
2019/1/21 06:15:00,wuhe_jiaxian,east,1,0
2019/1/21 06:20:00,wuhe_jiaxian,east,1,0
2019/1/21 06:25:00,wuhe_jiaxian,east,1,0
2019/1/21 06:30:00,wuhe_jiaxian,east,3,0
2019/1/21 06:35:00,wuhe_jiaxian,east,3,0
2019/1/21 06:40:00,wuhe_jiaxian,east,2,0
2019/1/21 06:45:00,wuhe_jiaxian,east,1,0
2019/1/21 06:50:00,wuhe_jiaxian,east,5,0
2019/1/21 06:55:00,wuhe_jiaxian,east,7,0
2019/1/21 07:00:00,wuhe_jiaxian,east,6,0
2019/1/21 07:05:00,wuhe_jiaxian,east,5,0
2019/1/21 07:10:00,wuhe_jiaxian,east,10,0
2019/1/21 07:15:00,wuhe_jiaxian,east,9,0
2019/1/21 07:20:00,wuhe_jiaxian,east,9,0
2019/1/21 07:25:00,wuhe_jiaxian,east,13,0
2019/1/21 07:30:00,wuhe_jiaxian,east,11,0
2019/1/21 07:35:00,wuhe_jiaxian,east,9,0
2019/1/21 07:40:00,wuhe_jiaxian,east,5,0
2019/1/21 07:45:00,wuhe_jiaxian,east,17,0
2019/1/21 07:50:00,wuhe_jiaxian,east,28,0
2019/1/21 07:55:00,wuhe_jiaxian,east,24,0
2019/1/21 08:00:00,wuhe_jiaxian,east,31,0
2019/1/21 08:05:00,wuhe_jiaxian,east,32,0
2019/1/21 08:10:00,wuhe_jiaxian,east,34,0
2019/1/21 08:15:00,wuhe_jiaxian,east,47,0
2019/1/21 08:20:00,wuhe_jiaxian,east,44,0
2019/1/21 08:25:00,wuhe_jiaxian,east,37,0
2019/1/21 08:30:00,wuhe_jiaxian,east,44,0
2019/1/21 08:35:00,wuhe_jiaxian,east,56,0
2019/1/21 08:40:00,wuhe_jiaxian,east,34,0
2019/1/21 08:45:00,wuhe_jiaxian,east,51,0
2019/1/21 08:50:00,wuhe_jiaxian,east,37,0
2019/1/21 08:55:00,wuhe_jiaxian,east,44,0
2019/1/21 09:00:00,wuhe_jiaxian,east,29,0
2019/1/21 09:05:00,wuhe_jiaxian,east,41,0
2019/1/21 09:10:00,wuhe_jiaxian,east,32,0
2019/1/21 09:15:00,wuhe_jiaxian,east,33,0
2019/1/21 09:20:00,wuhe_jiaxian,east,34,0
2019/1/21 09:25:00,wuhe_jiaxian,east,23,0
2019/1/21 09:30:00,wuhe_jiaxian,east,21,0
2019/1/21 09:35:00,wuhe_jiaxian,east,17,0
2019/1/21 09:40:00,wuhe_jiaxian,east,18,0
2019/1/21 09:45:00,wuhe_jiaxian,east,9,0
2019/1/21 09:50:00,wuhe_jiaxian,east,21,0
2019/1/21 09:55:00,wuhe_jiaxian,east,11,0
2019/1/21 10:00:00,wuhe_jiaxian,east,19,0
2019/1/21 10:05:00,wuhe_jiaxian,east,17,0
2019/1/21 10:10:00,wuhe_jiaxian,east,21,0
2019/1/21 10:15:00,wuhe_jiaxian,east,20,0
2019/1/21 10:20:00,wuhe_jiaxian,east,7,0
2019/1/21 10:25:00,wuhe_jiaxian,east,21,0
2019/1/21 10:30:00,wuhe_jiaxian,east,17,0
2019/1/21 10:35:00,wuhe_jiaxian,east,14,0
2019/1/21 10:40:00,wuhe_jiaxian,east,13,0
2019/1/21 10:45:00,wuhe_jiaxian,east,14,0
2019/1/21 10:50:00,wuhe_jiaxian,east,10,0
2019/1/21 10:55:00,wuhe_jiaxian,east,20,0
2019/1/21 11:00:00,wuhe_jiaxian,east,17,0
2019/1/21 11:05:00,wuhe_jiaxian,east,14,0
2019/1/21 11:10:00,wuhe_jiaxian,east,10,1
2019/1/21 11:15:00,wuhe_jiaxian,east,18,0
2019/1/21 11:20:00,wuhe_jiaxian,east,13,0
2019/1/21 11:25:00,wuhe_jiaxian,east,14,0
2019/1/21 11:30:00,wuhe_jiaxian,east,8,0
2019/1/21 11:35:00,wuhe_jiaxian,east,24,0
2019/1/21 11:40:00,wuhe_jiaxian,east,24,0
2019/1/21 11:45:00,wuhe_jiaxian,east,11,0
2019/1/21 11:50:00,wuhe_jiaxian,east,22,0
2019/1/21 11:55:00,wuhe_jiaxian,east,15,0
2019/1/21 12:00:00,wuhe_jiaxian,east,21,0
2019/1/21 12:05:00,wuhe_jiaxian,east,13,0
2019/1/21 12:10:00,wuhe_jiaxian,east,18,0
2019/1/21 12:15:00,wuhe_jiaxian,east,10,0
2019/1/21 12:20:00,wuhe_jiaxian,east,17,0
2019/1/21 12:25:00,wuhe_jiaxian,east,10,0
2019/1/21 12:30:00,wuhe_jiaxian,east,18,0
2019/1/21 12:35:00,wuhe_jiaxian,east,15,0
2019/1/21 12:40:00,wuhe_jiaxian,east,13,0
2019/1/21 12:45:00,wuhe_jiaxian,east,14,0
2019/1/21 12:50:00,wuhe_jiaxian,east,22,0
2019/1/21 12:55:00,wuhe_jiaxian,east,21,0
2019/1/21 13:00:00,wuhe_jiaxian,east,11,0
2019/1/21 13:05:00,wuhe_jiaxian,east,7,0
2019/1/21 13:10:00,wuhe_jiaxian,east,14,0
2019/1/21 13:15:00,wuhe_jiaxian,east,8,0
2019/1/21 13:20:00,wuhe_jiaxian,east,23,0
2019/1/21 13:25:00,wuhe_jiaxian,east,18,0
2019/1/21 13:30:00,wuhe_jiaxian,east,10,0
2019/1/21 13:35:00,wuhe_jiaxian,east,16,0
2019/1/21 13:40:00,wuhe_jiaxian,east,11,0
2019/1/21 13:45:00,wuhe_jiaxian,east,50,0
2019/1/21 13:50:00,wuhe_jiaxian,east,19,0
2019/1/21 13:55:00,wuhe_jiaxian,east,29,0
2019/1/21 14:00:00,wuhe_jiaxian,east,17,0
2019/1/21 14:05:00,wuhe_jiaxian,east,20,0
2019/1/21 14:10:00,wuhe_jiaxian,east,15,0
2019/1/21 14:15:00,wuhe_jiaxian,east,27,0
2019/1/21 14:20:00,wuhe_jiaxian,east,19,0
2019/1/21 14:25:00,wuhe_jiaxian,east,24,0
2019/1/21 14:30:00,wuhe_jiaxian,east,22,0
2019/1/21 14:35:00,wuhe_jiaxian,east,12,0
2019/1/21 14:40:00,wuhe_jiaxian,east,23,0
2019/1/21 14:45:00,wuhe_jiaxian,east,25,0
2019/1/21 14:50:00,wuhe_jiaxian,east,17,0
2019/1/21 14:55:00,wuhe_jiaxian,east,18,0
2019/1/21 15:00:00,wuhe_jiaxian,east,26,0
2019/1/21 15:05:00,wuhe_jiaxian,east,16,0
2019/1/21 15:10:00,wuhe_jiaxian,east,9,1
2019/1/21 15:15:00,wuhe_jiaxian,east,17,0
2019/1/21 15:20:00,wuhe_jiaxian,east,16,0
2019/1/21 15:25:00,wuhe_jiaxian,east,14,0
2019/1/21 15:30:00,wuhe_jiaxian,east,19,0
2019/1/21 15:35:00,wuhe_jiaxian,east,14,0
2019/1/21 15:40:00,wuhe_jiaxian,east,20,1
2019/1/21 15:45:00,wuhe_jiaxian,east,15,0
2019/1/21 15:50:00,wuhe_jiaxian,east,16,0
2019/1/21 15:55:00,wuhe_jiaxian,east,13,0
2019/1/21 16:00:00,wuhe_jiaxian,east,11,0
2019/1/21 16:05:00,wuhe_jiaxian,east,20,0
2019/1/21 16:10:00,wuhe_jiaxian,east,13,0
2019/1/21 16:15:00,wuhe_jiaxian,east,15,0
2019/1/21 16:20:00,wuhe_jiaxian,east,11,0
2019/1/21 16:25:00,wuhe_jiaxian,east,29,0
2019/1/21 16:30:00,wuhe_jiaxian,east,19,0
2019/1/21 16:35:00,wuhe_jiaxian,east,20,0
2019/1/21 16:40:00,wuhe_jiaxian,east,16,0
2019/1/21 16:45:00,wuhe_jiaxian,east,19,0
2019/1/21 16:50:00,wuhe_jiaxian,east,11,0
2019/1/21 16:55:00,wuhe_jiaxian,east,13,0
2019/1/21 17:00:00,wuhe_jiaxian,east,20,0
2019/1/21 17:05:00,wuhe_jiaxian,east,21,0
2019/1/21 17:10:00,wuhe_jiaxian,east,18,0
2019/1/21 17:15:00,wuhe_jiaxian,east,21,0
2019/1/21 17:20:00,wuhe_jiaxian,east,18,0
2019/1/21 17:25:00,wuhe_jiaxian,east,21,0
2019/1/21 17:30:00,wuhe_jiaxian,east,28,0
2019/1/21 17:35:00,wuhe_jiaxian,east,39,0
2019/1/21 17:40:00,wuhe_jiaxian,east,51,0
2019/1/21 17:45:00,wuhe_jiaxian,east,48,0
2019/1/21 17:50:00,wuhe_jiaxian,east,30,0
2019/1/21 17:55:00,wuhe_jiaxian,east,36,0
2019/1/21 18:00:00,wuhe_jiaxian,east,33,0
2019/1/21 18:05:00,wuhe_jiaxian,east,26,0
2019/1/21 18:10:00,wuhe_jiaxian,east,21,0
2019/1/21 18:15:00,wuhe_jiaxian,east,36,0
2019/1/21 18:20:00,wuhe_jiaxian,east,36,0
2019/1/21 18:25:00,wuhe_jiaxian,east,26,0
2019/1/21 18:30:00,wuhe_jiaxian,east,21,0
2019/1/21 18:35:00,wuhe_jiaxian,east,18,0
2019/1/21 18:40:00,wuhe_jiaxian,east,32,0
2019/1/21 18:45:00,wuhe_jiaxian,east,28,0
2019/1/21 18:50:00,wuhe_jiaxian,east,16,0
2019/1/21 18:55:00,wuhe_jiaxian,east,30,0
2019/1/21 19:00:00,wuhe_jiaxian,east,21,0
2019/1/21 19:05:00,wuhe_jiaxian,east,19,0
2019/1/21 19:10:00,wuhe_jiaxian,east,21,0
2019/1/21 19:15:00,wuhe_jiaxian,east,26,0
2019/1/21 19:20:00,wuhe_jiaxian,east,29,0
2019/1/21 19:25:00,wuhe_jiaxian,east,16,0
2019/1/21 19:30:00,wuhe_jiaxian,east,22,0
2019/1/21 19:35:00,wuhe_jiaxian,east,21,0
2019/1/21 19:40:00,wuhe_jiaxian,east,17,0
2019/1/21 19:45:00,wuhe_jiaxian,east,13,0
2019/1/21 19:50:00,wuhe_jiaxian,east,26,0
2019/1/21 19:55:00,wuhe_jiaxian,east,16,0
2019/1/21 20:00:00,wuhe_jiaxian,east,11,0
2019/1/21 20:05:00,wuhe_jiaxian,east,14,0
2019/1/21 20:10:00,wuhe_jiaxian,east,22,0
2019/1/21 20:15:00,wuhe_jiaxian,east,14,0
2019/1/21 20:20:00,wuhe_jiaxian,east,22,0
2019/1/21 20:25:00,wuhe_jiaxian,east,13,0
2019/1/21 20:30:00,wuhe_jiaxian,east,14,0
2019/1/21 20:35:00,wuhe_jiaxian,east,15,0
2019/1/21 20:40:00,wuhe_jiaxian,east,39,0
2019/1/21 20:45:00,wuhe_jiaxian,east,23,0
2019/1/21 20:50:00,wuhe_jiaxian,east,40,0
2019/1/21 20:55:00,wuhe_jiaxian,east,24,0
2019/1/21 21:00:00,wuhe_jiaxian,east,29,0
2019/1/21 21:05:00,wuhe_jiaxian,east,30,0
2019/1/21 21:10:00,wuhe_jiaxian,east,23,0
2019/1/21 21:15:00,wuhe_jiaxian,east,24,0
2019/1/21 21:20:00,wuhe_jiaxian,east,30,0
2019/1/21 21:25:00,wuhe_jiaxian,east,20,0
2019/1/21 21:30:00,wuhe_jiaxian,east,17,0
2019/1/21 21:35:00,wuhe_jiaxian,east,11,0
2019/1/21 21:40:00,wuhe_jiaxian,east,23,0
2019/1/21 21:45:00,wuhe_jiaxian,east,19,0
2019/1/21 21:50:00,wuhe_jiaxian,east,23,0
2019/1/21 21:55:00,wuhe_jiaxian,east,14,0
2019/1/21 22:00:00,wuhe_jiaxian,east,29,0
2019/1/21 22:05:00,wuhe_jiaxian,east,16,0
2019/1/21 22:10:00,wuhe_jiaxian,east,18,0
2019/1/21 22:15:00,wuhe_jiaxian,east,26,0
2019/1/21 22:20:00,wuhe_jiaxian,east,18,0
2019/1/21 22:25:00,wuhe_jiaxian,east,14,0
2019/1/21 22:30:00,wuhe_jiaxian,east,17,0
2019/1/21 22:35:00,wuhe_jiaxian,east,18,1
2019/1/21 22:40:00,wuhe_jiaxian,east,11,0
2019/1/21 22:45:00,wuhe_jiaxian,east,16,0
2019/1/21 22:50:00,wuhe_jiaxian,east,13,0
2019/1/21 22:55:00,wuhe_jiaxian,east,7,0
2019/1/21 23:00:00,wuhe_jiaxian,east,28,0
2019/1/21 23:05:00,wuhe_jiaxian,east,9,0
2019/1/21 23:10:00,wuhe_jiaxian,east,23,0
2019/1/21 23:15:00,wuhe_jiaxian,east,24,0
2019/1/21 23:20:00,wuhe_jiaxian,east,11,0
2019/1/21 23:25:00,wuhe_jiaxian,east,19,0
2019/1/21 23:30:00,wuhe_jiaxian,east,15,0
2019/1/21 23:35:00,wuhe_jiaxian,east,15,0
2019/1/21 23:40:00,wuhe_jiaxian,east,14,0
2019/1/21 23:45:00,wuhe_jiaxian,east,13,0
2019/1/21 23:50:00,wuhe_jiaxian,east,10,0
2019/1/21 23:55:00,wuhe_jiaxian,east,3,0
