2019/1/21 00:00:00,wuhe_longping,north,0,19
2019/1/21 00:05:00,wuhe_longping,north,1,21
2019/1/21 00:10:00,wuhe_longping,north,1,16
2019/1/21 00:15:00,wuhe_longping,north,1,19
2019/1/21 00:20:00,wuhe_longping,north,0,16
2019/1/21 00:25:00,wuhe_longping,north,4,10
2019/1/21 00:30:00,wuhe_longping,north,1,20
2019/1/21 00:35:00,wuhe_longping,north,0,14
2019/1/21 00:40:00,wuhe_longping,north,2,15
2019/1/21 00:45:00,wuhe_longping,north,1,19
2019/1/21 00:50:00,wuhe_longping,north,2,12
2019/1/21 00:55:00,wuhe_longping,north,0,12
2019/1/21 01:00:00,wuhe_longping,north,1,8
2019/1/21 01:05:00,wuhe_longping,north,1,11
2019/1/21 01:10:00,wuhe_longping,north,0,12
2019/1/21 01:15:00,wuhe_longping,north,3,10
2019/1/21 01:20:00,wuhe_longping,north,0,10
2019/1/21 01:25:00,wuhe_longping,north,0,6
2019/1/21 01:30:00,wuhe_longping,north,0,12
2019/1/21 01:35:00,wuhe_longping,north,2,3
2019/1/21 01:40:00,wuhe_longping,north,0,12
2019/1/21 01:45:00,wuhe_longping,north,0,6
2019/1/21 01:50:00,wuhe_longping,north,0,7
2019/1/21 01:55:00,wuhe_longping,north,0,3
2019/1/21 02:00:00,wuhe_longping,north,1,11
2019/1/21 02:05:00,wuhe_longping,north,1,7
2019/1/21 02:10:00,wuhe_longping,north,0,7
2019/1/21 02:15:00,wuhe_longping,north,0,6
2019/1/21 02:20:00,wuhe_longping,north,0,5
2019/1/21 02:25:00,wuhe_longping,north,2,12
2019/1/21 02:30:00,wuhe_longping,north,1,8
2019/1/21 02:35:00,wuhe_longping,north,0,5
2019/1/21 02:40:00,wuhe_longping,north,0,5
2019/1/21 02:45:00,wuhe_longping,north,0,5
2019/1/21 02:50:00,wuhe_longping,north,0,5
2019/1/21 02:55:00,wuhe_longping,north,0,3
2019/1/21 03:00:00,wuhe_longping,north,0,5
2019/1/21 03:05:00,wuhe_longping,north,0,10
2019/1/21 03:10:00,wuhe_longping,north,1,4
2019/1/21 03:15:00,wuhe_longping,north,0,3
2019/1/21 03:20:00,wuhe_longping,north,0,4
2019/1/21 03:25:00,wuhe_longping,north,0,4
2019/1/21 03:30:00,wuhe_longping,north,0,3
2019/1/21 03:35:00,wuhe_longping,north,0,3
2019/1/21 03:40:00,wuhe_longping,north,0,0
2019/1/21 03:45:00,wuhe_longping,north,0,4
2019/1/21 03:50:00,wuhe_longping,north,0,3
2019/1/21 03:55:00,wuhe_longping,north,0,6
2019/1/21 04:00:00,wuhe_longping,north,0,2
2019/1/21 04:05:00,wuhe_longping,north,0,1
2019/1/21 04:10:00,wuhe_longping,north,1,3
2019/1/21 04:15:00,wuhe_longping,north,0,1
2019/1/21 04:20:00,wuhe_longping,north,0,2
2019/1/21 04:25:00,wuhe_longping,north,1,2
2019/1/21 04:30:00,wuhe_longping,north,0,2
2019/1/21 04:35:00,wuhe_longping,north,0,2
2019/1/21 04:40:00,wuhe_longping,north,0,2
2019/1/21 04:45:00,wuhe_longping,north,0,2
2019/1/21 04:50:00,wuhe_longping,north,0,4
2019/1/21 04:55:00,wuhe_longping,north,2,3
2019/1/21 05:00:00,wuhe_longping,north,0,5
2019/1/21 05:05:00,wuhe_longping,north,0,3
2019/1/21 05:10:00,wuhe_longping,north,0,1
2019/1/21 05:15:00,wuhe_longping,north,0,1
2019/1/21 05:20:00,wuhe_longping,north,1,4
2019/1/21 05:25:00,wuhe_longping,north,0,6
2019/1/21 05:30:00,wuhe_longping,north,0,7
2019/1/21 05:35:00,wuhe_longping,north,1,2
2019/1/21 05:40:00,wuhe_longping,north,1,9
2019/1/21 05:45:00,wuhe_longping,north,0,2
2019/1/21 05:50:00,wuhe_longping,north,0,3
2019/1/21 05:55:00,wuhe_longping,north,0,5
2019/1/21 06:00:00,wuhe_longping,north,0,7
2019/1/21 06:05:00,wuhe_longping,north,0,8
2019/1/21 06:10:00,wuhe_longping,north,0,5
2019/1/21 06:15:00,wuhe_longping,north,1,9
2019/1/21 06:20:00,wuhe_longping,north,1,4
2019/1/21 06:25:00,wuhe_longping,north,1,11
2019/1/21 06:30:00,wuhe_longping,north,2,10
2019/1/21 06:35:00,wuhe_longping,north,1,15
2019/1/21 06:40:00,wuhe_longping,north,0,24
2019/1/21 06:45:00,wuhe_longping,north,1,12
2019/1/21 06:50:00,wuhe_longping,north,1,20
2019/1/21 06:55:00,wuhe_longping,north,1,20
2019/1/21 07:00:00,wuhe_longping,north,0,26
2019/1/21 07:05:00,wuhe_longping,north,2,27
2019/1/21 07:10:00,wuhe_longping,north,3,25
2019/1/21 07:15:00,wuhe_longping,north,1,34
2019/1/21 07:20:00,wuhe_longping,north,2,27
2019/1/21 07:25:00,wuhe_longping,north,7,46
2019/1/21 07:30:00,wuhe_longping,north,3,34
2019/1/21 07:35:00,wuhe_longping,north,12,48
2019/1/21 07:40:00,wuhe_longping,north,3,48
2019/1/21 07:45:00,wuhe_longping,north,16,51
2019/1/21 07:50:00,wuhe_longping,north,14,50
2019/1/21 07:55:00,wuhe_longping,north,17,62
2019/1/21 08:00:00,wuhe_longping,north,15,76
2019/1/21 08:05:00,wuhe_longping,north,28,76
2019/1/21 08:10:00,wuhe_longping,north,27,69
2019/1/21 08:15:00,wuhe_longping,north,26,57
2019/1/21 08:20:00,wuhe_longping,north,24,80
2019/1/21 08:25:00,wuhe_longping,north,19,63
2019/1/21 08:30:00,wuhe_longping,north,24,77
2019/1/21 08:35:00,wuhe_longping,north,31,86
2019/1/21 08:40:00,wuhe_longping,north,26,86
2019/1/21 08:45:00,wuhe_longping,north,19,61
2019/1/21 08:50:00,wuhe_longping,north,26,73
2019/1/21 08:55:00,wuhe_longping,north,20,87
2019/1/21 09:00:00,wuhe_longping,north,17,65
2019/1/21 09:05:00,wuhe_longping,north,15,74
2019/1/21 09:10:00,wuhe_longping,north,17,79
2019/1/21 09:15:00,wuhe_longping,north,14,68
2019/1/21 09:20:00,wuhe_longping,north,18,58
2019/1/21 09:25:00,wuhe_longping,north,14,59
2019/1/21 09:30:00,wuhe_longping,north,15,62
2019/1/21 09:35:00,wuhe_longping,north,15,64
2019/1/21 09:40:00,wuhe_longping,north,5,59
2019/1/21 09:45:00,wuhe_longping,north,17,57
2019/1/21 09:50:00,wuhe_longping,north,14,54
2019/1/21 09:55:00,wuhe_longping,north,9,55
2019/1/21 10:00:00,wuhe_longping,north,15,39
2019/1/21 10:05:00,wuhe_longping,north,11,53
2019/1/21 10:10:00,wuhe_longping,north,8,50
2019/1/21 10:15:00,wuhe_longping,north,10,51
2019/1/21 10:20:00,wuhe_longping,north,12,60
2019/1/21 10:25:00,wuhe_longping,north,14,47
2019/1/21 10:30:00,wuhe_longping,north,14,46
2019/1/21 10:35:00,wuhe_longping,north,10,44
2019/1/21 10:40:00,wuhe_longping,north,13,58
2019/1/21 10:45:00,wuhe_longping,north,14,39
2019/1/21 10:50:00,wuhe_longping,north,21,46
2019/1/21 10:55:00,wuhe_longping,north,10,66
2019/1/21 11:00:00,wuhe_longping,north,8,61
2019/1/21 11:05:00,wuhe_longping,north,8,35
2019/1/21 11:10:00,wuhe_longping,north,12,57
2019/1/21 11:15:00,wuhe_longping,north,14,72
2019/1/21 11:20:00,wuhe_longping,north,14,44
2019/1/21 11:25:00,wuhe_longping,north,16,46
2019/1/21 11:30:00,wuhe_longping,north,8,55
2019/1/21 11:35:00,wuhe_longping,north,11,46
2019/1/21 11:40:00,wuhe_longping,north,14,51
2019/1/21 11:45:00,wuhe_longping,north,10,59
2019/1/21 11:50:00,wuhe_longping,north,11,73
2019/1/21 11:55:00,wuhe_longping,north,20,48
2019/1/21 12:00:00,wuhe_longping,north,22,52
2019/1/21 12:05:00,wuhe_longping,north,18,57
2019/1/21 12:10:00,wuhe_longping,north,17,54
2019/1/21 12:15:00,wuhe_longping,north,18,38
2019/1/21 12:20:00,wuhe_longping,north,12,46
2019/1/21 12:25:00,wuhe_longping,north,15,48
2019/1/21 12:30:00,wuhe_longping,north,16,61
2019/1/21 12:35:00,wuhe_longping,north,9,49
2019/1/21 12:40:00,wuhe_longping,north,10,50
2019/1/21 12:45:00,wuhe_longping,north,23,46
2019/1/21 12:50:00,wuhe_longping,north,15,44
2019/1/21 12:55:00,wuhe_longping,north,9,52
2019/1/21 13:00:00,wuhe_longping,north,11,44
2019/1/21 13:05:00,wuhe_longping,north,12,40
2019/1/21 13:10:00,wuhe_longping,north,5,38
2019/1/21 13:15:00,wuhe_longping,north,8,47
2019/1/21 13:20:00,wuhe_longping,north,10,50
2019/1/21 13:25:00,wuhe_longping,north,12,57
2019/1/21 13:30:00,wuhe_longping,north,9,52
2019/1/21 13:35:00,wuhe_longping,north,10,57
2019/1/21 13:40:00,wuhe_longping,north,9,42
2019/1/21 13:45:00,wuhe_longping,north,19,60
2019/1/21 13:50:00,wuhe_longping,north,19,58
2019/1/21 13:55:00,wuhe_longping,north,13,60
2019/1/21 14:00:00,wuhe_longping,north,13,47
2019/1/21 14:05:00,wuhe_longping,north,15,55
2019/1/21 14:10:00,wuhe_longping,north,11,69
2019/1/21 14:15:00,wuhe_longping,north,10,55
2019/1/21 14:20:00,wuhe_longping,north,8,58
2019/1/21 14:25:00,wuhe_longping,north,11,46
2019/1/21 14:30:00,wuhe_longping,north,10,69
2019/1/21 14:35:00,wuhe_longping,north,12,45
2019/1/21 14:40:00,wuhe_longping,north,20,52
2019/1/21 14:45:00,wuhe_longping,north,9,70
2019/1/21 14:50:00,wuhe_longping,north,10,54
2019/1/21 14:55:00,wuhe_longping,north,7,33
2019/1/21 15:00:00,wuhe_longping,north,12,55
2019/1/21 15:05:00,wuhe_longping,north,9,56
2019/1/21 15:10:00,wuhe_longping,north,8,45
2019/1/21 15:15:00,wuhe_longping,north,15,47
2019/1/21 15:20:00,wuhe_longping,north,11,65
2019/1/21 15:25:00,wuhe_longping,north,10,59
2019/1/21 15:30:00,wuhe_longping,north,17,57
2019/1/21 15:35:00,wuhe_longping,north,9,59
2019/1/21 15:40:00,wuhe_longping,north,17,51
2019/1/21 15:45:00,wuhe_longping,north,7,56
2019/1/21 15:50:00,wuhe_longping,north,15,55
2019/1/21 15:55:00,wuhe_longping,north,11,75
2019/1/21 16:00:00,wuhe_longping,north,13,48
2019/1/21 16:05:00,wuhe_longping,north,11,70
2019/1/21 16:10:00,wuhe_longping,north,24,42
2019/1/21 16:15:00,wuhe_longping,north,7,54
2019/1/21 16:20:00,wuhe_longping,north,9,56
2019/1/21 16:25:00,wuhe_longping,north,12,63
2019/1/21 16:30:00,wuhe_longping,north,19,58
2019/1/21 16:35:00,wuhe_longping,north,9,56
2019/1/21 16:40:00,wuhe_longping,north,13,65
2019/1/21 16:45:00,wuhe_longping,north,9,49
2019/1/21 16:50:00,wuhe_longping,north,18,78
2019/1/21 16:55:00,wuhe_longping,north,12,49
2019/1/21 17:00:00,wuhe_longping,north,17,74
2019/1/21 17:05:00,wuhe_longping,north,14,42
2019/1/21 17:10:00,wuhe_longping,north,14,72
2019/1/21 17:15:00,wuhe_longping,north,17,70
2019/1/21 17:20:00,wuhe_longping,north,12,71
2019/1/21 17:25:00,wuhe_longping,north,15,69
2019/1/21 17:30:00,wuhe_longping,north,14,61
2019/1/21 17:35:00,wuhe_longping,north,26,80
2019/1/21 17:40:00,wuhe_longping,north,19,73
2019/1/21 17:45:00,wuhe_longping,north,27,106
2019/1/21 17:50:00,wuhe_longping,north,21,93
2019/1/21 17:55:00,wuhe_longping,north,24,112
2019/1/21 18:00:00,wuhe_longping,north,26,89
2019/1/21 18:05:00,wuhe_longping,north,20,110
2019/1/21 18:10:00,wuhe_longping,north,38,118
2019/1/21 18:15:00,wuhe_longping,north,12,104
2019/1/21 18:20:00,wuhe_longping,north,26,104
2019/1/21 18:25:00,wuhe_longping,north,14,101
2019/1/21 18:30:00,wuhe_longping,north,19,115
2019/1/21 18:35:00,wuhe_longping,north,9,71
2019/1/21 18:40:00,wuhe_longping,north,13,107
2019/1/21 18:45:00,wuhe_longping,north,19,100
2019/1/21 18:50:00,wuhe_longping,north,12,88
2019/1/21 18:55:00,wuhe_longping,north,14,111
2019/1/21 19:00:00,wuhe_longping,north,10,96
2019/1/21 19:05:00,wuhe_longping,north,12,86
2019/1/21 19:10:00,wuhe_longping,north,6,60
2019/1/21 19:15:00,wuhe_longping,north,9,86
2019/1/21 19:20:00,wuhe_longping,north,7,70
2019/1/21 19:25:00,wuhe_longping,north,7,53
2019/1/21 19:30:00,wuhe_longping,north,8,66
2019/1/21 19:35:00,wuhe_longping,north,14,92
2019/1/21 19:40:00,wuhe_longping,north,4,58
2019/1/21 19:45:00,wuhe_longping,north,3,64
2019/1/21 19:50:00,wuhe_longping,north,12,64
2019/1/21 19:55:00,wuhe_longping,north,6,71
2019/1/21 20:00:00,wuhe_longping,north,4,55
2019/1/21 20:05:00,wuhe_longping,north,8,46
2019/1/21 20:10:00,wuhe_longping,north,7,62
2019/1/21 20:15:00,wuhe_longping,north,9,70
2019/1/21 20:20:00,wuhe_longping,north,13,76
2019/1/21 20:25:00,wuhe_longping,north,7,58
2019/1/21 20:30:00,wuhe_longping,north,10,68
2019/1/21 20:35:00,wuhe_longping,north,14,54
2019/1/21 20:40:00,wuhe_longping,north,13,94
2019/1/21 20:45:00,wuhe_longping,north,15,85
2019/1/21 20:50:00,wuhe_longping,north,13,68
2019/1/21 20:55:00,wuhe_longping,north,15,60
2019/1/21 21:00:00,wuhe_longping,north,11,90
2019/1/21 21:05:00,wuhe_longping,north,11,73
2019/1/21 21:10:00,wuhe_longping,north,17,66
2019/1/21 21:15:00,wuhe_longping,north,12,65
2019/1/21 21:20:00,wuhe_longping,north,31,75
2019/1/21 21:25:00,wuhe_longping,north,12,63
2019/1/21 21:30:00,wuhe_longping,north,10,49
2019/1/21 21:35:00,wuhe_longping,north,13,48
2019/1/21 21:40:00,wuhe_longping,north,14,52
2019/1/21 21:45:00,wuhe_longping,north,11,66
2019/1/21 21:50:00,wuhe_longping,north,6,57
2019/1/21 21:55:00,wuhe_longping,north,6,53
2019/1/21 22:00:00,wuhe_longping,north,13,53
2019/1/21 22:05:00,wuhe_longping,north,5,41
2019/1/21 22:10:00,wuhe_longping,north,3,64
2019/1/21 22:15:00,wuhe_longping,north,13,43
2019/1/21 22:20:00,wuhe_longping,north,3,57
2019/1/21 22:25:00,wuhe_longping,north,5,59
2019/1/21 22:30:00,wuhe_longping,north,3,66
2019/1/21 22:35:00,wuhe_longping,north,9,39
2019/1/21 22:40:00,wuhe_longping,north,4,53
2019/1/21 22:45:00,wuhe_longping,north,4,31
2019/1/21 22:50:00,wuhe_longping,north,4,62
2019/1/21 22:55:00,wuhe_longping,north,8,39
2019/1/21 23:00:00,wuhe_longping,north,3,56
2019/1/21 23:05:00,wuhe_longping,north,9,44
2019/1/21 23:10:00,wuhe_longping,north,3,45
2019/1/21 23:15:00,wuhe_longping,north,6,42
2019/1/21 23:20:00,wuhe_longping,north,2,24
2019/1/21 23:25:00,wuhe_longping,north,1,40
2019/1/21 23:30:00,wuhe_longping,north,5,37
2019/1/21 23:35:00,wuhe_longping,north,4,38
2019/1/21 23:40:00,wuhe_longping,north,6,34
2019/1/21 23:45:00,wuhe_longping,north,0,30
2019/1/21 23:50:00,wuhe_longping,north,2,23
2019/1/21 23:55:00,wuhe_longping,north,0,20
