2019/1/12 00:00:00,chongzhi_beier,east,5,27
2019/1/12 00:05:00,chongzhi_beier,east,4,23
2019/1/12 00:10:00,chongzhi_beier,east,8,16
2019/1/12 00:15:00,chongzhi_beier,east,7,28
2019/1/12 00:20:00,chongzhi_beier,east,12,44
2019/1/12 00:25:00,chongzhi_beier,east,5,14
2019/1/12 00:30:00,chongzhi_beier,east,4,28
2019/1/12 00:35:00,chongzhi_beier,east,4,16
2019/1/12 00:40:00,chongzhi_beier,east,3,13
2019/1/12 00:45:00,chongzhi_beier,east,1,12
2019/1/12 00:50:00,chongzhi_beier,east,9,14
2019/1/12 00:55:00,chongzhi_beier,east,6,13
2019/1/12 01:00:00,chongzhi_beier,east,6,5
2019/1/12 01:05:00,chongzhi_beier,east,3,24
2019/1/12 01:10:00,chongzhi_beier,east,0,11
2019/1/12 01:15:00,chongzhi_beier,east,4,11
2019/1/12 01:20:00,chongzhi_beier,east,1,6
2019/1/12 01:25:00,chongzhi_beier,east,11,27
2019/1/12 01:30:00,chongzhi_beier,east,3,9
2019/1/12 01:35:00,chongzhi_beier,east,1,11
2019/1/12 01:40:00,chongzhi_beier,east,3,9
2019/1/12 01:45:00,chongzhi_beier,east,6,15
2019/1/12 01:50:00,chongzhi_beier,east,5,7
2019/1/12 01:55:00,chongzhi_beier,east,0,3
2019/1/12 02:00:00,chongzhi_beier,east,5,7
2019/1/12 02:05:00,chongzhi_beier,east,6,18
2019/1/12 02:10:00,chongzhi_beier,east,2,9
2019/1/12 02:15:00,chongzhi_beier,east,3,12
2019/1/12 02:20:00,chongzhi_beier,east,5,9
2019/1/12 02:25:00,chongzhi_beier,east,1,11
2019/1/12 02:30:00,chongzhi_beier,east,2,5
2019/1/12 02:35:00,chongzhi_beier,east,1,6
2019/1/12 02:40:00,chongzhi_beier,east,1,8
2019/1/12 02:45:00,chongzhi_beier,east,2,7
2019/1/12 02:50:00,chongzhi_beier,east,2,5
2019/1/12 02:55:00,chongzhi_beier,east,4,7
2019/1/12 03:00:00,chongzhi_beier,east,2,9
2019/1/12 03:05:00,chongzhi_beier,east,1,8
2019/1/12 03:10:00,chongzhi_beier,east,1,7
2019/1/12 03:15:00,chongzhi_beier,east,0,7
2019/1/12 03:20:00,chongzhi_beier,east,0,3
2019/1/12 03:25:00,chongzhi_beier,east,2,5
2019/1/12 03:30:00,chongzhi_beier,east,1,3
2019/1/12 03:35:00,chongzhi_beier,east,1,7
2019/1/12 03:40:00,chongzhi_beier,east,0,8
2019/1/12 03:45:00,chongzhi_beier,east,3,2
2019/1/12 03:50:00,chongzhi_beier,east,0,7
2019/1/12 03:55:00,chongzhi_beier,east,1,5
2019/1/12 04:00:00,chongzhi_beier,east,2,3
2019/1/12 04:05:00,chongzhi_beier,east,0,2
2019/1/12 04:10:00,chongzhi_beier,east,0,7
2019/1/12 04:15:00,chongzhi_beier,east,1,7
2019/1/12 04:20:00,chongzhi_beier,east,1,7
2019/1/12 04:25:00,chongzhi_beier,east,4,10
2019/1/12 04:30:00,chongzhi_beier,east,0,8
2019/1/12 04:35:00,chongzhi_beier,east,0,6
2019/1/12 04:40:00,chongzhi_beier,east,0,2
2019/1/12 04:45:00,chongzhi_beier,east,0,4
2019/1/12 04:50:00,chongzhi_beier,east,2,8
2019/1/12 04:55:00,chongzhi_beier,east,0,4
2019/1/12 05:00:00,chongzhi_beier,east,1,5
2019/1/12 05:05:00,chongzhi_beier,east,2,5
2019/1/12 05:10:00,chongzhi_beier,east,0,7
2019/1/12 05:15:00,chongzhi_beier,east,1,9
2019/1/12 05:20:00,chongzhi_beier,east,5,6
2019/1/12 05:25:00,chongzhi_beier,east,1,6
2019/1/12 05:30:00,chongzhi_beier,east,0,4
2019/1/12 05:35:00,chongzhi_beier,east,2,7
2019/1/12 05:40:00,chongzhi_beier,east,2,6
2019/1/12 05:45:00,chongzhi_beier,east,0,9
2019/1/12 05:50:00,chongzhi_beier,east,2,12
2019/1/12 05:55:00,chongzhi_beier,east,0,5
2019/1/12 06:00:00,chongzhi_beier,east,1,15
2019/1/12 06:05:00,chongzhi_beier,east,4,12
2019/1/12 06:10:00,chongzhi_beier,east,0,9
2019/1/12 06:15:00,chongzhi_beier,east,1,17
2019/1/12 06:20:00,chongzhi_beier,east,0,10
2019/1/12 06:25:00,chongzhi_beier,east,0,8
2019/1/12 06:30:00,chongzhi_beier,east,5,16
2019/1/12 06:35:00,chongzhi_beier,east,1,8
2019/1/12 06:40:00,chongzhi_beier,east,0,21
2019/1/12 06:45:00,chongzhi_beier,east,1,10
2019/1/12 06:50:00,chongzhi_beier,east,3,23
2019/1/12 06:55:00,chongzhi_beier,east,4,18
2019/1/12 07:00:00,chongzhi_beier,east,1,13
2019/1/12 07:05:00,chongzhi_beier,east,1,26
2019/1/12 07:10:00,chongzhi_beier,east,1,26
2019/1/12 07:15:00,chongzhi_beier,east,3,27
2019/1/12 07:20:00,chongzhi_beier,east,3,38
2019/1/12 07:25:00,chongzhi_beier,east,3,51
2019/1/12 07:30:00,chongzhi_beier,east,1,33
2019/1/12 07:35:00,chongzhi_beier,east,4,27
2019/1/12 07:40:00,chongzhi_beier,east,3,51
2019/1/12 07:45:00,chongzhi_beier,east,8,37
2019/1/12 07:50:00,chongzhi_beier,east,10,42
2019/1/12 07:55:00,chongzhi_beier,east,8,63
2019/1/12 08:00:00,chongzhi_beier,east,9,41
2019/1/12 08:05:00,chongzhi_beier,east,10,46
2019/1/12 08:10:00,chongzhi_beier,east,7,63
2019/1/12 08:15:00,chongzhi_beier,east,7,45
2019/1/12 08:20:00,chongzhi_beier,east,9,78
2019/1/12 08:25:00,chongzhi_beier,east,4,42
2019/1/12 08:30:00,chongzhi_beier,east,6,44
2019/1/12 08:35:00,chongzhi_beier,east,9,71
2019/1/12 08:40:00,chongzhi_beier,east,12,75
2019/1/12 08:45:00,chongzhi_beier,east,7,70
2019/1/12 08:50:00,chongzhi_beier,east,7,65
2019/1/12 08:55:00,chongzhi_beier,east,7,37
2019/1/12 09:00:00,chongzhi_beier,east,7,59
2019/1/12 09:05:00,chongzhi_beier,east,9,66
2019/1/12 09:10:00,chongzhi_beier,east,8,69
2019/1/12 09:15:00,chongzhi_beier,east,12,57
2019/1/12 09:20:00,chongzhi_beier,east,6,57
2019/1/12 09:25:00,chongzhi_beier,east,11,37
2019/1/12 09:30:00,chongzhi_beier,east,13,62
2019/1/12 09:35:00,chongzhi_beier,east,13,76
2019/1/12 09:40:00,chongzhi_beier,east,12,68
2019/1/12 09:45:00,chongzhi_beier,east,6,71
2019/1/12 09:50:00,chongzhi_beier,east,2,41
2019/1/12 09:55:00,chongzhi_beier,east,18,80
2019/1/12 10:00:00,chongzhi_beier,east,18,71
2019/1/12 10:05:00,chongzhi_beier,east,7,82
2019/1/12 10:10:00,chongzhi_beier,east,10,63
2019/1/12 10:15:00,chongzhi_beier,east,3,58
2019/1/12 10:20:00,chongzhi_beier,east,10,47
2019/1/12 10:25:00,chongzhi_beier,east,9,94
2019/1/12 10:30:00,chongzhi_beier,east,9,85
2019/1/12 10:35:00,chongzhi_beier,east,13,67
2019/1/12 10:40:00,chongzhi_beier,east,6,60
2019/1/12 10:45:00,chongzhi_beier,east,7,43
2019/1/12 10:50:00,chongzhi_beier,east,9,45
2019/1/12 10:55:00,chongzhi_beier,east,11,68
2019/1/12 11:00:00,chongzhi_beier,east,7,53
2019/1/12 11:05:00,chongzhi_beier,east,11,59
2019/1/12 11:10:00,chongzhi_beier,east,11,64
2019/1/12 11:15:00,chongzhi_beier,east,9,50
2019/1/12 11:20:00,chongzhi_beier,east,9,55
2019/1/12 11:25:00,chongzhi_beier,east,6,48
2019/1/12 11:30:00,chongzhi_beier,east,14,66
2019/1/12 11:35:00,chongzhi_beier,east,12,68
2019/1/12 11:40:00,chongzhi_beier,east,12,62
2019/1/12 11:45:00,chongzhi_beier,east,9,33
2019/1/12 11:50:00,chongzhi_beier,east,12,49
2019/1/12 11:55:00,chongzhi_beier,east,9,80
2019/1/12 12:00:00,chongzhi_beier,east,19,44
2019/1/12 12:05:00,chongzhi_beier,east,8,23
2019/1/12 12:10:00,chongzhi_beier,east,9,46
2019/1/12 12:15:00,chongzhi_beier,east,8,43
2019/1/12 12:20:00,chongzhi_beier,east,17,85
2019/1/12 12:25:00,chongzhi_beier,east,13,49
2019/1/12 12:30:00,chongzhi_beier,east,9,46
2019/1/12 12:35:00,chongzhi_beier,east,3,36
2019/1/12 12:40:00,chongzhi_beier,east,8,54
2019/1/12 12:45:00,chongzhi_beier,east,9,72
2019/1/12 12:50:00,chongzhi_beier,east,10,39
2019/1/12 12:55:00,chongzhi_beier,east,8,39
2019/1/12 13:00:00,chongzhi_beier,east,9,46
2019/1/12 13:05:00,chongzhi_beier,east,8,40
2019/1/12 13:10:00,chongzhi_beier,east,11,62
2019/1/12 13:15:00,chongzhi_beier,east,2,35
2019/1/12 13:20:00,chongzhi_beier,east,5,53
2019/1/12 13:25:00,chongzhi_beier,east,12,54
2019/1/12 13:30:00,chongzhi_beier,east,10,67
2019/1/12 13:35:00,chongzhi_beier,east,5,71
2019/1/12 13:40:00,chongzhi_beier,east,14,47
2019/1/12 13:45:00,chongzhi_beier,east,3,51
2019/1/12 13:50:00,chongzhi_beier,east,9,48
2019/1/12 13:55:00,chongzhi_beier,east,5,73
2019/1/12 14:00:00,chongzhi_beier,east,13,54
2019/1/12 14:05:00,chongzhi_beier,east,10,56
2019/1/12 14:10:00,chongzhi_beier,east,6,39
2019/1/12 14:15:00,chongzhi_beier,east,7,61
2019/1/12 14:20:00,chongzhi_beier,east,7,53
2019/1/12 14:25:00,chongzhi_beier,east,14,59
2019/1/12 14:30:00,chongzhi_beier,east,14,57
2019/1/12 14:35:00,chongzhi_beier,east,11,56
2019/1/12 14:40:00,chongzhi_beier,east,11,50
2019/1/12 14:45:00,chongzhi_beier,east,11,38
2019/1/12 14:50:00,chongzhi_beier,east,15,59
2019/1/12 14:55:00,chongzhi_beier,east,16,66
2019/1/12 15:00:00,chongzhi_beier,east,9,60
2019/1/12 15:05:00,chongzhi_beier,east,5,69
2019/1/12 15:10:00,chongzhi_beier,east,9,39
2019/1/12 15:15:00,chongzhi_beier,east,8,34
2019/1/12 15:20:00,chongzhi_beier,east,12,51
2019/1/12 15:25:00,chongzhi_beier,east,13,51
2019/1/12 15:30:00,chongzhi_beier,east,9,71
2019/1/12 15:35:00,chongzhi_beier,east,12,55
2019/1/12 15:40:00,chongzhi_beier,east,8,46
2019/1/12 15:45:00,chongzhi_beier,east,5,75
2019/1/12 15:50:00,chongzhi_beier,east,7,54
2019/1/12 15:55:00,chongzhi_beier,east,13,67
2019/1/12 16:00:00,chongzhi_beier,east,13,53
2019/1/12 16:05:00,chongzhi_beier,east,13,55
2019/1/12 16:10:00,chongzhi_beier,east,11,62
2019/1/12 16:15:00,chongzhi_beier,east,10,55
2019/1/12 16:20:00,chongzhi_beier,east,11,80
2019/1/12 16:25:00,chongzhi_beier,east,12,55
2019/1/12 16:30:00,chongzhi_beier,east,8,49
2019/1/12 16:35:00,chongzhi_beier,east,10,57
2019/1/12 16:40:00,chongzhi_beier,east,10,26
2019/1/12 16:45:00,chongzhi_beier,east,12,96
2019/1/12 16:50:00,chongzhi_beier,east,7,54
2019/1/12 16:55:00,chongzhi_beier,east,13,37
2019/1/12 17:00:00,chongzhi_beier,east,10,66
2019/1/12 17:05:00,chongzhi_beier,east,10,46
2019/1/12 17:10:00,chongzhi_beier,east,12,35
2019/1/12 17:15:00,chongzhi_beier,east,7,59
2019/1/12 17:20:00,chongzhi_beier,east,4,76
2019/1/12 17:25:00,chongzhi_beier,east,11,44
2019/1/12 17:30:00,chongzhi_beier,east,10,90
2019/1/12 17:35:00,chongzhi_beier,east,11,53
2019/1/12 17:40:00,chongzhi_beier,east,12,48
2019/1/12 17:45:00,chongzhi_beier,east,18,75
2019/1/12 17:50:00,chongzhi_beier,east,11,71
2019/1/12 17:55:00,chongzhi_beier,east,12,56
2019/1/12 18:00:00,chongzhi_beier,east,17,68
2019/1/12 18:05:00,chongzhi_beier,east,11,59
2019/1/12 18:10:00,chongzhi_beier,east,8,41
2019/1/12 18:15:00,chongzhi_beier,east,15,72
2019/1/12 18:20:00,chongzhi_beier,east,7,64
2019/1/12 18:25:00,chongzhi_beier,east,15,37
2019/1/12 18:30:00,chongzhi_beier,east,20,65
2019/1/12 18:35:00,chongzhi_beier,east,11,57
2019/1/12 18:40:00,chongzhi_beier,east,10,40
2019/1/12 18:45:00,chongzhi_beier,east,12,74
2019/1/12 18:50:00,chongzhi_beier,east,8,63
2019/1/12 18:55:00,chongzhi_beier,east,14,24
2019/1/12 19:00:00,chongzhi_beier,east,12,35
2019/1/12 19:05:00,chongzhi_beier,east,8,46
2019/1/12 19:10:00,chongzhi_beier,east,15,33
2019/1/12 19:15:00,chongzhi_beier,east,13,50
2019/1/12 19:20:00,chongzhi_beier,east,12,46
2019/1/12 19:25:00,chongzhi_beier,east,5,37
2019/1/12 19:30:00,chongzhi_beier,east,10,42
2019/1/12 19:35:00,chongzhi_beier,east,7,34
2019/1/12 19:40:00,chongzhi_beier,east,12,47
2019/1/12 19:45:00,chongzhi_beier,east,11,36
2019/1/12 19:50:00,chongzhi_beier,east,10,34
2019/1/12 19:55:00,chongzhi_beier,east,4,41
2019/1/12 20:00:00,chongzhi_beier,east,7,27
2019/1/12 20:05:00,chongzhi_beier,east,15,62
2019/1/12 20:10:00,chongzhi_beier,east,10,65
2019/1/12 20:15:00,chongzhi_beier,east,8,39
2019/1/12 20:20:00,chongzhi_beier,east,7,46
2019/1/12 20:25:00,chongzhi_beier,east,8,43
2019/1/12 20:30:00,chongzhi_beier,east,7,36
2019/1/12 20:35:00,chongzhi_beier,east,11,33
2019/1/12 20:40:00,chongzhi_beier,east,5,33
2019/1/12 20:45:00,chongzhi_beier,east,9,32
2019/1/12 20:50:00,chongzhi_beier,east,8,37
2019/1/12 20:55:00,chongzhi_beier,east,14,48
2019/1/12 21:00:00,chongzhi_beier,east,7,43
2019/1/12 21:05:00,chongzhi_beier,east,6,24
2019/1/12 21:10:00,chongzhi_beier,east,11,33
2019/1/12 21:15:00,chongzhi_beier,east,9,37
2019/1/12 21:20:00,chongzhi_beier,east,18,48
2019/1/12 21:25:00,chongzhi_beier,east,9,50
2019/1/12 21:30:00,chongzhi_beier,east,12,34
2019/1/12 21:35:00,chongzhi_beier,east,11,24
2019/1/12 21:40:00,chongzhi_beier,east,6,35
2019/1/12 21:45:00,chongzhi_beier,east,5,39
2019/1/12 21:50:00,chongzhi_beier,east,8,33
2019/1/12 21:55:00,chongzhi_beier,east,6,40
2019/1/12 22:00:00,chongzhi_beier,east,7,52
2019/1/12 22:05:00,chongzhi_beier,east,10,27
2019/1/12 22:10:00,chongzhi_beier,east,8,21
2019/1/12 22:15:00,chongzhi_beier,east,18,44
2019/1/12 22:20:00,chongzhi_beier,east,11,28
2019/1/12 22:25:00,chongzhi_beier,east,16,36
2019/1/12 22:30:00,chongzhi_beier,east,14,52
2019/1/12 22:35:00,chongzhi_beier,east,10,40
2019/1/12 22:40:00,chongzhi_beier,east,11,16
2019/1/12 22:45:00,chongzhi_beier,east,10,49
2019/1/12 22:50:00,chongzhi_beier,east,6,30
2019/1/12 22:55:00,chongzhi_beier,east,6,22
2019/1/12 23:00:00,chongzhi_beier,east,12,41
2019/1/12 23:05:00,chongzhi_beier,east,6,17
2019/1/12 23:10:00,chongzhi_beier,east,8,47
2019/1/12 23:15:00,chongzhi_beier,east,11,18
2019/1/12 23:20:00,chongzhi_beier,east,6,18
2019/1/12 23:25:00,chongzhi_beier,east,12,28
2019/1/12 23:30:00,chongzhi_beier,east,6,19
2019/1/12 23:35:00,chongzhi_beier,east,8,22
2019/1/12 23:40:00,chongzhi_beier,east,4,21
2019/1/12 23:45:00,chongzhi_beier,east,10,20
2019/1/12 23:50:00,chongzhi_beier,east,8,18
2019/1/12 23:55:00,chongzhi_beier,east,5,12
