2019/1/12 00:00:00,chongzhi_beier,north,7,0
2019/1/12 00:05:00,chongzhi_beier,north,5,2
2019/1/12 00:10:00,chongzhi_beier,north,3,0
2019/1/12 00:15:00,chongzhi_beier,north,7,3
2019/1/12 00:20:00,chongzhi_beier,north,6,4
2019/1/12 00:25:00,chongzhi_beier,north,6,2
2019/1/12 00:30:00,chongzhi_beier,north,2,0
2019/1/12 00:35:00,chongzhi_beier,north,4,1
2019/1/12 00:40:00,chongzhi_beier,north,4,0
2019/1/12 00:45:00,chongzhi_beier,north,3,6
2019/1/12 00:50:00,chongzhi_beier,north,5,3
2019/1/12 00:55:00,chongzhi_beier,north,4,1
2019/1/12 01:00:00,chongzhi_beier,north,10,1
2019/1/12 01:05:00,chongzhi_beier,north,6,0
2019/1/12 01:10:00,chongzhi_beier,north,2,0
2019/1/12 01:15:00,chongzhi_beier,north,2,0
2019/1/12 01:20:00,chongzhi_beier,north,9,1
2019/1/12 01:25:00,chongzhi_beier,north,2,4
2019/1/12 01:30:00,chongzhi_beier,north,5,4
2019/1/12 01:35:00,chongzhi_beier,north,2,2
2019/1/12 01:40:00,chongzhi_beier,north,4,4
2019/1/12 01:45:00,chongzhi_beier,north,2,4
2019/1/12 01:50:00,chongzhi_beier,north,4,2
2019/1/12 01:55:00,chongzhi_beier,north,1,2
2019/1/12 02:00:00,chongzhi_beier,north,2,1
2019/1/12 02:05:00,chongzhi_beier,north,2,2
2019/1/12 02:10:00,chongzhi_beier,north,4,1
2019/1/12 02:15:00,chongzhi_beier,north,2,2
2019/1/12 02:20:00,chongzhi_beier,north,5,0
2019/1/12 02:25:00,chongzhi_beier,north,4,1
2019/1/12 02:30:00,chongzhi_beier,north,5,1
2019/1/12 02:35:00,chongzhi_beier,north,5,2
2019/1/12 02:40:00,chongzhi_beier,north,1,1
2019/1/12 02:45:00,chongzhi_beier,north,4,1
2019/1/12 02:50:00,chongzhi_beier,north,1,1
2019/1/12 02:55:00,chongzhi_beier,north,6,0
2019/1/12 03:00:00,chongzhi_beier,north,4,0
2019/1/12 03:05:00,chongzhi_beier,north,0,1
2019/1/12 03:10:00,chongzhi_beier,north,2,1
2019/1/12 03:15:00,chongzhi_beier,north,1,0
2019/1/12 03:20:00,chongzhi_beier,north,2,0
2019/1/12 03:25:00,chongzhi_beier,north,7,0
2019/1/12 03:30:00,chongzhi_beier,north,4,0
2019/1/12 03:35:00,chongzhi_beier,north,2,1
2019/1/12 03:40:00,chongzhi_beier,north,3,0
2019/1/12 03:45:00,chongzhi_beier,north,1,2
2019/1/12 03:50:00,chongzhi_beier,north,8,1
2019/1/12 03:55:00,chongzhi_beier,north,1,2
2019/1/12 04:00:00,chongzhi_beier,north,3,0
2019/1/12 04:05:00,chongzhi_beier,north,5,1
2019/1/12 04:10:00,chongzhi_beier,north,1,0
2019/1/12 04:15:00,chongzhi_beier,north,3,2
2019/1/12 04:20:00,chongzhi_beier,north,5,3
2019/1/12 04:25:00,chongzhi_beier,north,0,0
2019/1/12 04:30:00,chongzhi_beier,north,2,0
2019/1/12 04:35:00,chongzhi_beier,north,2,2
2019/1/12 04:40:00,chongzhi_beier,north,3,2
2019/1/12 04:45:00,chongzhi_beier,north,1,1
2019/1/12 04:50:00,chongzhi_beier,north,2,2
2019/1/12 04:55:00,chongzhi_beier,north,1,1
2019/1/12 05:00:00,chongzhi_beier,north,3,3
2019/1/12 05:05:00,chongzhi_beier,north,1,4
2019/1/12 05:10:00,chongzhi_beier,north,0,2
2019/1/12 05:15:00,chongzhi_beier,north,1,3
2019/1/12 05:20:00,chongzhi_beier,north,0,4
2019/1/12 05:25:00,chongzhi_beier,north,2,2
2019/1/12 05:30:00,chongzhi_beier,north,0,0
2019/1/12 05:35:00,chongzhi_beier,north,0,1
2019/1/12 05:40:00,chongzhi_beier,north,2,0
2019/1/12 05:45:00,chongzhi_beier,north,4,5
2019/1/12 05:50:00,chongzhi_beier,north,1,1
2019/1/12 05:55:00,chongzhi_beier,north,2,0
2019/1/12 06:00:00,chongzhi_beier,north,2,0
2019/1/12 06:05:00,chongzhi_beier,north,1,0
2019/1/12 06:10:00,chongzhi_beier,north,1,0
2019/1/12 06:15:00,chongzhi_beier,north,0,1
2019/1/12 06:20:00,chongzhi_beier,north,1,1
2019/1/12 06:25:00,chongzhi_beier,north,0,1
2019/1/12 06:30:00,chongzhi_beier,north,1,0
2019/1/12 06:35:00,chongzhi_beier,north,1,0
2019/1/12 06:40:00,chongzhi_beier,north,0,2
2019/1/12 06:45:00,chongzhi_beier,north,4,0
2019/1/12 06:50:00,chongzhi_beier,north,0,1
2019/1/12 06:55:00,chongzhi_beier,north,0,0
2019/1/12 07:00:00,chongzhi_beier,north,2,1
2019/1/12 07:05:00,chongzhi_beier,north,1,1
2019/1/12 07:10:00,chongzhi_beier,north,4,1
2019/1/12 07:15:00,chongzhi_beier,north,4,0
2019/1/12 07:20:00,chongzhi_beier,north,6,1
2019/1/12 07:25:00,chongzhi_beier,north,2,2
2019/1/12 07:30:00,chongzhi_beier,north,6,0
2019/1/12 07:35:00,chongzhi_beier,north,7,0
2019/1/12 07:40:00,chongzhi_beier,north,4,2
2019/1/12 07:45:00,chongzhi_beier,north,6,1
2019/1/12 07:50:00,chongzhi_beier,north,8,5
2019/1/12 07:55:00,chongzhi_beier,north,5,4
2019/1/12 08:00:00,chongzhi_beier,north,10,2
2019/1/12 08:05:00,chongzhi_beier,north,10,8
2019/1/12 08:10:00,chongzhi_beier,north,15,5
2019/1/12 08:15:00,chongzhi_beier,north,14,8
2019/1/12 08:20:00,chongzhi_beier,north,5,2
2019/1/12 08:25:00,chongzhi_beier,north,9,3
2019/1/12 08:30:00,chongzhi_beier,north,8,4
2019/1/12 08:35:00,chongzhi_beier,north,9,2
2019/1/12 08:40:00,chongzhi_beier,north,17,4
2019/1/12 08:45:00,chongzhi_beier,north,12,3
2019/1/12 08:50:00,chongzhi_beier,north,8,1
2019/1/12 08:55:00,chongzhi_beier,north,13,6
2019/1/12 09:00:00,chongzhi_beier,north,15,2
2019/1/12 09:05:00,chongzhi_beier,north,11,6
2019/1/12 09:10:00,chongzhi_beier,north,17,3
2019/1/12 09:15:00,chongzhi_beier,north,4,4
2019/1/12 09:20:00,chongzhi_beier,north,5,2
2019/1/12 09:25:00,chongzhi_beier,north,20,11
2019/1/12 09:30:00,chongzhi_beier,north,14,5
2019/1/12 09:35:00,chongzhi_beier,north,11,8
2019/1/12 09:40:00,chongzhi_beier,north,24,6
2019/1/12 09:45:00,chongzhi_beier,north,18,2
2019/1/12 09:50:00,chongzhi_beier,north,21,8
2019/1/12 09:55:00,chongzhi_beier,north,22,14
2019/1/12 10:00:00,chongzhi_beier,north,25,8
2019/1/12 10:05:00,chongzhi_beier,north,20,12
2019/1/12 10:10:00,chongzhi_beier,north,14,2
2019/1/12 10:15:00,chongzhi_beier,north,24,10
2019/1/12 10:20:00,chongzhi_beier,north,23,8
2019/1/12 10:25:00,chongzhi_beier,north,35,6
2019/1/12 10:30:00,chongzhi_beier,north,24,13
2019/1/12 10:35:00,chongzhi_beier,north,16,7
2019/1/12 10:40:00,chongzhi_beier,north,10,11
2019/1/12 10:45:00,chongzhi_beier,north,20,10
2019/1/12 10:50:00,chongzhi_beier,north,24,5
2019/1/12 10:55:00,chongzhi_beier,north,23,12
2019/1/12 11:00:00,chongzhi_beier,north,17,7
2019/1/12 11:05:00,chongzhi_beier,north,21,11
2019/1/12 11:10:00,chongzhi_beier,north,24,4
2019/1/12 11:15:00,chongzhi_beier,north,32,0
2019/1/12 11:20:00,chongzhi_beier,north,23,5
2019/1/12 11:25:00,chongzhi_beier,north,18,7
2019/1/12 11:30:00,chongzhi_beier,north,24,7
2019/1/12 11:35:00,chongzhi_beier,north,27,11
2019/1/12 11:40:00,chongzhi_beier,north,24,6
2019/1/12 11:45:00,chongzhi_beier,north,19,5
2019/1/12 11:50:00,chongzhi_beier,north,26,6
2019/1/12 11:55:00,chongzhi_beier,north,25,11
2019/1/12 12:00:00,chongzhi_beier,north,24,14
2019/1/12 12:05:00,chongzhi_beier,north,32,12
2019/1/12 12:10:00,chongzhi_beier,north,16,1
2019/1/12 12:15:00,chongzhi_beier,north,24,5
2019/1/12 12:20:00,chongzhi_beier,north,19,2
2019/1/12 12:25:00,chongzhi_beier,north,27,7
2019/1/12 12:30:00,chongzhi_beier,north,19,8
2019/1/12 12:35:00,chongzhi_beier,north,23,3
2019/1/12 12:40:00,chongzhi_beier,north,20,3
2019/1/12 12:45:00,chongzhi_beier,north,14,7
2019/1/12 12:50:00,chongzhi_beier,north,29,6
2019/1/12 12:55:00,chongzhi_beier,north,13,7
2019/1/12 13:00:00,chongzhi_beier,north,10,1
2019/1/12 13:05:00,chongzhi_beier,north,13,0
2019/1/12 13:10:00,chongzhi_beier,north,17,5
2019/1/12 13:15:00,chongzhi_beier,north,20,8
2019/1/12 13:20:00,chongzhi_beier,north,12,8
2019/1/12 13:25:00,chongzhi_beier,north,18,5
2019/1/12 13:30:00,chongzhi_beier,north,17,4
2019/1/12 13:35:00,chongzhi_beier,north,16,2
2019/1/12 13:40:00,chongzhi_beier,north,21,5
2019/1/12 13:45:00,chongzhi_beier,north,13,2
2019/1/12 13:50:00,chongzhi_beier,north,13,5
2019/1/12 13:55:00,chongzhi_beier,north,12,2
2019/1/12 14:00:00,chongzhi_beier,north,11,3
2019/1/12 14:05:00,chongzhi_beier,north,15,3
2019/1/12 14:10:00,chongzhi_beier,north,15,2
2019/1/12 14:15:00,chongzhi_beier,north,8,1
2019/1/12 14:20:00,chongzhi_beier,north,12,5
2019/1/12 14:25:00,chongzhi_beier,north,8,1
2019/1/12 14:30:00,chongzhi_beier,north,7,5
2019/1/12 14:35:00,chongzhi_beier,north,19,3
2019/1/12 14:40:00,chongzhi_beier,north,12,1
2019/1/12 14:45:00,chongzhi_beier,north,13,1
2019/1/12 14:50:00,chongzhi_beier,north,14,6
2019/1/12 14:55:00,chongzhi_beier,north,12,0
2019/1/12 15:00:00,chongzhi_beier,north,11,3
2019/1/12 15:05:00,chongzhi_beier,north,23,6
2019/1/12 15:10:00,chongzhi_beier,north,19,4
2019/1/12 15:15:00,chongzhi_beier,north,18,3
2019/1/12 15:20:00,chongzhi_beier,north,15,3
2019/1/12 15:25:00,chongzhi_beier,north,19,5
2019/1/12 15:30:00,chongzhi_beier,north,10,1
2019/1/12 15:35:00,chongzhi_beier,north,9,3
2019/1/12 15:40:00,chongzhi_beier,north,7,3
2019/1/12 15:45:00,chongzhi_beier,north,16,5
2019/1/12 15:50:00,chongzhi_beier,north,12,3
2019/1/12 15:55:00,chongzhi_beier,north,6,3
2019/1/12 16:00:00,chongzhi_beier,north,11,2
2019/1/12 16:05:00,chongzhi_beier,north,12,5
2019/1/12 16:10:00,chongzhi_beier,north,15,3
2019/1/12 16:15:00,chongzhi_beier,north,10,3
2019/1/12 16:20:00,chongzhi_beier,north,18,2
2019/1/12 16:25:00,chongzhi_beier,north,11,4
2019/1/12 16:30:00,chongzhi_beier,north,16,3
2019/1/12 16:35:00,chongzhi_beier,north,5,3
2019/1/12 16:40:00,chongzhi_beier,north,16,3
2019/1/12 16:45:00,chongzhi_beier,north,11,4
2019/1/12 16:50:00,chongzhi_beier,north,7,1
2019/1/12 16:55:00,chongzhi_beier,north,13,3
2019/1/12 17:00:00,chongzhi_beier,north,13,2
2019/1/12 17:05:00,chongzhi_beier,north,10,3
2019/1/12 17:10:00,chongzhi_beier,north,13,3
2019/1/12 17:15:00,chongzhi_beier,north,15,5
2019/1/12 17:20:00,chongzhi_beier,north,8,2
2019/1/12 17:25:00,chongzhi_beier,north,22,2
2019/1/12 17:30:00,chongzhi_beier,north,18,3
2019/1/12 17:35:00,chongzhi_beier,north,10,2
2019/1/12 17:40:00,chongzhi_beier,north,12,2
2019/1/12 17:45:00,chongzhi_beier,north,13,5
2019/1/12 17:50:00,chongzhi_beier,north,12,1
2019/1/12 17:55:00,chongzhi_beier,north,17,1
2019/1/12 18:00:00,chongzhi_beier,north,16,7
2019/1/12 18:05:00,chongzhi_beier,north,6,7
2019/1/12 18:10:00,chongzhi_beier,north,24,18
2019/1/12 18:15:00,chongzhi_beier,north,19,9
2019/1/12 18:20:00,chongzhi_beier,north,13,4
2019/1/12 18:25:00,chongzhi_beier,north,14,3
2019/1/12 18:30:00,chongzhi_beier,north,11,9
2019/1/12 18:35:00,chongzhi_beier,north,8,3
2019/1/12 18:40:00,chongzhi_beier,north,16,5
2019/1/12 18:45:00,chongzhi_beier,north,14,5
2019/1/12 18:50:00,chongzhi_beier,north,10,3
2019/1/12 18:55:00,chongzhi_beier,north,16,2
2019/1/12 19:00:00,chongzhi_beier,north,9,1
2019/1/12 19:05:00,chongzhi_beier,north,9,6
2019/1/12 19:10:00,chongzhi_beier,north,14,9
2019/1/12 19:15:00,chongzhi_beier,north,6,4
2019/1/12 19:20:00,chongzhi_beier,north,11,7
2019/1/12 19:25:00,chongzhi_beier,north,12,3
2019/1/12 19:30:00,chongzhi_beier,north,14,9
2019/1/12 19:35:00,chongzhi_beier,north,10,3
2019/1/12 19:40:00,chongzhi_beier,north,10,3
2019/1/12 19:45:00,chongzhi_beier,north,6,2
2019/1/12 19:50:00,chongzhi_beier,north,5,2
2019/1/12 19:55:00,chongzhi_beier,north,11,4
2019/1/12 20:00:00,chongzhi_beier,north,12,1
2019/1/12 20:05:00,chongzhi_beier,north,6,3
2019/1/12 20:10:00,chongzhi_beier,north,6,3
2019/1/12 20:15:00,chongzhi_beier,north,10,4
2019/1/12 20:20:00,chongzhi_beier,north,9,4
2019/1/12 20:25:00,chongzhi_beier,north,9,3
2019/1/12 20:30:00,chongzhi_beier,north,8,3
2019/1/12 20:35:00,chongzhi_beier,north,8,3
2019/1/12 20:40:00,chongzhi_beier,north,8,5
2019/1/12 20:45:00,chongzhi_beier,north,14,3
2019/1/12 20:50:00,chongzhi_beier,north,10,4
2019/1/12 20:55:00,chongzhi_beier,north,7,7
2019/1/12 21:00:00,chongzhi_beier,north,9,2
2019/1/12 21:05:00,chongzhi_beier,north,7,1
2019/1/12 21:10:00,chongzhi_beier,north,19,5
2019/1/12 21:15:00,chongzhi_beier,north,13,5
2019/1/12 21:20:00,chongzhi_beier,north,7,1
2019/1/12 21:25:00,chongzhi_beier,north,12,5
2019/1/12 21:30:00,chongzhi_beier,north,12,5
2019/1/12 21:35:00,chongzhi_beier,north,10,2
2019/1/12 21:40:00,chongzhi_beier,north,11,4
2019/1/12 21:45:00,chongzhi_beier,north,14,4
2019/1/12 21:50:00,chongzhi_beier,north,6,5
2019/1/12 21:55:00,chongzhi_beier,north,8,6
2019/1/12 22:00:00,chongzhi_beier,north,9,5
2019/1/12 22:05:00,chongzhi_beier,north,12,2
2019/1/12 22:10:00,chongzhi_beier,north,2,3
2019/1/12 22:15:00,chongzhi_beier,north,7,6
2019/1/12 22:20:00,chongzhi_beier,north,11,6
2019/1/12 22:25:00,chongzhi_beier,north,9,1
2019/1/12 22:30:00,chongzhi_beier,north,11,3
2019/1/12 22:35:00,chongzhi_beier,north,11,1
2019/1/12 22:40:00,chongzhi_beier,north,10,3
2019/1/12 22:45:00,chongzhi_beier,north,10,7
2019/1/12 22:50:00,chongzhi_beier,north,16,10
2019/1/12 22:55:00,chongzhi_beier,north,8,3
2019/1/12 23:00:00,chongzhi_beier,north,14,6
2019/1/12 23:05:00,chongzhi_beier,north,12,5
2019/1/12 23:10:00,chongzhi_beier,north,3,3
2019/1/12 23:15:00,chongzhi_beier,north,7,2
2019/1/12 23:20:00,chongzhi_beier,north,7,2
2019/1/12 23:25:00,chongzhi_beier,north,9,5
2019/1/12 23:30:00,chongzhi_beier,north,4,2
2019/1/12 23:35:00,chongzhi_beier,north,5,1
2019/1/12 23:40:00,chongzhi_beier,north,10,4
2019/1/12 23:45:00,chongzhi_beier,north,5,4
2019/1/12 23:50:00,chongzhi_beier,north,2,5
2019/1/12 23:55:00,chongzhi_beier,north,6,2
