2019/1/12 00:00:00,chongzhi_longping,east,2,3
2019/1/12 00:05:00,chongzhi_longping,east,0,4
2019/1/12 00:10:00,chongzhi_longping,east,1,3
2019/1/12 00:15:00,chongzhi_longping,east,1,1
2019/1/12 00:20:00,chongzhi_longping,east,6,3
2019/1/12 00:25:00,chongzhi_longping,east,0,1
2019/1/12 00:30:00,chongzhi_longping,east,1,3
2019/1/12 00:35:00,chongzhi_longping,east,0,0
2019/1/12 00:40:00,chongzhi_longping,east,1,3
2019/1/12 00:45:00,chongzhi_longping,east,2,3
2019/1/12 00:50:00,chongzhi_longping,east,1,3
2019/1/12 00:55:00,chongzhi_longping,east,2,2
2019/1/12 01:00:00,chongzhi_longping,east,2,2
2019/1/12 01:05:00,chongzhi_longping,east,0,1
2019/1/12 01:10:00,chongzhi_longping,east,1,1
2019/1/12 01:15:00,chongzhi_longping,east,0,0
2019/1/12 01:20:00,chongzhi_longping,east,0,0
2019/1/12 01:25:00,chongzhi_longping,east,1,2
2019/1/12 01:30:00,chongzhi_longping,east,0,1
2019/1/12 01:35:00,chongzhi_longping,east,3,1
2019/1/12 01:40:00,chongzhi_longping,east,0,1
2019/1/12 01:45:00,chongzhi_longping,east,3,3
2019/1/12 01:50:00,chongzhi_longping,east,0,1
2019/1/12 01:55:00,chongzhi_longping,east,0,1
2019/1/12 02:00:00,chongzhi_longping,east,1,0
2019/1/12 02:05:00,chongzhi_longping,east,0,0
2019/1/12 02:10:00,chongzhi_longping,east,0,0
2019/1/12 02:15:00,chongzhi_longping,east,1,1
2019/1/12 02:20:00,chongzhi_longping,east,0,0
2019/1/12 02:25:00,chongzhi_longping,east,1,1
2019/1/12 02:30:00,chongzhi_longping,east,4,1
2019/1/12 02:35:00,chongzhi_longping,east,0,1
2019/1/12 02:40:00,chongzhi_longping,east,1,0
2019/1/12 02:45:00,chongzhi_longping,east,1,2
2019/1/12 02:50:00,chongzhi_longping,east,2,0
2019/1/12 02:55:00,chongzhi_longping,east,1,1
2019/1/12 03:00:00,chongzhi_longping,east,1,0
2019/1/12 03:05:00,chongzhi_longping,east,1,0
2019/1/12 03:10:00,chongzhi_longping,east,3,1
2019/1/12 03:15:00,chongzhi_longping,east,0,0
2019/1/12 03:20:00,chongzhi_longping,east,1,1
2019/1/12 03:25:00,chongzhi_longping,east,2,0
2019/1/12 03:30:00,chongzhi_longping,east,0,0
2019/1/12 03:35:00,chongzhi_longping,east,2,0
2019/1/12 03:40:00,chongzhi_longping,east,0,0
2019/1/12 03:45:00,chongzhi_longping,east,1,1
2019/1/12 03:50:00,chongzhi_longping,east,0,1
2019/1/12 03:55:00,chongzhi_longping,east,0,0
2019/1/12 04:00:00,chongzhi_longping,east,0,0
2019/1/12 04:05:00,chongzhi_longping,east,0,0
2019/1/12 04:10:00,chongzhi_longping,east,0,0
2019/1/12 04:15:00,chongzhi_longping,east,0,2
2019/1/12 04:20:00,chongzhi_longping,east,0,0
2019/1/12 04:25:00,chongzhi_longping,east,0,0
2019/1/12 04:30:00,chongzhi_longping,east,3,1
2019/1/12 04:35:00,chongzhi_longping,east,1,0
2019/1/12 04:40:00,chongzhi_longping,east,0,2
2019/1/12 04:45:00,chongzhi_longping,east,0,0
2019/1/12 04:50:00,chongzhi_longping,east,0,1
2019/1/12 04:55:00,chongzhi_longping,east,0,1
2019/1/12 05:00:00,chongzhi_longping,east,0,0
2019/1/12 05:05:00,chongzhi_longping,east,1,2
2019/1/12 05:10:00,chongzhi_longping,east,1,1
2019/1/12 05:15:00,chongzhi_longping,east,1,0
2019/1/12 05:20:00,chongzhi_longping,east,0,1
2019/1/12 05:25:00,chongzhi_longping,east,1,0
2019/1/12 05:30:00,chongzhi_longping,east,1,0
2019/1/12 05:35:00,chongzhi_longping,east,1,0
2019/1/12 05:40:00,chongzhi_longping,east,0,4
2019/1/12 05:45:00,chongzhi_longping,east,2,0
2019/1/12 05:50:00,chongzhi_longping,east,1,2
2019/1/12 05:55:00,chongzhi_longping,east,0,0
2019/1/12 06:00:00,chongzhi_longping,east,0,1
2019/1/12 06:05:00,chongzhi_longping,east,0,2
2019/1/12 06:10:00,chongzhi_longping,east,0,1
2019/1/12 06:15:00,chongzhi_longping,east,0,0
2019/1/12 06:20:00,chongzhi_longping,east,0,1
2019/1/12 06:25:00,chongzhi_longping,east,1,0
2019/1/12 06:30:00,chongzhi_longping,east,1,0
2019/1/12 06:35:00,chongzhi_longping,east,1,3
2019/1/12 06:40:00,chongzhi_longping,east,0,2
2019/1/12 06:45:00,chongzhi_longping,east,0,1
2019/1/12 06:50:00,chongzhi_longping,east,1,2
2019/1/12 06:55:00,chongzhi_longping,east,1,1
2019/1/12 07:00:00,chongzhi_longping,east,0,3
2019/1/12 07:05:00,chongzhi_longping,east,3,0
2019/1/12 07:10:00,chongzhi_longping,east,3,2
2019/1/12 07:15:00,chongzhi_longping,east,1,6
2019/1/12 07:20:00,chongzhi_longping,east,1,2
2019/1/12 07:25:00,chongzhi_longping,east,3,7
2019/1/12 07:30:00,chongzhi_longping,east,4,7
2019/1/12 07:35:00,chongzhi_longping,east,3,9
2019/1/12 07:40:00,chongzhi_longping,east,1,8
2019/1/12 07:45:00,chongzhi_longping,east,2,2
2019/1/12 07:50:00,chongzhi_longping,east,2,5
2019/1/12 07:55:00,chongzhi_longping,east,5,9
2019/1/12 08:00:00,chongzhi_longping,east,9,7
2019/1/12 08:05:00,chongzhi_longping,east,3,11
2019/1/12 08:10:00,chongzhi_longping,east,2,1
2019/1/12 08:15:00,chongzhi_longping,east,5,9
2019/1/12 08:20:00,chongzhi_longping,east,4,9
2019/1/12 08:25:00,chongzhi_longping,east,6,8
2019/1/12 08:30:00,chongzhi_longping,east,6,9
2019/1/12 08:35:00,chongzhi_longping,east,10,7
2019/1/12 08:40:00,chongzhi_longping,east,5,8
2019/1/12 08:45:00,chongzhi_longping,east,3,13
2019/1/12 08:50:00,chongzhi_longping,east,6,11
2019/1/12 08:55:00,chongzhi_longping,east,10,13
2019/1/12 09:00:00,chongzhi_longping,east,6,11
2019/1/12 09:05:00,chongzhi_longping,east,4,10
2019/1/12 09:10:00,chongzhi_longping,east,5,8
2019/1/12 09:15:00,chongzhi_longping,east,8,8
2019/1/12 09:20:00,chongzhi_longping,east,9,13
2019/1/12 09:25:00,chongzhi_longping,east,9,6
2019/1/12 09:30:00,chongzhi_longping,east,10,13
2019/1/12 09:35:00,chongzhi_longping,east,10,18
2019/1/12 09:40:00,chongzhi_longping,east,6,10
2019/1/12 09:45:00,chongzhi_longping,east,6,9
2019/1/12 09:50:00,chongzhi_longping,east,10,16
2019/1/12 09:55:00,chongzhi_longping,east,10,11
2019/1/12 10:00:00,chongzhi_longping,east,6,9
2019/1/12 10:05:00,chongzhi_longping,east,7,12
2019/1/12 10:10:00,chongzhi_longping,east,12,13
2019/1/12 10:15:00,chongzhi_longping,east,9,11
2019/1/12 10:20:00,chongzhi_longping,east,8,10
2019/1/12 10:25:00,chongzhi_longping,east,10,15
2019/1/12 10:30:00,chongzhi_longping,east,10,13
2019/1/12 10:35:00,chongzhi_longping,east,13,9
2019/1/12 10:40:00,chongzhi_longping,east,10,11
2019/1/12 10:45:00,chongzhi_longping,east,5,13
2019/1/12 10:50:00,chongzhi_longping,east,7,15
2019/1/12 10:55:00,chongzhi_longping,east,7,17
2019/1/12 11:00:00,chongzhi_longping,east,9,8
2019/1/12 11:05:00,chongzhi_longping,east,13,11
2019/1/12 11:10:00,chongzhi_longping,east,9,8
2019/1/12 11:15:00,chongzhi_longping,east,14,11
2019/1/12 11:20:00,chongzhi_longping,east,18,14
2019/1/12 11:25:00,chongzhi_longping,east,14,15
2019/1/12 11:30:00,chongzhi_longping,east,14,5
2019/1/12 11:35:00,chongzhi_longping,east,15,11
2019/1/12 11:40:00,chongzhi_longping,east,8,9
2019/1/12 11:45:00,chongzhi_longping,east,12,12
2019/1/12 11:50:00,chongzhi_longping,east,12,13
2019/1/12 11:55:00,chongzhi_longping,east,12,8
2019/1/12 12:00:00,chongzhi_longping,east,13,8
2019/1/12 12:05:00,chongzhi_longping,east,8,9
2019/1/12 12:10:00,chongzhi_longping,east,7,14
2019/1/12 12:15:00,chongzhi_longping,east,3,7
2019/1/12 12:20:00,chongzhi_longping,east,4,12
2019/1/12 12:25:00,chongzhi_longping,east,12,5
2019/1/12 12:30:00,chongzhi_longping,east,8,5
2019/1/12 12:35:00,chongzhi_longping,east,10,6
2019/1/12 12:40:00,chongzhi_longping,east,11,12
2019/1/12 12:45:00,chongzhi_longping,east,9,8
2019/1/12 12:50:00,chongzhi_longping,east,4,6
2019/1/12 12:55:00,chongzhi_longping,east,6,5
2019/1/12 13:00:00,chongzhi_longping,east,3,12
2019/1/12 13:05:00,chongzhi_longping,east,5,8
2019/1/12 13:10:00,chongzhi_longping,east,6,17
2019/1/12 13:15:00,chongzhi_longping,east,6,9
2019/1/12 13:20:00,chongzhi_longping,east,4,10
2019/1/12 13:25:00,chongzhi_longping,east,1,11
2019/1/12 13:30:00,chongzhi_longping,east,1,11
2019/1/12 13:35:00,chongzhi_longping,east,3,4
2019/1/12 13:40:00,chongzhi_longping,east,4,8
2019/1/12 13:45:00,chongzhi_longping,east,5,11
2019/1/12 13:50:00,chongzhi_longping,east,3,15
2019/1/12 13:55:00,chongzhi_longping,east,5,15
2019/1/12 14:00:00,chongzhi_longping,east,3,15
2019/1/12 14:05:00,chongzhi_longping,east,3,12
2019/1/12 14:10:00,chongzhi_longping,east,4,11
2019/1/12 14:15:00,chongzhi_longping,east,9,10
2019/1/12 14:20:00,chongzhi_longping,east,5,9
2019/1/12 14:25:00,chongzhi_longping,east,6,7
2019/1/12 14:30:00,chongzhi_longping,east,6,9
2019/1/12 14:35:00,chongzhi_longping,east,2,10
2019/1/12 14:40:00,chongzhi_longping,east,2,4
2019/1/12 14:45:00,chongzhi_longping,east,7,14
2019/1/12 14:50:00,chongzhi_longping,east,6,13
2019/1/12 14:55:00,chongzhi_longping,east,2,8
2019/1/12 15:00:00,chongzhi_longping,east,4,11
2019/1/12 15:05:00,chongzhi_longping,east,3,10
2019/1/12 15:10:00,chongzhi_longping,east,3,7
2019/1/12 15:15:00,chongzhi_longping,east,4,6
2019/1/12 15:20:00,chongzhi_longping,east,6,16
2019/1/12 15:25:00,chongzhi_longping,east,4,7
2019/1/12 15:30:00,chongzhi_longping,east,4,8
2019/1/12 15:35:00,chongzhi_longping,east,6,15
2019/1/12 15:40:00,chongzhi_longping,east,4,10
2019/1/12 15:45:00,chongzhi_longping,east,4,12
2019/1/12 15:50:00,chongzhi_longping,east,7,10
2019/1/12 15:55:00,chongzhi_longping,east,0,7
2019/1/12 16:00:00,chongzhi_longping,east,6,10
2019/1/12 16:05:00,chongzhi_longping,east,4,13
2019/1/12 16:10:00,chongzhi_longping,east,1,13
2019/1/12 16:15:00,chongzhi_longping,east,4,8
2019/1/12 16:20:00,chongzhi_longping,east,5,13
2019/1/12 16:25:00,chongzhi_longping,east,2,8
2019/1/12 16:30:00,chongzhi_longping,east,2,13
2019/1/12 16:35:00,chongzhi_longping,east,2,14
2019/1/12 16:40:00,chongzhi_longping,east,3,3
2019/1/12 16:45:00,chongzhi_longping,east,7,10
2019/1/12 16:50:00,chongzhi_longping,east,3,7
2019/1/12 16:55:00,chongzhi_longping,east,10,6
2019/1/12 17:00:00,chongzhi_longping,east,2,9
2019/1/12 17:05:00,chongzhi_longping,east,4,17
2019/1/12 17:10:00,chongzhi_longping,east,6,8
2019/1/12 17:15:00,chongzhi_longping,east,6,12
2019/1/12 17:20:00,chongzhi_longping,east,3,9
2019/1/12 17:25:00,chongzhi_longping,east,3,5
2019/1/12 17:30:00,chongzhi_longping,east,2,8
2019/1/12 17:35:00,chongzhi_longping,east,4,4
2019/1/12 17:40:00,chongzhi_longping,east,3,10
2019/1/12 17:45:00,chongzhi_longping,east,3,14
2019/1/12 17:50:00,chongzhi_longping,east,2,7
2019/1/12 17:55:00,chongzhi_longping,east,5,7
2019/1/12 18:00:00,chongzhi_longping,east,8,11
2019/1/12 18:05:00,chongzhi_longping,east,2,9
2019/1/12 18:10:00,chongzhi_longping,east,7,7
2019/1/12 18:15:00,chongzhi_longping,east,0,9
2019/1/12 18:20:00,chongzhi_longping,east,3,6
2019/1/12 18:25:00,chongzhi_longping,east,10,8
2019/1/12 18:30:00,chongzhi_longping,east,5,9
2019/1/12 18:35:00,chongzhi_longping,east,3,9
2019/1/12 18:40:00,chongzhi_longping,east,3,8
2019/1/12 18:45:00,chongzhi_longping,east,5,7
2019/1/12 18:50:00,chongzhi_longping,east,4,8
2019/1/12 18:55:00,chongzhi_longping,east,4,11
2019/1/12 19:00:00,chongzhi_longping,east,7,4
2019/1/12 19:05:00,chongzhi_longping,east,2,5
2019/1/12 19:10:00,chongzhi_longping,east,2,4
2019/1/12 19:15:00,chongzhi_longping,east,3,5
2019/1/12 19:20:00,chongzhi_longping,east,3,7
2019/1/12 19:25:00,chongzhi_longping,east,1,7
2019/1/12 19:30:00,chongzhi_longping,east,2,6
2019/1/12 19:35:00,chongzhi_longping,east,4,6
2019/1/12 19:40:00,chongzhi_longping,east,2,6
2019/1/12 19:45:00,chongzhi_longping,east,3,6
2019/1/12 19:50:00,chongzhi_longping,east,1,5
2019/1/12 19:55:00,chongzhi_longping,east,5,5
2019/1/12 20:00:00,chongzhi_longping,east,2,9
2019/1/12 20:05:00,chongzhi_longping,east,4,6
2019/1/12 20:10:00,chongzhi_longping,east,2,6
2019/1/12 20:15:00,chongzhi_longping,east,2,7
2019/1/12 20:20:00,chongzhi_longping,east,1,7
2019/1/12 20:25:00,chongzhi_longping,east,2,6
2019/1/12 20:30:00,chongzhi_longping,east,1,5
2019/1/12 20:35:00,chongzhi_longping,east,1,4
2019/1/12 20:40:00,chongzhi_longping,east,3,9
2019/1/12 20:45:00,chongzhi_longping,east,5,5
2019/1/12 20:50:00,chongzhi_longping,east,0,3
2019/1/12 20:55:00,chongzhi_longping,east,2,3
2019/1/12 21:00:00,chongzhi_longping,east,4,3
2019/1/12 21:05:00,chongzhi_longping,east,7,8
2019/1/12 21:10:00,chongzhi_longping,east,4,8
2019/1/12 21:15:00,chongzhi_longping,east,3,5
2019/1/12 21:20:00,chongzhi_longping,east,2,6
2019/1/12 21:25:00,chongzhi_longping,east,1,7
2019/1/12 21:30:00,chongzhi_longping,east,1,8
2019/1/12 21:35:00,chongzhi_longping,east,0,6
2019/1/12 21:40:00,chongzhi_longping,east,2,5
2019/1/12 21:45:00,chongzhi_longping,east,4,3
2019/1/12 21:50:00,chongzhi_longping,east,1,6
2019/1/12 21:55:00,chongzhi_longping,east,1,3
2019/1/12 22:00:00,chongzhi_longping,east,1,4
2019/1/12 22:05:00,chongzhi_longping,east,1,5
2019/1/12 22:10:00,chongzhi_longping,east,2,5
2019/1/12 22:15:00,chongzhi_longping,east,2,8
2019/1/12 22:20:00,chongzhi_longping,east,2,6
2019/1/12 22:25:00,chongzhi_longping,east,2,7
2019/1/12 22:30:00,chongzhi_longping,east,0,1
2019/1/12 22:35:00,chongzhi_longping,east,3,3
2019/1/12 22:40:00,chongzhi_longping,east,0,0
2019/1/12 22:45:00,chongzhi_longping,east,3,2
2019/1/12 22:50:00,chongzhi_longping,east,2,3
2019/1/12 22:55:00,chongzhi_longping,east,4,8
2019/1/12 23:00:00,chongzhi_longping,east,2,7
2019/1/12 23:05:00,chongzhi_longping,east,3,5
2019/1/12 23:10:00,chongzhi_longping,east,1,3
2019/1/12 23:15:00,chongzhi_longping,east,2,2
2019/1/12 23:20:00,chongzhi_longping,east,2,4
2019/1/12 23:25:00,chongzhi_longping,east,1,1
2019/1/12 23:30:00,chongzhi_longping,east,3,1
2019/1/12 23:35:00,chongzhi_longping,east,1,3
2019/1/12 23:40:00,chongzhi_longping,east,2,1
2019/1/12 23:45:00,chongzhi_longping,east,1,4
2019/1/12 23:50:00,chongzhi_longping,east,2,1
2019/1/12 23:55:00,chongzhi_longping,east,0,1
