2019/1/12 00:00:00,wuhe_zhangheng,north,8,17
2019/1/12 00:05:00,wuhe_zhangheng,north,1,22
2019/1/12 00:10:00,wuhe_zhangheng,north,2,22
2019/1/12 00:15:00,wuhe_zhangheng,north,1,14
2019/1/12 00:20:00,wuhe_zhangheng,north,6,32
2019/1/12 00:25:00,wuhe_zhangheng,north,3,16
2019/1/12 00:30:00,wuhe_zhangheng,north,0,20
2019/1/12 00:35:00,wuhe_zhangheng,north,1,14
2019/1/12 00:40:00,wuhe_zhangheng,north,1,23
2019/1/12 00:45:00,wuhe_zhangheng,north,0,14
2019/1/12 00:50:00,wuhe_zhangheng,north,0,6
2019/1/12 00:55:00,wuhe_zhangheng,north,1,9
2019/1/12 01:00:00,wuhe_zhangheng,north,1,14
2019/1/12 01:05:00,wuhe_zhangheng,north,1,11
2019/1/12 01:10:00,wuhe_zhangheng,north,3,16
2019/1/12 01:15:00,wuhe_zhangheng,north,0,14
2019/1/12 01:20:00,wuhe_zhangheng,north,1,13
2019/1/12 01:25:00,wuhe_zhangheng,north,0,12
2019/1/12 01:30:00,wuhe_zhangheng,north,0,7
2019/1/12 01:35:00,wuhe_zhangheng,north,2,13
2019/1/12 01:40:00,wuhe_zhangheng,north,1,7
2019/1/12 01:45:00,wuhe_zhangheng,north,2,10
2019/1/12 01:50:00,wuhe_zhangheng,north,0,9
2019/1/12 01:55:00,wuhe_zhangheng,north,2,4
2019/1/12 02:00:00,wuhe_zhangheng,north,1,5
2019/1/12 02:05:00,wuhe_zhangheng,north,1,8
2019/1/12 02:10:00,wuhe_zhangheng,north,2,8
2019/1/12 02:15:00,wuhe_zhangheng,north,2,10
2019/1/12 02:20:00,wuhe_zhangheng,north,2,8
2019/1/12 02:25:00,wuhe_zhangheng,north,2,8
2019/1/12 02:30:00,wuhe_zhangheng,north,0,5
2019/1/12 02:35:00,wuhe_zhangheng,north,0,8
2019/1/12 02:40:00,wuhe_zhangheng,north,0,5
2019/1/12 02:45:00,wuhe_zhangheng,north,0,6
2019/1/12 02:50:00,wuhe_zhangheng,north,0,12
2019/1/12 02:55:00,wuhe_zhangheng,north,0,6
2019/1/12 03:00:00,wuhe_zhangheng,north,0,2
2019/1/12 03:05:00,wuhe_zhangheng,north,0,4
2019/1/12 03:10:00,wuhe_zhangheng,north,0,7
2019/1/12 03:15:00,wuhe_zhangheng,north,0,3
2019/1/12 03:20:00,wuhe_zhangheng,north,1,2
2019/1/12 03:25:00,wuhe_zhangheng,north,0,6
2019/1/12 03:30:00,wuhe_zhangheng,north,1,4
2019/1/12 03:35:00,wuhe_zhangheng,north,0,3
2019/1/12 03:40:00,wuhe_zhangheng,north,0,5
2019/1/12 03:45:00,wuhe_zhangheng,north,0,3
2019/1/12 03:50:00,wuhe_zhangheng,north,1,2
2019/1/12 03:55:00,wuhe_zhangheng,north,1,5
2019/1/12 04:00:00,wuhe_zhangheng,north,0,4
2019/1/12 04:05:00,wuhe_zhangheng,north,0,5
2019/1/12 04:10:00,wuhe_zhangheng,north,1,3
2019/1/12 04:15:00,wuhe_zhangheng,north,0,1
2019/1/12 04:20:00,wuhe_zhangheng,north,0,4
2019/1/12 04:25:00,wuhe_zhangheng,north,0,1
2019/1/12 04:30:00,wuhe_zhangheng,north,0,0
2019/1/12 04:35:00,wuhe_zhangheng,north,1,3
2019/1/12 04:40:00,wuhe_zhangheng,north,1,5
2019/1/12 04:45:00,wuhe_zhangheng,north,0,6
2019/1/12 04:50:00,wuhe_zhangheng,north,0,6
2019/1/12 04:55:00,wuhe_zhangheng,north,0,6
2019/1/12 05:00:00,wuhe_zhangheng,north,0,3
2019/1/12 05:05:00,wuhe_zhangheng,north,1,2
2019/1/12 05:10:00,wuhe_zhangheng,north,0,5
2019/1/12 05:15:00,wuhe_zhangheng,north,0,3
2019/1/12 05:20:00,wuhe_zhangheng,north,0,10
2019/1/12 05:25:00,wuhe_zhangheng,north,1,5
2019/1/12 05:30:00,wuhe_zhangheng,north,0,2
2019/1/12 05:35:00,wuhe_zhangheng,north,0,6
2019/1/12 05:40:00,wuhe_zhangheng,north,0,1
2019/1/12 05:45:00,wuhe_zhangheng,north,0,3
2019/1/12 05:50:00,wuhe_zhangheng,north,0,5
2019/1/12 05:55:00,wuhe_zhangheng,north,1,2
2019/1/12 06:00:00,wuhe_zhangheng,north,0,6
2019/1/12 06:05:00,wuhe_zhangheng,north,0,5
2019/1/12 06:10:00,wuhe_zhangheng,north,0,1
2019/1/12 06:15:00,wuhe_zhangheng,north,1,9
2019/1/12 06:20:00,wuhe_zhangheng,north,0,7
2019/1/12 06:25:00,wuhe_zhangheng,north,0,7
2019/1/12 06:30:00,wuhe_zhangheng,north,1,6
2019/1/12 06:35:00,wuhe_zhangheng,north,1,9
2019/1/12 06:40:00,wuhe_zhangheng,north,0,7
2019/1/12 06:45:00,wuhe_zhangheng,north,0,9
2019/1/12 06:50:00,wuhe_zhangheng,north,0,12
2019/1/12 06:55:00,wuhe_zhangheng,north,2,14
2019/1/12 07:00:00,wuhe_zhangheng,north,0,15
2019/1/12 07:05:00,wuhe_zhangheng,north,1,12
2019/1/12 07:10:00,wuhe_zhangheng,north,1,11
2019/1/12 07:15:00,wuhe_zhangheng,north,0,20
2019/1/12 07:20:00,wuhe_zhangheng,north,3,13
2019/1/12 07:25:00,wuhe_zhangheng,north,8,33
2019/1/12 07:30:00,wuhe_zhangheng,north,6,41
2019/1/12 07:35:00,wuhe_zhangheng,north,6,36
2019/1/12 07:40:00,wuhe_zhangheng,north,6,50
2019/1/12 07:45:00,wuhe_zhangheng,north,3,35
2019/1/12 07:50:00,wuhe_zhangheng,north,8,46
2019/1/12 07:55:00,wuhe_zhangheng,north,7,49
2019/1/12 08:00:00,wuhe_zhangheng,north,8,39
2019/1/12 08:05:00,wuhe_zhangheng,north,17,58
2019/1/12 08:10:00,wuhe_zhangheng,north,6,36
2019/1/12 08:15:00,wuhe_zhangheng,north,16,70
2019/1/12 08:20:00,wuhe_zhangheng,north,15,72
2019/1/12 08:25:00,wuhe_zhangheng,north,10,33
2019/1/12 08:30:00,wuhe_zhangheng,north,13,80
2019/1/12 08:35:00,wuhe_zhangheng,north,10,78
2019/1/12 08:40:00,wuhe_zhangheng,north,21,83
2019/1/12 08:45:00,wuhe_zhangheng,north,24,79
2019/1/12 08:50:00,wuhe_zhangheng,north,11,58
2019/1/12 08:55:00,wuhe_zhangheng,north,12,90
2019/1/12 09:00:00,wuhe_zhangheng,north,24,95
2019/1/12 09:05:00,wuhe_zhangheng,north,9,75
2019/1/12 09:10:00,wuhe_zhangheng,north,9,58
2019/1/12 09:15:00,wuhe_zhangheng,north,20,75
2019/1/12 09:20:00,wuhe_zhangheng,north,11,75
2019/1/12 09:25:00,wuhe_zhangheng,north,14,84
2019/1/12 09:30:00,wuhe_zhangheng,north,14,76
2019/1/12 09:35:00,wuhe_zhangheng,north,11,85
2019/1/12 09:40:00,wuhe_zhangheng,north,7,53
2019/1/12 09:45:00,wuhe_zhangheng,north,13,77
2019/1/12 09:50:00,wuhe_zhangheng,north,20,90
2019/1/12 09:55:00,wuhe_zhangheng,north,14,88
2019/1/12 10:00:00,wuhe_zhangheng,north,8,90
2019/1/12 10:05:00,wuhe_zhangheng,north,13,59
2019/1/12 10:10:00,wuhe_zhangheng,north,17,79
2019/1/12 10:15:00,wuhe_zhangheng,north,12,84
2019/1/12 10:20:00,wuhe_zhangheng,north,7,53
2019/1/12 10:25:00,wuhe_zhangheng,north,10,96
2019/1/12 10:30:00,wuhe_zhangheng,north,16,98
2019/1/12 10:35:00,wuhe_zhangheng,north,8,62
2019/1/12 10:40:00,wuhe_zhangheng,north,13,87
2019/1/12 10:45:00,wuhe_zhangheng,north,17,93
2019/1/12 10:50:00,wuhe_zhangheng,north,9,78
2019/1/12 10:55:00,wuhe_zhangheng,north,10,57
2019/1/12 11:00:00,wuhe_zhangheng,north,17,87
2019/1/12 11:05:00,wuhe_zhangheng,north,11,117
2019/1/12 11:10:00,wuhe_zhangheng,north,6,76
2019/1/12 11:15:00,wuhe_zhangheng,north,14,89
2019/1/12 11:20:00,wuhe_zhangheng,north,15,82
2019/1/12 11:25:00,wuhe_zhangheng,north,10,50
2019/1/12 11:30:00,wuhe_zhangheng,north,10,57
2019/1/12 11:35:00,wuhe_zhangheng,north,15,78
2019/1/12 11:40:00,wuhe_zhangheng,north,6,55
2019/1/12 11:45:00,wuhe_zhangheng,north,7,74
2019/1/12 11:50:00,wuhe_zhangheng,north,10,70
2019/1/12 11:55:00,wuhe_zhangheng,north,7,79
2019/1/12 12:00:00,wuhe_zhangheng,north,15,35
2019/1/12 12:05:00,wuhe_zhangheng,north,9,65
2019/1/12 12:10:00,wuhe_zhangheng,north,10,79
2019/1/12 12:15:00,wuhe_zhangheng,north,11,61
2019/1/12 12:20:00,wuhe_zhangheng,north,10,92
2019/1/12 12:25:00,wuhe_zhangheng,north,8,79
2019/1/12 12:30:00,wuhe_zhangheng,north,5,41
2019/1/12 12:35:00,wuhe_zhangheng,north,6,77
2019/1/12 12:40:00,wuhe_zhangheng,north,8,61
2019/1/12 12:45:00,wuhe_zhangheng,north,4,40
2019/1/12 12:50:00,wuhe_zhangheng,north,3,41
2019/1/12 12:55:00,wuhe_zhangheng,north,9,53
2019/1/12 13:00:00,wuhe_zhangheng,north,4,30
2019/1/12 13:05:00,wuhe_zhangheng,north,8,53
2019/1/12 13:10:00,wuhe_zhangheng,north,5,55
2019/1/12 13:15:00,wuhe_zhangheng,north,0,26
2019/1/12 13:20:00,wuhe_zhangheng,north,11,57
2019/1/12 13:25:00,wuhe_zhangheng,north,10,54
2019/1/12 13:30:00,wuhe_zhangheng,north,5,39
2019/1/12 13:35:00,wuhe_zhangheng,north,10,46
2019/1/12 13:40:00,wuhe_zhangheng,north,11,59
2019/1/12 13:45:00,wuhe_zhangheng,north,7,45
2019/1/12 13:50:00,wuhe_zhangheng,north,8,36
2019/1/12 13:55:00,wuhe_zhangheng,north,5,58
2019/1/12 14:00:00,wuhe_zhangheng,north,3,54
2019/1/12 14:05:00,wuhe_zhangheng,north,11,50
2019/1/12 14:10:00,wuhe_zhangheng,north,8,72
2019/1/12 14:15:00,wuhe_zhangheng,north,6,59
2019/1/12 14:20:00,wuhe_zhangheng,north,4,30
2019/1/12 14:25:00,wuhe_zhangheng,north,7,52
2019/1/12 14:30:00,wuhe_zhangheng,north,11,53
2019/1/12 14:35:00,wuhe_zhangheng,north,4,45
2019/1/12 14:40:00,wuhe_zhangheng,north,7,36
2019/1/12 14:45:00,wuhe_zhangheng,north,9,74
2019/1/12 14:50:00,wuhe_zhangheng,north,7,69
2019/1/12 14:55:00,wuhe_zhangheng,north,2,55
2019/1/12 15:00:00,wuhe_zhangheng,north,8,40
2019/1/12 15:05:00,wuhe_zhangheng,north,7,71
2019/1/12 15:10:00,wuhe_zhangheng,north,9,56
2019/1/12 15:15:00,wuhe_zhangheng,north,2,29
2019/1/12 15:20:00,wuhe_zhangheng,north,14,69
2019/1/12 15:25:00,wuhe_zhangheng,north,15,98
2019/1/12 15:30:00,wuhe_zhangheng,north,6,75
2019/1/12 15:35:00,wuhe_zhangheng,north,11,34
2019/1/12 15:40:00,wuhe_zhangheng,north,3,106
2019/1/12 15:45:00,wuhe_zhangheng,north,10,71
2019/1/12 15:50:00,wuhe_zhangheng,north,1,54
2019/1/12 15:55:00,wuhe_zhangheng,north,6,65
2019/1/12 16:00:00,wuhe_zhangheng,north,13,94
2019/1/12 16:05:00,wuhe_zhangheng,north,5,75
2019/1/12 16:10:00,wuhe_zhangheng,north,7,57
2019/1/12 16:15:00,wuhe_zhangheng,north,12,102
2019/1/12 16:20:00,wuhe_zhangheng,north,9,107
2019/1/12 16:25:00,wuhe_zhangheng,north,4,81
2019/1/12 16:30:00,wuhe_zhangheng,north,7,64
2019/1/12 16:35:00,wuhe_zhangheng,north,9,101
2019/1/12 16:40:00,wuhe_zhangheng,north,3,69
2019/1/12 16:45:00,wuhe_zhangheng,north,9,70
2019/1/12 16:50:00,wuhe_zhangheng,north,7,77
2019/1/12 16:55:00,wuhe_zhangheng,north,4,73
2019/1/12 17:00:00,wuhe_zhangheng,north,12,52
2019/1/12 17:05:00,wuhe_zhangheng,north,5,72
2019/1/12 17:10:00,wuhe_zhangheng,north,8,91
2019/1/12 17:15:00,wuhe_zhangheng,north,11,42
2019/1/12 17:20:00,wuhe_zhangheng,north,6,74
2019/1/12 17:25:00,wuhe_zhangheng,north,5,70
2019/1/12 17:30:00,wuhe_zhangheng,north,12,51
2019/1/12 17:35:00,wuhe_zhangheng,north,6,80
2019/1/12 17:40:00,wuhe_zhangheng,north,5,83
2019/1/12 17:45:00,wuhe_zhangheng,north,11,47
2019/1/12 17:50:00,wuhe_zhangheng,north,8,89
2019/1/12 17:55:00,wuhe_zhangheng,north,15,77
2019/1/12 18:00:00,wuhe_zhangheng,north,7,45
2019/1/12 18:05:00,wuhe_zhangheng,north,11,88
2019/1/12 18:10:00,wuhe_zhangheng,north,9,107
2019/1/12 18:15:00,wuhe_zhangheng,north,8,50
2019/1/12 18:20:00,wuhe_zhangheng,north,12,90
2019/1/12 18:25:00,wuhe_zhangheng,north,14,99
2019/1/12 18:30:00,wuhe_zhangheng,north,3,60
2019/1/12 18:35:00,wuhe_zhangheng,north,8,80
2019/1/12 18:40:00,wuhe_zhangheng,north,10,98
2019/1/12 18:45:00,wuhe_zhangheng,north,11,100
2019/1/12 18:50:00,wuhe_zhangheng,north,3,72
2019/1/12 18:55:00,wuhe_zhangheng,north,8,89
2019/1/12 19:00:00,wuhe_zhangheng,north,8,58
2019/1/12 19:05:00,wuhe_zhangheng,north,12,88
2019/1/12 19:10:00,wuhe_zhangheng,north,5,67
2019/1/12 19:15:00,wuhe_zhangheng,north,7,58
2019/1/12 19:20:00,wuhe_zhangheng,north,6,50
2019/1/12 19:25:00,wuhe_zhangheng,north,7,59
2019/1/12 19:30:00,wuhe_zhangheng,north,9,52
2019/1/12 19:35:00,wuhe_zhangheng,north,11,61
2019/1/12 19:40:00,wuhe_zhangheng,north,6,39
2019/1/12 19:45:00,wuhe_zhangheng,north,4,47
2019/1/12 19:50:00,wuhe_zhangheng,north,9,42
2019/1/12 19:55:00,wuhe_zhangheng,north,6,51
2019/1/12 20:00:00,wuhe_zhangheng,north,5,46
2019/1/12 20:05:00,wuhe_zhangheng,north,1,38
2019/1/12 20:10:00,wuhe_zhangheng,north,3,22
2019/1/12 20:15:00,wuhe_zhangheng,north,2,37
2019/1/12 20:20:00,wuhe_zhangheng,north,8,43
2019/1/12 20:25:00,wuhe_zhangheng,north,2,45
2019/1/12 20:30:00,wuhe_zhangheng,north,2,26
2019/1/12 20:35:00,wuhe_zhangheng,north,3,29
2019/1/12 20:40:00,wuhe_zhangheng,north,3,44
2019/1/12 20:45:00,wuhe_zhangheng,north,5,34
2019/1/12 20:50:00,wuhe_zhangheng,north,3,35
2019/1/12 20:55:00,wuhe_zhangheng,north,4,29
2019/1/12 21:00:00,wuhe_zhangheng,north,1,33
2019/1/12 21:05:00,wuhe_zhangheng,north,8,42
2019/1/12 21:10:00,wuhe_zhangheng,north,3,49
2019/1/12 21:15:00,wuhe_zhangheng,north,6,42
2019/1/12 21:20:00,wuhe_zhangheng,north,1,26
2019/1/12 21:25:00,wuhe_zhangheng,north,6,37
2019/1/12 21:30:00,wuhe_zhangheng,north,3,43
2019/1/12 21:35:00,wuhe_zhangheng,north,8,46
2019/1/12 21:40:00,wuhe_zhangheng,north,6,47
2019/1/12 21:45:00,wuhe_zhangheng,north,4,28
2019/1/12 21:50:00,wuhe_zhangheng,north,8,49
2019/1/12 21:55:00,wuhe_zhangheng,north,8,47
2019/1/12 22:00:00,wuhe_zhangheng,north,4,32
2019/1/12 22:05:00,wuhe_zhangheng,north,4,39
2019/1/12 22:10:00,wuhe_zhangheng,north,2,35
2019/1/12 22:15:00,wuhe_zhangheng,north,4,59
2019/1/12 22:20:00,wuhe_zhangheng,north,3,43
2019/1/12 22:25:00,wuhe_zhangheng,north,4,41
2019/1/12 22:30:00,wuhe_zhangheng,north,0,25
2019/1/12 22:35:00,wuhe_zhangheng,north,7,25
2019/1/12 22:40:00,wuhe_zhangheng,north,6,55
2019/1/12 22:45:00,wuhe_zhangheng,north,4,45
2019/1/12 22:50:00,wuhe_zhangheng,north,4,44
2019/1/12 22:55:00,wuhe_zhangheng,north,0,20
2019/1/12 23:00:00,wuhe_zhangheng,north,3,23
2019/1/12 23:05:00,wuhe_zhangheng,north,0,32
2019/1/12 23:10:00,wuhe_zhangheng,north,6,30
2019/1/12 23:15:00,wuhe_zhangheng,north,5,35
2019/1/12 23:20:00,wuhe_zhangheng,north,0,17
2019/1/12 23:25:00,wuhe_zhangheng,north,3,12
2019/1/12 23:30:00,wuhe_zhangheng,north,3,29
2019/1/12 23:35:00,wuhe_zhangheng,north,3,36
2019/1/12 23:40:00,wuhe_zhangheng,north,4,26
2019/1/12 23:45:00,wuhe_zhangheng,north,2,30
2019/1/12 23:50:00,wuhe_zhangheng,north,4,11
2019/1/12 23:55:00,wuhe_zhangheng,north,4,31
