2019/1/12 00:00:00,wuhe_longping,north,0,29
2019/1/12 00:05:00,wuhe_longping,north,1,22
2019/1/12 00:10:00,wuhe_longping,north,1,35
2019/1/12 00:15:00,wuhe_longping,north,3,29
2019/1/12 00:20:00,wuhe_longping,north,2,29
2019/1/12 00:25:00,wuhe_longping,north,1,24
2019/1/12 00:30:00,wuhe_longping,north,0,22
2019/1/12 00:35:00,wuhe_longping,north,0,25
2019/1/12 00:40:00,wuhe_longping,north,1,20
2019/1/12 00:45:00,wuhe_longping,north,2,21
2019/1/12 00:50:00,wuhe_longping,north,0,12
2019/1/12 00:55:00,wuhe_longping,north,1,15
2019/1/12 01:00:00,wuhe_longping,north,4,15
2019/1/12 01:05:00,wuhe_longping,north,1,18
2019/1/12 01:10:00,wuhe_longping,north,0,6
2019/1/12 01:15:00,wuhe_longping,north,0,20
2019/1/12 01:20:00,wuhe_longping,north,0,11
2019/1/12 01:25:00,wuhe_longping,north,1,27
2019/1/12 01:30:00,wuhe_longping,north,1,17
2019/1/12 01:35:00,wuhe_longping,north,1,8
2019/1/12 01:40:00,wuhe_longping,north,1,6
2019/1/12 01:45:00,wuhe_longping,north,0,13
2019/1/12 01:50:00,wuhe_longping,north,0,9
2019/1/12 01:55:00,wuhe_longping,north,0,5
2019/1/12 02:00:00,wuhe_longping,north,0,9
2019/1/12 02:05:00,wuhe_longping,north,0,11
2019/1/12 02:10:00,wuhe_longping,north,1,4
2019/1/12 02:15:00,wuhe_longping,north,0,10
2019/1/12 02:20:00,wuhe_longping,north,0,12
2019/1/12 02:25:00,wuhe_longping,north,0,6
2019/1/12 02:30:00,wuhe_longping,north,0,6
2019/1/12 02:35:00,wuhe_longping,north,0,8
2019/1/12 02:40:00,wuhe_longping,north,0,17
2019/1/12 02:45:00,wuhe_longping,north,0,4
2019/1/12 02:50:00,wuhe_longping,north,0,10
2019/1/12 02:55:00,wuhe_longping,north,3,10
2019/1/12 03:00:00,wuhe_longping,north,0,10
2019/1/12 03:05:00,wuhe_longping,north,0,10
2019/1/12 03:10:00,wuhe_longping,north,1,5
2019/1/12 03:15:00,wuhe_longping,north,1,3
2019/1/12 03:20:00,wuhe_longping,north,0,6
2019/1/12 03:25:00,wuhe_longping,north,1,6
2019/1/12 03:30:00,wuhe_longping,north,0,7
2019/1/12 03:35:00,wuhe_longping,north,0,0
2019/1/12 03:40:00,wuhe_longping,north,0,7
2019/1/12 03:45:00,wuhe_longping,north,0,5
2019/1/12 03:50:00,wuhe_longping,north,0,4
2019/1/12 03:55:00,wuhe_longping,north,0,2
2019/1/12 04:00:00,wuhe_longping,north,0,5
2019/1/12 04:05:00,wuhe_longping,north,0,2
2019/1/12 04:10:00,wuhe_longping,north,0,3
2019/1/12 04:15:00,wuhe_longping,north,0,3
2019/1/12 04:20:00,wuhe_longping,north,0,2
2019/1/12 04:25:00,wuhe_longping,north,0,3
2019/1/12 04:30:00,wuhe_longping,north,0,2
2019/1/12 04:35:00,wuhe_longping,north,0,5
2019/1/12 04:40:00,wuhe_longping,north,0,1
2019/1/12 04:45:00,wuhe_longping,north,1,7
2019/1/12 04:50:00,wuhe_longping,north,0,7
2019/1/12 04:55:00,wuhe_longping,north,0,7
2019/1/12 05:00:00,wuhe_longping,north,0,1
2019/1/12 05:05:00,wuhe_longping,north,0,4
2019/1/12 05:10:00,wuhe_longping,north,0,7
2019/1/12 05:15:00,wuhe_longping,north,0,1
2019/1/12 05:20:00,wuhe_longping,north,0,5
2019/1/12 05:25:00,wuhe_longping,north,0,9
2019/1/12 05:30:00,wuhe_longping,north,0,3
2019/1/12 05:35:00,wuhe_longping,north,1,2
2019/1/12 05:40:00,wuhe_longping,north,0,7
2019/1/12 05:45:00,wuhe_longping,north,0,1
2019/1/12 05:50:00,wuhe_longping,north,0,5
2019/1/12 05:55:00,wuhe_longping,north,0,3
2019/1/12 06:00:00,wuhe_longping,north,0,3
2019/1/12 06:05:00,wuhe_longping,north,0,2
2019/1/12 06:10:00,wuhe_longping,north,0,5
2019/1/12 06:15:00,wuhe_longping,north,0,9
2019/1/12 06:20:00,wuhe_longping,north,0,5
2019/1/12 06:25:00,wuhe_longping,north,0,8
2019/1/12 06:30:00,wuhe_longping,north,0,8
2019/1/12 06:35:00,wuhe_longping,north,0,7
2019/1/12 06:40:00,wuhe_longping,north,1,11
2019/1/12 06:45:00,wuhe_longping,north,2,13
2019/1/12 06:50:00,wuhe_longping,north,0,9
2019/1/12 06:55:00,wuhe_longping,north,1,18
2019/1/12 07:00:00,wuhe_longping,north,0,14
2019/1/12 07:05:00,wuhe_longping,north,0,18
2019/1/12 07:10:00,wuhe_longping,north,0,15
2019/1/12 07:15:00,wuhe_longping,north,8,24
2019/1/12 07:20:00,wuhe_longping,north,1,23
2019/1/12 07:25:00,wuhe_longping,north,9,30
2019/1/12 07:30:00,wuhe_longping,north,12,31
2019/1/12 07:35:00,wuhe_longping,north,4,31
2019/1/12 07:40:00,wuhe_longping,north,9,47
2019/1/12 07:45:00,wuhe_longping,north,11,38
2019/1/12 07:50:00,wuhe_longping,north,9,42
2019/1/12 07:55:00,wuhe_longping,north,12,37
2019/1/12 08:00:00,wuhe_longping,north,7,34
2019/1/12 08:05:00,wuhe_longping,north,5,46
2019/1/12 08:10:00,wuhe_longping,north,8,40
2019/1/12 08:15:00,wuhe_longping,north,4,52
2019/1/12 08:20:00,wuhe_longping,north,12,39
2019/1/12 08:25:00,wuhe_longping,north,19,50
2019/1/12 08:30:00,wuhe_longping,north,16,46
2019/1/12 08:35:00,wuhe_longping,north,13,63
2019/1/12 08:40:00,wuhe_longping,north,11,53
2019/1/12 08:45:00,wuhe_longping,north,23,65
2019/1/12 08:50:00,wuhe_longping,north,24,47
2019/1/12 08:55:00,wuhe_longping,north,23,61
2019/1/12 09:00:00,wuhe_longping,north,19,74
2019/1/12 09:05:00,wuhe_longping,north,12,82
2019/1/12 09:10:00,wuhe_longping,north,15,91
2019/1/12 09:15:00,wuhe_longping,north,13,67
2019/1/12 09:20:00,wuhe_longping,north,20,103
2019/1/12 09:25:00,wuhe_longping,north,17,102
2019/1/12 09:30:00,wuhe_longping,north,22,97
2019/1/12 09:35:00,wuhe_longping,north,28,97
2019/1/12 09:40:00,wuhe_longping,north,19,103
2019/1/12 09:45:00,wuhe_longping,north,19,111
2019/1/12 09:50:00,wuhe_longping,north,20,102
2019/1/12 09:55:00,wuhe_longping,north,26,110
2019/1/12 10:00:00,wuhe_longping,north,23,113
2019/1/12 10:05:00,wuhe_longping,north,25,121
2019/1/12 10:10:00,wuhe_longping,north,22,119
2019/1/12 10:15:00,wuhe_longping,north,18,117
2019/1/12 10:20:00,wuhe_longping,north,19,109
2019/1/12 10:25:00,wuhe_longping,north,23,126
2019/1/12 10:30:00,wuhe_longping,north,24,121
2019/1/12 10:35:00,wuhe_longping,north,25,112
2019/1/12 10:40:00,wuhe_longping,north,23,106
2019/1/12 10:45:00,wuhe_longping,north,27,109
2019/1/12 10:50:00,wuhe_longping,north,19,114
2019/1/12 10:55:00,wuhe_longping,north,24,138
2019/1/12 11:00:00,wuhe_longping,north,19,140
2019/1/12 11:05:00,wuhe_longping,north,23,155
2019/1/12 11:10:00,wuhe_longping,north,19,165
2019/1/12 11:15:00,wuhe_longping,north,18,157
2019/1/12 11:20:00,wuhe_longping,north,23,131
2019/1/12 11:25:00,wuhe_longping,north,21,127
2019/1/12 11:30:00,wuhe_longping,north,44,108
2019/1/12 11:35:00,wuhe_longping,north,18,139
2019/1/12 11:40:00,wuhe_longping,north,20,131
2019/1/12 11:45:00,wuhe_longping,north,18,130
2019/1/12 11:50:00,wuhe_longping,north,26,125
2019/1/12 11:55:00,wuhe_longping,north,22,116
2019/1/12 12:00:00,wuhe_longping,north,23,115
2019/1/12 12:05:00,wuhe_longping,north,41,163
2019/1/12 12:10:00,wuhe_longping,north,12,99
2019/1/12 12:15:00,wuhe_longping,north,15,129
2019/1/12 12:20:00,wuhe_longping,north,18,149
2019/1/12 12:25:00,wuhe_longping,north,16,133
2019/1/12 12:30:00,wuhe_longping,north,22,103
2019/1/12 12:35:00,wuhe_longping,north,23,91
2019/1/12 12:40:00,wuhe_longping,north,20,88
2019/1/12 12:45:00,wuhe_longping,north,16,76
2019/1/12 12:50:00,wuhe_longping,north,21,63
2019/1/12 12:55:00,wuhe_longping,north,23,66
2019/1/12 13:00:00,wuhe_longping,north,15,65
2019/1/12 13:05:00,wuhe_longping,north,13,67
2019/1/12 13:10:00,wuhe_longping,north,12,74
2019/1/12 13:15:00,wuhe_longping,north,17,73
2019/1/12 13:20:00,wuhe_longping,north,20,82
2019/1/12 13:25:00,wuhe_longping,north,23,52
2019/1/12 13:30:00,wuhe_longping,north,17,74
2019/1/12 13:35:00,wuhe_longping,north,13,63
2019/1/12 13:40:00,wuhe_longping,north,19,59
2019/1/12 13:45:00,wuhe_longping,north,16,94
2019/1/12 13:50:00,wuhe_longping,north,16,72
2019/1/12 13:55:00,wuhe_longping,north,20,78
2019/1/12 14:00:00,wuhe_longping,north,19,75
2019/1/12 14:05:00,wuhe_longping,north,18,78
2019/1/12 14:10:00,wuhe_longping,north,20,81
2019/1/12 14:15:00,wuhe_longping,north,6,99
2019/1/12 14:20:00,wuhe_longping,north,14,77
2019/1/12 14:25:00,wuhe_longping,north,16,65
2019/1/12 14:30:00,wuhe_longping,north,14,67
2019/1/12 14:35:00,wuhe_longping,north,12,56
2019/1/12 14:40:00,wuhe_longping,north,12,75
2019/1/12 14:45:00,wuhe_longping,north,13,80
2019/1/12 14:50:00,wuhe_longping,north,11,71
2019/1/12 14:55:00,wuhe_longping,north,20,63
2019/1/12 15:00:00,wuhe_longping,north,15,63
2019/1/12 15:05:00,wuhe_longping,north,11,60
2019/1/12 15:10:00,wuhe_longping,north,10,69
2019/1/12 15:15:00,wuhe_longping,north,11,61
2019/1/12 15:20:00,wuhe_longping,north,14,52
2019/1/12 15:25:00,wuhe_longping,north,10,109
2019/1/12 15:30:00,wuhe_longping,north,15,106
2019/1/12 15:35:00,wuhe_longping,north,12,65
2019/1/12 15:40:00,wuhe_longping,north,12,81
2019/1/12 15:45:00,wuhe_longping,north,15,98
2019/1/12 15:50:00,wuhe_longping,north,11,86
2019/1/12 15:55:00,wuhe_longping,north,13,76
2019/1/12 16:00:00,wuhe_longping,north,10,75
2019/1/12 16:05:00,wuhe_longping,north,10,83
2019/1/12 16:10:00,wuhe_longping,north,17,91
2019/1/12 16:15:00,wuhe_longping,north,10,96
2019/1/12 16:20:00,wuhe_longping,north,9,97
2019/1/12 16:25:00,wuhe_longping,north,12,94
2019/1/12 16:30:00,wuhe_longping,north,10,116
2019/1/12 16:35:00,wuhe_longping,north,13,95
2019/1/12 16:40:00,wuhe_longping,north,11,105
2019/1/12 16:45:00,wuhe_longping,north,10,55
2019/1/12 16:50:00,wuhe_longping,north,11,90
2019/1/12 16:55:00,wuhe_longping,north,18,52
2019/1/12 17:00:00,wuhe_longping,north,12,78
2019/1/12 17:05:00,wuhe_longping,north,12,49
2019/1/12 17:10:00,wuhe_longping,north,19,86
2019/1/12 17:15:00,wuhe_longping,north,7,76
2019/1/12 17:20:00,wuhe_longping,north,13,59
2019/1/12 17:25:00,wuhe_longping,north,12,89
2019/1/12 17:30:00,wuhe_longping,north,21,63
2019/1/12 17:35:00,wuhe_longping,north,13,93
2019/1/12 17:40:00,wuhe_longping,north,16,68
2019/1/12 17:45:00,wuhe_longping,north,17,96
2019/1/12 17:50:00,wuhe_longping,north,15,69
2019/1/12 17:55:00,wuhe_longping,north,14,90
2019/1/12 18:00:00,wuhe_longping,north,7,66
2019/1/12 18:05:00,wuhe_longping,north,20,71
2019/1/12 18:10:00,wuhe_longping,north,13,99
2019/1/12 18:15:00,wuhe_longping,north,11,80
2019/1/12 18:20:00,wuhe_longping,north,10,103
2019/1/12 18:25:00,wuhe_longping,north,12,76
2019/1/12 18:30:00,wuhe_longping,north,12,84
2019/1/12 18:35:00,wuhe_longping,north,12,83
2019/1/12 18:40:00,wuhe_longping,north,13,79
2019/1/12 18:45:00,wuhe_longping,north,13,106
2019/1/12 18:50:00,wuhe_longping,north,15,90
2019/1/12 18:55:00,wuhe_longping,north,9,117
2019/1/12 19:00:00,wuhe_longping,north,17,58
2019/1/12 19:05:00,wuhe_longping,north,15,71
2019/1/12 19:10:00,wuhe_longping,north,8,62
2019/1/12 19:15:00,wuhe_longping,north,10,65
2019/1/12 19:20:00,wuhe_longping,north,11,66
2019/1/12 19:25:00,wuhe_longping,north,13,57
2019/1/12 19:30:00,wuhe_longping,north,5,49
2019/1/12 19:35:00,wuhe_longping,north,8,50
2019/1/12 19:40:00,wuhe_longping,north,4,59
2019/1/12 19:45:00,wuhe_longping,north,4,46
2019/1/12 19:50:00,wuhe_longping,north,10,41
2019/1/12 19:55:00,wuhe_longping,north,8,45
2019/1/12 20:00:00,wuhe_longping,north,4,41
2019/1/12 20:05:00,wuhe_longping,north,6,48
2019/1/12 20:10:00,wuhe_longping,north,3,36
2019/1/12 20:15:00,wuhe_longping,north,2,43
2019/1/12 20:20:00,wuhe_longping,north,2,36
2019/1/12 20:25:00,wuhe_longping,north,3,42
2019/1/12 20:30:00,wuhe_longping,north,6,30
2019/1/12 20:35:00,wuhe_longping,north,7,32
2019/1/12 20:40:00,wuhe_longping,north,1,40
2019/1/12 20:45:00,wuhe_longping,north,7,50
2019/1/12 20:50:00,wuhe_longping,north,4,32
2019/1/12 20:55:00,wuhe_longping,north,7,47
2019/1/12 21:00:00,wuhe_longping,north,7,36
2019/1/12 21:05:00,wuhe_longping,north,2,45
2019/1/12 21:10:00,wuhe_longping,north,5,56
2019/1/12 21:15:00,wuhe_longping,north,4,43
2019/1/12 21:20:00,wuhe_longping,north,3,38
2019/1/12 21:25:00,wuhe_longping,north,4,30
2019/1/12 21:30:00,wuhe_longping,north,5,44
2019/1/12 21:35:00,wuhe_longping,north,7,46
2019/1/12 21:40:00,wuhe_longping,north,5,45
2019/1/12 21:45:00,wuhe_longping,north,4,49
2019/1/12 21:50:00,wuhe_longping,north,3,37
2019/1/12 21:55:00,wuhe_longping,north,2,47
2019/1/12 22:00:00,wuhe_longping,north,7,44
2019/1/12 22:05:00,wuhe_longping,north,0,37
2019/1/12 22:10:00,wuhe_longping,north,4,48
2019/1/12 22:15:00,wuhe_longping,north,2,50
2019/1/12 22:20:00,wuhe_longping,north,6,53
2019/1/12 22:25:00,wuhe_longping,north,1,40
2019/1/12 22:30:00,wuhe_longping,north,1,27
2019/1/12 22:35:00,wuhe_longping,north,4,31
2019/1/12 22:40:00,wuhe_longping,north,4,50
2019/1/12 22:45:00,wuhe_longping,north,5,43
2019/1/12 22:50:00,wuhe_longping,north,6,34
2019/1/12 22:55:00,wuhe_longping,north,7,42
2019/1/12 23:00:00,wuhe_longping,north,2,25
2019/1/12 23:05:00,wuhe_longping,north,5,29
2019/1/12 23:10:00,wuhe_longping,north,2,37
2019/1/12 23:15:00,wuhe_longping,north,3,45
2019/1/12 23:20:00,wuhe_longping,north,2,25
2019/1/12 23:25:00,wuhe_longping,north,1,23
2019/1/12 23:30:00,wuhe_longping,north,1,28
2019/1/12 23:35:00,wuhe_longping,north,4,28
2019/1/12 23:40:00,wuhe_longping,north,0,34
2019/1/12 23:45:00,wuhe_longping,north,6,22
2019/1/12 23:50:00,wuhe_longping,north,5,26
2019/1/12 23:55:00,wuhe_longping,north,3,16
