2019/1/12 00:00:00,wuhe_jiaxian,south,2,21
2019/1/12 00:05:00,wuhe_jiaxian,south,1,10
2019/1/12 00:10:00,wuhe_jiaxian,south,0,12
2019/1/12 00:15:00,wuhe_jiaxian,south,0,10
2019/1/12 00:20:00,wuhe_jiaxian,south,0,27
2019/1/12 00:25:00,wuhe_jiaxian,south,1,13
2019/1/12 00:30:00,wuhe_jiaxian,south,1,7
2019/1/12 00:35:00,wuhe_jiaxian,south,1,12
2019/1/12 00:40:00,wuhe_jiaxian,south,2,11
2019/1/12 00:45:00,wuhe_jiaxian,south,1,8
2019/1/12 00:50:00,wuhe_jiaxian,south,0,9
2019/1/12 00:55:00,wuhe_jiaxian,south,1,4
2019/1/12 01:00:00,wuhe_jiaxian,south,0,5
2019/1/12 01:05:00,wuhe_jiaxian,south,0,4
2019/1/12 01:10:00,wuhe_jiaxian,south,1,11
2019/1/12 01:15:00,wuhe_jiaxian,south,0,6
2019/1/12 01:20:00,wuhe_jiaxian,south,0,6
2019/1/12 01:25:00,wuhe_jiaxian,south,1,4
2019/1/12 01:30:00,wuhe_jiaxian,south,1,6
2019/1/12 01:35:00,wuhe_jiaxian,south,0,6
2019/1/12 01:40:00,wuhe_jiaxian,south,0,6
2019/1/12 01:45:00,wuhe_jiaxian,south,1,8
2019/1/12 01:50:00,wuhe_jiaxian,south,0,2
2019/1/12 01:55:00,wuhe_jiaxian,south,0,3
2019/1/12 02:00:00,wuhe_jiaxian,south,0,7
2019/1/12 02:05:00,wuhe_jiaxian,south,0,6
2019/1/12 02:10:00,wuhe_jiaxian,south,0,5
2019/1/12 02:15:00,wuhe_jiaxian,south,0,0
2019/1/12 02:20:00,wuhe_jiaxian,south,0,5
2019/1/12 02:25:00,wuhe_jiaxian,south,0,2
2019/1/12 02:30:00,wuhe_jiaxian,south,0,3
2019/1/12 02:35:00,wuhe_jiaxian,south,0,2
2019/1/12 02:40:00,wuhe_jiaxian,south,0,0
2019/1/12 02:45:00,wuhe_jiaxian,south,1,2
2019/1/12 02:50:00,wuhe_jiaxian,south,0,5
2019/1/12 02:55:00,wuhe_jiaxian,south,0,2
2019/1/12 03:00:00,wuhe_jiaxian,south,0,3
2019/1/12 03:05:00,wuhe_jiaxian,south,0,4
2019/1/12 03:10:00,wuhe_jiaxian,south,0,2
2019/1/12 03:15:00,wuhe_jiaxian,south,0,3
2019/1/12 03:20:00,wuhe_jiaxian,south,0,2
2019/1/12 03:25:00,wuhe_jiaxian,south,0,4
2019/1/12 03:30:00,wuhe_jiaxian,south,0,1
2019/1/12 03:35:00,wuhe_jiaxian,south,0,7
2019/1/12 03:40:00,wuhe_jiaxian,south,0,4
2019/1/12 03:45:00,wuhe_jiaxian,south,0,3
2019/1/12 03:50:00,wuhe_jiaxian,south,0,0
2019/1/12 03:55:00,wuhe_jiaxian,south,0,2
2019/1/12 04:00:00,wuhe_jiaxian,south,0,8
2019/1/12 04:05:00,wuhe_jiaxian,south,1,1
2019/1/12 04:10:00,wuhe_jiaxian,south,0,2
2019/1/12 04:15:00,wuhe_jiaxian,south,0,1
2019/1/12 04:20:00,wuhe_jiaxian,south,0,4
2019/1/12 04:25:00,wuhe_jiaxian,south,0,2
2019/1/12 04:30:00,wuhe_jiaxian,south,0,1
2019/1/12 04:35:00,wuhe_jiaxian,south,0,1
2019/1/12 04:40:00,wuhe_jiaxian,south,0,2
2019/1/12 04:45:00,wuhe_jiaxian,south,0,1
2019/1/12 04:50:00,wuhe_jiaxian,south,0,8
2019/1/12 04:55:00,wuhe_jiaxian,south,0,7
2019/1/12 05:00:00,wuhe_jiaxian,south,0,3
2019/1/12 05:05:00,wuhe_jiaxian,south,0,4
2019/1/12 05:10:00,wuhe_jiaxian,south,0,3
2019/1/12 05:15:00,wuhe_jiaxian,south,0,1
2019/1/12 05:20:00,wuhe_jiaxian,south,0,2
2019/1/12 05:25:00,wuhe_jiaxian,south,0,2
2019/1/12 05:30:00,wuhe_jiaxian,south,0,2
2019/1/12 05:35:00,wuhe_jiaxian,south,0,1
2019/1/12 05:40:00,wuhe_jiaxian,south,0,0
2019/1/12 05:45:00,wuhe_jiaxian,south,0,5
2019/1/12 05:50:00,wuhe_jiaxian,south,1,2
2019/1/12 05:55:00,wuhe_jiaxian,south,0,3
2019/1/12 06:00:00,wuhe_jiaxian,south,0,0
2019/1/12 06:05:00,wuhe_jiaxian,south,0,3
2019/1/12 06:10:00,wuhe_jiaxian,south,0,3
2019/1/12 06:15:00,wuhe_jiaxian,south,0,1
2019/1/12 06:20:00,wuhe_jiaxian,south,1,2
2019/1/12 06:25:00,wuhe_jiaxian,south,0,3
2019/1/12 06:30:00,wuhe_jiaxian,south,0,4
2019/1/12 06:35:00,wuhe_jiaxian,south,1,2
2019/1/12 06:40:00,wuhe_jiaxian,south,1,2
2019/1/12 06:45:00,wuhe_jiaxian,south,2,9
2019/1/12 06:50:00,wuhe_jiaxian,south,0,6
2019/1/12 06:55:00,wuhe_jiaxian,south,0,5
2019/1/12 07:00:00,wuhe_jiaxian,south,1,17
2019/1/12 07:05:00,wuhe_jiaxian,south,3,10
2019/1/12 07:10:00,wuhe_jiaxian,south,4,12
2019/1/12 07:15:00,wuhe_jiaxian,south,4,22
2019/1/12 07:20:00,wuhe_jiaxian,south,7,14
2019/1/12 07:25:00,wuhe_jiaxian,south,3,35
2019/1/12 07:30:00,wuhe_jiaxian,south,4,25
2019/1/12 07:35:00,wuhe_jiaxian,south,2,26
2019/1/12 07:40:00,wuhe_jiaxian,south,4,33
2019/1/12 07:45:00,wuhe_jiaxian,south,6,42
2019/1/12 07:50:00,wuhe_jiaxian,south,1,34
2019/1/12 07:55:00,wuhe_jiaxian,south,5,31
2019/1/12 08:00:00,wuhe_jiaxian,south,4,29
2019/1/12 08:05:00,wuhe_jiaxian,south,6,35
2019/1/12 08:10:00,wuhe_jiaxian,south,7,40
2019/1/12 08:15:00,wuhe_jiaxian,south,5,45
2019/1/12 08:20:00,wuhe_jiaxian,south,1,38
2019/1/12 08:25:00,wuhe_jiaxian,south,10,63
2019/1/12 08:30:00,wuhe_jiaxian,south,4,36
2019/1/12 08:35:00,wuhe_jiaxian,south,13,41
2019/1/12 08:40:00,wuhe_jiaxian,south,11,56
2019/1/12 08:45:00,wuhe_jiaxian,south,13,42
2019/1/12 08:50:00,wuhe_jiaxian,south,13,56
2019/1/12 08:55:00,wuhe_jiaxian,south,14,41
2019/1/12 09:00:00,wuhe_jiaxian,south,7,41
2019/1/12 09:05:00,wuhe_jiaxian,south,14,60
2019/1/12 09:10:00,wuhe_jiaxian,south,8,51
2019/1/12 09:15:00,wuhe_jiaxian,south,11,49
2019/1/12 09:20:00,wuhe_jiaxian,south,10,61
2019/1/12 09:25:00,wuhe_jiaxian,south,15,88
2019/1/12 09:30:00,wuhe_jiaxian,south,6,48
2019/1/12 09:35:00,wuhe_jiaxian,south,11,49
2019/1/12 09:40:00,wuhe_jiaxian,south,15,65
2019/1/12 09:45:00,wuhe_jiaxian,south,14,65
2019/1/12 09:50:00,wuhe_jiaxian,south,16,67
2019/1/12 09:55:00,wuhe_jiaxian,south,25,54
2019/1/12 10:00:00,wuhe_jiaxian,south,11,40
2019/1/12 10:05:00,wuhe_jiaxian,south,13,44
2019/1/12 10:10:00,wuhe_jiaxian,south,21,70
2019/1/12 10:15:00,wuhe_jiaxian,south,12,65
2019/1/12 10:20:00,wuhe_jiaxian,south,16,59
2019/1/12 10:25:00,wuhe_jiaxian,south,18,68
2019/1/12 10:30:00,wuhe_jiaxian,south,11,48
2019/1/12 10:35:00,wuhe_jiaxian,south,16,54
2019/1/12 10:40:00,wuhe_jiaxian,south,15,60
2019/1/12 10:45:00,wuhe_jiaxian,south,18,59
2019/1/12 10:50:00,wuhe_jiaxian,south,11,50
2019/1/12 10:55:00,wuhe_jiaxian,south,27,57
2019/1/12 11:00:00,wuhe_jiaxian,south,21,50
2019/1/12 11:05:00,wuhe_jiaxian,south,12,49
2019/1/12 11:10:00,wuhe_jiaxian,south,12,57
2019/1/12 11:15:00,wuhe_jiaxian,south,12,49
2019/1/12 11:20:00,wuhe_jiaxian,south,19,56
2019/1/12 11:25:00,wuhe_jiaxian,south,10,53
2019/1/12 11:30:00,wuhe_jiaxian,south,14,53
2019/1/12 11:35:00,wuhe_jiaxian,south,10,50
2019/1/12 11:40:00,wuhe_jiaxian,south,14,51
2019/1/12 11:45:00,wuhe_jiaxian,south,10,47
2019/1/12 11:50:00,wuhe_jiaxian,south,13,44
2019/1/12 11:55:00,wuhe_jiaxian,south,16,46
2019/1/12 12:00:00,wuhe_jiaxian,south,9,53
2019/1/12 12:05:00,wuhe_jiaxian,south,3,17
2019/1/12 12:10:00,wuhe_jiaxian,south,8,35
2019/1/12 12:15:00,wuhe_jiaxian,south,12,56
2019/1/12 12:20:00,wuhe_jiaxian,south,10,32
2019/1/12 12:25:00,wuhe_jiaxian,south,8,47
2019/1/12 12:30:00,wuhe_jiaxian,south,8,43
2019/1/12 12:35:00,wuhe_jiaxian,south,4,24
2019/1/12 12:40:00,wuhe_jiaxian,south,11,43
2019/1/12 12:45:00,wuhe_jiaxian,south,7,29
2019/1/12 12:50:00,wuhe_jiaxian,south,6,33
2019/1/12 12:55:00,wuhe_jiaxian,south,7,34
2019/1/12 13:00:00,wuhe_jiaxian,south,4,29
2019/1/12 13:05:00,wuhe_jiaxian,south,10,35
2019/1/12 13:10:00,wuhe_jiaxian,south,4,49
2019/1/12 13:15:00,wuhe_jiaxian,south,6,33
2019/1/12 13:20:00,wuhe_jiaxian,south,9,46
2019/1/12 13:25:00,wuhe_jiaxian,south,5,36
2019/1/12 13:30:00,wuhe_jiaxian,south,5,41
2019/1/12 13:35:00,wuhe_jiaxian,south,5,43
2019/1/12 13:40:00,wuhe_jiaxian,south,11,35
2019/1/12 13:45:00,wuhe_jiaxian,south,7,41
2019/1/12 13:50:00,wuhe_jiaxian,south,12,55
2019/1/12 13:55:00,wuhe_jiaxian,south,8,40
2019/1/12 14:00:00,wuhe_jiaxian,south,6,46
2019/1/12 14:05:00,wuhe_jiaxian,south,5,42
2019/1/12 14:10:00,wuhe_jiaxian,south,6,35
2019/1/12 14:15:00,wuhe_jiaxian,south,5,51
2019/1/12 14:20:00,wuhe_jiaxian,south,3,36
2019/1/12 14:25:00,wuhe_jiaxian,south,5,33
2019/1/12 14:30:00,wuhe_jiaxian,south,4,42
2019/1/12 14:35:00,wuhe_jiaxian,south,5,37
2019/1/12 14:40:00,wuhe_jiaxian,south,1,36
2019/1/12 14:45:00,wuhe_jiaxian,south,4,39
2019/1/12 14:50:00,wuhe_jiaxian,south,4,33
2019/1/12 14:55:00,wuhe_jiaxian,south,3,41
2019/1/12 15:00:00,wuhe_jiaxian,south,5,45
2019/1/12 15:05:00,wuhe_jiaxian,south,1,48
2019/1/12 15:10:00,wuhe_jiaxian,south,5,32
2019/1/12 15:15:00,wuhe_jiaxian,south,4,14
2019/1/12 15:20:00,wuhe_jiaxian,south,0,31
2019/1/12 15:25:00,wuhe_jiaxian,south,2,37
2019/1/12 15:30:00,wuhe_jiaxian,south,4,33
2019/1/12 15:35:00,wuhe_jiaxian,south,2,47
2019/1/12 15:40:00,wuhe_jiaxian,south,0,41
2019/1/12 15:45:00,wuhe_jiaxian,south,1,53
2019/1/12 15:50:00,wuhe_jiaxian,south,1,45
2019/1/12 15:55:00,wuhe_jiaxian,south,1,51
2019/1/12 16:00:00,wuhe_jiaxian,south,0,33
2019/1/12 16:05:00,wuhe_jiaxian,south,0,35
2019/1/12 16:10:00,wuhe_jiaxian,south,0,38
2019/1/12 16:15:00,wuhe_jiaxian,south,3,45
2019/1/12 16:20:00,wuhe_jiaxian,south,0,46
2019/1/12 16:25:00,wuhe_jiaxian,south,1,22
2019/1/12 16:30:00,wuhe_jiaxian,south,4,40
2019/1/12 16:35:00,wuhe_jiaxian,south,2,29
2019/1/12 16:40:00,wuhe_jiaxian,south,0,27
2019/1/12 16:45:00,wuhe_jiaxian,south,0,17
2019/1/12 16:50:00,wuhe_jiaxian,south,0,48
2019/1/12 16:55:00,wuhe_jiaxian,south,0,32
2019/1/12 17:00:00,wuhe_jiaxian,south,1,40
2019/1/12 17:05:00,wuhe_jiaxian,south,2,29
2019/1/12 17:10:00,wuhe_jiaxian,south,1,27
2019/1/12 17:15:00,wuhe_jiaxian,south,0,32
2019/1/12 17:20:00,wuhe_jiaxian,south,3,29
2019/1/12 17:25:00,wuhe_jiaxian,south,2,44
2019/1/12 17:30:00,wuhe_jiaxian,south,1,31
2019/1/12 17:35:00,wuhe_jiaxian,south,0,57
2019/1/12 17:40:00,wuhe_jiaxian,south,1,37
2019/1/12 17:45:00,wuhe_jiaxian,south,2,46
2019/1/12 17:50:00,wuhe_jiaxian,south,2,34
2019/1/12 17:55:00,wuhe_jiaxian,south,0,41
2019/1/12 18:00:00,wuhe_jiaxian,south,1,32
2019/1/12 18:05:00,wuhe_jiaxian,south,0,25
2019/1/12 18:10:00,wuhe_jiaxian,south,2,34
2019/1/12 18:15:00,wuhe_jiaxian,south,0,27
2019/1/12 18:20:00,wuhe_jiaxian,south,1,30
2019/1/12 18:25:00,wuhe_jiaxian,south,0,24
2019/1/12 18:30:00,wuhe_jiaxian,south,1,25
2019/1/12 18:35:00,wuhe_jiaxian,south,0,22
2019/1/12 18:40:00,wuhe_jiaxian,south,0,30
2019/1/12 18:45:00,wuhe_jiaxian,south,0,34
2019/1/12 18:50:00,wuhe_jiaxian,south,0,15
2019/1/12 18:55:00,wuhe_jiaxian,south,0,28
2019/1/12 19:00:00,wuhe_jiaxian,south,1,13
2019/1/12 19:05:00,wuhe_jiaxian,south,1,22
2019/1/12 19:10:00,wuhe_jiaxian,south,0,6
2019/1/12 19:15:00,wuhe_jiaxian,south,0,14
2019/1/12 19:20:00,wuhe_jiaxian,south,0,20
2019/1/12 19:25:00,wuhe_jiaxian,south,0,14
2019/1/12 19:30:00,wuhe_jiaxian,south,0,26
2019/1/12 19:35:00,wuhe_jiaxian,south,0,18
2019/1/12 19:40:00,wuhe_jiaxian,south,0,22
2019/1/12 19:45:00,wuhe_jiaxian,south,1,25
2019/1/12 19:50:00,wuhe_jiaxian,south,0,16
2019/1/12 19:55:00,wuhe_jiaxian,south,0,21
2019/1/12 20:00:00,wuhe_jiaxian,south,0,11
2019/1/12 20:05:00,wuhe_jiaxian,south,0,20
2019/1/12 20:10:00,wuhe_jiaxian,south,1,25
2019/1/12 20:15:00,wuhe_jiaxian,south,0,20
2019/1/12 20:20:00,wuhe_jiaxian,south,0,12
2019/1/12 20:25:00,wuhe_jiaxian,south,0,20
2019/1/12 20:30:00,wuhe_jiaxian,south,0,21
2019/1/12 20:35:00,wuhe_jiaxian,south,0,22
2019/1/12 20:40:00,wuhe_jiaxian,south,0,21
2019/1/12 20:45:00,wuhe_jiaxian,south,0,26
2019/1/12 20:50:00,wuhe_jiaxian,south,0,22
2019/1/12 20:55:00,wuhe_jiaxian,south,0,28
2019/1/12 21:00:00,wuhe_jiaxian,south,0,26
2019/1/12 21:05:00,wuhe_jiaxian,south,0,20
2019/1/12 21:10:00,wuhe_jiaxian,south,0,17
2019/1/12 21:15:00,wuhe_jiaxian,south,0,24
2019/1/12 21:20:00,wuhe_jiaxian,south,0,18
2019/1/12 21:25:00,wuhe_jiaxian,south,0,15
2019/1/12 21:30:00,wuhe_jiaxian,south,0,29
2019/1/12 21:35:00,wuhe_jiaxian,south,0,31
2019/1/12 21:40:00,wuhe_jiaxian,south,0,27
2019/1/12 21:45:00,wuhe_jiaxian,south,0,30
2019/1/12 21:50:00,wuhe_jiaxian,south,0,32
2019/1/12 21:55:00,wuhe_jiaxian,south,0,23
2019/1/12 22:00:00,wuhe_jiaxian,south,0,23
2019/1/12 22:05:00,wuhe_jiaxian,south,0,21
2019/1/12 22:10:00,wuhe_jiaxian,south,0,15
2019/1/12 22:15:00,wuhe_jiaxian,south,0,23
2019/1/12 22:20:00,wuhe_jiaxian,south,1,26
2019/1/12 22:25:00,wuhe_jiaxian,south,1,38
2019/1/12 22:30:00,wuhe_jiaxian,south,0,18
2019/1/12 22:35:00,wuhe_jiaxian,south,0,25
2019/1/12 22:40:00,wuhe_jiaxian,south,0,20
2019/1/12 22:45:00,wuhe_jiaxian,south,3,13
2019/1/12 22:50:00,wuhe_jiaxian,south,0,10
2019/1/12 22:55:00,wuhe_jiaxian,south,0,17
2019/1/12 23:00:00,wuhe_jiaxian,south,0,7
2019/1/12 23:05:00,wuhe_jiaxian,south,0,12
2019/1/12 23:10:00,wuhe_jiaxian,south,0,23
2019/1/12 23:15:00,wuhe_jiaxian,south,0,17
2019/1/12 23:20:00,wuhe_jiaxian,south,0,17
2019/1/12 23:25:00,wuhe_jiaxian,south,0,21
2019/1/12 23:30:00,wuhe_jiaxian,south,0,9
2019/1/12 23:35:00,wuhe_jiaxian,south,0,10
2019/1/12 23:40:00,wuhe_jiaxian,south,1,9
2019/1/12 23:45:00,wuhe_jiaxian,south,0,9
2019/1/12 23:50:00,wuhe_jiaxian,south,0,14
2019/1/12 23:55:00,wuhe_jiaxian,south,1,12
