2019/1/31 00:00:00,wuhe_jiaxian,south,0,7
2019/1/31 00:05:00,wuhe_jiaxian,south,1,15
2019/1/31 00:10:00,wuhe_jiaxian,south,1,10
2019/1/31 00:15:00,wuhe_jiaxian,south,0,11
2019/1/31 00:20:00,wuhe_jiaxian,south,0,7
2019/1/31 00:25:00,wuhe_jiaxian,south,0,5
2019/1/31 00:30:00,wuhe_jiaxian,south,0,9
2019/1/31 00:35:00,wuhe_jiaxian,south,0,4
2019/1/31 00:40:00,wuhe_jiaxian,south,0,17
2019/1/31 00:45:00,wuhe_jiaxian,south,0,7
2019/1/31 00:50:00,wuhe_jiaxian,south,0,8
2019/1/31 00:55:00,wuhe_jiaxian,south,0,6
2019/1/31 01:00:00,wuhe_jiaxian,south,0,9
2019/1/31 01:05:00,wuhe_jiaxian,south,0,3
2019/1/31 01:10:00,wuhe_jiaxian,south,0,3
2019/1/31 01:15:00,wuhe_jiaxian,south,0,1
2019/1/31 01:20:00,wuhe_jiaxian,south,0,6
2019/1/31 01:25:00,wuhe_jiaxian,south,0,4
2019/1/31 01:30:00,wuhe_jiaxian,south,0,5
2019/1/31 01:35:00,wuhe_jiaxian,south,0,5
2019/1/31 01:40:00,wuhe_jiaxian,south,0,10
2019/1/31 01:45:00,wuhe_jiaxian,south,0,3
2019/1/31 01:50:00,wuhe_jiaxian,south,0,2
2019/1/31 01:55:00,wuhe_jiaxian,south,0,2
2019/1/31 02:00:00,wuhe_jiaxian,south,0,1
2019/1/31 02:05:00,wuhe_jiaxian,south,0,0
2019/1/31 02:10:00,wuhe_jiaxian,south,0,4
2019/1/31 02:15:00,wuhe_jiaxian,south,0,1
2019/1/31 02:20:00,wuhe_jiaxian,south,0,7
2019/1/31 02:25:00,wuhe_jiaxian,south,0,4
2019/1/31 02:30:00,wuhe_jiaxian,south,0,5
2019/1/31 02:35:00,wuhe_jiaxian,south,0,6
2019/1/31 02:40:00,wuhe_jiaxian,south,0,2
2019/1/31 02:45:00,wuhe_jiaxian,south,0,3
2019/1/31 02:50:00,wuhe_jiaxian,south,0,8
2019/1/31 02:55:00,wuhe_jiaxian,south,0,2
2019/1/31 03:00:00,wuhe_jiaxian,south,0,7
2019/1/31 03:05:00,wuhe_jiaxian,south,0,2
2019/1/31 03:10:00,wuhe_jiaxian,south,0,3
2019/1/31 03:15:00,wuhe_jiaxian,south,0,5
2019/1/31 03:20:00,wuhe_jiaxian,south,0,2
2019/1/31 03:25:00,wuhe_jiaxian,south,0,4
2019/1/31 03:30:00,wuhe_jiaxian,south,0,3
2019/1/31 03:35:00,wuhe_jiaxian,south,0,3
2019/1/31 03:40:00,wuhe_jiaxian,south,0,0
2019/1/31 03:45:00,wuhe_jiaxian,south,0,5
2019/1/31 03:50:00,wuhe_jiaxian,south,0,4
2019/1/31 03:55:00,wuhe_jiaxian,south,0,2
2019/1/31 04:00:00,wuhe_jiaxian,south,0,3
2019/1/31 04:05:00,wuhe_jiaxian,south,0,2
2019/1/31 04:10:00,wuhe_jiaxian,south,0,8
2019/1/31 04:15:00,wuhe_jiaxian,south,0,7
2019/1/31 04:20:00,wuhe_jiaxian,south,0,3
2019/1/31 04:25:00,wuhe_jiaxian,south,0,6
2019/1/31 04:30:00,wuhe_jiaxian,south,0,4
2019/1/31 04:35:00,wuhe_jiaxian,south,0,4
2019/1/31 04:40:00,wuhe_jiaxian,south,0,7
2019/1/31 04:45:00,wuhe_jiaxian,south,0,5
2019/1/31 04:50:00,wuhe_jiaxian,south,0,2
2019/1/31 04:55:00,wuhe_jiaxian,south,0,6
2019/1/31 05:00:00,wuhe_jiaxian,south,0,7
2019/1/31 05:05:00,wuhe_jiaxian,south,0,9
2019/1/31 05:10:00,wuhe_jiaxian,south,0,7
2019/1/31 05:15:00,wuhe_jiaxian,south,0,6
2019/1/31 05:20:00,wuhe_jiaxian,south,0,3
2019/1/31 05:25:00,wuhe_jiaxian,south,0,4
2019/1/31 05:30:00,wuhe_jiaxian,south,0,5
2019/1/31 05:35:00,wuhe_jiaxian,south,0,5
2019/1/31 05:40:00,wuhe_jiaxian,south,0,4
2019/1/31 05:45:00,wuhe_jiaxian,south,0,5
2019/1/31 05:50:00,wuhe_jiaxian,south,0,6
2019/1/31 05:55:00,wuhe_jiaxian,south,0,9
2019/1/31 06:00:00,wuhe_jiaxian,south,0,10
2019/1/31 06:05:00,wuhe_jiaxian,south,0,8
2019/1/31 06:10:00,wuhe_jiaxian,south,0,5
2019/1/31 06:15:00,wuhe_jiaxian,south,0,5
2019/1/31 06:20:00,wuhe_jiaxian,south,0,11
2019/1/31 06:25:00,wuhe_jiaxian,south,0,5
2019/1/31 06:30:00,wuhe_jiaxian,south,0,9
2019/1/31 06:35:00,wuhe_jiaxian,south,0,5
2019/1/31 06:40:00,wuhe_jiaxian,south,1,6
2019/1/31 06:45:00,wuhe_jiaxian,south,0,10
2019/1/31 06:50:00,wuhe_jiaxian,south,0,11
2019/1/31 06:55:00,wuhe_jiaxian,south,0,7
2019/1/31 07:00:00,wuhe_jiaxian,south,0,12
2019/1/31 07:05:00,wuhe_jiaxian,south,0,9
2019/1/31 07:10:00,wuhe_jiaxian,south,0,8
2019/1/31 07:15:00,wuhe_jiaxian,south,1,15
2019/1/31 07:20:00,wuhe_jiaxian,south,3,23
2019/1/31 07:25:00,wuhe_jiaxian,south,4,20
2019/1/31 07:30:00,wuhe_jiaxian,south,6,22
2019/1/31 07:35:00,wuhe_jiaxian,south,4,15
2019/1/31 07:40:00,wuhe_jiaxian,south,10,40
2019/1/31 07:45:00,wuhe_jiaxian,south,19,39
2019/1/31 07:50:00,wuhe_jiaxian,south,17,45
2019/1/31 07:55:00,wuhe_jiaxian,south,22,52
2019/1/31 08:00:00,wuhe_jiaxian,south,18,33
2019/1/31 08:05:00,wuhe_jiaxian,south,31,54
2019/1/31 08:10:00,wuhe_jiaxian,south,24,53
2019/1/31 08:15:00,wuhe_jiaxian,south,26,46
2019/1/31 08:20:00,wuhe_jiaxian,south,26,36
2019/1/31 08:25:00,wuhe_jiaxian,south,35,52
2019/1/31 08:30:00,wuhe_jiaxian,south,27,57
2019/1/31 08:35:00,wuhe_jiaxian,south,12,47
2019/1/31 08:40:00,wuhe_jiaxian,south,23,72
2019/1/31 08:45:00,wuhe_jiaxian,south,12,49
2019/1/31 08:50:00,wuhe_jiaxian,south,7,23
2019/1/31 08:55:00,wuhe_jiaxian,south,12,41
2019/1/31 09:00:00,wuhe_jiaxian,south,12,30
2019/1/31 09:05:00,wuhe_jiaxian,south,11,20
2019/1/31 09:10:00,wuhe_jiaxian,south,5,37
2019/1/31 09:15:00,wuhe_jiaxian,south,4,20
2019/1/31 09:20:00,wuhe_jiaxian,south,7,30
2019/1/31 09:25:00,wuhe_jiaxian,south,5,34
2019/1/31 09:30:00,wuhe_jiaxian,south,6,27
2019/1/31 09:35:00,wuhe_jiaxian,south,5,25
2019/1/31 09:40:00,wuhe_jiaxian,south,2,27
2019/1/31 09:45:00,wuhe_jiaxian,south,3,32
2019/1/31 09:50:00,wuhe_jiaxian,south,4,20
2019/1/31 09:55:00,wuhe_jiaxian,south,3,31
2019/1/31 10:00:00,wuhe_jiaxian,south,3,26
2019/1/31 10:05:00,wuhe_jiaxian,south,10,18
2019/1/31 10:10:00,wuhe_jiaxian,south,6,31
2019/1/31 10:15:00,wuhe_jiaxian,south,4,30
2019/1/31 10:20:00,wuhe_jiaxian,south,4,21
2019/1/31 10:25:00,wuhe_jiaxian,south,3,25
2019/1/31 10:30:00,wuhe_jiaxian,south,3,22
2019/1/31 10:35:00,wuhe_jiaxian,south,4,29
2019/1/31 10:40:00,wuhe_jiaxian,south,6,27
2019/1/31 10:45:00,wuhe_jiaxian,south,3,20
2019/1/31 10:50:00,wuhe_jiaxian,south,2,17
2019/1/31 10:55:00,wuhe_jiaxian,south,3,20
2019/1/31 11:00:00,wuhe_jiaxian,south,4,33
2019/1/31 11:05:00,wuhe_jiaxian,south,7,27
2019/1/31 11:10:00,wuhe_jiaxian,south,2,17
2019/1/31 11:15:00,wuhe_jiaxian,south,5,27
2019/1/31 11:20:00,wuhe_jiaxian,south,5,26
2019/1/31 11:25:00,wuhe_jiaxian,south,3,27
2019/1/31 11:30:00,wuhe_jiaxian,south,6,10
2019/1/31 11:35:00,wuhe_jiaxian,south,3,28
2019/1/31 11:40:00,wuhe_jiaxian,south,5,17
2019/1/31 11:45:00,wuhe_jiaxian,south,3,30
2019/1/31 11:50:00,wuhe_jiaxian,south,4,18
2019/1/31 11:55:00,wuhe_jiaxian,south,4,21
2019/1/31 12:00:00,wuhe_jiaxian,south,4,11
2019/1/31 12:05:00,wuhe_jiaxian,south,3,17
2019/1/31 12:10:00,wuhe_jiaxian,south,3,25
2019/1/31 12:15:00,wuhe_jiaxian,south,2,22
2019/1/31 12:20:00,wuhe_jiaxian,south,5,20
2019/1/31 12:25:00,wuhe_jiaxian,south,2,20
2019/1/31 12:30:00,wuhe_jiaxian,south,2,23
2019/1/31 12:35:00,wuhe_jiaxian,south,4,19
2019/1/31 12:40:00,wuhe_jiaxian,south,1,15
2019/1/31 12:45:00,wuhe_jiaxian,south,1,22
2019/1/31 12:50:00,wuhe_jiaxian,south,3,22
2019/1/31 12:55:00,wuhe_jiaxian,south,1,21
2019/1/31 13:00:00,wuhe_jiaxian,south,1,24
2019/1/31 13:05:00,wuhe_jiaxian,south,2,18
2019/1/31 13:10:00,wuhe_jiaxian,south,6,34
2019/1/31 13:15:00,wuhe_jiaxian,south,4,21
2019/1/31 13:20:00,wuhe_jiaxian,south,9,20
2019/1/31 13:25:00,wuhe_jiaxian,south,4,24
2019/1/31 13:30:00,wuhe_jiaxian,south,8,23
2019/1/31 13:35:00,wuhe_jiaxian,south,9,28
2019/1/31 13:40:00,wuhe_jiaxian,south,11,26
2019/1/31 13:45:00,wuhe_jiaxian,south,9,16
2019/1/31 13:50:00,wuhe_jiaxian,south,10,39
2019/1/31 13:55:00,wuhe_jiaxian,south,12,20
2019/1/31 14:00:00,wuhe_jiaxian,south,6,28
2019/1/31 14:05:00,wuhe_jiaxian,south,8,19
2019/1/31 14:10:00,wuhe_jiaxian,south,7,30
2019/1/31 14:15:00,wuhe_jiaxian,south,7,18
2019/1/31 14:20:00,wuhe_jiaxian,south,7,30
2019/1/31 14:25:00,wuhe_jiaxian,south,6,31
2019/1/31 14:30:00,wuhe_jiaxian,south,6,31
2019/1/31 14:35:00,wuhe_jiaxian,south,6,22
2019/1/31 14:40:00,wuhe_jiaxian,south,6,34
2019/1/31 14:45:00,wuhe_jiaxian,south,6,29
2019/1/31 14:50:00,wuhe_jiaxian,south,8,22
2019/1/31 14:55:00,wuhe_jiaxian,south,6,16
2019/1/31 15:00:00,wuhe_jiaxian,south,5,22
2019/1/31 15:05:00,wuhe_jiaxian,south,4,33
2019/1/31 15:10:00,wuhe_jiaxian,south,6,25
2019/1/31 15:15:00,wuhe_jiaxian,south,3,27
2019/1/31 15:20:00,wuhe_jiaxian,south,2,31
2019/1/31 15:25:00,wuhe_jiaxian,south,1,20
2019/1/31 15:30:00,wuhe_jiaxian,south,3,32
2019/1/31 15:35:00,wuhe_jiaxian,south,4,23
2019/1/31 15:40:00,wuhe_jiaxian,south,2,24
2019/1/31 15:45:00,wuhe_jiaxian,south,4,16
2019/1/31 15:50:00,wuhe_jiaxian,south,6,24
2019/1/31 15:55:00,wuhe_jiaxian,south,4,29
2019/1/31 16:00:00,wuhe_jiaxian,south,6,21
2019/1/31 16:05:00,wuhe_jiaxian,south,3,33
2019/1/31 16:10:00,wuhe_jiaxian,south,2,24
2019/1/31 16:15:00,wuhe_jiaxian,south,2,17
2019/1/31 16:20:00,wuhe_jiaxian,south,7,16
2019/1/31 16:25:00,wuhe_jiaxian,south,4,29
2019/1/31 16:30:00,wuhe_jiaxian,south,4,19
2019/1/31 16:35:00,wuhe_jiaxian,south,4,26
2019/1/31 16:40:00,wuhe_jiaxian,south,3,30
2019/1/31 16:45:00,wuhe_jiaxian,south,2,19
2019/1/31 16:50:00,wuhe_jiaxian,south,1,20
2019/1/31 16:55:00,wuhe_jiaxian,south,3,25
2019/1/31 17:00:00,wuhe_jiaxian,south,0,19
2019/1/31 17:05:00,wuhe_jiaxian,south,3,27
2019/1/31 17:10:00,wuhe_jiaxian,south,4,27
2019/1/31 17:15:00,wuhe_jiaxian,south,5,26
2019/1/31 17:20:00,wuhe_jiaxian,south,1,17
2019/1/31 17:25:00,wuhe_jiaxian,south,1,16
2019/1/31 17:30:00,wuhe_jiaxian,south,4,18
2019/1/31 17:35:00,wuhe_jiaxian,south,2,29
2019/1/31 17:40:00,wuhe_jiaxian,south,4,44
2019/1/31 17:45:00,wuhe_jiaxian,south,3,31
2019/1/31 17:50:00,wuhe_jiaxian,south,8,30
2019/1/31 17:55:00,wuhe_jiaxian,south,5,17
2019/1/31 18:00:00,wuhe_jiaxian,south,7,36
2019/1/31 18:05:00,wuhe_jiaxian,south,2,46
2019/1/31 18:10:00,wuhe_jiaxian,south,2,39
2019/1/31 18:15:00,wuhe_jiaxian,south,9,45
2019/1/31 18:20:00,wuhe_jiaxian,south,2,34
2019/1/31 18:25:00,wuhe_jiaxian,south,5,38
2019/1/31 18:30:00,wuhe_jiaxian,south,6,27
2019/1/31 18:35:00,wuhe_jiaxian,south,4,33
2019/1/31 18:40:00,wuhe_jiaxian,south,4,34
2019/1/31 18:45:00,wuhe_jiaxian,south,4,28
2019/1/31 18:50:00,wuhe_jiaxian,south,1,35
2019/1/31 18:55:00,wuhe_jiaxian,south,4,38
2019/1/31 19:00:00,wuhe_jiaxian,south,3,21
2019/1/31 19:05:00,wuhe_jiaxian,south,4,28
2019/1/31 19:10:00,wuhe_jiaxian,south,5,23
2019/1/31 19:15:00,wuhe_jiaxian,south,1,25
2019/1/31 19:20:00,wuhe_jiaxian,south,4,44
2019/1/31 19:25:00,wuhe_jiaxian,south,1,22
2019/1/31 19:30:00,wuhe_jiaxian,south,0,18
2019/1/31 19:35:00,wuhe_jiaxian,south,1,14
2019/1/31 19:40:00,wuhe_jiaxian,south,3,32
2019/1/31 19:45:00,wuhe_jiaxian,south,1,29
2019/1/31 19:50:00,wuhe_jiaxian,south,0,14
2019/1/31 19:55:00,wuhe_jiaxian,south,2,21
2019/1/31 20:00:00,wuhe_jiaxian,south,1,24
2019/1/31 20:05:00,wuhe_jiaxian,south,3,18
2019/1/31 20:10:00,wuhe_jiaxian,south,3,18
2019/1/31 20:15:00,wuhe_jiaxian,south,2,21
2019/1/31 20:20:00,wuhe_jiaxian,south,1,14
2019/1/31 20:25:00,wuhe_jiaxian,south,1,25
2019/1/31 20:30:00,wuhe_jiaxian,south,3,21
2019/1/31 20:35:00,wuhe_jiaxian,south,4,15
2019/1/31 20:40:00,wuhe_jiaxian,south,3,33
2019/1/31 20:45:00,wuhe_jiaxian,south,1,23
2019/1/31 20:50:00,wuhe_jiaxian,south,6,37
2019/1/31 20:55:00,wuhe_jiaxian,south,1,25
2019/1/31 21:00:00,wuhe_jiaxian,south,2,62
2019/1/31 21:05:00,wuhe_jiaxian,south,4,24
2019/1/31 21:10:00,wuhe_jiaxian,south,0,21
2019/1/31 21:15:00,wuhe_jiaxian,south,3,40
2019/1/31 21:20:00,wuhe_jiaxian,south,2,24
2019/1/31 21:25:00,wuhe_jiaxian,south,1,23
2019/1/31 21:30:00,wuhe_jiaxian,south,1,21
2019/1/31 21:35:00,wuhe_jiaxian,south,2,36
2019/1/31 21:40:00,wuhe_jiaxian,south,1,18
2019/1/31 21:45:00,wuhe_jiaxian,south,2,15
2019/1/31 21:50:00,wuhe_jiaxian,south,0,19
2019/1/31 21:55:00,wuhe_jiaxian,south,1,30
2019/1/31 22:00:00,wuhe_jiaxian,south,0,15
2019/1/31 22:05:00,wuhe_jiaxian,south,2,20
2019/1/31 22:10:00,wuhe_jiaxian,south,2,22
2019/1/31 22:15:00,wuhe_jiaxian,south,2,21
2019/1/31 22:20:00,wuhe_jiaxian,south,2,28
2019/1/31 22:25:00,wuhe_jiaxian,south,0,25
2019/1/31 22:30:00,wuhe_jiaxian,south,0,11
2019/1/31 22:35:00,wuhe_jiaxian,south,2,29
2019/1/31 22:40:00,wuhe_jiaxian,south,0,17
2019/1/31 22:45:00,wuhe_jiaxian,south,0,26
2019/1/31 22:50:00,wuhe_jiaxian,south,0,13
2019/1/31 22:55:00,wuhe_jiaxian,south,0,15
2019/1/31 23:00:00,wuhe_jiaxian,south,1,20
2019/1/31 23:05:00,wuhe_jiaxian,south,1,16
2019/1/31 23:10:00,wuhe_jiaxian,south,1,19
2019/1/31 23:15:00,wuhe_jiaxian,south,2,14
2019/1/31 23:20:00,wuhe_jiaxian,south,0,13
2019/1/31 23:25:00,wuhe_jiaxian,south,2,11
2019/1/31 23:30:00,wuhe_jiaxian,south,1,9
2019/1/31 23:35:00,wuhe_jiaxian,south,1,16
2019/1/31 23:40:00,wuhe_jiaxian,south,0,10
2019/1/31 23:45:00,wuhe_jiaxian,south,0,18
2019/1/31 23:50:00,wuhe_jiaxian,south,0,14
2019/1/31 23:55:00,wuhe_jiaxian,south,0,9
