2019/1/31 00:00:00,wuhe_longping,north,1,21
2019/1/31 00:05:00,wuhe_longping,north,0,12
2019/1/31 00:10:00,wuhe_longping,north,1,7
2019/1/31 00:15:00,wuhe_longping,north,0,10
2019/1/31 00:20:00,wuhe_longping,north,0,7
2019/1/31 00:25:00,wuhe_longping,north,0,11
2019/1/31 00:30:00,wuhe_longping,north,1,3
2019/1/31 00:35:00,wuhe_longping,north,1,6
2019/1/31 00:40:00,wuhe_longping,north,1,7
2019/1/31 00:45:00,wuhe_longping,north,0,6
2019/1/31 00:50:00,wuhe_longping,north,0,9
2019/1/31 00:55:00,wuhe_longping,north,0,6
2019/1/31 01:00:00,wuhe_longping,north,1,10
2019/1/31 01:05:00,wuhe_longping,north,0,10
2019/1/31 01:10:00,wuhe_longping,north,0,5
2019/1/31 01:15:00,wuhe_longping,north,0,4
2019/1/31 01:20:00,wuhe_longping,north,1,6
2019/1/31 01:25:00,wuhe_longping,north,0,5
2019/1/31 01:30:00,wuhe_longping,north,0,4
2019/1/31 01:35:00,wuhe_longping,north,0,5
2019/1/31 01:40:00,wuhe_longping,north,0,4
2019/1/31 01:45:00,wuhe_longping,north,0,7
2019/1/31 01:50:00,wuhe_longping,north,1,6
2019/1/31 01:55:00,wuhe_longping,north,0,1
2019/1/31 02:00:00,wuhe_longping,north,0,4
2019/1/31 02:05:00,wuhe_longping,north,0,3
2019/1/31 02:10:00,wuhe_longping,north,0,5
2019/1/31 02:15:00,wuhe_longping,north,0,4
2019/1/31 02:20:00,wuhe_longping,north,0,6
2019/1/31 02:25:00,wuhe_longping,north,0,2
2019/1/31 02:30:00,wuhe_longping,north,1,3
2019/1/31 02:35:00,wuhe_longping,north,1,3
2019/1/31 02:40:00,wuhe_longping,north,0,3
2019/1/31 02:45:00,wuhe_longping,north,1,2
2019/1/31 02:50:00,wuhe_longping,north,0,1
2019/1/31 02:55:00,wuhe_longping,north,0,3
2019/1/31 03:00:00,wuhe_longping,north,0,2
2019/1/31 03:05:00,wuhe_longping,north,0,1
2019/1/31 03:10:00,wuhe_longping,north,0,1
2019/1/31 03:15:00,wuhe_longping,north,0,1
2019/1/31 03:20:00,wuhe_longping,north,0,0
2019/1/31 03:25:00,wuhe_longping,north,0,6
2019/1/31 03:30:00,wuhe_longping,north,0,0
2019/1/31 03:35:00,wuhe_longping,north,0,2
2019/1/31 03:40:00,wuhe_longping,north,0,5
2019/1/31 03:45:00,wuhe_longping,north,0,7
2019/1/31 03:50:00,wuhe_longping,north,0,4
2019/1/31 03:55:00,wuhe_longping,north,0,1
2019/1/31 04:00:00,wuhe_longping,north,0,2
2019/1/31 04:05:00,wuhe_longping,north,0,2
2019/1/31 04:10:00,wuhe_longping,north,0,4
2019/1/31 04:15:00,wuhe_longping,north,1,2
2019/1/31 04:20:00,wuhe_longping,north,0,2
2019/1/31 04:25:00,wuhe_longping,north,1,4
2019/1/31 04:30:00,wuhe_longping,north,0,1
2019/1/31 04:35:00,wuhe_longping,north,0,1
2019/1/31 04:40:00,wuhe_longping,north,0,2
2019/1/31 04:45:00,wuhe_longping,north,0,4
2019/1/31 04:50:00,wuhe_longping,north,0,3
2019/1/31 04:55:00,wuhe_longping,north,0,2
2019/1/31 05:00:00,wuhe_longping,north,0,4
2019/1/31 05:05:00,wuhe_longping,north,0,3
2019/1/31 05:10:00,wuhe_longping,north,1,4
2019/1/31 05:15:00,wuhe_longping,north,0,5
2019/1/31 05:20:00,wuhe_longping,north,1,1
2019/1/31 05:25:00,wuhe_longping,north,0,4
2019/1/31 05:30:00,wuhe_longping,north,0,4
2019/1/31 05:35:00,wuhe_longping,north,0,3
2019/1/31 05:40:00,wuhe_longping,north,0,3
2019/1/31 05:45:00,wuhe_longping,north,1,4
2019/1/31 05:50:00,wuhe_longping,north,0,4
2019/1/31 05:55:00,wuhe_longping,north,0,0
2019/1/31 06:00:00,wuhe_longping,north,0,2
2019/1/31 06:05:00,wuhe_longping,north,0,3
2019/1/31 06:10:00,wuhe_longping,north,0,7
2019/1/31 06:15:00,wuhe_longping,north,0,4
2019/1/31 06:20:00,wuhe_longping,north,0,6
2019/1/31 06:25:00,wuhe_longping,north,2,5
2019/1/31 06:30:00,wuhe_longping,north,0,8
2019/1/31 06:35:00,wuhe_longping,north,1,10
2019/1/31 06:40:00,wuhe_longping,north,1,15
2019/1/31 06:45:00,wuhe_longping,north,0,11
2019/1/31 06:50:00,wuhe_longping,north,1,10
2019/1/31 06:55:00,wuhe_longping,north,4,26
2019/1/31 07:00:00,wuhe_longping,north,2,23
2019/1/31 07:05:00,wuhe_longping,north,1,20
2019/1/31 07:10:00,wuhe_longping,north,2,14
2019/1/31 07:15:00,wuhe_longping,north,3,24
2019/1/31 07:20:00,wuhe_longping,north,4,16
2019/1/31 07:25:00,wuhe_longping,north,2,26
2019/1/31 07:30:00,wuhe_longping,north,1,22
2019/1/31 07:35:00,wuhe_longping,north,2,27
2019/1/31 07:40:00,wuhe_longping,north,3,37
2019/1/31 07:45:00,wuhe_longping,north,12,36
2019/1/31 07:50:00,wuhe_longping,north,13,61
2019/1/31 07:55:00,wuhe_longping,north,11,39
2019/1/31 08:00:00,wuhe_longping,north,29,67
2019/1/31 08:05:00,wuhe_longping,north,32,75
2019/1/31 08:10:00,wuhe_longping,north,17,75
2019/1/31 08:15:00,wuhe_longping,north,23,63
2019/1/31 08:20:00,wuhe_longping,north,15,59
2019/1/31 08:25:00,wuhe_longping,north,30,73
2019/1/31 08:30:00,wuhe_longping,north,29,75
2019/1/31 08:35:00,wuhe_longping,north,23,57
2019/1/31 08:40:00,wuhe_longping,north,7,53
2019/1/31 08:45:00,wuhe_longping,north,14,59
2019/1/31 08:50:00,wuhe_longping,north,18,51
2019/1/31 08:55:00,wuhe_longping,north,14,44
2019/1/31 09:00:00,wuhe_longping,north,13,51
2019/1/31 09:05:00,wuhe_longping,north,12,42
2019/1/31 09:10:00,wuhe_longping,north,11,48
2019/1/31 09:15:00,wuhe_longping,north,6,43
2019/1/31 09:20:00,wuhe_longping,north,16,41
2019/1/31 09:25:00,wuhe_longping,north,8,33
2019/1/31 09:30:00,wuhe_longping,north,7,28
2019/1/31 09:35:00,wuhe_longping,north,9,31
2019/1/31 09:40:00,wuhe_longping,north,15,27
2019/1/31 09:45:00,wuhe_longping,north,5,33
2019/1/31 09:50:00,wuhe_longping,north,11,38
2019/1/31 09:55:00,wuhe_longping,north,6,30
2019/1/31 10:00:00,wuhe_longping,north,11,20
2019/1/31 10:05:00,wuhe_longping,north,9,27
2019/1/31 10:10:00,wuhe_longping,north,10,45
2019/1/31 10:15:00,wuhe_longping,north,10,47
2019/1/31 10:20:00,wuhe_longping,north,8,37
2019/1/31 10:25:00,wuhe_longping,north,8,31
2019/1/31 10:30:00,wuhe_longping,north,10,34
2019/1/31 10:35:00,wuhe_longping,north,4,30
2019/1/31 10:40:00,wuhe_longping,north,8,34
2019/1/31 10:45:00,wuhe_longping,north,9,30
2019/1/31 10:50:00,wuhe_longping,north,11,34
2019/1/31 10:55:00,wuhe_longping,north,16,18
2019/1/31 11:00:00,wuhe_longping,north,6,32
2019/1/31 11:05:00,wuhe_longping,north,16,31
2019/1/31 11:10:00,wuhe_longping,north,7,46
2019/1/31 11:15:00,wuhe_longping,north,12,23
2019/1/31 11:20:00,wuhe_longping,north,8,17
2019/1/31 11:25:00,wuhe_longping,north,4,45
2019/1/31 11:30:00,wuhe_longping,north,10,37
2019/1/31 11:35:00,wuhe_longping,north,17,35
2019/1/31 11:40:00,wuhe_longping,north,7,36
2019/1/31 11:45:00,wuhe_longping,north,18,40
2019/1/31 11:50:00,wuhe_longping,north,12,45
2019/1/31 11:55:00,wuhe_longping,north,16,46
2019/1/31 12:00:00,wuhe_longping,north,15,45
2019/1/31 12:05:00,wuhe_longping,north,14,53
2019/1/31 12:10:00,wuhe_longping,north,15,40
2019/1/31 12:15:00,wuhe_longping,north,21,39
2019/1/31 12:20:00,wuhe_longping,north,10,41
2019/1/31 12:25:00,wuhe_longping,north,10,32
2019/1/31 12:30:00,wuhe_longping,north,11,34
2019/1/31 12:35:00,wuhe_longping,north,14,19
2019/1/31 12:40:00,wuhe_longping,north,3,26
2019/1/31 12:45:00,wuhe_longping,north,11,35
2019/1/31 12:50:00,wuhe_longping,north,8,27
2019/1/31 12:55:00,wuhe_longping,north,9,26
2019/1/31 13:00:00,wuhe_longping,north,6,18
2019/1/31 13:05:00,wuhe_longping,north,5,30
2019/1/31 13:10:00,wuhe_longping,north,4,31
2019/1/31 13:15:00,wuhe_longping,north,7,27
2019/1/31 13:20:00,wuhe_longping,north,12,25
2019/1/31 13:25:00,wuhe_longping,north,7,30
2019/1/31 13:30:00,wuhe_longping,north,5,28
2019/1/31 13:35:00,wuhe_longping,north,9,22
2019/1/31 13:40:00,wuhe_longping,north,12,45
2019/1/31 13:45:00,wuhe_longping,north,12,38
2019/1/31 13:50:00,wuhe_longping,north,12,23
2019/1/31 13:55:00,wuhe_longping,north,18,45
2019/1/31 14:00:00,wuhe_longping,north,13,20
2019/1/31 14:05:00,wuhe_longping,north,6,34
2019/1/31 14:10:00,wuhe_longping,north,17,41
2019/1/31 14:15:00,wuhe_longping,north,8,35
2019/1/31 14:20:00,wuhe_longping,north,11,31
2019/1/31 14:25:00,wuhe_longping,north,18,39
2019/1/31 14:30:00,wuhe_longping,north,5,27
2019/1/31 14:35:00,wuhe_longping,north,12,40
2019/1/31 14:40:00,wuhe_longping,north,16,43
2019/1/31 14:45:00,wuhe_longping,north,7,24
2019/1/31 14:50:00,wuhe_longping,north,9,31
2019/1/31 14:55:00,wuhe_longping,north,6,36
2019/1/31 15:00:00,wuhe_longping,north,15,36
2019/1/31 15:05:00,wuhe_longping,north,13,39
2019/1/31 15:10:00,wuhe_longping,north,15,31
2019/1/31 15:15:00,wuhe_longping,north,5,35
2019/1/31 15:20:00,wuhe_longping,north,10,35
2019/1/31 15:25:00,wuhe_longping,north,9,29
2019/1/31 15:30:00,wuhe_longping,north,11,35
2019/1/31 15:35:00,wuhe_longping,north,13,36
2019/1/31 15:40:00,wuhe_longping,north,8,20
2019/1/31 15:45:00,wuhe_longping,north,14,41
2019/1/31 15:50:00,wuhe_longping,north,14,34
2019/1/31 15:55:00,wuhe_longping,north,16,23
2019/1/31 16:00:00,wuhe_longping,north,7,31
2019/1/31 16:05:00,wuhe_longping,north,11,36
2019/1/31 16:10:00,wuhe_longping,north,10,37
2019/1/31 16:15:00,wuhe_longping,north,8,38
2019/1/31 16:20:00,wuhe_longping,north,13,31
2019/1/31 16:25:00,wuhe_longping,north,14,25
2019/1/31 16:30:00,wuhe_longping,north,10,39
2019/1/31 16:35:00,wuhe_longping,north,7,30
2019/1/31 16:40:00,wuhe_longping,north,9,31
2019/1/31 16:45:00,wuhe_longping,north,13,30
2019/1/31 16:50:00,wuhe_longping,north,5,29
2019/1/31 16:55:00,wuhe_longping,north,10,34
2019/1/31 17:00:00,wuhe_longping,north,13,28
2019/1/31 17:05:00,wuhe_longping,north,8,33
2019/1/31 17:10:00,wuhe_longping,north,11,33
2019/1/31 17:15:00,wuhe_longping,north,11,37
2019/1/31 17:20:00,wuhe_longping,north,12,47
2019/1/31 17:25:00,wuhe_longping,north,13,53
2019/1/31 17:30:00,wuhe_longping,north,9,54
2019/1/31 17:35:00,wuhe_longping,north,22,63
2019/1/31 17:40:00,wuhe_longping,north,18,80
2019/1/31 17:45:00,wuhe_longping,north,25,79
2019/1/31 17:50:00,wuhe_longping,north,18,63
2019/1/31 17:55:00,wuhe_longping,north,9,81
2019/1/31 18:00:00,wuhe_longping,north,26,85
2019/1/31 18:05:00,wuhe_longping,north,29,109
2019/1/31 18:10:00,wuhe_longping,north,17,96
2019/1/31 18:15:00,wuhe_longping,north,19,99
2019/1/31 18:20:00,wuhe_longping,north,20,114
2019/1/31 18:25:00,wuhe_longping,north,15,67
2019/1/31 18:30:00,wuhe_longping,north,15,80
2019/1/31 18:35:00,wuhe_longping,north,23,67
2019/1/31 18:40:00,wuhe_longping,north,14,63
2019/1/31 18:45:00,wuhe_longping,north,7,59
2019/1/31 18:50:00,wuhe_longping,north,15,63
2019/1/31 18:55:00,wuhe_longping,north,9,58
2019/1/31 19:00:00,wuhe_longping,north,12,52
2019/1/31 19:05:00,wuhe_longping,north,6,66
2019/1/31 19:10:00,wuhe_longping,north,7,54
2019/1/31 19:15:00,wuhe_longping,north,5,38
2019/1/31 19:20:00,wuhe_longping,north,6,31
2019/1/31 19:25:00,wuhe_longping,north,5,58
2019/1/31 19:30:00,wuhe_longping,north,4,44
2019/1/31 19:35:00,wuhe_longping,north,4,46
2019/1/31 19:40:00,wuhe_longping,north,11,28
2019/1/31 19:45:00,wuhe_longping,north,2,42
2019/1/31 19:50:00,wuhe_longping,north,5,40
2019/1/31 19:55:00,wuhe_longping,north,3,42
2019/1/31 20:00:00,wuhe_longping,north,2,27
2019/1/31 20:05:00,wuhe_longping,north,3,38
2019/1/31 20:10:00,wuhe_longping,north,8,36
2019/1/31 20:15:00,wuhe_longping,north,5,59
2019/1/31 20:20:00,wuhe_longping,north,4,27
2019/1/31 20:25:00,wuhe_longping,north,4,45
2019/1/31 20:30:00,wuhe_longping,north,7,34
2019/1/31 20:35:00,wuhe_longping,north,11,38
2019/1/31 20:40:00,wuhe_longping,north,11,54
2019/1/31 20:45:00,wuhe_longping,north,6,74
2019/1/31 20:50:00,wuhe_longping,north,3,74
2019/1/31 20:55:00,wuhe_longping,north,10,82
2019/1/31 21:00:00,wuhe_longping,north,3,32
2019/1/31 21:05:00,wuhe_longping,north,1,43
2019/1/31 21:10:00,wuhe_longping,north,8,50
2019/1/31 21:15:00,wuhe_longping,north,6,39
2019/1/31 21:20:00,wuhe_longping,north,4,35
2019/1/31 21:25:00,wuhe_longping,north,2,31
2019/1/31 21:30:00,wuhe_longping,north,6,45
2019/1/31 21:35:00,wuhe_longping,north,9,35
2019/1/31 21:40:00,wuhe_longping,north,4,21
2019/1/31 21:45:00,wuhe_longping,north,3,35
2019/1/31 21:50:00,wuhe_longping,north,2,40
2019/1/31 21:55:00,wuhe_longping,north,10,36
2019/1/31 22:00:00,wuhe_longping,north,2,33
2019/1/31 22:05:00,wuhe_longping,north,5,38
2019/1/31 22:10:00,wuhe_longping,north,1,27
2019/1/31 22:15:00,wuhe_longping,north,3,43
2019/1/31 22:20:00,wuhe_longping,north,1,18
2019/1/31 22:25:00,wuhe_longping,north,4,22
2019/1/31 22:30:00,wuhe_longping,north,2,29
2019/1/31 22:35:00,wuhe_longping,north,0,25
2019/1/31 22:40:00,wuhe_longping,north,6,14
2019/1/31 22:45:00,wuhe_longping,north,1,31
2019/1/31 22:50:00,wuhe_longping,north,1,23
2019/1/31 22:55:00,wuhe_longping,north,2,17
2019/1/31 23:00:00,wuhe_longping,north,4,33
2019/1/31 23:05:00,wuhe_longping,north,3,28
2019/1/31 23:10:00,wuhe_longping,north,3,20
2019/1/31 23:15:00,wuhe_longping,north,3,24
2019/1/31 23:20:00,wuhe_longping,north,0,17
2019/1/31 23:25:00,wuhe_longping,north,2,22
2019/1/31 23:30:00,wuhe_longping,north,4,20
2019/1/31 23:35:00,wuhe_longping,north,0,17
2019/1/31 23:40:00,wuhe_longping,north,2,13
2019/1/31 23:45:00,wuhe_longping,north,2,21
2019/1/31 23:50:00,wuhe_longping,north,3,13
2019/1/31 23:55:00,wuhe_longping,north,2,15
