2019/1/14 00:00:00,chongzhi_jiaxian,north,4,3
2019/1/14 00:05:00,chongzhi_jiaxian,north,2,3
2019/1/14 00:10:00,chongzhi_jiaxian,north,3,4
2019/1/14 00:15:00,chongzhi_jiaxian,north,4,6
2019/1/14 00:20:00,chongzhi_jiaxian,north,3,4
2019/1/14 00:25:00,chongzhi_jiaxian,north,0,6
2019/1/14 00:30:00,chongzhi_jiaxian,north,1,7
2019/1/14 00:35:00,chongzhi_jiaxian,north,7,5
2019/1/14 00:40:00,chongzhi_jiaxian,north,1,4
2019/1/14 00:45:00,chongzhi_jiaxian,north,6,4
2019/1/14 00:50:00,chongzhi_jiaxian,north,3,6
2019/1/14 00:55:00,chongzhi_jiaxian,north,3,4
2019/1/14 01:00:00,chongzhi_jiaxian,north,1,3
2019/1/14 01:05:00,chongzhi_jiaxian,north,1,4
2019/1/14 01:10:00,chongzhi_jiaxian,north,0,1
2019/1/14 01:15:00,chongzhi_jiaxian,north,2,8
2019/1/14 01:20:00,chongzhi_jiaxian,north,3,6
2019/1/14 01:25:00,chongzhi_jiaxian,north,2,4
2019/1/14 01:30:00,chongzhi_jiaxian,north,0,1
2019/1/14 01:35:00,chongzhi_jiaxian,north,1,4
2019/1/14 01:40:00,chongzhi_jiaxian,north,3,2
2019/1/14 01:45:00,chongzhi_jiaxian,north,0,4
2019/1/14 01:50:00,chongzhi_jiaxian,north,0,3
2019/1/14 01:55:00,chongzhi_jiaxian,north,0,0
2019/1/14 02:00:00,chongzhi_jiaxian,north,0,0
2019/1/14 02:05:00,chongzhi_jiaxian,north,1,4
2019/1/14 02:10:00,chongzhi_jiaxian,north,2,5
2019/1/14 02:15:00,chongzhi_jiaxian,north,2,1
2019/1/14 02:20:00,chongzhi_jiaxian,north,2,1
2019/1/14 02:25:00,chongzhi_jiaxian,north,1,3
2019/1/14 02:30:00,chongzhi_jiaxian,north,0,4
2019/1/14 02:35:00,chongzhi_jiaxian,north,2,2
2019/1/14 02:40:00,chongzhi_jiaxian,north,1,2
2019/1/14 02:45:00,chongzhi_jiaxian,north,1,3
2019/1/14 02:50:00,chongzhi_jiaxian,north,1,4
2019/1/14 02:55:00,chongzhi_jiaxian,north,1,3
2019/1/14 03:00:00,chongzhi_jiaxian,north,2,4
2019/1/14 03:05:00,chongzhi_jiaxian,north,3,3
2019/1/14 03:10:00,chongzhi_jiaxian,north,1,1
2019/1/14 03:15:00,chongzhi_jiaxian,north,1,4
2019/1/14 03:20:00,chongzhi_jiaxian,north,0,0
2019/1/14 03:25:00,chongzhi_jiaxian,north,0,2
2019/1/14 03:30:00,chongzhi_jiaxian,north,1,2
2019/1/14 03:35:00,chongzhi_jiaxian,north,0,1
2019/1/14 03:40:00,chongzhi_jiaxian,north,0,4
2019/1/14 03:45:00,chongzhi_jiaxian,north,0,3
2019/1/14 03:50:00,chongzhi_jiaxian,north,1,1
2019/1/14 03:55:00,chongzhi_jiaxian,north,0,1
2019/1/14 04:00:00,chongzhi_jiaxian,north,0,1
2019/1/14 04:05:00,chongzhi_jiaxian,north,2,3
2019/1/14 04:10:00,chongzhi_jiaxian,north,1,0
2019/1/14 04:15:00,chongzhi_jiaxian,north,0,0
2019/1/14 04:20:00,chongzhi_jiaxian,north,0,1
2019/1/14 04:25:00,chongzhi_jiaxian,north,1,1
2019/1/14 04:30:00,chongzhi_jiaxian,north,2,3
2019/1/14 04:35:00,chongzhi_jiaxian,north,0,2
2019/1/14 04:40:00,chongzhi_jiaxian,north,0,0
2019/1/14 04:45:00,chongzhi_jiaxian,north,1,4
2019/1/14 04:50:00,chongzhi_jiaxian,north,0,1
2019/1/14 04:55:00,chongzhi_jiaxian,north,1,1
2019/1/14 05:00:00,chongzhi_jiaxian,north,0,1
2019/1/14 05:05:00,chongzhi_jiaxian,north,1,1
2019/1/14 05:10:00,chongzhi_jiaxian,north,1,2
2019/1/14 05:15:00,chongzhi_jiaxian,north,0,2
2019/1/14 05:20:00,chongzhi_jiaxian,north,1,3
2019/1/14 05:25:00,chongzhi_jiaxian,north,5,0
2019/1/14 05:30:00,chongzhi_jiaxian,north,1,2
2019/1/14 05:35:00,chongzhi_jiaxian,north,5,3
2019/1/14 05:40:00,chongzhi_jiaxian,north,5,2
2019/1/14 05:45:00,chongzhi_jiaxian,north,7,0
2019/1/14 05:50:00,chongzhi_jiaxian,north,3,0
2019/1/14 05:55:00,chongzhi_jiaxian,north,6,2
2019/1/14 06:00:00,chongzhi_jiaxian,north,4,1
2019/1/14 06:05:00,chongzhi_jiaxian,north,5,1
2019/1/14 06:10:00,chongzhi_jiaxian,north,9,1
2019/1/14 06:15:00,chongzhi_jiaxian,north,12,6
2019/1/14 06:20:00,chongzhi_jiaxian,north,10,2
2019/1/14 06:25:00,chongzhi_jiaxian,north,7,4
2019/1/14 06:30:00,chongzhi_jiaxian,north,10,2
2019/1/14 06:35:00,chongzhi_jiaxian,north,8,2
2019/1/14 06:40:00,chongzhi_jiaxian,north,10,4
2019/1/14 06:45:00,chongzhi_jiaxian,north,12,3
2019/1/14 06:50:00,chongzhi_jiaxian,north,12,4
2019/1/14 06:55:00,chongzhi_jiaxian,north,11,9
2019/1/14 07:00:00,chongzhi_jiaxian,north,9,2
2019/1/14 07:05:00,chongzhi_jiaxian,north,18,13
2019/1/14 07:10:00,chongzhi_jiaxian,north,20,14
2019/1/14 07:15:00,chongzhi_jiaxian,north,15,8
2019/1/14 07:20:00,chongzhi_jiaxian,north,11,7
2019/1/14 07:25:00,chongzhi_jiaxian,north,18,5
2019/1/14 07:30:00,chongzhi_jiaxian,north,18,10
2019/1/14 07:35:00,chongzhi_jiaxian,north,12,14
2019/1/14 07:40:00,chongzhi_jiaxian,north,7,4
2019/1/14 07:45:00,chongzhi_jiaxian,north,16,13
2019/1/14 07:50:00,chongzhi_jiaxian,north,18,17
2019/1/14 07:55:00,chongzhi_jiaxian,north,19,12
2019/1/14 08:00:00,chongzhi_jiaxian,north,26,22
2019/1/14 08:05:00,chongzhi_jiaxian,north,19,13
2019/1/14 08:10:00,chongzhi_jiaxian,north,18,22
2019/1/14 08:15:00,chongzhi_jiaxian,north,14,21
2019/1/14 08:20:00,chongzhi_jiaxian,north,20,20
2019/1/14 08:25:00,chongzhi_jiaxian,north,18,22
2019/1/14 08:30:00,chongzhi_jiaxian,north,30,24
2019/1/14 08:35:00,chongzhi_jiaxian,north,31,19
2019/1/14 08:40:00,chongzhi_jiaxian,north,19,19
2019/1/14 08:45:00,chongzhi_jiaxian,north,21,14
2019/1/14 08:50:00,chongzhi_jiaxian,north,13,18
2019/1/14 08:55:00,chongzhi_jiaxian,north,18,18
2019/1/14 09:00:00,chongzhi_jiaxian,north,15,13
2019/1/14 09:05:00,chongzhi_jiaxian,north,13,19
2019/1/14 09:10:00,chongzhi_jiaxian,north,18,16
2019/1/14 09:15:00,chongzhi_jiaxian,north,16,19
2019/1/14 09:20:00,chongzhi_jiaxian,north,11,8
2019/1/14 09:25:00,chongzhi_jiaxian,north,15,13
2019/1/14 09:30:00,chongzhi_jiaxian,north,10,15
2019/1/14 09:35:00,chongzhi_jiaxian,north,12,9
2019/1/14 09:40:00,chongzhi_jiaxian,north,12,13
2019/1/14 09:45:00,chongzhi_jiaxian,north,13,16
2019/1/14 09:50:00,chongzhi_jiaxian,north,15,13
2019/1/14 09:55:00,chongzhi_jiaxian,north,15,9
2019/1/14 10:00:00,chongzhi_jiaxian,north,16,14
2019/1/14 10:05:00,chongzhi_jiaxian,north,12,14
2019/1/14 10:10:00,chongzhi_jiaxian,north,12,13
2019/1/14 10:15:00,chongzhi_jiaxian,north,8,4
2019/1/14 10:20:00,chongzhi_jiaxian,north,11,10
2019/1/14 10:25:00,chongzhi_jiaxian,north,15,13
2019/1/14 10:30:00,chongzhi_jiaxian,north,12,11
2019/1/14 10:35:00,chongzhi_jiaxian,north,12,18
2019/1/14 10:40:00,chongzhi_jiaxian,north,9,13
2019/1/14 10:45:00,chongzhi_jiaxian,north,10,10
2019/1/14 10:50:00,chongzhi_jiaxian,north,12,11
2019/1/14 10:55:00,chongzhi_jiaxian,north,7,7
2019/1/14 11:00:00,chongzhi_jiaxian,north,13,19
2019/1/14 11:05:00,chongzhi_jiaxian,north,12,15
2019/1/14 11:10:00,chongzhi_jiaxian,north,12,12
2019/1/14 11:15:00,chongzhi_jiaxian,north,12,15
2019/1/14 11:20:00,chongzhi_jiaxian,north,11,13
2019/1/14 11:25:00,chongzhi_jiaxian,north,8,7
2019/1/14 11:30:00,chongzhi_jiaxian,north,18,12
2019/1/14 11:35:00,chongzhi_jiaxian,north,12,10
2019/1/14 11:40:00,chongzhi_jiaxian,north,12,4
2019/1/14 11:45:00,chongzhi_jiaxian,north,14,17
2019/1/14 11:50:00,chongzhi_jiaxian,north,12,12
2019/1/14 11:55:00,chongzhi_jiaxian,north,7,19
2019/1/14 12:00:00,chongzhi_jiaxian,north,19,26
2019/1/14 12:05:00,chongzhi_jiaxian,north,18,19
2019/1/14 12:10:00,chongzhi_jiaxian,north,12,20
2019/1/14 12:15:00,chongzhi_jiaxian,north,8,8
2019/1/14 12:20:00,chongzhi_jiaxian,north,19,11
2019/1/14 12:25:00,chongzhi_jiaxian,north,11,19
2019/1/14 12:30:00,chongzhi_jiaxian,north,14,17
2019/1/14 12:35:00,chongzhi_jiaxian,north,14,18
2019/1/14 12:40:00,chongzhi_jiaxian,north,12,13
2019/1/14 12:45:00,chongzhi_jiaxian,north,15,13
2019/1/14 12:50:00,chongzhi_jiaxian,north,14,12
2019/1/14 12:55:00,chongzhi_jiaxian,north,8,5
2019/1/14 13:00:00,chongzhi_jiaxian,north,14,6
2019/1/14 13:05:00,chongzhi_jiaxian,north,10,11
2019/1/14 13:10:00,chongzhi_jiaxian,north,12,6
2019/1/14 13:15:00,chongzhi_jiaxian,north,11,5
2019/1/14 13:20:00,chongzhi_jiaxian,north,9,12
2019/1/14 13:25:00,chongzhi_jiaxian,north,15,10
2019/1/14 13:30:00,chongzhi_jiaxian,north,15,10
2019/1/14 13:35:00,chongzhi_jiaxian,north,11,12
2019/1/14 13:40:00,chongzhi_jiaxian,north,18,17
2019/1/14 13:45:00,chongzhi_jiaxian,north,15,10
2019/1/14 13:50:00,chongzhi_jiaxian,north,12,9
2019/1/14 13:55:00,chongzhi_jiaxian,north,18,19
2019/1/14 14:00:00,chongzhi_jiaxian,north,10,9
2019/1/14 14:05:00,chongzhi_jiaxian,north,17,16
2019/1/14 14:10:00,chongzhi_jiaxian,north,15,8
2019/1/14 14:15:00,chongzhi_jiaxian,north,9,13
2019/1/14 14:20:00,chongzhi_jiaxian,north,8,11
2019/1/14 14:25:00,chongzhi_jiaxian,north,15,18
2019/1/14 14:30:00,chongzhi_jiaxian,north,11,11
2019/1/14 14:35:00,chongzhi_jiaxian,north,10,12
2019/1/14 14:40:00,chongzhi_jiaxian,north,12,10
2019/1/14 14:45:00,chongzhi_jiaxian,north,10,14
2019/1/14 14:50:00,chongzhi_jiaxian,north,16,19
2019/1/14 14:55:00,chongzhi_jiaxian,north,13,17
2019/1/14 15:00:00,chongzhi_jiaxian,north,16,11
2019/1/14 15:05:00,chongzhi_jiaxian,north,16,12
2019/1/14 15:10:00,chongzhi_jiaxian,north,14,7
2019/1/14 15:15:00,chongzhi_jiaxian,north,17,16
2019/1/14 15:20:00,chongzhi_jiaxian,north,7,10
2019/1/14 15:25:00,chongzhi_jiaxian,north,8,9
2019/1/14 15:30:00,chongzhi_jiaxian,north,16,15
2019/1/14 15:35:00,chongzhi_jiaxian,north,9,12
2019/1/14 15:40:00,chongzhi_jiaxian,north,11,6
2019/1/14 15:45:00,chongzhi_jiaxian,north,20,12
2019/1/14 15:50:00,chongzhi_jiaxian,north,10,11
2019/1/14 15:55:00,chongzhi_jiaxian,north,11,16
2019/1/14 16:00:00,chongzhi_jiaxian,north,13,10
2019/1/14 16:05:00,chongzhi_jiaxian,north,11,11
2019/1/14 16:10:00,chongzhi_jiaxian,north,14,24
2019/1/14 16:15:00,chongzhi_jiaxian,north,11,15
2019/1/14 16:20:00,chongzhi_jiaxian,north,6,8
2019/1/14 16:25:00,chongzhi_jiaxian,north,9,14
2019/1/14 16:30:00,chongzhi_jiaxian,north,10,11
2019/1/14 16:35:00,chongzhi_jiaxian,north,11,10
2019/1/14 16:40:00,chongzhi_jiaxian,north,23,14
2019/1/14 16:45:00,chongzhi_jiaxian,north,15,12
2019/1/14 16:50:00,chongzhi_jiaxian,north,17,21
2019/1/14 16:55:00,chongzhi_jiaxian,north,20,15
2019/1/14 17:00:00,chongzhi_jiaxian,north,14,10
2019/1/14 17:05:00,chongzhi_jiaxian,north,12,18
2019/1/14 17:10:00,chongzhi_jiaxian,north,0,0
2019/1/14 17:15:00,chongzhi_jiaxian,north,3,4
2019/1/14 17:20:00,chongzhi_jiaxian,north,0,0
2019/1/14 17:25:00,chongzhi_jiaxian,north,13,16
2019/1/14 17:30:00,chongzhi_jiaxian,north,26,24
2019/1/14 17:35:00,chongzhi_jiaxian,north,16,18
2019/1/14 17:40:00,chongzhi_jiaxian,north,12,21
2019/1/14 17:45:00,chongzhi_jiaxian,north,20,28
2019/1/14 17:50:00,chongzhi_jiaxian,north,24,24
2019/1/14 17:55:00,chongzhi_jiaxian,north,22,20
2019/1/14 18:00:00,chongzhi_jiaxian,north,15,38
2019/1/14 18:05:00,chongzhi_jiaxian,north,20,27
2019/1/14 18:10:00,chongzhi_jiaxian,north,15,24
2019/1/14 18:15:00,chongzhi_jiaxian,north,23,33
2019/1/14 18:20:00,chongzhi_jiaxian,north,21,26
2019/1/14 18:25:00,chongzhi_jiaxian,north,16,17
2019/1/14 18:30:00,chongzhi_jiaxian,north,24,21
2019/1/14 18:35:00,chongzhi_jiaxian,north,23,28
2019/1/14 18:40:00,chongzhi_jiaxian,north,17,18
2019/1/14 18:45:00,chongzhi_jiaxian,north,22,34
2019/1/14 18:50:00,chongzhi_jiaxian,north,26,25
2019/1/14 18:55:00,chongzhi_jiaxian,north,17,24
2019/1/14 19:00:00,chongzhi_jiaxian,north,17,22
2019/1/14 19:05:00,chongzhi_jiaxian,north,21,19
2019/1/14 19:10:00,chongzhi_jiaxian,north,18,21
2019/1/14 19:15:00,chongzhi_jiaxian,north,9,11
2019/1/14 19:20:00,chongzhi_jiaxian,north,7,10
2019/1/14 19:25:00,chongzhi_jiaxian,north,8,14
2019/1/14 19:30:00,chongzhi_jiaxian,north,15,24
2019/1/14 19:35:00,chongzhi_jiaxian,north,16,25
2019/1/14 19:40:00,chongzhi_jiaxian,north,13,19
2019/1/14 19:45:00,chongzhi_jiaxian,north,15,15
2019/1/14 19:50:00,chongzhi_jiaxian,north,14,18
2019/1/14 19:55:00,chongzhi_jiaxian,north,16,15
2019/1/14 20:00:00,chongzhi_jiaxian,north,11,15
2019/1/14 20:05:00,chongzhi_jiaxian,north,12,9
2019/1/14 20:10:00,chongzhi_jiaxian,north,11,18
2019/1/14 20:15:00,chongzhi_jiaxian,north,13,16
2019/1/14 20:20:00,chongzhi_jiaxian,north,8,13
2019/1/14 20:25:00,chongzhi_jiaxian,north,6,12
2019/1/14 20:30:00,chongzhi_jiaxian,north,12,23
2019/1/14 20:35:00,chongzhi_jiaxian,north,6,9
2019/1/14 20:40:00,chongzhi_jiaxian,north,14,23
2019/1/14 20:45:00,chongzhi_jiaxian,north,9,15
2019/1/14 20:50:00,chongzhi_jiaxian,north,20,17
2019/1/14 20:55:00,chongzhi_jiaxian,north,12,16
2019/1/14 21:00:00,chongzhi_jiaxian,north,40,19
2019/1/14 21:05:00,chongzhi_jiaxian,north,11,14
2019/1/14 21:10:00,chongzhi_jiaxian,north,11,17
2019/1/14 21:15:00,chongzhi_jiaxian,north,10,16
2019/1/14 21:20:00,chongzhi_jiaxian,north,15,16
2019/1/14 21:25:00,chongzhi_jiaxian,north,13,15
2019/1/14 21:30:00,chongzhi_jiaxian,north,16,19
2019/1/14 21:35:00,chongzhi_jiaxian,north,6,8
2019/1/14 21:40:00,chongzhi_jiaxian,north,13,22
2019/1/14 21:45:00,chongzhi_jiaxian,north,9,11
2019/1/14 21:50:00,chongzhi_jiaxian,north,13,12
2019/1/14 21:55:00,chongzhi_jiaxian,north,9,13
2019/1/14 22:00:00,chongzhi_jiaxian,north,7,17
2019/1/14 22:05:00,chongzhi_jiaxian,north,14,14
2019/1/14 22:10:00,chongzhi_jiaxian,north,4,16
2019/1/14 22:15:00,chongzhi_jiaxian,north,11,11
2019/1/14 22:20:00,chongzhi_jiaxian,north,8,10
2019/1/14 22:25:00,chongzhi_jiaxian,north,10,16
2019/1/14 22:30:00,chongzhi_jiaxian,north,2,10
2019/1/14 22:35:00,chongzhi_jiaxian,north,9,8
2019/1/14 22:40:00,chongzhi_jiaxian,north,4,13
2019/1/14 22:45:00,chongzhi_jiaxian,north,8,15
2019/1/14 22:50:00,chongzhi_jiaxian,north,12,20
2019/1/14 22:55:00,chongzhi_jiaxian,north,7,9
2019/1/14 23:00:00,chongzhi_jiaxian,north,11,17
2019/1/14 23:05:00,chongzhi_jiaxian,north,12,15
2019/1/14 23:10:00,chongzhi_jiaxian,north,6,12
2019/1/14 23:15:00,chongzhi_jiaxian,north,9,14
2019/1/14 23:20:00,chongzhi_jiaxian,north,7,15
2019/1/14 23:25:00,chongzhi_jiaxian,north,3,10
2019/1/14 23:30:00,chongzhi_jiaxian,north,2,8
2019/1/14 23:35:00,chongzhi_jiaxian,north,7,12
2019/1/14 23:40:00,chongzhi_jiaxian,north,4,7
2019/1/14 23:45:00,chongzhi_jiaxian,north,6,12
2019/1/14 23:50:00,chongzhi_jiaxian,north,3,10
2019/1/14 23:55:00,chongzhi_jiaxian,north,6,5
