2019/1/14 00:00:00,chongzhi_jiaxian,west,0,5
2019/1/14 00:05:00,chongzhi_jiaxian,west,0,1
2019/1/14 00:10:00,chongzhi_jiaxian,west,0,4
2019/1/14 00:15:00,chongzhi_jiaxian,west,0,3
2019/1/14 00:20:00,chongzhi_jiaxian,west,0,3
2019/1/14 00:25:00,chongzhi_jiaxian,west,0,4
2019/1/14 00:30:00,chongzhi_jiaxian,west,0,1
2019/1/14 00:35:00,chongzhi_jiaxian,west,0,2
2019/1/14 00:40:00,chongzhi_jiaxian,west,0,2
2019/1/14 00:45:00,chongzhi_jiaxian,west,0,3
2019/1/14 00:50:00,chongzhi_jiaxian,west,0,3
2019/1/14 00:55:00,chongzhi_jiaxian,west,0,3
2019/1/14 01:00:00,chongzhi_jiaxian,west,0,1
2019/1/14 01:05:00,chongzhi_jiaxian,west,0,0
2019/1/14 01:10:00,chongzhi_jiaxian,west,1,2
2019/1/14 01:15:00,chongzhi_jiaxian,west,0,3
2019/1/14 01:20:00,chongzhi_jiaxian,west,0,0
2019/1/14 01:25:00,chongzhi_jiaxian,west,0,0
2019/1/14 01:30:00,chongzhi_jiaxian,west,0,3
2019/1/14 01:35:00,chongzhi_jiaxian,west,0,4
2019/1/14 01:40:00,chongzhi_jiaxian,west,0,1
2019/1/14 01:45:00,chongzhi_jiaxian,west,0,2
2019/1/14 01:50:00,chongzhi_jiaxian,west,0,1
2019/1/14 01:55:00,chongzhi_jiaxian,west,0,0
2019/1/14 02:00:00,chongzhi_jiaxian,west,0,2
2019/1/14 02:05:00,chongzhi_jiaxian,west,0,1
2019/1/14 02:10:00,chongzhi_jiaxian,west,0,1
2019/1/14 02:15:00,chongzhi_jiaxian,west,0,0
2019/1/14 02:20:00,chongzhi_jiaxian,west,0,0
2019/1/14 02:25:00,chongzhi_jiaxian,west,0,0
2019/1/14 02:30:00,chongzhi_jiaxian,west,0,2
2019/1/14 02:35:00,chongzhi_jiaxian,west,0,3
2019/1/14 02:40:00,chongzhi_jiaxian,west,0,0
2019/1/14 02:45:00,chongzhi_jiaxian,west,0,1
2019/1/14 02:50:00,chongzhi_jiaxian,west,0,0
2019/1/14 02:55:00,chongzhi_jiaxian,west,0,1
2019/1/14 03:00:00,chongzhi_jiaxian,west,0,1
2019/1/14 03:05:00,chongzhi_jiaxian,west,0,0
2019/1/14 03:10:00,chongzhi_jiaxian,west,0,3
2019/1/14 03:15:00,chongzhi_jiaxian,west,0,1
2019/1/14 03:20:00,chongzhi_jiaxian,west,0,1
2019/1/14 03:25:00,chongzhi_jiaxian,west,0,1
2019/1/14 03:30:00,chongzhi_jiaxian,west,0,1
2019/1/14 03:35:00,chongzhi_jiaxian,west,0,2
2019/1/14 03:40:00,chongzhi_jiaxian,west,0,0
2019/1/14 03:45:00,chongzhi_jiaxian,west,0,1
2019/1/14 03:50:00,chongzhi_jiaxian,west,0,0
2019/1/14 03:55:00,chongzhi_jiaxian,west,0,0
2019/1/14 04:00:00,chongzhi_jiaxian,west,0,0
2019/1/14 04:05:00,chongzhi_jiaxian,west,0,1
2019/1/14 04:10:00,chongzhi_jiaxian,west,0,1
2019/1/14 04:15:00,chongzhi_jiaxian,west,0,0
2019/1/14 04:20:00,chongzhi_jiaxian,west,0,0
2019/1/14 04:25:00,chongzhi_jiaxian,west,0,0
2019/1/14 04:30:00,chongzhi_jiaxian,west,0,2
2019/1/14 04:35:00,chongzhi_jiaxian,west,0,0
2019/1/14 04:40:00,chongzhi_jiaxian,west,0,0
2019/1/14 04:45:00,chongzhi_jiaxian,west,0,0
2019/1/14 04:50:00,chongzhi_jiaxian,west,0,0
2019/1/14 04:55:00,chongzhi_jiaxian,west,0,0
2019/1/14 05:00:00,chongzhi_jiaxian,west,0,1
2019/1/14 05:05:00,chongzhi_jiaxian,west,0,0
2019/1/14 05:10:00,chongzhi_jiaxian,west,0,1
2019/1/14 05:15:00,chongzhi_jiaxian,west,0,3
2019/1/14 05:20:00,chongzhi_jiaxian,west,0,1
2019/1/14 05:25:00,chongzhi_jiaxian,west,0,0
2019/1/14 05:30:00,chongzhi_jiaxian,west,1,0
2019/1/14 05:35:00,chongzhi_jiaxian,west,0,2
2019/1/14 05:40:00,chongzhi_jiaxian,west,0,3
2019/1/14 05:45:00,chongzhi_jiaxian,west,0,0
2019/1/14 05:50:00,chongzhi_jiaxian,west,0,1
2019/1/14 05:55:00,chongzhi_jiaxian,west,0,1
2019/1/14 06:00:00,chongzhi_jiaxian,west,0,1
2019/1/14 06:05:00,chongzhi_jiaxian,west,0,3
2019/1/14 06:10:00,chongzhi_jiaxian,west,0,1
2019/1/14 06:15:00,chongzhi_jiaxian,west,0,0
2019/1/14 06:20:00,chongzhi_jiaxian,west,0,2
2019/1/14 06:25:00,chongzhi_jiaxian,west,0,1
2019/1/14 06:30:00,chongzhi_jiaxian,west,0,4
2019/1/14 06:35:00,chongzhi_jiaxian,west,0,3
2019/1/14 06:40:00,chongzhi_jiaxian,west,0,5
2019/1/14 06:45:00,chongzhi_jiaxian,west,0,1
2019/1/14 06:50:00,chongzhi_jiaxian,west,1,4
2019/1/14 06:55:00,chongzhi_jiaxian,west,2,5
2019/1/14 07:00:00,chongzhi_jiaxian,west,1,5
2019/1/14 07:05:00,chongzhi_jiaxian,west,1,6
2019/1/14 07:10:00,chongzhi_jiaxian,west,2,5
2019/1/14 07:15:00,chongzhi_jiaxian,west,1,5
2019/1/14 07:20:00,chongzhi_jiaxian,west,1,2
2019/1/14 07:25:00,chongzhi_jiaxian,west,4,5
2019/1/14 07:30:00,chongzhi_jiaxian,west,3,5
2019/1/14 07:35:00,chongzhi_jiaxian,west,9,8
2019/1/14 07:40:00,chongzhi_jiaxian,west,6,3
2019/1/14 07:45:00,chongzhi_jiaxian,west,11,9
2019/1/14 07:50:00,chongzhi_jiaxian,west,9,8
2019/1/14 07:55:00,chongzhi_jiaxian,west,9,20
2019/1/14 08:00:00,chongzhi_jiaxian,west,8,5
2019/1/14 08:05:00,chongzhi_jiaxian,west,18,15
2019/1/14 08:10:00,chongzhi_jiaxian,west,13,17
2019/1/14 08:15:00,chongzhi_jiaxian,west,13,16
2019/1/14 08:20:00,chongzhi_jiaxian,west,20,15
2019/1/14 08:25:00,chongzhi_jiaxian,west,16,16
2019/1/14 08:30:00,chongzhi_jiaxian,west,18,14
2019/1/14 08:35:00,chongzhi_jiaxian,west,0,2
2019/1/14 08:40:00,chongzhi_jiaxian,west,15,13
2019/1/14 08:45:00,chongzhi_jiaxian,west,10,13
2019/1/14 08:50:00,chongzhi_jiaxian,west,15,14
2019/1/14 08:55:00,chongzhi_jiaxian,west,12,6
2019/1/14 09:00:00,chongzhi_jiaxian,west,8,10
2019/1/14 09:05:00,chongzhi_jiaxian,west,7,14
2019/1/14 09:10:00,chongzhi_jiaxian,west,8,12
2019/1/14 09:15:00,chongzhi_jiaxian,west,4,11
2019/1/14 09:20:00,chongzhi_jiaxian,west,4,18
2019/1/14 09:25:00,chongzhi_jiaxian,west,1,19
2019/1/14 09:30:00,chongzhi_jiaxian,west,1,4
2019/1/14 09:35:00,chongzhi_jiaxian,west,4,9
2019/1/14 09:40:00,chongzhi_jiaxian,west,3,9
2019/1/14 09:45:00,chongzhi_jiaxian,west,7,17
2019/1/14 09:50:00,chongzhi_jiaxian,west,3,13
2019/1/14 09:55:00,chongzhi_jiaxian,west,2,10
2019/1/14 10:00:00,chongzhi_jiaxian,west,1,10
2019/1/14 10:05:00,chongzhi_jiaxian,west,3,14
2019/1/14 10:10:00,chongzhi_jiaxian,west,2,7
2019/1/14 10:15:00,chongzhi_jiaxian,west,2,14
2019/1/14 10:20:00,chongzhi_jiaxian,west,2,7
2019/1/14 10:25:00,chongzhi_jiaxian,west,7,15
2019/1/14 10:30:00,chongzhi_jiaxian,west,5,12
2019/1/14 10:35:00,chongzhi_jiaxian,west,2,12
2019/1/14 10:40:00,chongzhi_jiaxian,west,3,9
2019/1/14 10:45:00,chongzhi_jiaxian,west,5,10
2019/1/14 10:50:00,chongzhi_jiaxian,west,0,10
2019/1/14 10:55:00,chongzhi_jiaxian,west,5,7
2019/1/14 11:00:00,chongzhi_jiaxian,west,3,6
2019/1/14 11:05:00,chongzhi_jiaxian,west,5,14
2019/1/14 11:10:00,chongzhi_jiaxian,west,5,13
2019/1/14 11:15:00,chongzhi_jiaxian,west,3,12
2019/1/14 11:20:00,chongzhi_jiaxian,west,1,3
2019/1/14 11:25:00,chongzhi_jiaxian,west,3,10
2019/1/14 11:30:00,chongzhi_jiaxian,west,2,14
2019/1/14 11:35:00,chongzhi_jiaxian,west,4,9
2019/1/14 11:40:00,chongzhi_jiaxian,west,5,14
2019/1/14 11:45:00,chongzhi_jiaxian,west,0,9
2019/1/14 11:50:00,chongzhi_jiaxian,west,4,9
2019/1/14 11:55:00,chongzhi_jiaxian,west,1,18
2019/1/14 12:00:00,chongzhi_jiaxian,west,2,7
2019/1/14 12:05:00,chongzhi_jiaxian,west,8,14
2019/1/14 12:10:00,chongzhi_jiaxian,west,7,9
2019/1/14 12:15:00,chongzhi_jiaxian,west,3,6
2019/1/14 12:20:00,chongzhi_jiaxian,west,2,11
2019/1/14 12:25:00,chongzhi_jiaxian,west,4,9
2019/1/14 12:30:00,chongzhi_jiaxian,west,7,10
2019/1/14 12:35:00,chongzhi_jiaxian,west,1,5
2019/1/14 12:40:00,chongzhi_jiaxian,west,2,11
2019/1/14 12:45:00,chongzhi_jiaxian,west,3,14
2019/1/14 12:50:00,chongzhi_jiaxian,west,3,6
2019/1/14 12:55:00,chongzhi_jiaxian,west,1,11
2019/1/14 13:00:00,chongzhi_jiaxian,west,1,11
2019/1/14 13:05:00,chongzhi_jiaxian,west,2,4
2019/1/14 13:10:00,chongzhi_jiaxian,west,6,14
2019/1/14 13:15:00,chongzhi_jiaxian,west,3,12
2019/1/14 13:20:00,chongzhi_jiaxian,west,4,9
2019/1/14 13:25:00,chongzhi_jiaxian,west,2,8
2019/1/14 13:30:00,chongzhi_jiaxian,west,1,7
2019/1/14 13:35:00,chongzhi_jiaxian,west,5,14
2019/1/14 13:40:00,chongzhi_jiaxian,west,8,3
2019/1/14 13:45:00,chongzhi_jiaxian,west,8,14
2019/1/14 13:50:00,chongzhi_jiaxian,west,5,12
2019/1/14 13:55:00,chongzhi_jiaxian,west,7,11
2019/1/14 14:00:00,chongzhi_jiaxian,west,4,13
2019/1/14 14:05:00,chongzhi_jiaxian,west,3,12
2019/1/14 14:10:00,chongzhi_jiaxian,west,1,9
2019/1/14 14:15:00,chongzhi_jiaxian,west,6,10
2019/1/14 14:20:00,chongzhi_jiaxian,west,3,15
2019/1/14 14:25:00,chongzhi_jiaxian,west,1,6
2019/1/14 14:30:00,chongzhi_jiaxian,west,1,16
2019/1/14 14:35:00,chongzhi_jiaxian,west,3,5
2019/1/14 14:40:00,chongzhi_jiaxian,west,1,15
2019/1/14 14:45:00,chongzhi_jiaxian,west,3,5
2019/1/14 14:50:00,chongzhi_jiaxian,west,2,12
2019/1/14 14:55:00,chongzhi_jiaxian,west,3,11
2019/1/14 15:00:00,chongzhi_jiaxian,west,3,8
2019/1/14 15:05:00,chongzhi_jiaxian,west,1,7
2019/1/14 15:10:00,chongzhi_jiaxian,west,2,10
2019/1/14 15:15:00,chongzhi_jiaxian,west,0,9
2019/1/14 15:20:00,chongzhi_jiaxian,west,4,12
2019/1/14 15:25:00,chongzhi_jiaxian,west,0,4
2019/1/14 15:30:00,chongzhi_jiaxian,west,3,8
2019/1/14 15:35:00,chongzhi_jiaxian,west,4,8
2019/1/14 15:40:00,chongzhi_jiaxian,west,2,6
2019/1/14 15:45:00,chongzhi_jiaxian,west,2,9
2019/1/14 15:50:00,chongzhi_jiaxian,west,2,11
2019/1/14 15:55:00,chongzhi_jiaxian,west,2,9
2019/1/14 16:00:00,chongzhi_jiaxian,west,1,7
2019/1/14 16:05:00,chongzhi_jiaxian,west,7,16
2019/1/14 16:10:00,chongzhi_jiaxian,west,0,5
2019/1/14 16:15:00,chongzhi_jiaxian,west,4,11
2019/1/14 16:20:00,chongzhi_jiaxian,west,0,3
2019/1/14 16:25:00,chongzhi_jiaxian,west,0,6
2019/1/14 16:30:00,chongzhi_jiaxian,west,4,12
2019/1/14 16:35:00,chongzhi_jiaxian,west,0,8
2019/1/14 16:40:00,chongzhi_jiaxian,west,1,7
2019/1/14 16:45:00,chongzhi_jiaxian,west,1,11
2019/1/14 16:50:00,chongzhi_jiaxian,west,2,10
2019/1/14 16:55:00,chongzhi_jiaxian,west,3,9
2019/1/14 17:00:00,chongzhi_jiaxian,west,3,12
2019/1/14 17:05:00,chongzhi_jiaxian,west,3,6
2019/1/14 17:10:00,chongzhi_jiaxian,west,0,0
2019/1/14 17:15:00,chongzhi_jiaxian,west,0,0
2019/1/14 17:25:00,chongzhi_jiaxian,west,2,15
2019/1/14 17:30:00,chongzhi_jiaxian,west,2,6
2019/1/14 17:35:00,chongzhi_jiaxian,west,2,12
2019/1/14 17:40:00,chongzhi_jiaxian,west,4,15
2019/1/14 17:45:00,chongzhi_jiaxian,west,7,7
2019/1/14 17:50:00,chongzhi_jiaxian,west,0,10
2019/1/14 17:55:00,chongzhi_jiaxian,west,5,15
2019/1/14 18:00:00,chongzhi_jiaxian,west,4,15
2019/1/14 18:05:00,chongzhi_jiaxian,west,4,14
2019/1/14 18:10:00,chongzhi_jiaxian,west,3,20
2019/1/14 18:15:00,chongzhi_jiaxian,west,5,27
2019/1/14 18:20:00,chongzhi_jiaxian,west,4,6
2019/1/14 18:25:00,chongzhi_jiaxian,west,3,12
2019/1/14 18:30:00,chongzhi_jiaxian,west,2,15
2019/1/14 18:35:00,chongzhi_jiaxian,west,8,10
2019/1/14 18:40:00,chongzhi_jiaxian,west,3,19
2019/1/14 18:45:00,chongzhi_jiaxian,west,10,15
2019/1/14 18:50:00,chongzhi_jiaxian,west,2,9
2019/1/14 18:55:00,chongzhi_jiaxian,west,4,5
2019/1/14 19:00:00,chongzhi_jiaxian,west,1,9
2019/1/14 19:05:00,chongzhi_jiaxian,west,3,11
2019/1/14 19:10:00,chongzhi_jiaxian,west,3,10
2019/1/14 19:15:00,chongzhi_jiaxian,west,3,8
2019/1/14 19:20:00,chongzhi_jiaxian,west,2,9
2019/1/14 19:25:00,chongzhi_jiaxian,west,7,16
2019/1/14 19:30:00,chongzhi_jiaxian,west,3,9
2019/1/14 19:35:00,chongzhi_jiaxian,west,2,11
2019/1/14 19:40:00,chongzhi_jiaxian,west,4,11
2019/1/14 19:45:00,chongzhi_jiaxian,west,3,15
2019/1/14 19:50:00,chongzhi_jiaxian,west,3,14
2019/1/14 19:55:00,chongzhi_jiaxian,west,1,11
2019/1/14 20:00:00,chongzhi_jiaxian,west,1,7
2019/1/14 20:05:00,chongzhi_jiaxian,west,4,6
2019/1/14 20:10:00,chongzhi_jiaxian,west,3,7
2019/1/14 20:15:00,chongzhi_jiaxian,west,2,16
2019/1/14 20:20:00,chongzhi_jiaxian,west,1,14
2019/1/14 20:25:00,chongzhi_jiaxian,west,3,16
2019/1/14 20:30:00,chongzhi_jiaxian,west,3,4
2019/1/14 20:35:00,chongzhi_jiaxian,west,4,7
2019/1/14 20:40:00,chongzhi_jiaxian,west,4,14
2019/1/14 20:45:00,chongzhi_jiaxian,west,4,12
2019/1/14 20:50:00,chongzhi_jiaxian,west,3,13
2019/1/14 20:55:00,chongzhi_jiaxian,west,3,16
2019/1/14 21:00:00,chongzhi_jiaxian,west,3,7
2019/1/14 21:05:00,chongzhi_jiaxian,west,2,14
2019/1/14 21:10:00,chongzhi_jiaxian,west,1,9
2019/1/14 21:15:00,chongzhi_jiaxian,west,2,13
2019/1/14 21:20:00,chongzhi_jiaxian,west,3,8
2019/1/14 21:25:00,chongzhi_jiaxian,west,3,13
2019/1/14 21:30:00,chongzhi_jiaxian,west,5,9
2019/1/14 21:35:00,chongzhi_jiaxian,west,3,10
2019/1/14 21:40:00,chongzhi_jiaxian,west,2,9
2019/1/14 21:45:00,chongzhi_jiaxian,west,5,9
2019/1/14 21:50:00,chongzhi_jiaxian,west,3,11
2019/1/14 21:55:00,chongzhi_jiaxian,west,4,9
2019/1/14 22:00:00,chongzhi_jiaxian,west,1,8
2019/1/14 22:05:00,chongzhi_jiaxian,west,1,12
2019/1/14 22:10:00,chongzhi_jiaxian,west,2,13
2019/1/14 22:15:00,chongzhi_jiaxian,west,0,7
2019/1/14 22:20:00,chongzhi_jiaxian,west,5,14
2019/1/14 22:25:00,chongzhi_jiaxian,west,1,5
2019/1/14 22:30:00,chongzhi_jiaxian,west,0,8
2019/1/14 22:35:00,chongzhi_jiaxian,west,4,9
2019/1/14 22:40:00,chongzhi_jiaxian,west,2,6
2019/1/14 22:45:00,chongzhi_jiaxian,west,4,5
2019/1/14 22:50:00,chongzhi_jiaxian,west,1,2
2019/1/14 22:55:00,chongzhi_jiaxian,west,2,8
2019/1/14 23:00:00,chongzhi_jiaxian,west,0,5
2019/1/14 23:05:00,chongzhi_jiaxian,west,2,9
2019/1/14 23:10:00,chongzhi_jiaxian,west,2,7
2019/1/14 23:15:00,chongzhi_jiaxian,west,0,7
2019/1/14 23:20:00,chongzhi_jiaxian,west,1,8
2019/1/14 23:25:00,chongzhi_jiaxian,west,0,8
2019/1/14 23:30:00,chongzhi_jiaxian,west,1,5
2019/1/14 23:35:00,chongzhi_jiaxian,west,1,4
2019/1/14 23:40:00,chongzhi_jiaxian,west,2,7
2019/1/14 23:45:00,chongzhi_jiaxian,west,0,10
2019/1/14 23:50:00,chongzhi_jiaxian,west,0,6
2019/1/14 23:55:00,chongzhi_jiaxian,west,1,4
