2019/1/14 00:00:00,wuhe_longping,north,4,23
2019/1/14 00:05:00,wuhe_longping,north,1,21
2019/1/14 00:10:00,wuhe_longping,north,0,15
2019/1/14 00:15:00,wuhe_longping,north,0,15
2019/1/14 00:20:00,wuhe_longping,north,1,17
2019/1/14 00:25:00,wuhe_longping,north,0,15
2019/1/14 00:30:00,wuhe_longping,north,0,10
2019/1/14 00:35:00,wuhe_longping,north,1,19
2019/1/14 00:40:00,wuhe_longping,north,0,13
2019/1/14 00:45:00,wuhe_longping,north,0,18
2019/1/14 00:50:00,wuhe_longping,north,0,14
2019/1/14 00:55:00,wuhe_longping,north,3,22
2019/1/14 01:00:00,wuhe_longping,north,0,16
2019/1/14 01:05:00,wuhe_longping,north,0,11
2019/1/14 01:10:00,wuhe_longping,north,1,11
2019/1/14 01:15:00,wuhe_longping,north,0,9
2019/1/14 01:20:00,wuhe_longping,north,0,14
2019/1/14 01:25:00,wuhe_longping,north,1,7
2019/1/14 01:30:00,wuhe_longping,north,0,8
2019/1/14 01:35:00,wuhe_longping,north,2,7
2019/1/14 01:40:00,wuhe_longping,north,0,13
2019/1/14 01:45:00,wuhe_longping,north,3,7
2019/1/14 01:50:00,wuhe_longping,north,1,10
2019/1/14 01:55:00,wuhe_longping,north,0,1
2019/1/14 02:00:00,wuhe_longping,north,0,4
2019/1/14 02:05:00,wuhe_longping,north,0,8
2019/1/14 02:10:00,wuhe_longping,north,0,7
2019/1/14 02:15:00,wuhe_longping,north,0,9
2019/1/14 02:20:00,wuhe_longping,north,1,9
2019/1/14 02:25:00,wuhe_longping,north,0,5
2019/1/14 02:30:00,wuhe_longping,north,0,3
2019/1/14 02:35:00,wuhe_longping,north,0,6
2019/1/14 02:40:00,wuhe_longping,north,0,8
2019/1/14 02:45:00,wuhe_longping,north,0,7
2019/1/14 02:50:00,wuhe_longping,north,0,8
2019/1/14 02:55:00,wuhe_longping,north,0,8
2019/1/14 03:00:00,wuhe_longping,north,0,6
2019/1/14 03:05:00,wuhe_longping,north,0,4
2019/1/14 03:10:00,wuhe_longping,north,0,3
2019/1/14 03:15:00,wuhe_longping,north,0,5
2019/1/14 03:20:00,wuhe_longping,north,0,8
2019/1/14 03:25:00,wuhe_longping,north,0,4
2019/1/14 03:30:00,wuhe_longping,north,0,5
2019/1/14 03:35:00,wuhe_longping,north,0,2
2019/1/14 03:40:00,wuhe_longping,north,0,6
2019/1/14 03:45:00,wuhe_longping,north,0,3
2019/1/14 03:50:00,wuhe_longping,north,0,2
2019/1/14 03:55:00,wuhe_longping,north,0,1
2019/1/14 04:00:00,wuhe_longping,north,0,1
2019/1/14 04:05:00,wuhe_longping,north,0,4
2019/1/14 04:10:00,wuhe_longping,north,0,7
2019/1/14 04:15:00,wuhe_longping,north,0,2
2019/1/14 04:20:00,wuhe_longping,north,0,1
2019/1/14 04:25:00,wuhe_longping,north,0,1
2019/1/14 04:30:00,wuhe_longping,north,0,2
2019/1/14 04:35:00,wuhe_longping,north,0,4
2019/1/14 04:40:00,wuhe_longping,north,0,2
2019/1/14 04:45:00,wuhe_longping,north,0,5
2019/1/14 04:50:00,wuhe_longping,north,0,1
2019/1/14 04:55:00,wuhe_longping,north,0,4
2019/1/14 05:00:00,wuhe_longping,north,0,2
2019/1/14 05:05:00,wuhe_longping,north,0,5
2019/1/14 05:10:00,wuhe_longping,north,0,4
2019/1/14 05:15:00,wuhe_longping,north,0,4
2019/1/14 05:20:00,wuhe_longping,north,0,2
2019/1/14 05:25:00,wuhe_longping,north,0,2
2019/1/14 05:30:00,wuhe_longping,north,1,3
2019/1/14 05:35:00,wuhe_longping,north,0,6
2019/1/14 05:40:00,wuhe_longping,north,0,9
2019/1/14 05:45:00,wuhe_longping,north,1,6
2019/1/14 05:50:00,wuhe_longping,north,0,4
2019/1/14 05:55:00,wuhe_longping,north,1,3
2019/1/14 06:00:00,wuhe_longping,north,0,10
2019/1/14 06:05:00,wuhe_longping,north,0,7
2019/1/14 06:10:00,wuhe_longping,north,0,9
2019/1/14 06:15:00,wuhe_longping,north,0,8
2019/1/14 06:20:00,wuhe_longping,north,2,7
2019/1/14 06:25:00,wuhe_longping,north,2,14
2019/1/14 06:30:00,wuhe_longping,north,1,22
2019/1/14 06:35:00,wuhe_longping,north,0,10
2019/1/14 06:40:00,wuhe_longping,north,1,11
2019/1/14 06:45:00,wuhe_longping,north,2,32
2019/1/14 06:50:00,wuhe_longping,north,0,17
2019/1/14 06:55:00,wuhe_longping,north,2,20
2019/1/14 07:00:00,wuhe_longping,north,2,33
2019/1/14 07:05:00,wuhe_longping,north,3,30
2019/1/14 07:10:00,wuhe_longping,north,5,30
2019/1/14 07:15:00,wuhe_longping,north,2,34
2019/1/14 07:20:00,wuhe_longping,north,1,27
2019/1/14 07:25:00,wuhe_longping,north,9,41
2019/1/14 07:30:00,wuhe_longping,north,2,42
2019/1/14 07:35:00,wuhe_longping,north,5,48
2019/1/14 07:40:00,wuhe_longping,north,3,40
2019/1/14 07:45:00,wuhe_longping,north,9,54
2019/1/14 07:50:00,wuhe_longping,north,14,52
2019/1/14 07:55:00,wuhe_longping,north,21,64
2019/1/14 08:00:00,wuhe_longping,north,27,67
2019/1/14 08:05:00,wuhe_longping,north,14,64
2019/1/14 08:10:00,wuhe_longping,north,36,83
2019/1/14 08:15:00,wuhe_longping,north,25,87
2019/1/14 08:20:00,wuhe_longping,north,31,70
2019/1/14 08:25:00,wuhe_longping,north,18,71
2019/1/14 08:30:00,wuhe_longping,north,35,82
2019/1/14 08:35:00,wuhe_longping,north,19,63
2019/1/14 08:40:00,wuhe_longping,north,13,60
2019/1/14 08:45:00,wuhe_longping,north,22,81
2019/1/14 08:50:00,wuhe_longping,north,34,75
2019/1/14 08:55:00,wuhe_longping,north,24,95
2019/1/14 09:00:00,wuhe_longping,north,11,53
2019/1/14 09:05:00,wuhe_longping,north,23,72
2019/1/14 09:10:00,wuhe_longping,north,13,76
2019/1/14 09:15:00,wuhe_longping,north,17,66
2019/1/14 09:20:00,wuhe_longping,north,19,71
2019/1/14 09:25:00,wuhe_longping,north,13,60
2019/1/14 09:30:00,wuhe_longping,north,15,64
2019/1/14 09:35:00,wuhe_longping,north,16,52
2019/1/14 09:40:00,wuhe_longping,north,9,60
2019/1/14 09:45:00,wuhe_longping,north,12,55
2019/1/14 09:50:00,wuhe_longping,north,10,61
2019/1/14 09:55:00,wuhe_longping,north,14,49
2019/1/14 10:00:00,wuhe_longping,north,13,47
2019/1/14 10:05:00,wuhe_longping,north,9,66
2019/1/14 10:10:00,wuhe_longping,north,18,69
2019/1/14 10:15:00,wuhe_longping,north,16,46
2019/1/14 10:20:00,wuhe_longping,north,13,52
2019/1/14 10:25:00,wuhe_longping,north,14,56
2019/1/14 10:30:00,wuhe_longping,north,12,61
2019/1/14 10:35:00,wuhe_longping,north,14,36
2019/1/14 10:40:00,wuhe_longping,north,16,50
2019/1/14 10:45:00,wuhe_longping,north,13,50
2019/1/14 10:50:00,wuhe_longping,north,16,51
2019/1/14 10:55:00,wuhe_longping,north,4,55
2019/1/14 11:00:00,wuhe_longping,north,9,50
2019/1/14 11:05:00,wuhe_longping,north,10,37
2019/1/14 11:10:00,wuhe_longping,north,15,44
2019/1/14 11:15:00,wuhe_longping,north,18,42
2019/1/14 11:20:00,wuhe_longping,north,5,52
2019/1/14 11:25:00,wuhe_longping,north,5,53
2019/1/14 11:30:00,wuhe_longping,north,18,65
2019/1/14 11:35:00,wuhe_longping,north,12,35
2019/1/14 11:40:00,wuhe_longping,north,11,38
2019/1/14 11:45:00,wuhe_longping,north,12,49
2019/1/14 11:50:00,wuhe_longping,north,10,68
2019/1/14 11:55:00,wuhe_longping,north,13,51
2019/1/14 12:00:00,wuhe_longping,north,32,50
2019/1/14 12:05:00,wuhe_longping,north,17,57
2019/1/14 12:10:00,wuhe_longping,north,15,39
2019/1/14 12:15:00,wuhe_longping,north,13,68
2019/1/14 12:20:00,wuhe_longping,north,12,39
2019/1/14 12:25:00,wuhe_longping,north,15,53
2019/1/14 12:30:00,wuhe_longping,north,17,48
2019/1/14 12:35:00,wuhe_longping,north,7,68
2019/1/14 12:40:00,wuhe_longping,north,8,39
2019/1/14 12:45:00,wuhe_longping,north,16,38
2019/1/14 12:50:00,wuhe_longping,north,12,44
2019/1/14 12:55:00,wuhe_longping,north,10,32
2019/1/14 13:00:00,wuhe_longping,north,9,42
2019/1/14 13:05:00,wuhe_longping,north,5,35
2019/1/14 13:10:00,wuhe_longping,north,10,41
2019/1/14 13:15:00,wuhe_longping,north,11,53
2019/1/14 13:20:00,wuhe_longping,north,13,39
2019/1/14 13:25:00,wuhe_longping,north,8,59
2019/1/14 13:30:00,wuhe_longping,north,4,34
2019/1/14 13:35:00,wuhe_longping,north,6,50
2019/1/14 13:40:00,wuhe_longping,north,14,53
2019/1/14 13:45:00,wuhe_longping,north,17,58
2019/1/14 13:50:00,wuhe_longping,north,15,47
2019/1/14 13:55:00,wuhe_longping,north,15,61
2019/1/14 14:00:00,wuhe_longping,north,7,67
2019/1/14 14:05:00,wuhe_longping,north,20,57
2019/1/14 14:10:00,wuhe_longping,north,11,46
2019/1/14 14:15:00,wuhe_longping,north,12,44
2019/1/14 14:20:00,wuhe_longping,north,9,57
2019/1/14 14:25:00,wuhe_longping,north,18,47
2019/1/14 14:30:00,wuhe_longping,north,10,65
2019/1/14 14:35:00,wuhe_longping,north,12,67
2019/1/14 14:40:00,wuhe_longping,north,6,46
2019/1/14 14:45:00,wuhe_longping,north,10,56
2019/1/14 14:50:00,wuhe_longping,north,21,63
2019/1/14 14:55:00,wuhe_longping,north,9,73
2019/1/14 15:00:00,wuhe_longping,north,21,37
2019/1/14 15:05:00,wuhe_longping,north,13,60
2019/1/14 15:10:00,wuhe_longping,north,11,57
2019/1/14 15:15:00,wuhe_longping,north,13,70
2019/1/14 15:20:00,wuhe_longping,north,10,50
2019/1/14 15:25:00,wuhe_longping,north,19,45
2019/1/14 15:30:00,wuhe_longping,north,6,56
2019/1/14 15:35:00,wuhe_longping,north,11,68
2019/1/14 15:40:00,wuhe_longping,north,20,71
2019/1/14 15:45:00,wuhe_longping,north,16,36
2019/1/14 15:50:00,wuhe_longping,north,11,62
2019/1/14 15:55:00,wuhe_longping,north,7,68
2019/1/14 16:00:00,wuhe_longping,north,15,69
2019/1/14 16:05:00,wuhe_longping,north,14,55
2019/1/14 16:10:00,wuhe_longping,north,14,69
2019/1/14 16:15:00,wuhe_longping,north,10,50
2019/1/14 16:20:00,wuhe_longping,north,16,72
2019/1/14 16:25:00,wuhe_longping,north,14,65
2019/1/14 16:30:00,wuhe_longping,north,10,61
2019/1/14 16:35:00,wuhe_longping,north,12,57
2019/1/14 16:40:00,wuhe_longping,north,15,65
2019/1/14 16:45:00,wuhe_longping,north,16,49
2019/1/14 16:50:00,wuhe_longping,north,17,55
2019/1/14 16:55:00,wuhe_longping,north,19,60
2019/1/14 17:00:00,wuhe_longping,north,11,44
2019/1/14 17:05:00,wuhe_longping,north,15,60
2019/1/14 17:10:00,wuhe_longping,north,18,63
2019/1/14 17:15:00,wuhe_longping,north,12,64
2019/1/14 17:20:00,wuhe_longping,north,17,59
2019/1/14 17:25:00,wuhe_longping,north,16,61
2019/1/14 17:30:00,wuhe_longping,north,16,54
2019/1/14 17:35:00,wuhe_longping,north,28,79
2019/1/14 17:40:00,wuhe_longping,north,16,80
2019/1/14 17:45:00,wuhe_longping,north,24,93
2019/1/14 17:50:00,wuhe_longping,north,19,96
2019/1/14 17:55:00,wuhe_longping,north,13,90
2019/1/14 18:00:00,wuhe_longping,north,14,86
2019/1/14 18:05:00,wuhe_longping,north,21,118
2019/1/14 18:10:00,wuhe_longping,north,25,111
2019/1/14 18:15:00,wuhe_longping,north,24,130
2019/1/14 18:20:00,wuhe_longping,north,23,130
2019/1/14 18:25:00,wuhe_longping,north,14,116
2019/1/14 18:30:00,wuhe_longping,north,25,119
2019/1/14 18:35:00,wuhe_longping,north,11,58
2019/1/14 18:40:00,wuhe_longping,north,27,130
2019/1/14 18:45:00,wuhe_longping,north,16,92
2019/1/14 18:50:00,wuhe_longping,north,18,95
2019/1/14 18:55:00,wuhe_longping,north,17,105
2019/1/14 19:00:00,wuhe_longping,north,13,102
2019/1/14 19:05:00,wuhe_longping,north,8,89
2019/1/14 19:10:00,wuhe_longping,north,21,102
2019/1/14 19:15:00,wuhe_longping,north,17,112
2019/1/14 19:20:00,wuhe_longping,north,8,99
2019/1/14 19:25:00,wuhe_longping,north,10,70
2019/1/14 19:30:00,wuhe_longping,north,10,107
2019/1/14 19:35:00,wuhe_longping,north,14,93
2019/1/14 19:40:00,wuhe_longping,north,14,111
2019/1/14 19:45:00,wuhe_longping,north,8,112
2019/1/14 19:50:00,wuhe_longping,north,9,101
2019/1/14 19:55:00,wuhe_longping,north,11,72
2019/1/14 20:00:00,wuhe_longping,north,10,79
2019/1/14 20:05:00,wuhe_longping,north,7,74
2019/1/14 20:10:00,wuhe_longping,north,13,69
2019/1/14 20:15:00,wuhe_longping,north,7,58
2019/1/14 20:20:00,wuhe_longping,north,10,57
2019/1/14 20:25:00,wuhe_longping,north,7,77
2019/1/14 20:30:00,wuhe_longping,north,11,56
2019/1/14 20:35:00,wuhe_longping,north,11,70
2019/1/14 20:40:00,wuhe_longping,north,13,78
2019/1/14 20:45:00,wuhe_longping,north,9,75
2019/1/14 20:50:00,wuhe_longping,north,6,88
2019/1/14 20:55:00,wuhe_longping,north,15,73
2019/1/14 21:00:00,wuhe_longping,north,16,81
2019/1/14 21:05:00,wuhe_longping,north,10,68
2019/1/14 21:10:00,wuhe_longping,north,6,68
2019/1/14 21:15:00,wuhe_longping,north,16,60
2019/1/14 21:20:00,wuhe_longping,north,18,86
2019/1/14 21:25:00,wuhe_longping,north,8,65
2019/1/14 21:30:00,wuhe_longping,north,6,71
2019/1/14 21:35:00,wuhe_longping,north,11,78
2019/1/14 21:40:00,wuhe_longping,north,16,56
2019/1/14 21:45:00,wuhe_longping,north,10,62
2019/1/14 21:50:00,wuhe_longping,north,17,62
2019/1/14 21:55:00,wuhe_longping,north,6,45
2019/1/14 22:00:00,wuhe_longping,north,5,57
2019/1/14 22:05:00,wuhe_longping,north,8,70
2019/1/14 22:10:00,wuhe_longping,north,7,50
2019/1/14 22:15:00,wuhe_longping,north,14,54
2019/1/14 22:20:00,wuhe_longping,north,14,46
2019/1/14 22:25:00,wuhe_longping,north,5,61
2019/1/14 22:30:00,wuhe_longping,north,14,87
2019/1/14 22:35:00,wuhe_longping,north,7,44
2019/1/14 22:40:00,wuhe_longping,north,8,58
2019/1/14 22:45:00,wuhe_longping,north,3,67
2019/1/14 22:50:00,wuhe_longping,north,8,54
2019/1/14 22:55:00,wuhe_longping,north,7,41
2019/1/14 23:00:00,wuhe_longping,north,6,56
2019/1/14 23:05:00,wuhe_longping,north,4,62
2019/1/14 23:10:00,wuhe_longping,north,7,43
2019/1/14 23:15:00,wuhe_longping,north,1,42
2019/1/14 23:20:00,wuhe_longping,north,1,19
2019/1/14 23:25:00,wuhe_longping,north,2,35
2019/1/14 23:30:00,wuhe_longping,north,5,41
2019/1/14 23:35:00,wuhe_longping,north,1,27
2019/1/14 23:40:00,wuhe_longping,north,4,33
2019/1/14 23:45:00,wuhe_longping,north,2,28
2019/1/14 23:50:00,wuhe_longping,north,2,29
2019/1/14 23:55:00,wuhe_longping,north,4,27
