2019/1/14 00:00:00,wuhe_jiaxian,south,0,5
2019/1/14 00:05:00,wuhe_jiaxian,south,0,11
2019/1/14 00:10:00,wuhe_jiaxian,south,0,20
2019/1/14 00:15:00,wuhe_jiaxian,south,0,10
2019/1/14 00:20:00,wuhe_jiaxian,south,0,9
2019/1/14 00:25:00,wuhe_jiaxian,south,0,8
2019/1/14 00:30:00,wuhe_jiaxian,south,0,8
2019/1/14 00:35:00,wuhe_jiaxian,south,0,10
2019/1/14 00:40:00,wuhe_jiaxian,south,0,13
2019/1/14 00:45:00,wuhe_jiaxian,south,0,6
2019/1/14 00:50:00,wuhe_jiaxian,south,0,7
2019/1/14 00:55:00,wuhe_jiaxian,south,0,7
2019/1/14 01:00:00,wuhe_jiaxian,south,0,2
2019/1/14 01:05:00,wuhe_jiaxian,south,0,5
2019/1/14 01:10:00,wuhe_jiaxian,south,0,5
2019/1/14 01:15:00,wuhe_jiaxian,south,0,6
2019/1/14 01:20:00,wuhe_jiaxian,south,0,1
2019/1/14 01:25:00,wuhe_jiaxian,south,0,2
2019/1/14 01:30:00,wuhe_jiaxian,south,0,7
2019/1/14 01:35:00,wuhe_jiaxian,south,0,5
2019/1/14 01:40:00,wuhe_jiaxian,south,0,1
2019/1/14 01:45:00,wuhe_jiaxian,south,0,3
2019/1/14 01:50:00,wuhe_jiaxian,south,0,3
2019/1/14 01:55:00,wuhe_jiaxian,south,0,1
2019/1/14 02:00:00,wuhe_jiaxian,south,0,1
2019/1/14 02:05:00,wuhe_jiaxian,south,0,6
2019/1/14 02:10:00,wuhe_jiaxian,south,0,3
2019/1/14 02:15:00,wuhe_jiaxian,south,0,2
2019/1/14 02:20:00,wuhe_jiaxian,south,0,3
2019/1/14 02:25:00,wuhe_jiaxian,south,0,2
2019/1/14 02:30:00,wuhe_jiaxian,south,0,2
2019/1/14 02:35:00,wuhe_jiaxian,south,0,2
2019/1/14 02:40:00,wuhe_jiaxian,south,0,2
2019/1/14 02:45:00,wuhe_jiaxian,south,0,3
2019/1/14 02:50:00,wuhe_jiaxian,south,0,1
2019/1/14 02:55:00,wuhe_jiaxian,south,0,4
2019/1/14 03:00:00,wuhe_jiaxian,south,0,0
2019/1/14 03:05:00,wuhe_jiaxian,south,0,1
2019/1/14 03:10:00,wuhe_jiaxian,south,0,1
2019/1/14 03:15:00,wuhe_jiaxian,south,0,2
2019/1/14 03:20:00,wuhe_jiaxian,south,0,5
2019/1/14 03:25:00,wuhe_jiaxian,south,0,1
2019/1/14 03:30:00,wuhe_jiaxian,south,0,1
2019/1/14 03:35:00,wuhe_jiaxian,south,0,0
2019/1/14 03:40:00,wuhe_jiaxian,south,0,1
2019/1/14 03:45:00,wuhe_jiaxian,south,0,1
2019/1/14 03:50:00,wuhe_jiaxian,south,0,1
2019/1/14 03:55:00,wuhe_jiaxian,south,0,1
2019/1/14 04:00:00,wuhe_jiaxian,south,0,1
2019/1/14 04:05:00,wuhe_jiaxian,south,0,5
2019/1/14 04:10:00,wuhe_jiaxian,south,0,3
2019/1/14 04:15:00,wuhe_jiaxian,south,0,1
2019/1/14 04:20:00,wuhe_jiaxian,south,0,2
2019/1/14 04:25:00,wuhe_jiaxian,south,0,1
2019/1/14 04:30:00,wuhe_jiaxian,south,0,2
2019/1/14 04:35:00,wuhe_jiaxian,south,0,3
2019/1/14 04:40:00,wuhe_jiaxian,south,0,0
2019/1/14 04:45:00,wuhe_jiaxian,south,0,4
2019/1/14 04:50:00,wuhe_jiaxian,south,0,2
2019/1/14 04:55:00,wuhe_jiaxian,south,0,0
2019/1/14 05:00:00,wuhe_jiaxian,south,0,3
2019/1/14 05:05:00,wuhe_jiaxian,south,0,0
2019/1/14 05:10:00,wuhe_jiaxian,south,0,1
2019/1/14 05:15:00,wuhe_jiaxian,south,0,0
2019/1/14 05:20:00,wuhe_jiaxian,south,0,2
2019/1/14 05:25:00,wuhe_jiaxian,south,0,1
2019/1/14 05:30:00,wuhe_jiaxian,south,0,1
2019/1/14 05:35:00,wuhe_jiaxian,south,0,3
2019/1/14 05:40:00,wuhe_jiaxian,south,0,5
2019/1/14 05:45:00,wuhe_jiaxian,south,0,6
2019/1/14 05:50:00,wuhe_jiaxian,south,0,1
2019/1/14 05:55:00,wuhe_jiaxian,south,0,3
2019/1/14 06:00:00,wuhe_jiaxian,south,0,5
2019/1/14 06:05:00,wuhe_jiaxian,south,0,6
2019/1/14 06:10:00,wuhe_jiaxian,south,0,2
2019/1/14 06:15:00,wuhe_jiaxian,south,0,4
2019/1/14 06:20:00,wuhe_jiaxian,south,0,5
2019/1/14 06:25:00,wuhe_jiaxian,south,0,9
2019/1/14 06:30:00,wuhe_jiaxian,south,0,12
2019/1/14 06:35:00,wuhe_jiaxian,south,0,21
2019/1/14 06:40:00,wuhe_jiaxian,south,1,16
2019/1/14 06:45:00,wuhe_jiaxian,south,0,15
2019/1/14 06:50:00,wuhe_jiaxian,south,0,13
2019/1/14 06:55:00,wuhe_jiaxian,south,0,23
2019/1/14 07:00:00,wuhe_jiaxian,south,1,13
2019/1/14 07:05:00,wuhe_jiaxian,south,1,22
2019/1/14 07:10:00,wuhe_jiaxian,south,0,24
2019/1/14 07:15:00,wuhe_jiaxian,south,0,37
2019/1/14 07:20:00,wuhe_jiaxian,south,1,18
2019/1/14 07:25:00,wuhe_jiaxian,south,3,48
2019/1/14 07:30:00,wuhe_jiaxian,south,4,27
2019/1/14 07:35:00,wuhe_jiaxian,south,10,36
2019/1/14 07:40:00,wuhe_jiaxian,south,6,21
2019/1/14 07:45:00,wuhe_jiaxian,south,20,58
2019/1/14 07:50:00,wuhe_jiaxian,south,15,45
2019/1/14 07:55:00,wuhe_jiaxian,south,14,69
2019/1/14 08:00:00,wuhe_jiaxian,south,22,64
2019/1/14 08:05:00,wuhe_jiaxian,south,18,59
2019/1/14 08:10:00,wuhe_jiaxian,south,20,66
2019/1/14 08:15:00,wuhe_jiaxian,south,24,74
2019/1/14 08:20:00,wuhe_jiaxian,south,17,40
2019/1/14 08:25:00,wuhe_jiaxian,south,35,65
2019/1/14 08:30:00,wuhe_jiaxian,south,31,68
2019/1/14 08:35:00,wuhe_jiaxian,south,15,69
2019/1/14 08:40:00,wuhe_jiaxian,south,15,44
2019/1/14 08:45:00,wuhe_jiaxian,south,32,72
2019/1/14 08:50:00,wuhe_jiaxian,south,16,46
2019/1/14 08:55:00,wuhe_jiaxian,south,18,67
2019/1/14 09:00:00,wuhe_jiaxian,south,8,46
2019/1/14 09:05:00,wuhe_jiaxian,south,11,63
2019/1/14 09:10:00,wuhe_jiaxian,south,14,65
2019/1/14 09:15:00,wuhe_jiaxian,south,13,41
2019/1/14 09:20:00,wuhe_jiaxian,south,13,66
2019/1/14 09:25:00,wuhe_jiaxian,south,7,45
2019/1/14 09:30:00,wuhe_jiaxian,south,6,46
2019/1/14 09:35:00,wuhe_jiaxian,south,6,46
2019/1/14 09:40:00,wuhe_jiaxian,south,2,38
2019/1/14 09:45:00,wuhe_jiaxian,south,7,40
2019/1/14 09:50:00,wuhe_jiaxian,south,5,49
2019/1/14 09:55:00,wuhe_jiaxian,south,3,42
2019/1/14 10:00:00,wuhe_jiaxian,south,7,41
2019/1/14 10:05:00,wuhe_jiaxian,south,1,31
2019/1/14 10:10:00,wuhe_jiaxian,south,5,47
2019/1/14 10:15:00,wuhe_jiaxian,south,5,43
2019/1/14 10:20:00,wuhe_jiaxian,south,5,50
2019/1/14 10:25:00,wuhe_jiaxian,south,2,38
2019/1/14 10:30:00,wuhe_jiaxian,south,3,37
2019/1/14 10:35:00,wuhe_jiaxian,south,4,37
2019/1/14 10:40:00,wuhe_jiaxian,south,5,42
2019/1/14 10:45:00,wuhe_jiaxian,south,4,39
2019/1/14 10:50:00,wuhe_jiaxian,south,3,42
2019/1/14 10:55:00,wuhe_jiaxian,south,2,35
2019/1/14 11:00:00,wuhe_jiaxian,south,3,30
2019/1/14 11:05:00,wuhe_jiaxian,south,5,37
2019/1/14 11:10:00,wuhe_jiaxian,south,4,44
2019/1/14 11:15:00,wuhe_jiaxian,south,2,32
2019/1/14 11:20:00,wuhe_jiaxian,south,2,19
2019/1/14 11:25:00,wuhe_jiaxian,south,3,35
2019/1/14 11:30:00,wuhe_jiaxian,south,2,32
2019/1/14 11:35:00,wuhe_jiaxian,south,0,37
2019/1/14 11:40:00,wuhe_jiaxian,south,6,38
2019/1/14 11:45:00,wuhe_jiaxian,south,1,33
2019/1/14 11:50:00,wuhe_jiaxian,south,4,26
2019/1/14 11:55:00,wuhe_jiaxian,south,4,34
2019/1/14 12:00:00,wuhe_jiaxian,south,4,29
2019/1/14 12:05:00,wuhe_jiaxian,south,3,45
2019/1/14 12:10:00,wuhe_jiaxian,south,2,30
2019/1/14 12:15:00,wuhe_jiaxian,south,0,28
2019/1/14 12:20:00,wuhe_jiaxian,south,1,30
2019/1/14 12:25:00,wuhe_jiaxian,south,0,35
2019/1/14 12:30:00,wuhe_jiaxian,south,2,33
2019/1/14 12:35:00,wuhe_jiaxian,south,1,28
2019/1/14 12:40:00,wuhe_jiaxian,south,2,43
2019/1/14 12:45:00,wuhe_jiaxian,south,3,39
2019/1/14 12:50:00,wuhe_jiaxian,south,0,32
2019/1/14 12:55:00,wuhe_jiaxian,south,1,34
2019/1/14 13:00:00,wuhe_jiaxian,south,2,34
2019/1/14 13:05:00,wuhe_jiaxian,south,3,35
2019/1/14 13:10:00,wuhe_jiaxian,south,1,21
2019/1/14 13:15:00,wuhe_jiaxian,south,4,35
2019/1/14 13:20:00,wuhe_jiaxian,south,6,27
2019/1/14 13:25:00,wuhe_jiaxian,south,3,35
2019/1/14 13:30:00,wuhe_jiaxian,south,0,40
2019/1/14 13:35:00,wuhe_jiaxian,south,5,31
2019/1/14 13:40:00,wuhe_jiaxian,south,9,35
2019/1/14 13:45:00,wuhe_jiaxian,south,3,40
2019/1/14 13:50:00,wuhe_jiaxian,south,8,42
2019/1/14 13:55:00,wuhe_jiaxian,south,8,45
2019/1/14 14:00:00,wuhe_jiaxian,south,5,54
2019/1/14 14:05:00,wuhe_jiaxian,south,3,30
2019/1/14 14:10:00,wuhe_jiaxian,south,4,42
2019/1/14 14:15:00,wuhe_jiaxian,south,3,65
2019/1/14 14:20:00,wuhe_jiaxian,south,7,60
2019/1/14 14:25:00,wuhe_jiaxian,south,5,32
2019/1/14 14:30:00,wuhe_jiaxian,south,3,50
2019/1/14 14:35:00,wuhe_jiaxian,south,4,41
2019/1/14 14:40:00,wuhe_jiaxian,south,4,44
2019/1/14 14:45:00,wuhe_jiaxian,south,5,42
2019/1/14 14:50:00,wuhe_jiaxian,south,4,31
2019/1/14 14:55:00,wuhe_jiaxian,south,4,51
2019/1/14 15:00:00,wuhe_jiaxian,south,5,46
2019/1/14 15:05:00,wuhe_jiaxian,south,2,42
2019/1/14 15:10:00,wuhe_jiaxian,south,3,29
2019/1/14 15:15:00,wuhe_jiaxian,south,2,32
2019/1/14 15:20:00,wuhe_jiaxian,south,4,42
2019/1/14 15:25:00,wuhe_jiaxian,south,6,45
2019/1/14 15:30:00,wuhe_jiaxian,south,2,48
2019/1/14 15:35:00,wuhe_jiaxian,south,1,19
2019/1/14 15:40:00,wuhe_jiaxian,south,5,50
2019/1/14 15:45:00,wuhe_jiaxian,south,4,43
2019/1/14 15:50:00,wuhe_jiaxian,south,2,38
2019/1/14 15:55:00,wuhe_jiaxian,south,5,26
2019/1/14 16:00:00,wuhe_jiaxian,south,1,39
2019/1/14 16:05:00,wuhe_jiaxian,south,4,40
2019/1/14 16:10:00,wuhe_jiaxian,south,1,29
2019/1/14 16:15:00,wuhe_jiaxian,south,5,45
2019/1/14 16:20:00,wuhe_jiaxian,south,4,35
2019/1/14 16:25:00,wuhe_jiaxian,south,4,37
2019/1/14 16:30:00,wuhe_jiaxian,south,2,43
2019/1/14 16:35:00,wuhe_jiaxian,south,2,47
2019/1/14 16:40:00,wuhe_jiaxian,south,1,24
2019/1/14 16:45:00,wuhe_jiaxian,south,5,38
2019/1/14 16:50:00,wuhe_jiaxian,south,1,23
2019/1/14 16:55:00,wuhe_jiaxian,south,1,48
2019/1/14 17:00:00,wuhe_jiaxian,south,4,33
2019/1/14 17:05:00,wuhe_jiaxian,south,2,29
2019/1/14 17:10:00,wuhe_jiaxian,south,6,43
2019/1/14 17:15:00,wuhe_jiaxian,south,2,43
2019/1/14 17:20:00,wuhe_jiaxian,south,4,30
2019/1/14 17:25:00,wuhe_jiaxian,south,7,35
2019/1/14 17:30:00,wuhe_jiaxian,south,4,35
2019/1/14 17:35:00,wuhe_jiaxian,south,3,29
2019/1/14 17:40:00,wuhe_jiaxian,south,2,34
2019/1/14 17:45:00,wuhe_jiaxian,south,9,34
2019/1/14 17:50:00,wuhe_jiaxian,south,2,41
2019/1/14 17:55:00,wuhe_jiaxian,south,4,28
2019/1/14 18:00:00,wuhe_jiaxian,south,1,35
2019/1/14 18:05:00,wuhe_jiaxian,south,4,38
2019/1/14 18:10:00,wuhe_jiaxian,south,5,48
2019/1/14 18:15:00,wuhe_jiaxian,south,1,37
2019/1/14 18:20:00,wuhe_jiaxian,south,2,60
2019/1/14 18:25:00,wuhe_jiaxian,south,2,44
2019/1/14 18:30:00,wuhe_jiaxian,south,2,34
2019/1/14 18:35:00,wuhe_jiaxian,south,2,23
2019/1/14 18:40:00,wuhe_jiaxian,south,1,37
2019/1/14 18:45:00,wuhe_jiaxian,south,1,30
2019/1/14 18:50:00,wuhe_jiaxian,south,2,61
2019/1/14 18:55:00,wuhe_jiaxian,south,1,33
2019/1/14 19:00:00,wuhe_jiaxian,south,4,32
2019/1/14 19:05:00,wuhe_jiaxian,south,1,24
2019/1/14 19:10:00,wuhe_jiaxian,south,2,21
2019/1/14 19:15:00,wuhe_jiaxian,south,1,29
2019/1/14 19:20:00,wuhe_jiaxian,south,0,22
2019/1/14 19:25:00,wuhe_jiaxian,south,1,41
2019/1/14 19:30:00,wuhe_jiaxian,south,0,31
2019/1/14 19:35:00,wuhe_jiaxian,south,1,35
2019/1/14 19:40:00,wuhe_jiaxian,south,0,41
2019/1/14 19:45:00,wuhe_jiaxian,south,0,19
2019/1/14 19:50:00,wuhe_jiaxian,south,2,33
2019/1/14 19:55:00,wuhe_jiaxian,south,3,36
2019/1/14 20:00:00,wuhe_jiaxian,south,0,27
2019/1/14 20:05:00,wuhe_jiaxian,south,0,28
2019/1/14 20:10:00,wuhe_jiaxian,south,0,40
2019/1/14 20:15:00,wuhe_jiaxian,south,3,25
2019/1/14 20:20:00,wuhe_jiaxian,south,1,19
2019/1/14 20:25:00,wuhe_jiaxian,south,2,49
2019/1/14 20:30:00,wuhe_jiaxian,south,1,17
2019/1/14 20:35:00,wuhe_jiaxian,south,1,39
2019/1/14 20:40:00,wuhe_jiaxian,south,0,39
2019/1/14 20:45:00,wuhe_jiaxian,south,0,40
2019/1/14 20:50:00,wuhe_jiaxian,south,2,25
2019/1/14 20:55:00,wuhe_jiaxian,south,1,42
2019/1/14 21:00:00,wuhe_jiaxian,south,0,34
2019/1/14 21:05:00,wuhe_jiaxian,south,1,40
2019/1/14 21:10:00,wuhe_jiaxian,south,2,19
2019/1/14 21:15:00,wuhe_jiaxian,south,3,17
2019/1/14 21:20:00,wuhe_jiaxian,south,0,46
2019/1/14 21:25:00,wuhe_jiaxian,south,1,29
2019/1/14 21:30:00,wuhe_jiaxian,south,2,30
2019/1/14 21:35:00,wuhe_jiaxian,south,2,27
2019/1/14 21:40:00,wuhe_jiaxian,south,3,31
2019/1/14 21:45:00,wuhe_jiaxian,south,1,37
2019/1/14 21:50:00,wuhe_jiaxian,south,0,35
2019/1/14 21:55:00,wuhe_jiaxian,south,1,32
2019/1/14 22:00:00,wuhe_jiaxian,south,1,26
2019/1/14 22:05:00,wuhe_jiaxian,south,0,33
2019/1/14 22:10:00,wuhe_jiaxian,south,3,33
2019/1/14 22:15:00,wuhe_jiaxian,south,0,28
2019/1/14 22:20:00,wuhe_jiaxian,south,0,43
2019/1/14 22:25:00,wuhe_jiaxian,south,0,20
2019/1/14 22:30:00,wuhe_jiaxian,south,1,20
2019/1/14 22:35:00,wuhe_jiaxian,south,1,25
2019/1/14 22:40:00,wuhe_jiaxian,south,0,33
2019/1/14 22:45:00,wuhe_jiaxian,south,0,26
2019/1/14 22:50:00,wuhe_jiaxian,south,0,28
2019/1/14 22:55:00,wuhe_jiaxian,south,0,25
2019/1/14 23:00:00,wuhe_jiaxian,south,0,24
2019/1/14 23:05:00,wuhe_jiaxian,south,0,21
2019/1/14 23:10:00,wuhe_jiaxian,south,1,33
2019/1/14 23:15:00,wuhe_jiaxian,south,0,18
2019/1/14 23:20:00,wuhe_jiaxian,south,0,31
2019/1/14 23:25:00,wuhe_jiaxian,south,0,16
2019/1/14 23:30:00,wuhe_jiaxian,south,0,13
2019/1/14 23:35:00,wuhe_jiaxian,south,0,13
2019/1/14 23:40:00,wuhe_jiaxian,south,0,7
2019/1/14 23:45:00,wuhe_jiaxian,south,0,14
2019/1/14 23:50:00,wuhe_jiaxian,south,1,15
2019/1/14 23:55:00,wuhe_jiaxian,south,0,9
