2019/1/16 00:00:00,chongzhi_jiaxian,east,3,7
2019/1/16 00:05:00,chongzhi_jiaxian,east,0,7
2019/1/16 00:10:00,chongzhi_jiaxian,east,1,2
2019/1/16 00:15:00,chongzhi_jiaxian,east,4,9
2019/1/16 00:20:00,chongzhi_jiaxian,east,0,1
2019/1/16 00:25:00,chongzhi_jiaxian,east,1,1
2019/1/16 00:30:00,chongzhi_jiaxian,east,1,4
2019/1/16 00:35:00,chongzhi_jiaxian,east,1,3
2019/1/16 00:40:00,chongzhi_jiaxian,east,2,3
2019/1/16 00:45:00,chongzhi_jiaxian,east,3,3
2019/1/16 00:50:00,chongzhi_jiaxian,east,0,6
2019/1/16 00:55:00,chongzhi_jiaxian,east,2,2
2019/1/16 01:00:00,chongzhi_jiaxian,east,3,2
2019/1/16 01:05:00,chongzhi_jiaxian,east,0,1
2019/1/16 01:10:00,chongzhi_jiaxian,east,0,3
2019/1/16 01:15:00,chongzhi_jiaxian,east,0,3
2019/1/16 01:20:00,chongzhi_jiaxian,east,0,1
2019/1/16 01:25:00,chongzhi_jiaxian,east,1,2
2019/1/16 01:30:00,chongzhi_jiaxian,east,3,3
2019/1/16 01:35:00,chongzhi_jiaxian,east,0,2
2019/1/16 01:40:00,chongzhi_jiaxian,east,1,1
2019/1/16 01:45:00,chongzhi_jiaxian,east,1,3
2019/1/16 01:50:00,chongzhi_jiaxian,east,0,0
2019/1/16 01:55:00,chongzhi_jiaxian,east,2,0
2019/1/16 02:00:00,chongzhi_jiaxian,east,0,0
2019/1/16 02:05:00,chongzhi_jiaxian,east,0,1
2019/1/16 02:10:00,chongzhi_jiaxian,east,1,4
2019/1/16 02:15:00,chongzhi_jiaxian,east,1,2
2019/1/16 02:20:00,chongzhi_jiaxian,east,1,1
2019/1/16 02:25:00,chongzhi_jiaxian,east,1,2
2019/1/16 02:30:00,chongzhi_jiaxian,east,1,1
2019/1/16 02:35:00,chongzhi_jiaxian,east,0,1
2019/1/16 02:40:00,chongzhi_jiaxian,east,0,0
2019/1/16 02:45:00,chongzhi_jiaxian,east,1,2
2019/1/16 02:50:00,chongzhi_jiaxian,east,1,0
2019/1/16 02:55:00,chongzhi_jiaxian,east,0,3
2019/1/16 03:00:00,chongzhi_jiaxian,east,0,0
2019/1/16 03:05:00,chongzhi_jiaxian,east,0,0
2019/1/16 03:10:00,chongzhi_jiaxian,east,2,1
2019/1/16 03:15:00,chongzhi_jiaxian,east,0,0
2019/1/16 03:20:00,chongzhi_jiaxian,east,0,1
2019/1/16 03:25:00,chongzhi_jiaxian,east,0,0
2019/1/16 03:30:00,chongzhi_jiaxian,east,0,0
2019/1/16 03:35:00,chongzhi_jiaxian,east,0,1
2019/1/16 03:40:00,chongzhi_jiaxian,east,0,0
2019/1/16 03:45:00,chongzhi_jiaxian,east,1,2
2019/1/16 03:50:00,chongzhi_jiaxian,east,0,3
2019/1/16 03:55:00,chongzhi_jiaxian,east,0,1
2019/1/16 04:00:00,chongzhi_jiaxian,east,0,1
2019/1/16 04:05:00,chongzhi_jiaxian,east,0,0
2019/1/16 04:10:00,chongzhi_jiaxian,east,0,0
2019/1/16 04:15:00,chongzhi_jiaxian,east,1,0
2019/1/16 04:20:00,chongzhi_jiaxian,east,0,1
2019/1/16 04:25:00,chongzhi_jiaxian,east,0,0
2019/1/16 04:30:00,chongzhi_jiaxian,east,0,0
2019/1/16 04:35:00,chongzhi_jiaxian,east,0,0
2019/1/16 04:40:00,chongzhi_jiaxian,east,0,0
2019/1/16 04:45:00,chongzhi_jiaxian,east,1,0
2019/1/16 04:50:00,chongzhi_jiaxian,east,0,1
2019/1/16 04:55:00,chongzhi_jiaxian,east,1,0
2019/1/16 05:00:00,chongzhi_jiaxian,east,0,3
2019/1/16 05:05:00,chongzhi_jiaxian,east,0,1
2019/1/16 05:10:00,chongzhi_jiaxian,east,1,0
2019/1/16 05:15:00,chongzhi_jiaxian,east,2,1
2019/1/16 05:20:00,chongzhi_jiaxian,east,0,0
2019/1/16 05:25:00,chongzhi_jiaxian,east,0,0
2019/1/16 05:30:00,chongzhi_jiaxian,east,0,0
2019/1/16 05:35:00,chongzhi_jiaxian,east,1,0
2019/1/16 05:40:00,chongzhi_jiaxian,east,0,0
2019/1/16 05:45:00,chongzhi_jiaxian,east,0,0
2019/1/16 05:50:00,chongzhi_jiaxian,east,1,3
2019/1/16 05:55:00,chongzhi_jiaxian,east,0,1
2019/1/16 06:00:00,chongzhi_jiaxian,east,2,6
2019/1/16 06:05:00,chongzhi_jiaxian,east,1,3
2019/1/16 06:10:00,chongzhi_jiaxian,east,1,1
2019/1/16 06:15:00,chongzhi_jiaxian,east,1,4
2019/1/16 06:20:00,chongzhi_jiaxian,east,2,2
2019/1/16 06:25:00,chongzhi_jiaxian,east,3,3
2019/1/16 06:30:00,chongzhi_jiaxian,east,3,5
2019/1/16 06:35:00,chongzhi_jiaxian,east,5,3
2019/1/16 06:40:00,chongzhi_jiaxian,east,3,3
2019/1/16 06:45:00,chongzhi_jiaxian,east,2,6
2019/1/16 06:50:00,chongzhi_jiaxian,east,1,4
2019/1/16 06:55:00,chongzhi_jiaxian,east,3,5
2019/1/16 07:00:00,chongzhi_jiaxian,east,4,10
2019/1/16 07:05:00,chongzhi_jiaxian,east,3,6
2019/1/16 07:10:00,chongzhi_jiaxian,east,4,10
2019/1/16 07:15:00,chongzhi_jiaxian,east,5,9
2019/1/16 07:20:00,chongzhi_jiaxian,east,7,13
2019/1/16 07:25:00,chongzhi_jiaxian,east,6,12
2019/1/16 07:30:00,chongzhi_jiaxian,east,5,10
2019/1/16 07:35:00,chongzhi_jiaxian,east,8,14
2019/1/16 07:40:00,chongzhi_jiaxian,east,9,20
2019/1/16 07:45:00,chongzhi_jiaxian,east,6,14
2019/1/16 07:50:00,chongzhi_jiaxian,east,8,14
2019/1/16 07:55:00,chongzhi_jiaxian,east,9,23
2019/1/16 08:00:00,chongzhi_jiaxian,east,12,14
2019/1/16 08:05:00,chongzhi_jiaxian,east,18,25
2019/1/16 08:10:00,chongzhi_jiaxian,east,20,31
2019/1/16 08:15:00,chongzhi_jiaxian,east,13,20
2019/1/16 08:20:00,chongzhi_jiaxian,east,26,36
2019/1/16 08:25:00,chongzhi_jiaxian,east,13,24
2019/1/16 08:30:00,chongzhi_jiaxian,east,21,30
2019/1/16 08:35:00,chongzhi_jiaxian,east,17,28
2019/1/16 08:40:00,chongzhi_jiaxian,east,16,36
2019/1/16 08:45:00,chongzhi_jiaxian,east,13,18
2019/1/16 08:50:00,chongzhi_jiaxian,east,10,16
2019/1/16 08:55:00,chongzhi_jiaxian,east,21,21
2019/1/16 09:00:00,chongzhi_jiaxian,east,11,22
2019/1/16 09:05:00,chongzhi_jiaxian,east,10,24
2019/1/16 09:10:00,chongzhi_jiaxian,east,9,31
2019/1/16 09:15:00,chongzhi_jiaxian,east,10,12
2019/1/16 09:20:00,chongzhi_jiaxian,east,7,12
2019/1/16 09:25:00,chongzhi_jiaxian,east,10,17
2019/1/16 09:30:00,chongzhi_jiaxian,east,5,13
2019/1/16 09:35:00,chongzhi_jiaxian,east,11,13
2019/1/16 09:40:00,chongzhi_jiaxian,east,4,13
2019/1/16 09:45:00,chongzhi_jiaxian,east,7,21
2019/1/16 09:50:00,chongzhi_jiaxian,east,7,11
2019/1/16 09:55:00,chongzhi_jiaxian,east,3,9
2019/1/16 10:00:00,chongzhi_jiaxian,east,8,19
2019/1/16 10:05:00,chongzhi_jiaxian,east,6,13
2019/1/16 10:10:00,chongzhi_jiaxian,east,8,13
2019/1/16 10:15:00,chongzhi_jiaxian,east,6,6
2019/1/16 10:20:00,chongzhi_jiaxian,east,8,13
2019/1/16 10:25:00,chongzhi_jiaxian,east,10,12
2019/1/16 10:30:00,chongzhi_jiaxian,east,5,9
2019/1/16 10:35:00,chongzhi_jiaxian,east,6,15
2019/1/16 10:40:00,chongzhi_jiaxian,east,13,12
2019/1/16 10:45:00,chongzhi_jiaxian,east,10,15
2019/1/16 10:50:00,chongzhi_jiaxian,east,10,17
2019/1/16 10:55:00,chongzhi_jiaxian,east,7,12
2019/1/16 11:00:00,chongzhi_jiaxian,east,10,14
2019/1/16 11:05:00,chongzhi_jiaxian,east,7,20
2019/1/16 11:10:00,chongzhi_jiaxian,east,8,7
2019/1/16 11:15:00,chongzhi_jiaxian,east,10,21
2019/1/16 11:20:00,chongzhi_jiaxian,east,6,14
2019/1/16 11:25:00,chongzhi_jiaxian,east,11,10
2019/1/16 11:30:00,chongzhi_jiaxian,east,10,13
2019/1/16 11:35:00,chongzhi_jiaxian,east,5,14
2019/1/16 11:40:00,chongzhi_jiaxian,east,6,10
2019/1/16 11:45:00,chongzhi_jiaxian,east,10,11
2019/1/16 11:50:00,chongzhi_jiaxian,east,8,19
2019/1/16 11:55:00,chongzhi_jiaxian,east,6,9
2019/1/16 12:00:00,chongzhi_jiaxian,east,8,18
2019/1/16 12:05:00,chongzhi_jiaxian,east,14,17
2019/1/16 12:10:00,chongzhi_jiaxian,east,13,17
2019/1/16 12:15:00,chongzhi_jiaxian,east,11,7
2019/1/16 12:20:00,chongzhi_jiaxian,east,15,20
2019/1/16 12:25:00,chongzhi_jiaxian,east,9,12
2019/1/16 12:30:00,chongzhi_jiaxian,east,11,11
2019/1/16 12:35:00,chongzhi_jiaxian,east,2,9
2019/1/16 12:40:00,chongzhi_jiaxian,east,6,8
2019/1/16 12:45:00,chongzhi_jiaxian,east,7,11
2019/1/16 12:50:00,chongzhi_jiaxian,east,9,9
2019/1/16 12:55:00,chongzhi_jiaxian,east,4,6
2019/1/16 13:00:00,chongzhi_jiaxian,east,6,15
2019/1/16 13:05:00,chongzhi_jiaxian,east,13,13
2019/1/16 13:10:00,chongzhi_jiaxian,east,2,10
2019/1/16 13:15:00,chongzhi_jiaxian,east,4,7
2019/1/16 13:20:00,chongzhi_jiaxian,east,10,21
2019/1/16 13:25:00,chongzhi_jiaxian,east,14,19
2019/1/16 13:30:00,chongzhi_jiaxian,east,8,15
2019/1/16 13:35:00,chongzhi_jiaxian,east,9,11
2019/1/16 13:40:00,chongzhi_jiaxian,east,14,18
2019/1/16 13:45:00,chongzhi_jiaxian,east,9,23
2019/1/16 13:50:00,chongzhi_jiaxian,east,9,22
2019/1/16 13:55:00,chongzhi_jiaxian,east,11,18
2019/1/16 14:00:00,chongzhi_jiaxian,east,8,14
2019/1/16 14:05:00,chongzhi_jiaxian,east,4,11
2019/1/16 14:10:00,chongzhi_jiaxian,east,7,14
2019/1/16 14:15:00,chongzhi_jiaxian,east,4,17
2019/1/16 14:20:00,chongzhi_jiaxian,east,7,7
2019/1/16 14:25:00,chongzhi_jiaxian,east,32,34
2019/1/16 14:30:00,chongzhi_jiaxian,east,5,8
2019/1/16 14:35:00,chongzhi_jiaxian,east,8,14
2019/1/16 14:40:00,chongzhi_jiaxian,east,4,13
2019/1/16 14:45:00,chongzhi_jiaxian,east,8,17
2019/1/16 14:50:00,chongzhi_jiaxian,east,9,8
2019/1/16 14:55:00,chongzhi_jiaxian,east,4,14
2019/1/16 15:00:00,chongzhi_jiaxian,east,10,12
2019/1/16 15:05:00,chongzhi_jiaxian,east,9,9
2019/1/16 15:10:00,chongzhi_jiaxian,east,6,8
2019/1/16 15:15:00,chongzhi_jiaxian,east,11,14
2019/1/16 15:20:00,chongzhi_jiaxian,east,7,15
2019/1/16 15:25:00,chongzhi_jiaxian,east,15,12
2019/1/16 15:30:00,chongzhi_jiaxian,east,11,15
2019/1/16 15:35:00,chongzhi_jiaxian,east,5,14
2019/1/16 15:40:00,chongzhi_jiaxian,east,9,18
2019/1/16 15:45:00,chongzhi_jiaxian,east,10,12
2019/1/16 15:50:00,chongzhi_jiaxian,east,9,12
2019/1/16 15:55:00,chongzhi_jiaxian,east,16,16
2019/1/16 16:00:00,chongzhi_jiaxian,east,7,13
2019/1/16 16:05:00,chongzhi_jiaxian,east,4,10
2019/1/16 16:10:00,chongzhi_jiaxian,east,18,14
2019/1/16 16:15:00,chongzhi_jiaxian,east,6,10
2019/1/16 16:20:00,chongzhi_jiaxian,east,11,18
2019/1/16 16:25:00,chongzhi_jiaxian,east,11,15
2019/1/16 16:30:00,chongzhi_jiaxian,east,5,6
2019/1/16 16:35:00,chongzhi_jiaxian,east,8,13
2019/1/16 16:40:00,chongzhi_jiaxian,east,7,9
2019/1/16 16:45:00,chongzhi_jiaxian,east,13,18
2019/1/16 16:50:00,chongzhi_jiaxian,east,5,14
2019/1/16 16:55:00,chongzhi_jiaxian,east,5,9
2019/1/16 17:00:00,chongzhi_jiaxian,east,12,15
2019/1/16 17:05:00,chongzhi_jiaxian,east,5,11
2019/1/16 17:10:00,chongzhi_jiaxian,east,10,14
2019/1/16 17:15:00,chongzhi_jiaxian,east,8,15
2019/1/16 17:20:00,chongzhi_jiaxian,east,16,18
2019/1/16 17:25:00,chongzhi_jiaxian,east,5,8
2019/1/16 17:30:00,chongzhi_jiaxian,east,5,14
2019/1/16 17:35:00,chongzhi_jiaxian,east,7,15
2019/1/16 17:40:00,chongzhi_jiaxian,east,12,11
2019/1/16 17:45:00,chongzhi_jiaxian,east,7,13
2019/1/16 17:50:00,chongzhi_jiaxian,east,12,15
2019/1/16 17:55:00,chongzhi_jiaxian,east,11,9
2019/1/16 18:00:00,chongzhi_jiaxian,east,16,18
2019/1/16 18:05:00,chongzhi_jiaxian,east,10,17
2019/1/16 18:10:00,chongzhi_jiaxian,east,8,12
2019/1/16 18:15:00,chongzhi_jiaxian,east,5,5
2019/1/16 18:20:00,chongzhi_jiaxian,east,18,15
2019/1/16 18:25:00,chongzhi_jiaxian,east,12,8
2019/1/16 18:30:00,chongzhi_jiaxian,east,11,14
2019/1/16 18:35:00,chongzhi_jiaxian,east,12,10
2019/1/16 18:40:00,chongzhi_jiaxian,east,18,22
2019/1/16 18:45:00,chongzhi_jiaxian,east,13,17
2019/1/16 18:50:00,chongzhi_jiaxian,east,18,18
2019/1/16 18:55:00,chongzhi_jiaxian,east,13,13
2019/1/16 19:00:00,chongzhi_jiaxian,east,11,16
2019/1/16 19:05:00,chongzhi_jiaxian,east,8,8
2019/1/16 19:10:00,chongzhi_jiaxian,east,8,4
2019/1/16 19:15:00,chongzhi_jiaxian,east,8,16
2019/1/16 19:20:00,chongzhi_jiaxian,east,8,13
2019/1/16 19:25:00,chongzhi_jiaxian,east,10,9
2019/1/16 19:30:00,chongzhi_jiaxian,east,7,10
2019/1/16 19:35:00,chongzhi_jiaxian,east,6,12
2019/1/16 19:40:00,chongzhi_jiaxian,east,7,16
2019/1/16 19:45:00,chongzhi_jiaxian,east,9,3
2019/1/16 19:50:00,chongzhi_jiaxian,east,5,10
2019/1/16 19:55:00,chongzhi_jiaxian,east,13,6
2019/1/16 20:00:00,chongzhi_jiaxian,east,6,9
2019/1/16 20:05:00,chongzhi_jiaxian,east,9,13
2019/1/16 20:10:00,chongzhi_jiaxian,east,6,7
2019/1/16 20:15:00,chongzhi_jiaxian,east,5,9
2019/1/16 20:20:00,chongzhi_jiaxian,east,4,16
2019/1/16 20:25:00,chongzhi_jiaxian,east,12,13
2019/1/16 20:30:00,chongzhi_jiaxian,east,10,8
2019/1/16 20:35:00,chongzhi_jiaxian,east,8,12
2019/1/16 20:40:00,chongzhi_jiaxian,east,10,6
2019/1/16 20:45:00,chongzhi_jiaxian,east,11,8
2019/1/16 20:50:00,chongzhi_jiaxian,east,8,10
2019/1/16 20:55:00,chongzhi_jiaxian,east,7,10
2019/1/16 21:00:00,chongzhi_jiaxian,east,6,14
2019/1/16 21:05:00,chongzhi_jiaxian,east,10,8
2019/1/16 21:10:00,chongzhi_jiaxian,east,9,10
2019/1/16 21:15:00,chongzhi_jiaxian,east,4,10
2019/1/16 21:20:00,chongzhi_jiaxian,east,8,8
2019/1/16 21:25:00,chongzhi_jiaxian,east,8,8
2019/1/16 21:30:00,chongzhi_jiaxian,east,6,18
2019/1/16 21:35:00,chongzhi_jiaxian,east,6,8
2019/1/16 21:40:00,chongzhi_jiaxian,east,7,9
2019/1/16 21:45:00,chongzhi_jiaxian,east,8,17
2019/1/16 21:50:00,chongzhi_jiaxian,east,6,13
2019/1/16 21:55:00,chongzhi_jiaxian,east,10,17
2019/1/16 22:00:00,chongzhi_jiaxian,east,4,8
2019/1/16 22:05:00,chongzhi_jiaxian,east,6,12
2019/1/16 22:10:00,chongzhi_jiaxian,east,8,16
2019/1/16 22:15:00,chongzhi_jiaxian,east,12,12
2019/1/16 22:20:00,chongzhi_jiaxian,east,4,8
2019/1/16 22:25:00,chongzhi_jiaxian,east,10,11
2019/1/16 22:30:00,chongzhi_jiaxian,east,14,13
2019/1/16 22:35:00,chongzhi_jiaxian,east,10,9
2019/1/16 22:40:00,chongzhi_jiaxian,east,4,12
2019/1/16 22:45:00,chongzhi_jiaxian,east,7,6
2019/1/16 22:50:00,chongzhi_jiaxian,east,5,14
2019/1/16 22:55:00,chongzhi_jiaxian,east,3,7
2019/1/16 23:00:00,chongzhi_jiaxian,east,3,7
2019/1/16 23:05:00,chongzhi_jiaxian,east,4,6
2019/1/16 23:10:00,chongzhi_jiaxian,east,8,15
2019/1/16 23:15:00,chongzhi_jiaxian,east,2,4
2019/1/16 23:20:00,chongzhi_jiaxian,east,3,8
2019/1/16 23:25:00,chongzhi_jiaxian,east,4,11
2019/1/16 23:30:00,chongzhi_jiaxian,east,5,13
2019/1/16 23:35:00,chongzhi_jiaxian,east,1,6
2019/1/16 23:40:00,chongzhi_jiaxian,east,5,10
2019/1/16 23:45:00,chongzhi_jiaxian,east,5,5
2019/1/16 23:50:00,chongzhi_jiaxian,east,3,5
2019/1/16 23:55:00,chongzhi_jiaxian,east,5,8
