2019/1/16 00:00:00,chongzhi_beier,east,7,18
2019/1/16 00:05:00,chongzhi_beier,east,5,21
2019/1/16 00:10:00,chongzhi_beier,east,5,20
2019/1/16 00:15:00,chongzhi_beier,east,7,11
2019/1/16 00:20:00,chongzhi_beier,east,2,17
2019/1/16 00:25:00,chongzhi_beier,east,4,20
2019/1/16 00:30:00,chongzhi_beier,east,6,14
2019/1/16 00:35:00,chongzhi_beier,east,2,14
2019/1/16 00:40:00,chongzhi_beier,east,3,15
2019/1/16 00:45:00,chongzhi_beier,east,4,16
2019/1/16 00:50:00,chongzhi_beier,east,8,12
2019/1/16 00:55:00,chongzhi_beier,east,3,14
2019/1/16 01:00:00,chongzhi_beier,east,2,6
2019/1/16 01:05:00,chongzhi_beier,east,2,6
2019/1/16 01:10:00,chongzhi_beier,east,3,9
2019/1/16 01:15:00,chongzhi_beier,east,3,13
2019/1/16 01:20:00,chongzhi_beier,east,2,3
2019/1/16 01:25:00,chongzhi_beier,east,2,7
2019/1/16 01:30:00,chongzhi_beier,east,5,15
2019/1/16 01:35:00,chongzhi_beier,east,3,4
2019/1/16 01:40:00,chongzhi_beier,east,1,10
2019/1/16 01:45:00,chongzhi_beier,east,2,5
2019/1/16 01:50:00,chongzhi_beier,east,3,7
2019/1/16 01:55:00,chongzhi_beier,east,0,5
2019/1/16 02:00:00,chongzhi_beier,east,3,2
2019/1/16 02:05:00,chongzhi_beier,east,2,6
2019/1/16 02:10:00,chongzhi_beier,east,3,7
2019/1/16 02:15:00,chongzhi_beier,east,5,12
2019/1/16 02:20:00,chongzhi_beier,east,2,3
2019/1/16 02:25:00,chongzhi_beier,east,1,3
2019/1/16 02:30:00,chongzhi_beier,east,1,4
2019/1/16 02:35:00,chongzhi_beier,east,0,4
2019/1/16 02:40:00,chongzhi_beier,east,0,4
2019/1/16 02:45:00,chongzhi_beier,east,2,7
2019/1/16 02:50:00,chongzhi_beier,east,0,3
2019/1/16 02:55:00,chongzhi_beier,east,1,10
2019/1/16 03:00:00,chongzhi_beier,east,4,8
2019/1/16 03:05:00,chongzhi_beier,east,1,8
2019/1/16 03:10:00,chongzhi_beier,east,1,10
2019/1/16 03:15:00,chongzhi_beier,east,1,9
2019/1/16 03:20:00,chongzhi_beier,east,4,4
2019/1/16 03:25:00,chongzhi_beier,east,1,6
2019/1/16 03:30:00,chongzhi_beier,east,0,5
2019/1/16 03:35:00,chongzhi_beier,east,1,7
2019/1/16 03:40:00,chongzhi_beier,east,1,3
2019/1/16 03:45:00,chongzhi_beier,east,1,1
2019/1/16 03:50:00,chongzhi_beier,east,0,6
2019/1/16 03:55:00,chongzhi_beier,east,0,4
2019/1/16 04:00:00,chongzhi_beier,east,0,4
2019/1/16 04:05:00,chongzhi_beier,east,2,3
2019/1/16 04:10:00,chongzhi_beier,east,1,1
2019/1/16 04:15:00,chongzhi_beier,east,2,5
2019/1/16 04:20:00,chongzhi_beier,east,0,4
2019/1/16 04:25:00,chongzhi_beier,east,1,6
2019/1/16 04:30:00,chongzhi_beier,east,1,7
2019/1/16 04:35:00,chongzhi_beier,east,0,3
2019/1/16 04:40:00,chongzhi_beier,east,1,0
2019/1/16 04:45:00,chongzhi_beier,east,0,2
2019/1/16 04:50:00,chongzhi_beier,east,1,6
2019/1/16 04:55:00,chongzhi_beier,east,0,5
2019/1/16 05:00:00,chongzhi_beier,east,1,4
2019/1/16 05:05:00,chongzhi_beier,east,3,6
2019/1/16 05:10:00,chongzhi_beier,east,1,3
2019/1/16 05:15:00,chongzhi_beier,east,1,4
2019/1/16 05:20:00,chongzhi_beier,east,2,11
2019/1/16 05:25:00,chongzhi_beier,east,2,2
2019/1/16 05:30:00,chongzhi_beier,east,1,12
2019/1/16 05:35:00,chongzhi_beier,east,2,5
2019/1/16 05:40:00,chongzhi_beier,east,5,17
2019/1/16 05:45:00,chongzhi_beier,east,0,4
2019/1/16 05:50:00,chongzhi_beier,east,2,6
2019/1/16 05:55:00,chongzhi_beier,east,0,13
2019/1/16 06:00:00,chongzhi_beier,east,1,18
2019/1/16 06:05:00,chongzhi_beier,east,0,11
2019/1/16 06:10:00,chongzhi_beier,east,1,27
2019/1/16 06:15:00,chongzhi_beier,east,2,13
2019/1/16 06:20:00,chongzhi_beier,east,1,16
2019/1/16 06:25:00,chongzhi_beier,east,5,15
2019/1/16 06:30:00,chongzhi_beier,east,3,18
2019/1/16 06:35:00,chongzhi_beier,east,0,25
2019/1/16 06:40:00,chongzhi_beier,east,2,41
2019/1/16 06:45:00,chongzhi_beier,east,1,16
2019/1/16 06:50:00,chongzhi_beier,east,0,48
2019/1/16 06:55:00,chongzhi_beier,east,4,35
2019/1/16 07:00:00,chongzhi_beier,east,2,25
2019/1/16 07:05:00,chongzhi_beier,east,2,42
2019/1/16 07:10:00,chongzhi_beier,east,4,35
2019/1/16 07:15:00,chongzhi_beier,east,3,47
2019/1/16 07:20:00,chongzhi_beier,east,1,43
2019/1/16 07:25:00,chongzhi_beier,east,3,43
2019/1/16 07:30:00,chongzhi_beier,east,3,51
2019/1/16 07:35:00,chongzhi_beier,east,4,63
2019/1/16 07:40:00,chongzhi_beier,east,5,46
2019/1/16 07:45:00,chongzhi_beier,east,7,53
2019/1/16 07:50:00,chongzhi_beier,east,11,60
2019/1/16 07:55:00,chongzhi_beier,east,5,61
2019/1/16 08:00:00,chongzhi_beier,east,4,57
2019/1/16 08:05:00,chongzhi_beier,east,10,55
2019/1/16 08:10:00,chongzhi_beier,east,11,72
2019/1/16 08:15:00,chongzhi_beier,east,6,88
2019/1/16 08:20:00,chongzhi_beier,east,16,89
2019/1/16 08:25:00,chongzhi_beier,east,7,104
2019/1/16 08:30:00,chongzhi_beier,east,7,45
2019/1/16 08:35:00,chongzhi_beier,east,5,61
2019/1/16 08:40:00,chongzhi_beier,east,14,86
2019/1/16 08:45:00,chongzhi_beier,east,14,74
2019/1/16 08:50:00,chongzhi_beier,east,15,63
2019/1/16 08:55:00,chongzhi_beier,east,6,76
2019/1/16 09:00:00,chongzhi_beier,east,11,45
2019/1/16 09:05:00,chongzhi_beier,east,8,81
2019/1/16 09:10:00,chongzhi_beier,east,14,69
2019/1/16 09:15:00,chongzhi_beier,east,11,37
2019/1/16 09:20:00,chongzhi_beier,east,10,70
2019/1/16 09:25:00,chongzhi_beier,east,6,42
2019/1/16 09:30:00,chongzhi_beier,east,17,45
2019/1/16 09:35:00,chongzhi_beier,east,7,81
2019/1/16 09:40:00,chongzhi_beier,east,11,59
2019/1/16 09:45:00,chongzhi_beier,east,11,85
2019/1/16 09:50:00,chongzhi_beier,east,8,60
2019/1/16 09:55:00,chongzhi_beier,east,6,53
2019/1/16 10:00:00,chongzhi_beier,east,9,59
2019/1/16 10:05:00,chongzhi_beier,east,14,54
2019/1/16 10:10:00,chongzhi_beier,east,9,41
2019/1/16 10:15:00,chongzhi_beier,east,4,59
2019/1/16 10:20:00,chongzhi_beier,east,13,58
2019/1/16 10:25:00,chongzhi_beier,east,7,38
2019/1/16 10:30:00,chongzhi_beier,east,8,56
2019/1/16 10:35:00,chongzhi_beier,east,7,55
2019/1/16 10:40:00,chongzhi_beier,east,10,52
2019/1/16 10:45:00,chongzhi_beier,east,5,46
2019/1/16 10:50:00,chongzhi_beier,east,8,52
2019/1/16 10:55:00,chongzhi_beier,east,7,61
2019/1/16 11:00:00,chongzhi_beier,east,12,78
2019/1/16 11:05:00,chongzhi_beier,east,5,56
2019/1/16 11:10:00,chongzhi_beier,east,4,60
2019/1/16 11:15:00,chongzhi_beier,east,8,54
2019/1/16 11:20:00,chongzhi_beier,east,3,50
2019/1/16 11:25:00,chongzhi_beier,east,16,66
2019/1/16 11:30:00,chongzhi_beier,east,6,44
2019/1/16 11:35:00,chongzhi_beier,east,10,48
2019/1/16 11:40:00,chongzhi_beier,east,7,51
2019/1/16 11:45:00,chongzhi_beier,east,6,40
2019/1/16 11:50:00,chongzhi_beier,east,20,73
2019/1/16 11:55:00,chongzhi_beier,east,3,37
2019/1/16 12:00:00,chongzhi_beier,east,3,45
2019/1/16 12:05:00,chongzhi_beier,east,6,56
2019/1/16 12:10:00,chongzhi_beier,east,8,33
2019/1/16 12:15:00,chongzhi_beier,east,11,62
2019/1/16 12:20:00,chongzhi_beier,east,15,42
2019/1/16 12:25:00,chongzhi_beier,east,10,38
2019/1/16 12:30:00,chongzhi_beier,east,11,45
2019/1/16 12:35:00,chongzhi_beier,east,10,63
2019/1/16 12:40:00,chongzhi_beier,east,10,48
2019/1/16 12:45:00,chongzhi_beier,east,7,41
2019/1/16 12:50:00,chongzhi_beier,east,3,43
2019/1/16 12:55:00,chongzhi_beier,east,8,55
2019/1/16 13:00:00,chongzhi_beier,east,8,47
2019/1/16 13:05:00,chongzhi_beier,east,3,50
2019/1/16 13:10:00,chongzhi_beier,east,7,51
2019/1/16 13:15:00,chongzhi_beier,east,5,47
2019/1/16 13:20:00,chongzhi_beier,east,9,76
2019/1/16 13:25:00,chongzhi_beier,east,5,48
2019/1/16 13:30:00,chongzhi_beier,east,5,61
2019/1/16 13:35:00,chongzhi_beier,east,8,54
2019/1/16 13:40:00,chongzhi_beier,east,13,45
2019/1/16 13:45:00,chongzhi_beier,east,10,76
2019/1/16 13:50:00,chongzhi_beier,east,10,35
2019/1/16 13:55:00,chongzhi_beier,east,4,65
2019/1/16 14:00:00,chongzhi_beier,east,10,57
2019/1/16 14:05:00,chongzhi_beier,east,7,73
2019/1/16 14:10:00,chongzhi_beier,east,14,79
2019/1/16 14:15:00,chongzhi_beier,east,11,65
2019/1/16 14:20:00,chongzhi_beier,east,11,49
2019/1/16 14:25:00,chongzhi_beier,east,18,88
2019/1/16 14:30:00,chongzhi_beier,east,10,67
2019/1/16 14:35:00,chongzhi_beier,east,7,67
2019/1/16 14:40:00,chongzhi_beier,east,11,51
2019/1/16 14:45:00,chongzhi_beier,east,18,40
2019/1/16 14:50:00,chongzhi_beier,east,5,45
2019/1/16 14:55:00,chongzhi_beier,east,9,52
2019/1/16 15:00:00,chongzhi_beier,east,9,74
2019/1/16 15:05:00,chongzhi_beier,east,8,57
2019/1/16 15:10:00,chongzhi_beier,east,18,70
2019/1/16 15:15:00,chongzhi_beier,east,6,58
2019/1/16 15:20:00,chongzhi_beier,east,9,52
2019/1/16 15:25:00,chongzhi_beier,east,11,65
2019/1/16 15:30:00,chongzhi_beier,east,12,76
2019/1/16 15:35:00,chongzhi_beier,east,15,56
2019/1/16 15:40:00,chongzhi_beier,east,11,62
2019/1/16 15:45:00,chongzhi_beier,east,8,54
2019/1/16 15:50:00,chongzhi_beier,east,8,63
2019/1/16 15:55:00,chongzhi_beier,east,9,65
2019/1/16 16:00:00,chongzhi_beier,east,10,65
2019/1/16 16:05:00,chongzhi_beier,east,4,66
2019/1/16 16:10:00,chongzhi_beier,east,9,64
2019/1/16 16:15:00,chongzhi_beier,east,6,55
2019/1/16 16:20:00,chongzhi_beier,east,14,34
2019/1/16 16:25:00,chongzhi_beier,east,13,65
2019/1/16 16:30:00,chongzhi_beier,east,9,75
2019/1/16 16:35:00,chongzhi_beier,east,9,71
2019/1/16 16:40:00,chongzhi_beier,east,9,72
2019/1/16 16:45:00,chongzhi_beier,east,8,51
2019/1/16 16:50:00,chongzhi_beier,east,11,48
2019/1/16 16:55:00,chongzhi_beier,east,12,63
2019/1/16 17:00:00,chongzhi_beier,east,14,63
2019/1/16 17:05:00,chongzhi_beier,east,10,62
2019/1/16 17:10:00,chongzhi_beier,east,13,77
2019/1/16 17:15:00,chongzhi_beier,east,9,45
2019/1/16 17:20:00,chongzhi_beier,east,12,72
2019/1/16 17:25:00,chongzhi_beier,east,16,55
2019/1/16 17:30:00,chongzhi_beier,east,9,55
2019/1/16 17:35:00,chongzhi_beier,east,9,34
2019/1/16 17:40:00,chongzhi_beier,east,10,53
2019/1/16 17:45:00,chongzhi_beier,east,3,58
2019/1/16 17:50:00,chongzhi_beier,east,6,41
2019/1/16 17:55:00,chongzhi_beier,east,7,45
2019/1/16 18:00:00,chongzhi_beier,east,10,53
2019/1/16 18:05:00,chongzhi_beier,east,17,56
2019/1/16 18:10:00,chongzhi_beier,east,7,50
2019/1/16 18:15:00,chongzhi_beier,east,13,41
2019/1/16 18:20:00,chongzhi_beier,east,10,62
2019/1/16 18:25:00,chongzhi_beier,east,5,36
2019/1/16 18:30:00,chongzhi_beier,east,10,63
2019/1/16 18:35:00,chongzhi_beier,east,9,58
2019/1/16 18:40:00,chongzhi_beier,east,4,25
2019/1/16 18:45:00,chongzhi_beier,east,12,47
2019/1/16 18:50:00,chongzhi_beier,east,11,50
2019/1/16 18:55:00,chongzhi_beier,east,2,23
2019/1/16 19:00:00,chongzhi_beier,east,16,69
2019/1/16 19:05:00,chongzhi_beier,east,11,60
2019/1/16 19:10:00,chongzhi_beier,east,7,34
2019/1/16 19:15:00,chongzhi_beier,east,10,48
2019/1/16 19:20:00,chongzhi_beier,east,7,56
2019/1/16 19:25:00,chongzhi_beier,east,5,42
2019/1/16 19:30:00,chongzhi_beier,east,12,39
2019/1/16 19:35:00,chongzhi_beier,east,12,57
2019/1/16 19:40:00,chongzhi_beier,east,9,56
2019/1/16 19:45:00,chongzhi_beier,east,8,49
2019/1/16 19:50:00,chongzhi_beier,east,7,58
2019/1/16 19:55:00,chongzhi_beier,east,9,39
2019/1/16 20:00:00,chongzhi_beier,east,7,37
2019/1/16 20:05:00,chongzhi_beier,east,10,57
2019/1/16 20:10:00,chongzhi_beier,east,6,41
2019/1/16 20:15:00,chongzhi_beier,east,9,56
2019/1/16 20:20:00,chongzhi_beier,east,9,31
2019/1/16 20:25:00,chongzhi_beier,east,12,38
2019/1/16 20:30:00,chongzhi_beier,east,7,36
2019/1/16 20:35:00,chongzhi_beier,east,11,32
2019/1/16 20:40:00,chongzhi_beier,east,7,37
2019/1/16 20:45:00,chongzhi_beier,east,8,37
2019/1/16 20:50:00,chongzhi_beier,east,12,54
2019/1/16 20:55:00,chongzhi_beier,east,5,28
2019/1/16 21:00:00,chongzhi_beier,east,8,59
2019/1/16 21:05:00,chongzhi_beier,east,4,35
2019/1/16 21:10:00,chongzhi_beier,east,10,47
2019/1/16 21:15:00,chongzhi_beier,east,4,28
2019/1/16 21:20:00,chongzhi_beier,east,13,61
2019/1/16 21:25:00,chongzhi_beier,east,5,33
2019/1/16 21:30:00,chongzhi_beier,east,12,35
2019/1/16 21:35:00,chongzhi_beier,east,10,36
2019/1/16 21:40:00,chongzhi_beier,east,2,31
2019/1/16 21:45:00,chongzhi_beier,east,7,40
2019/1/16 21:50:00,chongzhi_beier,east,5,35
2019/1/16 21:55:00,chongzhi_beier,east,7,44
2019/1/16 22:00:00,chongzhi_beier,east,10,29
2019/1/16 22:05:00,chongzhi_beier,east,8,35
2019/1/16 22:10:00,chongzhi_beier,east,10,26
2019/1/16 22:15:00,chongzhi_beier,east,8,28
2019/1/16 22:20:00,chongzhi_beier,east,7,30
2019/1/16 22:25:00,chongzhi_beier,east,5,33
2019/1/16 22:30:00,chongzhi_beier,east,13,32
2019/1/16 22:35:00,chongzhi_beier,east,9,26
2019/1/16 22:40:00,chongzhi_beier,east,6,28
2019/1/16 22:45:00,chongzhi_beier,east,8,32
2019/1/16 22:50:00,chongzhi_beier,east,5,36
2019/1/16 22:55:00,chongzhi_beier,east,9,27
2019/1/16 23:00:00,chongzhi_beier,east,9,26
2019/1/16 23:05:00,chongzhi_beier,east,10,25
2019/1/16 23:10:00,chongzhi_beier,east,8,30
2019/1/16 23:15:00,chongzhi_beier,east,4,28
2019/1/16 23:20:00,chongzhi_beier,east,5,25
2019/1/16 23:25:00,chongzhi_beier,east,6,25
2019/1/16 23:30:00,chongzhi_beier,east,3,15
2019/1/16 23:35:00,chongzhi_beier,east,10,24
2019/1/16 23:40:00,chongzhi_beier,east,2,23
2019/1/16 23:45:00,chongzhi_beier,east,7,21
2019/1/16 23:50:00,chongzhi_beier,east,7,29
2019/1/16 23:55:00,chongzhi_beier,east,7,15
