2019/1/16 00:00:00,wuhe_jiaxian,north,3,14
2019/1/16 00:05:00,wuhe_jiaxian,north,2,8
2019/1/16 00:10:00,wuhe_jiaxian,north,5,15
2019/1/16 00:15:00,wuhe_jiaxian,north,4,13
2019/1/16 00:20:00,wuhe_jiaxian,north,3,19
2019/1/16 00:25:00,wuhe_jiaxian,north,2,16
2019/1/16 00:30:00,wuhe_jiaxian,north,1,17
2019/1/16 00:35:00,wuhe_jiaxian,north,0,15
2019/1/16 00:40:00,wuhe_jiaxian,north,1,16
2019/1/16 00:45:00,wuhe_jiaxian,north,0,17
2019/1/16 00:50:00,wuhe_jiaxian,north,3,14
2019/1/16 00:55:00,wuhe_jiaxian,north,0,9
2019/1/16 01:00:00,wuhe_jiaxian,north,2,15
2019/1/16 01:05:00,wuhe_jiaxian,north,0,5
2019/1/16 01:10:00,wuhe_jiaxian,north,4,9
2019/1/16 01:15:00,wuhe_jiaxian,north,1,10
2019/1/16 01:20:00,wuhe_jiaxian,north,0,8
2019/1/16 01:25:00,wuhe_jiaxian,north,0,8
2019/1/16 01:30:00,wuhe_jiaxian,north,2,7
2019/1/16 01:35:00,wuhe_jiaxian,north,0,9
2019/1/16 01:40:00,wuhe_jiaxian,north,0,6
2019/1/16 01:45:00,wuhe_jiaxian,north,0,9
2019/1/16 01:50:00,wuhe_jiaxian,north,0,6
2019/1/16 01:55:00,wuhe_jiaxian,north,0,8
2019/1/16 02:00:00,wuhe_jiaxian,north,0,2
2019/1/16 02:05:00,wuhe_jiaxian,north,2,4
2019/1/16 02:10:00,wuhe_jiaxian,north,3,6
2019/1/16 02:15:00,wuhe_jiaxian,north,0,2
2019/1/16 02:20:00,wuhe_jiaxian,north,0,6
2019/1/16 02:25:00,wuhe_jiaxian,north,2,3
2019/1/16 02:30:00,wuhe_jiaxian,north,0,9
2019/1/16 02:35:00,wuhe_jiaxian,north,0,6
2019/1/16 02:40:00,wuhe_jiaxian,north,3,6
2019/1/16 02:45:00,wuhe_jiaxian,north,2,5
2019/1/16 02:50:00,wuhe_jiaxian,north,0,4
2019/1/16 02:55:00,wuhe_jiaxian,north,0,5
2019/1/16 03:00:00,wuhe_jiaxian,north,0,3
2019/1/16 03:05:00,wuhe_jiaxian,north,1,3
2019/1/16 03:10:00,wuhe_jiaxian,north,0,2
2019/1/16 03:15:00,wuhe_jiaxian,north,2,1
2019/1/16 03:20:00,wuhe_jiaxian,north,0,4
2019/1/16 03:25:00,wuhe_jiaxian,north,0,3
2019/1/16 03:30:00,wuhe_jiaxian,north,0,1
2019/1/16 03:35:00,wuhe_jiaxian,north,1,2
2019/1/16 03:40:00,wuhe_jiaxian,north,0,3
2019/1/16 03:45:00,wuhe_jiaxian,north,0,6
2019/1/16 03:50:00,wuhe_jiaxian,north,0,8
2019/1/16 03:55:00,wuhe_jiaxian,north,1,0
2019/1/16 04:00:00,wuhe_jiaxian,north,0,3
2019/1/16 04:05:00,wuhe_jiaxian,north,0,2
2019/1/16 04:10:00,wuhe_jiaxian,north,0,2
2019/1/16 04:15:00,wuhe_jiaxian,north,2,3
2019/1/16 04:20:00,wuhe_jiaxian,north,0,2
2019/1/16 04:25:00,wuhe_jiaxian,north,0,4
2019/1/16 04:30:00,wuhe_jiaxian,north,1,0
2019/1/16 04:35:00,wuhe_jiaxian,north,0,0
2019/1/16 04:40:00,wuhe_jiaxian,north,0,6
2019/1/16 04:45:00,wuhe_jiaxian,north,0,3
2019/1/16 04:50:00,wuhe_jiaxian,north,0,3
2019/1/16 04:55:00,wuhe_jiaxian,north,0,1
2019/1/16 05:00:00,wuhe_jiaxian,north,1,3
2019/1/16 05:05:00,wuhe_jiaxian,north,0,5
2019/1/16 05:10:00,wuhe_jiaxian,north,0,2
2019/1/16 05:15:00,wuhe_jiaxian,north,0,5
2019/1/16 05:20:00,wuhe_jiaxian,north,0,1
2019/1/16 05:25:00,wuhe_jiaxian,north,0,1
2019/1/16 05:30:00,wuhe_jiaxian,north,0,5
2019/1/16 05:35:00,wuhe_jiaxian,north,1,3
2019/1/16 05:40:00,wuhe_jiaxian,north,0,4
2019/1/16 05:45:00,wuhe_jiaxian,north,0,5
2019/1/16 05:50:00,wuhe_jiaxian,north,1,5
2019/1/16 05:55:00,wuhe_jiaxian,north,0,5
2019/1/16 06:00:00,wuhe_jiaxian,north,1,5
2019/1/16 06:05:00,wuhe_jiaxian,north,0,6
2019/1/16 06:10:00,wuhe_jiaxian,north,1,8
2019/1/16 06:15:00,wuhe_jiaxian,north,0,6
2019/1/16 06:20:00,wuhe_jiaxian,north,1,8
2019/1/16 06:25:00,wuhe_jiaxian,north,0,11
2019/1/16 06:30:00,wuhe_jiaxian,north,0,13
2019/1/16 06:35:00,wuhe_jiaxian,north,0,13
2019/1/16 06:40:00,wuhe_jiaxian,north,7,16
2019/1/16 06:45:00,wuhe_jiaxian,north,2,17
2019/1/16 06:50:00,wuhe_jiaxian,north,4,20
2019/1/16 06:55:00,wuhe_jiaxian,north,3,19
2019/1/16 07:00:00,wuhe_jiaxian,north,4,14
2019/1/16 07:05:00,wuhe_jiaxian,north,4,7
2019/1/16 07:10:00,wuhe_jiaxian,north,2,34
2019/1/16 07:15:00,wuhe_jiaxian,north,2,10
2019/1/16 07:20:00,wuhe_jiaxian,north,8,29
2019/1/16 07:25:00,wuhe_jiaxian,north,11,28
2019/1/16 07:30:00,wuhe_jiaxian,north,10,45
2019/1/16 07:35:00,wuhe_jiaxian,north,19,42
2019/1/16 07:40:00,wuhe_jiaxian,north,11,29
2019/1/16 07:45:00,wuhe_jiaxian,north,14,41
2019/1/16 07:50:00,wuhe_jiaxian,north,27,79
2019/1/16 07:55:00,wuhe_jiaxian,north,32,60
2019/1/16 08:00:00,wuhe_jiaxian,north,24,78
2019/1/16 08:05:00,wuhe_jiaxian,north,23,53
2019/1/16 08:10:00,wuhe_jiaxian,north,19,72
2019/1/16 08:15:00,wuhe_jiaxian,north,28,95
2019/1/16 08:20:00,wuhe_jiaxian,north,24,48
2019/1/16 08:25:00,wuhe_jiaxian,north,29,80
2019/1/16 08:30:00,wuhe_jiaxian,north,20,81
2019/1/16 08:35:00,wuhe_jiaxian,north,31,60
2019/1/16 08:40:00,wuhe_jiaxian,north,11,70
2019/1/16 08:45:00,wuhe_jiaxian,north,17,42
2019/1/16 08:50:00,wuhe_jiaxian,north,19,81
2019/1/16 08:55:00,wuhe_jiaxian,north,10,56
2019/1/16 09:00:00,wuhe_jiaxian,north,8,65
2019/1/16 09:05:00,wuhe_jiaxian,north,4,48
2019/1/16 09:10:00,wuhe_jiaxian,north,10,51
2019/1/16 09:15:00,wuhe_jiaxian,north,24,50
2019/1/16 09:20:00,wuhe_jiaxian,north,8,34
2019/1/16 09:25:00,wuhe_jiaxian,north,10,57
2019/1/16 09:30:00,wuhe_jiaxian,north,5,52
2019/1/16 09:35:00,wuhe_jiaxian,north,10,46
2019/1/16 09:40:00,wuhe_jiaxian,north,15,49
2019/1/16 09:45:00,wuhe_jiaxian,north,13,52
2019/1/16 09:50:00,wuhe_jiaxian,north,10,49
2019/1/16 09:55:00,wuhe_jiaxian,north,5,35
2019/1/16 10:00:00,wuhe_jiaxian,north,8,49
2019/1/16 10:05:00,wuhe_jiaxian,north,12,45
2019/1/16 10:10:00,wuhe_jiaxian,north,8,45
2019/1/16 10:15:00,wuhe_jiaxian,north,7,52
2019/1/16 10:20:00,wuhe_jiaxian,north,14,41
2019/1/16 10:25:00,wuhe_jiaxian,north,9,37
2019/1/16 10:30:00,wuhe_jiaxian,north,8,29
2019/1/16 10:35:00,wuhe_jiaxian,north,3,46
2019/1/16 10:40:00,wuhe_jiaxian,north,5,40
2019/1/16 10:45:00,wuhe_jiaxian,north,3,47
2019/1/16 10:50:00,wuhe_jiaxian,north,9,39
2019/1/16 10:55:00,wuhe_jiaxian,north,9,30
2019/1/16 11:00:00,wuhe_jiaxian,north,11,40
2019/1/16 11:05:00,wuhe_jiaxian,north,3,34
2019/1/16 11:10:00,wuhe_jiaxian,north,13,42
2019/1/16 11:15:00,wuhe_jiaxian,north,12,53
2019/1/16 11:20:00,wuhe_jiaxian,north,13,42
2019/1/16 11:25:00,wuhe_jiaxian,north,11,34
2019/1/16 11:30:00,wuhe_jiaxian,north,8,45
2019/1/16 11:35:00,wuhe_jiaxian,north,10,36
2019/1/16 11:40:00,wuhe_jiaxian,north,7,35
2019/1/16 11:45:00,wuhe_jiaxian,north,8,33
2019/1/16 11:50:00,wuhe_jiaxian,north,11,54
2019/1/16 11:55:00,wuhe_jiaxian,north,10,45
2019/1/16 12:00:00,wuhe_jiaxian,north,6,54
2019/1/16 12:05:00,wuhe_jiaxian,north,11,57
2019/1/16 12:10:00,wuhe_jiaxian,north,7,45
2019/1/16 12:15:00,wuhe_jiaxian,north,9,26
2019/1/16 12:20:00,wuhe_jiaxian,north,6,29
2019/1/16 12:25:00,wuhe_jiaxian,north,5,32
2019/1/16 12:30:00,wuhe_jiaxian,north,6,37
2019/1/16 12:35:00,wuhe_jiaxian,north,9,32
2019/1/16 12:40:00,wuhe_jiaxian,north,3,38
2019/1/16 12:45:00,wuhe_jiaxian,north,14,41
2019/1/16 12:50:00,wuhe_jiaxian,north,6,28
2019/1/16 12:55:00,wuhe_jiaxian,north,6,35
2019/1/16 13:00:00,wuhe_jiaxian,north,4,35
2019/1/16 13:05:00,wuhe_jiaxian,north,5,33
2019/1/16 13:10:00,wuhe_jiaxian,north,14,47
2019/1/16 13:15:00,wuhe_jiaxian,north,10,23
2019/1/16 13:20:00,wuhe_jiaxian,north,9,27
2019/1/16 13:25:00,wuhe_jiaxian,north,7,32
2019/1/16 13:30:00,wuhe_jiaxian,north,4,58
2019/1/16 13:35:00,wuhe_jiaxian,north,17,45
2019/1/16 13:40:00,wuhe_jiaxian,north,9,49
2019/1/16 13:45:00,wuhe_jiaxian,north,18,60
2019/1/16 13:50:00,wuhe_jiaxian,north,13,44
2019/1/16 13:55:00,wuhe_jiaxian,north,7,36
2019/1/16 14:00:00,wuhe_jiaxian,north,15,53
2019/1/16 14:05:00,wuhe_jiaxian,north,14,56
2019/1/16 14:10:00,wuhe_jiaxian,north,9,57
2019/1/16 14:15:00,wuhe_jiaxian,north,5,55
2019/1/16 14:20:00,wuhe_jiaxian,north,9,57
2019/1/16 14:25:00,wuhe_jiaxian,north,11,119
2019/1/16 14:30:00,wuhe_jiaxian,north,4,58
2019/1/16 14:35:00,wuhe_jiaxian,north,10,43
2019/1/16 14:40:00,wuhe_jiaxian,north,6,44
2019/1/16 14:45:00,wuhe_jiaxian,north,8,61
2019/1/16 14:50:00,wuhe_jiaxian,north,10,49
2019/1/16 14:55:00,wuhe_jiaxian,north,8,41
2019/1/16 15:00:00,wuhe_jiaxian,north,5,33
2019/1/16 15:05:00,wuhe_jiaxian,north,4,44
2019/1/16 15:10:00,wuhe_jiaxian,north,8,61
2019/1/16 15:15:00,wuhe_jiaxian,north,13,42
2019/1/16 15:20:00,wuhe_jiaxian,north,9,44
2019/1/16 15:25:00,wuhe_jiaxian,north,10,32
2019/1/16 15:30:00,wuhe_jiaxian,north,10,60
2019/1/16 15:35:00,wuhe_jiaxian,north,12,49
2019/1/16 15:40:00,wuhe_jiaxian,north,12,47
2019/1/16 15:45:00,wuhe_jiaxian,north,7,33
2019/1/16 15:50:00,wuhe_jiaxian,north,7,38
2019/1/16 15:55:00,wuhe_jiaxian,north,8,60
2019/1/16 16:00:00,wuhe_jiaxian,north,4,41
2019/1/16 16:05:00,wuhe_jiaxian,north,7,39
2019/1/16 16:10:00,wuhe_jiaxian,north,6,33
2019/1/16 16:15:00,wuhe_jiaxian,north,6,53
2019/1/16 16:20:00,wuhe_jiaxian,north,4,44
2019/1/16 16:25:00,wuhe_jiaxian,north,10,51
2019/1/16 16:30:00,wuhe_jiaxian,north,7,46
2019/1/16 16:35:00,wuhe_jiaxian,north,7,43
2019/1/16 16:40:00,wuhe_jiaxian,north,4,63
2019/1/16 16:45:00,wuhe_jiaxian,north,6,54
2019/1/16 16:50:00,wuhe_jiaxian,north,8,37
2019/1/16 16:55:00,wuhe_jiaxian,north,8,57
2019/1/16 17:00:00,wuhe_jiaxian,north,11,52
2019/1/16 17:05:00,wuhe_jiaxian,north,10,53
2019/1/16 17:10:00,wuhe_jiaxian,north,7,49
2019/1/16 17:15:00,wuhe_jiaxian,north,13,46
2019/1/16 17:20:00,wuhe_jiaxian,north,15,83
2019/1/16 17:25:00,wuhe_jiaxian,north,12,55
2019/1/16 17:30:00,wuhe_jiaxian,north,14,34
2019/1/16 17:35:00,wuhe_jiaxian,north,9,50
2019/1/16 17:40:00,wuhe_jiaxian,north,12,56
2019/1/16 17:45:00,wuhe_jiaxian,north,10,70
2019/1/16 17:50:00,wuhe_jiaxian,north,10,64
2019/1/16 17:55:00,wuhe_jiaxian,north,10,72
2019/1/16 18:00:00,wuhe_jiaxian,north,12,88
2019/1/16 18:05:00,wuhe_jiaxian,north,10,64
2019/1/16 18:10:00,wuhe_jiaxian,north,20,79
2019/1/16 18:15:00,wuhe_jiaxian,north,16,70
2019/1/16 18:20:00,wuhe_jiaxian,north,17,72
2019/1/16 18:25:00,wuhe_jiaxian,north,12,103
2019/1/16 18:30:00,wuhe_jiaxian,north,14,63
2019/1/16 18:35:00,wuhe_jiaxian,north,6,91
2019/1/16 18:40:00,wuhe_jiaxian,north,9,83
2019/1/16 18:45:00,wuhe_jiaxian,north,8,84
2019/1/16 18:50:00,wuhe_jiaxian,north,18,60
2019/1/16 18:55:00,wuhe_jiaxian,north,12,79
2019/1/16 19:00:00,wuhe_jiaxian,north,7,63
2019/1/16 19:05:00,wuhe_jiaxian,north,12,74
2019/1/16 19:10:00,wuhe_jiaxian,north,15,54
2019/1/16 19:15:00,wuhe_jiaxian,north,13,38
2019/1/16 19:20:00,wuhe_jiaxian,north,6,50
2019/1/16 19:25:00,wuhe_jiaxian,north,13,80
2019/1/16 19:30:00,wuhe_jiaxian,north,10,45
2019/1/16 19:35:00,wuhe_jiaxian,north,9,68
2019/1/16 19:40:00,wuhe_jiaxian,north,11,37
2019/1/16 19:45:00,wuhe_jiaxian,north,15,57
2019/1/16 19:50:00,wuhe_jiaxian,north,10,62
2019/1/16 19:55:00,wuhe_jiaxian,north,15,50
2019/1/16 20:00:00,wuhe_jiaxian,north,14,44
2019/1/16 20:05:00,wuhe_jiaxian,north,10,63
2019/1/16 20:10:00,wuhe_jiaxian,north,14,63
2019/1/16 20:15:00,wuhe_jiaxian,north,16,47
2019/1/16 20:20:00,wuhe_jiaxian,north,13,41
2019/1/16 20:25:00,wuhe_jiaxian,north,9,51
2019/1/16 20:30:00,wuhe_jiaxian,north,11,49
2019/1/16 20:35:00,wuhe_jiaxian,north,11,50
2019/1/16 20:40:00,wuhe_jiaxian,north,16,54
2019/1/16 20:45:00,wuhe_jiaxian,north,10,26
2019/1/16 20:50:00,wuhe_jiaxian,north,2,47
2019/1/16 20:55:00,wuhe_jiaxian,north,8,37
2019/1/16 21:00:00,wuhe_jiaxian,north,4,53
2019/1/16 21:05:00,wuhe_jiaxian,north,9,48
2019/1/16 21:10:00,wuhe_jiaxian,north,14,46
2019/1/16 21:15:00,wuhe_jiaxian,north,5,37
2019/1/16 21:20:00,wuhe_jiaxian,north,10,65
2019/1/16 21:25:00,wuhe_jiaxian,north,11,45
2019/1/16 21:30:00,wuhe_jiaxian,north,8,48
2019/1/16 21:35:00,wuhe_jiaxian,north,9,31
2019/1/16 21:40:00,wuhe_jiaxian,north,10,56
2019/1/16 21:45:00,wuhe_jiaxian,north,8,35
2019/1/16 21:50:00,wuhe_jiaxian,north,6,53
2019/1/16 21:55:00,wuhe_jiaxian,north,1,41
2019/1/16 22:00:00,wuhe_jiaxian,north,11,50
2019/1/16 22:05:00,wuhe_jiaxian,north,8,40
2019/1/16 22:10:00,wuhe_jiaxian,north,7,30
2019/1/16 22:15:00,wuhe_jiaxian,north,4,34
2019/1/16 22:20:00,wuhe_jiaxian,north,6,49
2019/1/16 22:25:00,wuhe_jiaxian,north,4,38
2019/1/16 22:30:00,wuhe_jiaxian,north,4,26
2019/1/16 22:35:00,wuhe_jiaxian,north,5,31
2019/1/16 22:40:00,wuhe_jiaxian,north,7,28
2019/1/16 22:45:00,wuhe_jiaxian,north,8,26
2019/1/16 22:50:00,wuhe_jiaxian,north,4,32
2019/1/16 22:55:00,wuhe_jiaxian,north,9,39
2019/1/16 23:00:00,wuhe_jiaxian,north,0,34
2019/1/16 23:05:00,wuhe_jiaxian,north,2,28
2019/1/16 23:10:00,wuhe_jiaxian,north,4,16
2019/1/16 23:15:00,wuhe_jiaxian,north,1,16
2019/1/16 23:20:00,wuhe_jiaxian,north,3,21
2019/1/16 23:25:00,wuhe_jiaxian,north,3,25
2019/1/16 23:30:00,wuhe_jiaxian,north,1,20
2019/1/16 23:35:00,wuhe_jiaxian,north,2,17
2019/1/16 23:40:00,wuhe_jiaxian,north,5,20
2019/1/16 23:45:00,wuhe_jiaxian,north,2,20
2019/1/16 23:50:00,wuhe_jiaxian,north,6,18
2019/1/16 23:55:00,wuhe_jiaxian,north,3,14
