2019/1/16 00:00:00,wuhe_longping,south,0,12
2019/1/16 00:05:00,wuhe_longping,south,0,17
2019/1/16 00:10:00,wuhe_longping,south,0,15
2019/1/16 00:15:00,wuhe_longping,south,0,11
2019/1/16 00:20:00,wuhe_longping,south,0,16
2019/1/16 00:25:00,wuhe_longping,south,0,17
2019/1/16 00:30:00,wuhe_longping,south,0,8
2019/1/16 00:35:00,wuhe_longping,south,0,18
2019/1/16 00:40:00,wuhe_longping,south,0,12
2019/1/16 00:45:00,wuhe_longping,south,0,19
2019/1/16 00:50:00,wuhe_longping,south,0,10
2019/1/16 00:55:00,wuhe_longping,south,0,9
2019/1/16 01:00:00,wuhe_longping,south,0,5
2019/1/16 01:05:00,wuhe_longping,south,0,8
2019/1/16 01:10:00,wuhe_longping,south,0,9
2019/1/16 01:15:00,wuhe_longping,south,0,8
2019/1/16 01:20:00,wuhe_longping,south,0,3
2019/1/16 01:25:00,wuhe_longping,south,0,8
2019/1/16 01:30:00,wuhe_longping,south,0,9
2019/1/16 01:35:00,wuhe_longping,south,0,7
2019/1/16 01:40:00,wuhe_longping,south,0,10
2019/1/16 01:45:00,wuhe_longping,south,0,6
2019/1/16 01:50:00,wuhe_longping,south,0,5
2019/1/16 01:55:00,wuhe_longping,south,0,3
2019/1/16 02:00:00,wuhe_longping,south,0,3
2019/1/16 02:05:00,wuhe_longping,south,0,6
2019/1/16 02:10:00,wuhe_longping,south,1,3
2019/1/16 02:15:00,wuhe_longping,south,0,9
2019/1/16 02:20:00,wuhe_longping,south,0,2
2019/1/16 02:25:00,wuhe_longping,south,0,5
2019/1/16 02:30:00,wuhe_longping,south,0,7
2019/1/16 02:35:00,wuhe_longping,south,0,4
2019/1/16 02:40:00,wuhe_longping,south,0,5
2019/1/16 02:45:00,wuhe_longping,south,0,2
2019/1/16 02:50:00,wuhe_longping,south,0,5
2019/1/16 02:55:00,wuhe_longping,south,0,2
2019/1/16 03:00:00,wuhe_longping,south,0,4
2019/1/16 03:05:00,wuhe_longping,south,0,4
2019/1/16 03:10:00,wuhe_longping,south,0,2
2019/1/16 03:15:00,wuhe_longping,south,0,5
2019/1/16 03:20:00,wuhe_longping,south,0,2
2019/1/16 03:25:00,wuhe_longping,south,0,2
2019/1/16 03:30:00,wuhe_longping,south,0,3
2019/1/16 03:35:00,wuhe_longping,south,0,2
2019/1/16 03:40:00,wuhe_longping,south,0,4
2019/1/16 03:45:00,wuhe_longping,south,0,3
2019/1/16 03:50:00,wuhe_longping,south,0,2
2019/1/16 03:55:00,wuhe_longping,south,0,2
2019/1/16 04:00:00,wuhe_longping,south,0,1
2019/1/16 04:05:00,wuhe_longping,south,0,3
2019/1/16 04:10:00,wuhe_longping,south,0,0
2019/1/16 04:15:00,wuhe_longping,south,0,4
2019/1/16 04:20:00,wuhe_longping,south,0,3
2019/1/16 04:25:00,wuhe_longping,south,0,2
2019/1/16 04:30:00,wuhe_longping,south,0,6
2019/1/16 04:35:00,wuhe_longping,south,0,4
2019/1/16 04:40:00,wuhe_longping,south,0,2
2019/1/16 04:45:00,wuhe_longping,south,0,3
2019/1/16 04:50:00,wuhe_longping,south,0,6
2019/1/16 04:55:00,wuhe_longping,south,0,4
2019/1/16 05:00:00,wuhe_longping,south,0,0
2019/1/16 05:05:00,wuhe_longping,south,0,6
2019/1/16 05:10:00,wuhe_longping,south,0,4
2019/1/16 05:15:00,wuhe_longping,south,0,4
2019/1/16 05:20:00,wuhe_longping,south,0,4
2019/1/16 05:25:00,wuhe_longping,south,0,4
2019/1/16 05:30:00,wuhe_longping,south,0,8
2019/1/16 05:35:00,wuhe_longping,south,0,3
2019/1/16 05:40:00,wuhe_longping,south,0,6
2019/1/16 05:45:00,wuhe_longping,south,0,8
2019/1/16 05:50:00,wuhe_longping,south,0,5
2019/1/16 05:55:00,wuhe_longping,south,0,9
2019/1/16 06:00:00,wuhe_longping,south,0,5
2019/1/16 06:05:00,wuhe_longping,south,0,4
2019/1/16 06:10:00,wuhe_longping,south,0,3
2019/1/16 06:15:00,wuhe_longping,south,0,4
2019/1/16 06:20:00,wuhe_longping,south,0,8
2019/1/16 06:25:00,wuhe_longping,south,0,14
2019/1/16 06:30:00,wuhe_longping,south,0,7
2019/1/16 06:35:00,wuhe_longping,south,0,7
2019/1/16 06:40:00,wuhe_longping,south,1,15
2019/1/16 06:45:00,wuhe_longping,south,0,15
2019/1/16 06:50:00,wuhe_longping,south,0,11
2019/1/16 06:55:00,wuhe_longping,south,0,14
2019/1/16 07:00:00,wuhe_longping,south,0,9
2019/1/16 07:05:00,wuhe_longping,south,0,18
2019/1/16 07:10:00,wuhe_longping,south,0,20
2019/1/16 07:15:00,wuhe_longping,south,0,35
2019/1/16 07:20:00,wuhe_longping,south,0,32
2019/1/16 07:25:00,wuhe_longping,south,0,50
2019/1/16 07:30:00,wuhe_longping,south,2,45
2019/1/16 07:35:00,wuhe_longping,south,0,72
2019/1/16 07:40:00,wuhe_longping,south,0,64
2019/1/16 07:45:00,wuhe_longping,south,2,86
2019/1/16 07:50:00,wuhe_longping,south,0,96
2019/1/16 07:55:00,wuhe_longping,south,0,121
2019/1/16 08:00:00,wuhe_longping,south,2,123
2019/1/16 08:05:00,wuhe_longping,south,1,97
2019/1/16 08:10:00,wuhe_longping,south,3,111
2019/1/16 08:15:00,wuhe_longping,south,1,124
2019/1/16 08:20:00,wuhe_longping,south,3,134
2019/1/16 08:25:00,wuhe_longping,south,2,85
2019/1/16 08:30:00,wuhe_longping,south,1,91
2019/1/16 08:35:00,wuhe_longping,south,2,130
2019/1/16 08:40:00,wuhe_longping,south,2,100
2019/1/16 08:45:00,wuhe_longping,south,0,119
2019/1/16 08:50:00,wuhe_longping,south,4,97
2019/1/16 08:55:00,wuhe_longping,south,0,67
2019/1/16 09:00:00,wuhe_longping,south,4,90
2019/1/16 09:05:00,wuhe_longping,south,0,62
2019/1/16 09:10:00,wuhe_longping,south,2,65
2019/1/16 09:15:00,wuhe_longping,south,1,74
2019/1/16 09:20:00,wuhe_longping,south,3,46
2019/1/16 09:25:00,wuhe_longping,south,0,52
2019/1/16 09:30:00,wuhe_longping,south,0,60
2019/1/16 09:35:00,wuhe_longping,south,0,52
2019/1/16 09:40:00,wuhe_longping,south,2,75
2019/1/16 09:45:00,wuhe_longping,south,2,59
2019/1/16 09:50:00,wuhe_longping,south,2,61
2019/1/16 09:55:00,wuhe_longping,south,0,54
2019/1/16 10:00:00,wuhe_longping,south,0,37
2019/1/16 10:05:00,wuhe_longping,south,0,56
2019/1/16 10:10:00,wuhe_longping,south,1,52
2019/1/16 10:15:00,wuhe_longping,south,2,55
2019/1/16 10:20:00,wuhe_longping,south,0,59
2019/1/16 10:25:00,wuhe_longping,south,1,29
2019/1/16 10:30:00,wuhe_longping,south,0,52
2019/1/16 10:35:00,wuhe_longping,south,0,52
2019/1/16 10:40:00,wuhe_longping,south,2,65
2019/1/16 10:45:00,wuhe_longping,south,0,42
2019/1/16 10:50:00,wuhe_longping,south,2,40
2019/1/16 10:55:00,wuhe_longping,south,2,51
2019/1/16 11:00:00,wuhe_longping,south,2,45
2019/1/16 11:05:00,wuhe_longping,south,0,60
2019/1/16 11:10:00,wuhe_longping,south,0,66
2019/1/16 11:15:00,wuhe_longping,south,2,34
2019/1/16 11:20:00,wuhe_longping,south,2,45
2019/1/16 11:25:00,wuhe_longping,south,0,56
2019/1/16 11:30:00,wuhe_longping,south,2,51
2019/1/16 11:35:00,wuhe_longping,south,1,52
2019/1/16 11:40:00,wuhe_longping,south,1,36
2019/1/16 11:45:00,wuhe_longping,south,2,40
2019/1/16 11:50:00,wuhe_longping,south,2,44
2019/1/16 11:55:00,wuhe_longping,south,1,40
2019/1/16 12:00:00,wuhe_longping,south,2,44
2019/1/16 12:05:00,wuhe_longping,south,2,42
2019/1/16 12:10:00,wuhe_longping,south,1,35
2019/1/16 12:15:00,wuhe_longping,south,1,35
2019/1/16 12:20:00,wuhe_longping,south,3,34
2019/1/16 12:25:00,wuhe_longping,south,0,45
2019/1/16 12:30:00,wuhe_longping,south,0,36
2019/1/16 12:35:00,wuhe_longping,south,0,39
2019/1/16 12:40:00,wuhe_longping,south,1,32
2019/1/16 12:45:00,wuhe_longping,south,1,50
2019/1/16 12:50:00,wuhe_longping,south,0,38
2019/1/16 12:55:00,wuhe_longping,south,1,39
2019/1/16 13:00:00,wuhe_longping,south,1,40
2019/1/16 13:05:00,wuhe_longping,south,3,41
2019/1/16 13:10:00,wuhe_longping,south,0,46
2019/1/16 13:15:00,wuhe_longping,south,1,44
2019/1/16 13:20:00,wuhe_longping,south,2,67
2019/1/16 13:25:00,wuhe_longping,south,2,44
2019/1/16 13:30:00,wuhe_longping,south,3,36
2019/1/16 13:35:00,wuhe_longping,south,1,49
2019/1/16 13:40:00,wuhe_longping,south,1,71
2019/1/16 13:45:00,wuhe_longping,south,1,58
2019/1/16 13:50:00,wuhe_longping,south,2,64
2019/1/16 13:55:00,wuhe_longping,south,2,69
2019/1/16 14:00:00,wuhe_longping,south,0,55
2019/1/16 14:05:00,wuhe_longping,south,2,66
2019/1/16 14:10:00,wuhe_longping,south,1,64
2019/1/16 14:15:00,wuhe_longping,south,2,70
2019/1/16 14:20:00,wuhe_longping,south,1,39
2019/1/16 14:25:00,wuhe_longping,south,3,106
2019/1/16 14:30:00,wuhe_longping,south,1,59
2019/1/16 14:35:00,wuhe_longping,south,0,49
2019/1/16 14:40:00,wuhe_longping,south,0,55
2019/1/16 14:45:00,wuhe_longping,south,1,29
2019/1/16 14:50:00,wuhe_longping,south,0,40
2019/1/16 14:55:00,wuhe_longping,south,0,64
2019/1/16 15:00:00,wuhe_longping,south,0,52
2019/1/16 15:05:00,wuhe_longping,south,1,38
2019/1/16 15:10:00,wuhe_longping,south,0,57
2019/1/16 15:15:00,wuhe_longping,south,0,58
2019/1/16 15:20:00,wuhe_longping,south,0,49
2019/1/16 15:25:00,wuhe_longping,south,0,50
2019/1/16 15:30:00,wuhe_longping,south,1,52
2019/1/16 15:35:00,wuhe_longping,south,1,60
2019/1/16 15:40:00,wuhe_longping,south,1,43
2019/1/16 15:45:00,wuhe_longping,south,0,50
2019/1/16 15:50:00,wuhe_longping,south,0,31
2019/1/16 15:55:00,wuhe_longping,south,0,59
2019/1/16 16:00:00,wuhe_longping,south,0,52
2019/1/16 16:05:00,wuhe_longping,south,1,50
2019/1/16 16:10:00,wuhe_longping,south,1,62
2019/1/16 16:15:00,wuhe_longping,south,3,52
2019/1/16 16:20:00,wuhe_longping,south,2,39
2019/1/16 16:25:00,wuhe_longping,south,0,39
2019/1/16 16:30:00,wuhe_longping,south,0,35
2019/1/16 16:35:00,wuhe_longping,south,1,55
2019/1/16 16:40:00,wuhe_longping,south,0,42
2019/1/16 16:45:00,wuhe_longping,south,2,48
2019/1/16 16:50:00,wuhe_longping,south,1,51
2019/1/16 16:55:00,wuhe_longping,south,0,42
2019/1/16 17:00:00,wuhe_longping,south,0,42
2019/1/16 17:05:00,wuhe_longping,south,1,39
2019/1/16 17:10:00,wuhe_longping,south,1,44
2019/1/16 17:15:00,wuhe_longping,south,1,53
2019/1/16 17:20:00,wuhe_longping,south,2,71
2019/1/16 17:25:00,wuhe_longping,south,1,40
2019/1/16 17:30:00,wuhe_longping,south,2,42
2019/1/16 17:35:00,wuhe_longping,south,1,36
2019/1/16 17:40:00,wuhe_longping,south,1,38
2019/1/16 17:45:00,wuhe_longping,south,1,52
2019/1/16 17:50:00,wuhe_longping,south,2,48
2019/1/16 17:55:00,wuhe_longping,south,0,36
2019/1/16 18:00:00,wuhe_longping,south,0,47
2019/1/16 18:05:00,wuhe_longping,south,0,53
2019/1/16 18:10:00,wuhe_longping,south,1,61
2019/1/16 18:15:00,wuhe_longping,south,0,48
2019/1/16 18:20:00,wuhe_longping,south,0,44
2019/1/16 18:25:00,wuhe_longping,south,0,32
2019/1/16 18:30:00,wuhe_longping,south,1,50
2019/1/16 18:35:00,wuhe_longping,south,0,35
2019/1/16 18:40:00,wuhe_longping,south,1,25
2019/1/16 18:45:00,wuhe_longping,south,0,38
2019/1/16 18:50:00,wuhe_longping,south,0,38
2019/1/16 18:55:00,wuhe_longping,south,0,31
2019/1/16 19:00:00,wuhe_longping,south,0,28
2019/1/16 19:05:00,wuhe_longping,south,1,37
2019/1/16 19:10:00,wuhe_longping,south,0,37
2019/1/16 19:15:00,wuhe_longping,south,0,26
2019/1/16 19:20:00,wuhe_longping,south,0,25
2019/1/16 19:25:00,wuhe_longping,south,0,44
2019/1/16 19:30:00,wuhe_longping,south,0,24
2019/1/16 19:35:00,wuhe_longping,south,0,40
2019/1/16 19:40:00,wuhe_longping,south,0,39
2019/1/16 19:45:00,wuhe_longping,south,0,30
2019/1/16 19:50:00,wuhe_longping,south,1,51
2019/1/16 19:55:00,wuhe_longping,south,0,24
2019/1/16 20:00:00,wuhe_longping,south,0,28
2019/1/16 20:05:00,wuhe_longping,south,0,26
2019/1/16 20:10:00,wuhe_longping,south,0,33
2019/1/16 20:15:00,wuhe_longping,south,0,32
2019/1/16 20:20:00,wuhe_longping,south,0,43
2019/1/16 20:25:00,wuhe_longping,south,0,29
2019/1/16 20:30:00,wuhe_longping,south,0,28
2019/1/16 20:35:00,wuhe_longping,south,0,45
2019/1/16 20:40:00,wuhe_longping,south,0,38
2019/1/16 20:45:00,wuhe_longping,south,0,36
2019/1/16 20:50:00,wuhe_longping,south,2,47
2019/1/16 20:55:00,wuhe_longping,south,0,30
2019/1/16 21:00:00,wuhe_longping,south,0,40
2019/1/16 21:05:00,wuhe_longping,south,0,45
2019/1/16 21:10:00,wuhe_longping,south,0,31
2019/1/16 21:15:00,wuhe_longping,south,0,24
2019/1/16 21:20:00,wuhe_longping,south,0,40
2019/1/16 21:25:00,wuhe_longping,south,0,42
2019/1/16 21:30:00,wuhe_longping,south,1,28
2019/1/16 21:35:00,wuhe_longping,south,0,30
2019/1/16 21:40:00,wuhe_longping,south,0,41
2019/1/16 21:45:00,wuhe_longping,south,0,27
2019/1/16 21:50:00,wuhe_longping,south,1,38
2019/1/16 21:55:00,wuhe_longping,south,1,45
2019/1/16 22:00:00,wuhe_longping,south,0,35
2019/1/16 22:05:00,wuhe_longping,south,1,38
2019/1/16 22:10:00,wuhe_longping,south,1,30
2019/1/16 22:15:00,wuhe_longping,south,0,35
2019/1/16 22:20:00,wuhe_longping,south,1,34
2019/1/16 22:25:00,wuhe_longping,south,0,28
2019/1/16 22:30:00,wuhe_longping,south,1,44
2019/1/16 22:35:00,wuhe_longping,south,0,36
2019/1/16 22:40:00,wuhe_longping,south,1,16
2019/1/16 22:45:00,wuhe_longping,south,0,47
2019/1/16 22:50:00,wuhe_longping,south,0,26
2019/1/16 22:55:00,wuhe_longping,south,0,30
2019/1/16 23:00:00,wuhe_longping,south,0,32
2019/1/16 23:05:00,wuhe_longping,south,0,35
2019/1/16 23:10:00,wuhe_longping,south,0,31
2019/1/16 23:15:00,wuhe_longping,south,0,35
2019/1/16 23:20:00,wuhe_longping,south,0,22
2019/1/16 23:25:00,wuhe_longping,south,0,34
2019/1/16 23:30:00,wuhe_longping,south,0,22
2019/1/16 23:35:00,wuhe_longping,south,0,25
2019/1/16 23:40:00,wuhe_longping,south,0,18
2019/1/16 23:45:00,wuhe_longping,south,0,23
2019/1/16 23:50:00,wuhe_longping,south,0,13
2019/1/16 23:55:00,wuhe_longping,south,0,25
