2019/1/27 00:00:00,wuhe_longping,north,1,33
2019/1/27 00:05:00,wuhe_longping,north,1,21
2019/1/27 00:10:00,wuhe_longping,north,0,26
2019/1/27 00:15:00,wuhe_longping,north,4,19
2019/1/27 00:20:00,wuhe_longping,north,1,26
2019/1/27 00:25:00,wuhe_longping,north,2,16
2019/1/27 00:30:00,wuhe_longping,north,1,23
2019/1/27 00:35:00,wuhe_longping,north,2,7
2019/1/27 00:40:00,wuhe_longping,north,0,13
2019/1/27 00:45:00,wuhe_longping,north,0,21
2019/1/27 00:50:00,wuhe_longping,north,0,14
2019/1/27 00:55:00,wuhe_longping,north,2,11
2019/1/27 01:00:00,wuhe_longping,north,0,15
2019/1/27 01:05:00,wuhe_longping,north,0,12
2019/1/27 01:10:00,wuhe_longping,north,0,15
2019/1/27 01:15:00,wuhe_longping,north,1,7
2019/1/27 01:20:00,wuhe_longping,north,0,7
2019/1/27 01:25:00,wuhe_longping,north,1,14
2019/1/27 01:30:00,wuhe_longping,north,2,8
2019/1/27 01:35:00,wuhe_longping,north,0,13
2019/1/27 01:40:00,wuhe_longping,north,0,7
2019/1/27 01:45:00,wuhe_longping,north,0,5
2019/1/27 01:50:00,wuhe_longping,north,1,7
2019/1/27 01:55:00,wuhe_longping,north,1,1
2019/1/27 02:00:00,wuhe_longping,north,1,6
2019/1/27 02:05:00,wuhe_longping,north,2,7
2019/1/27 02:10:00,wuhe_longping,north,1,8
2019/1/27 02:15:00,wuhe_longping,north,0,6
2019/1/27 02:20:00,wuhe_longping,north,0,12
2019/1/27 02:25:00,wuhe_longping,north,0,6
2019/1/27 02:30:00,wuhe_longping,north,0,7
2019/1/27 02:35:00,wuhe_longping,north,0,5
2019/1/27 02:40:00,wuhe_longping,north,1,8
2019/1/27 02:45:00,wuhe_longping,north,0,2
2019/1/27 02:50:00,wuhe_longping,north,0,7
2019/1/27 02:55:00,wuhe_longping,north,0,2
2019/1/27 03:00:00,wuhe_longping,north,0,5
2019/1/27 03:05:00,wuhe_longping,north,0,4
2019/1/27 03:10:00,wuhe_longping,north,0,6
2019/1/27 03:15:00,wuhe_longping,north,0,8
2019/1/27 03:20:00,wuhe_longping,north,0,6
2019/1/27 03:25:00,wuhe_longping,north,1,4
2019/1/27 03:30:00,wuhe_longping,north,0,7
2019/1/27 03:35:00,wuhe_longping,north,0,2
2019/1/27 03:40:00,wuhe_longping,north,0,6
2019/1/27 03:45:00,wuhe_longping,north,0,3
2019/1/27 03:50:00,wuhe_longping,north,0,3
2019/1/27 03:55:00,wuhe_longping,north,0,3
2019/1/27 04:00:00,wuhe_longping,north,0,4
2019/1/27 04:05:00,wuhe_longping,north,0,3
2019/1/27 04:10:00,wuhe_longping,north,0,8
2019/1/27 04:15:00,wuhe_longping,north,0,1
2019/1/27 04:20:00,wuhe_longping,north,0,6
2019/1/27 04:25:00,wuhe_longping,north,0,5
2019/1/27 04:30:00,wuhe_longping,north,0,8
2019/1/27 04:35:00,wuhe_longping,north,0,1
2019/1/27 04:40:00,wuhe_longping,north,0,5
2019/1/27 04:45:00,wuhe_longping,north,0,1
2019/1/27 04:50:00,wuhe_longping,north,1,4
2019/1/27 04:55:00,wuhe_longping,north,0,4
2019/1/27 05:00:00,wuhe_longping,north,0,4
2019/1/27 05:05:00,wuhe_longping,north,0,4
2019/1/27 05:10:00,wuhe_longping,north,0,4
2019/1/27 05:15:00,wuhe_longping,north,0,5
2019/1/27 05:20:00,wuhe_longping,north,0,4
2019/1/27 05:25:00,wuhe_longping,north,0,3
2019/1/27 05:30:00,wuhe_longping,north,0,3
2019/1/27 05:35:00,wuhe_longping,north,0,5
2019/1/27 05:40:00,wuhe_longping,north,0,2
2019/1/27 05:45:00,wuhe_longping,north,0,5
2019/1/27 05:50:00,wuhe_longping,north,0,8
2019/1/27 05:55:00,wuhe_longping,north,0,2
2019/1/27 06:00:00,wuhe_longping,north,0,1
2019/1/27 06:05:00,wuhe_longping,north,0,1
2019/1/27 06:10:00,wuhe_longping,north,0,4
2019/1/27 06:15:00,wuhe_longping,north,0,4
2019/1/27 06:20:00,wuhe_longping,north,0,8
2019/1/27 06:25:00,wuhe_longping,north,0,10
2019/1/27 06:30:00,wuhe_longping,north,0,3
2019/1/27 06:35:00,wuhe_longping,north,2,6
2019/1/27 06:40:00,wuhe_longping,north,0,8
2019/1/27 06:45:00,wuhe_longping,north,0,8
2019/1/27 06:50:00,wuhe_longping,north,0,11
2019/1/27 06:55:00,wuhe_longping,north,4,14
2019/1/27 07:00:00,wuhe_longping,north,2,10
2019/1/27 07:05:00,wuhe_longping,north,0,9
2019/1/27 07:10:00,wuhe_longping,north,2,13
2019/1/27 07:15:00,wuhe_longping,north,0,8
2019/1/27 07:20:00,wuhe_longping,north,2,13
2019/1/27 07:25:00,wuhe_longping,north,0,16
2019/1/27 07:30:00,wuhe_longping,north,1,17
2019/1/27 07:35:00,wuhe_longping,north,0,10
2019/1/27 07:40:00,wuhe_longping,north,0,25
2019/1/27 07:45:00,wuhe_longping,north,3,19
2019/1/27 07:50:00,wuhe_longping,north,1,29
2019/1/27 07:55:00,wuhe_longping,north,4,25
2019/1/27 08:00:00,wuhe_longping,north,1,23
2019/1/27 08:05:00,wuhe_longping,north,1,22
2019/1/27 08:10:00,wuhe_longping,north,3,20
2019/1/27 08:15:00,wuhe_longping,north,3,27
2019/1/27 08:20:00,wuhe_longping,north,2,21
2019/1/27 08:25:00,wuhe_longping,north,1,31
2019/1/27 08:30:00,wuhe_longping,north,1,29
2019/1/27 08:35:00,wuhe_longping,north,2,33
2019/1/27 08:40:00,wuhe_longping,north,3,21
2019/1/27 08:45:00,wuhe_longping,north,7,15
2019/1/27 08:50:00,wuhe_longping,north,9,25
2019/1/27 08:55:00,wuhe_longping,north,2,28
2019/1/27 09:00:00,wuhe_longping,north,5,26
2019/1/27 09:05:00,wuhe_longping,north,0,29
2019/1/27 09:10:00,wuhe_longping,north,3,25
2019/1/27 09:15:00,wuhe_longping,north,1,25
2019/1/27 09:20:00,wuhe_longping,north,4,29
2019/1/27 09:25:00,wuhe_longping,north,4,34
2019/1/27 09:30:00,wuhe_longping,north,4,35
2019/1/27 09:35:00,wuhe_longping,north,2,22
2019/1/27 09:40:00,wuhe_longping,north,3,39
2019/1/27 09:45:00,wuhe_longping,north,3,40
2019/1/27 09:50:00,wuhe_longping,north,6,36
2019/1/27 09:55:00,wuhe_longping,north,7,28
2019/1/27 10:00:00,wuhe_longping,north,7,31
2019/1/27 10:05:00,wuhe_longping,north,3,28
2019/1/27 10:10:00,wuhe_longping,north,6,38
2019/1/27 10:15:00,wuhe_longping,north,4,25
2019/1/27 10:20:00,wuhe_longping,north,6,42
2019/1/27 10:25:00,wuhe_longping,north,6,31
2019/1/27 10:30:00,wuhe_longping,north,2,41
2019/1/27 10:35:00,wuhe_longping,north,6,48
2019/1/27 10:40:00,wuhe_longping,north,6,42
2019/1/27 10:45:00,wuhe_longping,north,4,23
2019/1/27 10:50:00,wuhe_longping,north,4,38
2019/1/27 10:55:00,wuhe_longping,north,2,36
2019/1/27 11:00:00,wuhe_longping,north,1,33
2019/1/27 11:05:00,wuhe_longping,north,3,41
2019/1/27 11:10:00,wuhe_longping,north,5,38
2019/1/27 11:15:00,wuhe_longping,north,5,37
2019/1/27 11:20:00,wuhe_longping,north,8,59
2019/1/27 11:25:00,wuhe_longping,north,2,37
2019/1/27 11:30:00,wuhe_longping,north,4,37
2019/1/27 11:35:00,wuhe_longping,north,7,39
2019/1/27 11:40:00,wuhe_longping,north,5,39
2019/1/27 11:45:00,wuhe_longping,north,6,33
2019/1/27 11:50:00,wuhe_longping,north,9,31
2019/1/27 11:55:00,wuhe_longping,north,9,49
2019/1/27 12:00:00,wuhe_longping,north,1,39
2019/1/27 12:05:00,wuhe_longping,north,7,41
2019/1/27 12:10:00,wuhe_longping,north,2,45
2019/1/27 12:15:00,wuhe_longping,north,8,26
2019/1/27 12:20:00,wuhe_longping,north,7,41
2019/1/27 12:25:00,wuhe_longping,north,1,31
2019/1/27 12:30:00,wuhe_longping,north,4,55
2019/1/27 12:35:00,wuhe_longping,north,5,25
2019/1/27 12:40:00,wuhe_longping,north,9,47
2019/1/27 12:45:00,wuhe_longping,north,6,30
2019/1/27 12:50:00,wuhe_longping,north,4,38
2019/1/27 12:55:00,wuhe_longping,north,4,19
2019/1/27 13:00:00,wuhe_longping,north,3,34
2019/1/27 13:05:00,wuhe_longping,north,5,16
2019/1/27 13:10:00,wuhe_longping,north,5,39
2019/1/27 13:15:00,wuhe_longping,north,0,45
2019/1/27 13:20:00,wuhe_longping,north,5,33
2019/1/27 13:25:00,wuhe_longping,north,5,35
2019/1/27 13:30:00,wuhe_longping,north,7,43
2019/1/27 13:35:00,wuhe_longping,north,9,38
2019/1/27 13:40:00,wuhe_longping,north,2,41
2019/1/27 13:45:00,wuhe_longping,north,4,38
2019/1/27 13:50:00,wuhe_longping,north,9,37
2019/1/27 13:55:00,wuhe_longping,north,6,28
2019/1/27 14:00:00,wuhe_longping,north,3,50
2019/1/27 14:05:00,wuhe_longping,north,2,30
2019/1/27 14:10:00,wuhe_longping,north,3,35
2019/1/27 14:15:00,wuhe_longping,north,9,33
2019/1/27 14:20:00,wuhe_longping,north,3,42
2019/1/27 14:25:00,wuhe_longping,north,7,43
2019/1/27 14:30:00,wuhe_longping,north,9,40
2019/1/27 14:35:00,wuhe_longping,north,5,29
2019/1/27 14:40:00,wuhe_longping,north,8,45
2019/1/27 14:45:00,wuhe_longping,north,3,38
2019/1/27 14:50:00,wuhe_longping,north,8,39
2019/1/27 14:55:00,wuhe_longping,north,4,60
2019/1/27 15:00:00,wuhe_longping,north,8,40
2019/1/27 15:05:00,wuhe_longping,north,2,37
2019/1/27 15:10:00,wuhe_longping,north,6,49
2019/1/27 15:15:00,wuhe_longping,north,5,50
2019/1/27 15:20:00,wuhe_longping,north,5,30
2019/1/27 15:25:00,wuhe_longping,north,4,31
2019/1/27 15:30:00,wuhe_longping,north,3,43
2019/1/27 15:35:00,wuhe_longping,north,4,57
2019/1/27 15:40:00,wuhe_longping,north,6,31
2019/1/27 15:45:00,wuhe_longping,north,5,22
2019/1/27 15:50:00,wuhe_longping,north,5,49
2019/1/27 15:55:00,wuhe_longping,north,1,42
2019/1/27 16:00:00,wuhe_longping,north,5,31
2019/1/27 16:05:00,wuhe_longping,north,5,46
2019/1/27 16:10:00,wuhe_longping,north,5,38
2019/1/27 16:15:00,wuhe_longping,north,2,45
2019/1/27 16:20:00,wuhe_longping,north,7,37
2019/1/27 16:25:00,wuhe_longping,north,2,47
2019/1/27 16:30:00,wuhe_longping,north,4,27
2019/1/27 16:35:00,wuhe_longping,north,2,45
2019/1/27 16:40:00,wuhe_longping,north,2,29
2019/1/27 16:45:00,wuhe_longping,north,7,34
2019/1/27 16:50:00,wuhe_longping,north,9,35
2019/1/27 16:55:00,wuhe_longping,north,7,40
2019/1/27 17:00:00,wuhe_longping,north,5,50
2019/1/27 17:05:00,wuhe_longping,north,6,31
2019/1/27 17:10:00,wuhe_longping,north,9,55
2019/1/27 17:15:00,wuhe_longping,north,5,31
2019/1/27 17:20:00,wuhe_longping,north,4,44
2019/1/27 17:25:00,wuhe_longping,north,3,54
2019/1/27 17:30:00,wuhe_longping,north,3,47
2019/1/27 17:35:00,wuhe_longping,north,5,40
2019/1/27 17:40:00,wuhe_longping,north,13,58
2019/1/27 17:45:00,wuhe_longping,north,3,49
2019/1/27 17:50:00,wuhe_longping,north,6,32
2019/1/27 17:55:00,wuhe_longping,north,2,49
2019/1/27 18:00:00,wuhe_longping,north,6,37
2019/1/27 18:05:00,wuhe_longping,north,9,47
2019/1/27 18:10:00,wuhe_longping,north,4,38
2019/1/27 18:15:00,wuhe_longping,north,2,31
2019/1/27 18:20:00,wuhe_longping,north,1,45
2019/1/27 18:25:00,wuhe_longping,north,4,35
2019/1/27 18:30:00,wuhe_longping,north,5,42
2019/1/27 18:35:00,wuhe_longping,north,9,28
2019/1/27 18:40:00,wuhe_longping,north,3,56
2019/1/27 18:45:00,wuhe_longping,north,3,35
2019/1/27 18:50:00,wuhe_longping,north,2,37
2019/1/27 18:55:00,wuhe_longping,north,5,44
2019/1/27 19:00:00,wuhe_longping,north,4,27
2019/1/27 19:05:00,wuhe_longping,north,1,48
2019/1/27 19:10:00,wuhe_longping,north,3,30
2019/1/27 19:15:00,wuhe_longping,north,3,37
2019/1/27 19:20:00,wuhe_longping,north,3,38
2019/1/27 19:25:00,wuhe_longping,north,1,30
2019/1/27 19:30:00,wuhe_longping,north,4,35
2019/1/27 19:35:00,wuhe_longping,north,0,40
2019/1/27 19:40:00,wuhe_longping,north,1,40
2019/1/27 19:45:00,wuhe_longping,north,2,26
2019/1/27 19:50:00,wuhe_longping,north,3,44
2019/1/27 19:55:00,wuhe_longping,north,1,34
2019/1/27 20:00:00,wuhe_longping,north,5,24
2019/1/27 20:05:00,wuhe_longping,north,4,26
2019/1/27 20:10:00,wuhe_longping,north,2,27
2019/1/27 20:15:00,wuhe_longping,north,2,41
2019/1/27 20:20:00,wuhe_longping,north,0,31
2019/1/27 20:25:00,wuhe_longping,north,5,43
2019/1/27 20:30:00,wuhe_longping,north,2,35
2019/1/27 20:35:00,wuhe_longping,north,4,25
2019/1/27 20:40:00,wuhe_longping,north,4,23
2019/1/27 20:45:00,wuhe_longping,north,0,33
2019/1/27 20:50:00,wuhe_longping,north,5,35
2019/1/27 20:55:00,wuhe_longping,north,3,33
2019/1/27 21:00:00,wuhe_longping,north,1,23
2019/1/27 21:05:00,wuhe_longping,north,1,25
2019/1/27 21:10:00,wuhe_longping,north,4,33
2019/1/27 21:15:00,wuhe_longping,north,4,42
2019/1/27 21:20:00,wuhe_longping,north,4,31
2019/1/27 21:25:00,wuhe_longping,north,1,36
2019/1/27 21:30:00,wuhe_longping,north,4,31
2019/1/27 21:35:00,wuhe_longping,north,1,24
2019/1/27 21:40:00,wuhe_longping,north,6,29
2019/1/27 21:45:00,wuhe_longping,north,3,35
2019/1/27 21:50:00,wuhe_longping,north,3,25
2019/1/27 21:55:00,wuhe_longping,north,4,22
2019/1/27 22:00:00,wuhe_longping,north,4,28
2019/1/27 22:05:00,wuhe_longping,north,1,18
2019/1/27 22:10:00,wuhe_longping,north,6,39
2019/1/27 22:15:00,wuhe_longping,north,1,32
2019/1/27 22:20:00,wuhe_longping,north,3,23
2019/1/27 22:25:00,wuhe_longping,north,2,23
2019/1/27 22:30:00,wuhe_longping,north,2,30
2019/1/27 22:35:00,wuhe_longping,north,4,20
2019/1/27 22:40:00,wuhe_longping,north,0,25
2019/1/27 22:45:00,wuhe_longping,north,1,20
2019/1/27 22:50:00,wuhe_longping,north,1,18
2019/1/27 22:55:00,wuhe_longping,north,1,18
2019/1/27 23:00:00,wuhe_longping,north,0,24
2019/1/27 23:05:00,wuhe_longping,north,2,31
2019/1/27 23:10:00,wuhe_longping,north,1,23
2019/1/27 23:15:00,wuhe_longping,north,2,20
2019/1/27 23:20:00,wuhe_longping,north,1,21
2019/1/27 23:25:00,wuhe_longping,north,0,18
2019/1/27 23:30:00,wuhe_longping,north,3,21
2019/1/27 23:35:00,wuhe_longping,north,1,19
2019/1/27 23:40:00,wuhe_longping,north,0,18
2019/1/27 23:45:00,wuhe_longping,north,1,15
2019/1/27 23:50:00,wuhe_longping,north,0,25
2019/1/27 23:55:00,wuhe_longping,north,1,20
