2019/1/27 00:00:00,wuhe_zhangheng,east,2,6
2019/1/27 00:05:00,wuhe_zhangheng,east,6,8
2019/1/27 00:10:00,wuhe_zhangheng,east,4,7
2019/1/27 00:15:00,wuhe_zhangheng,east,3,5
2019/1/27 00:20:00,wuhe_zhangheng,east,6,4
2019/1/27 00:25:00,wuhe_zhangheng,east,2,5
2019/1/27 00:30:00,wuhe_zhangheng,east,2,2
2019/1/27 00:35:00,wuhe_zhangheng,east,0,1
2019/1/27 00:40:00,wuhe_zhangheng,east,2,1
2019/1/27 00:45:00,wuhe_zhangheng,east,1,1
2019/1/27 00:50:00,wuhe_zhangheng,east,2,5
2019/1/27 00:55:00,wuhe_zhangheng,east,2,4
2019/1/27 01:00:00,wuhe_zhangheng,east,1,3
2019/1/27 01:05:00,wuhe_zhangheng,east,1,5
2019/1/27 01:10:00,wuhe_zhangheng,east,3,5
2019/1/27 01:15:00,wuhe_zhangheng,east,2,6
2019/1/27 01:20:00,wuhe_zhangheng,east,2,3
2019/1/27 01:25:00,wuhe_zhangheng,east,1,3
2019/1/27 01:30:00,wuhe_zhangheng,east,1,6
2019/1/27 01:35:00,wuhe_zhangheng,east,1,5
2019/1/27 01:40:00,wuhe_zhangheng,east,0,2
2019/1/27 01:45:00,wuhe_zhangheng,east,2,3
2019/1/27 01:50:00,wuhe_zhangheng,east,1,1
2019/1/27 01:55:00,wuhe_zhangheng,east,0,1
2019/1/27 02:00:00,wuhe_zhangheng,east,0,2
2019/1/27 02:05:00,wuhe_zhangheng,east,0,1
2019/1/27 02:10:00,wuhe_zhangheng,east,1,3
2019/1/27 02:15:00,wuhe_zhangheng,east,1,0
2019/1/27 02:20:00,wuhe_zhangheng,east,1,6
2019/1/27 02:25:00,wuhe_zhangheng,east,0,2
2019/1/27 02:30:00,wuhe_zhangheng,east,1,2
2019/1/27 02:35:00,wuhe_zhangheng,east,0,5
2019/1/27 02:40:00,wuhe_zhangheng,east,1,2
2019/1/27 02:45:00,wuhe_zhangheng,east,1,3
2019/1/27 02:50:00,wuhe_zhangheng,east,0,1
2019/1/27 02:55:00,wuhe_zhangheng,east,0,2
2019/1/27 03:00:00,wuhe_zhangheng,east,1,2
2019/1/27 03:05:00,wuhe_zhangheng,east,1,0
2019/1/27 03:10:00,wuhe_zhangheng,east,1,4
2019/1/27 03:15:00,wuhe_zhangheng,east,1,3
2019/1/27 03:20:00,wuhe_zhangheng,east,2,3
2019/1/27 03:25:00,wuhe_zhangheng,east,0,1
2019/1/27 03:30:00,wuhe_zhangheng,east,1,2
2019/1/27 03:35:00,wuhe_zhangheng,east,0,2
2019/1/27 03:40:00,wuhe_zhangheng,east,0,0
2019/1/27 03:45:00,wuhe_zhangheng,east,0,0
2019/1/27 03:50:00,wuhe_zhangheng,east,1,2
2019/1/27 03:55:00,wuhe_zhangheng,east,1,1
2019/1/27 04:00:00,wuhe_zhangheng,east,0,2
2019/1/27 04:05:00,wuhe_zhangheng,east,1,1
2019/1/27 04:10:00,wuhe_zhangheng,east,0,2
2019/1/27 04:15:00,wuhe_zhangheng,east,1,3
2019/1/27 04:20:00,wuhe_zhangheng,east,0,1
2019/1/27 04:25:00,wuhe_zhangheng,east,0,2
2019/1/27 04:30:00,wuhe_zhangheng,east,0,1
2019/1/27 04:35:00,wuhe_zhangheng,east,0,3
2019/1/27 04:40:00,wuhe_zhangheng,east,0,0
2019/1/27 04:45:00,wuhe_zhangheng,east,0,2
2019/1/27 04:50:00,wuhe_zhangheng,east,0,3
2019/1/27 04:55:00,wuhe_zhangheng,east,0,6
2019/1/27 05:00:00,wuhe_zhangheng,east,0,2
2019/1/27 05:05:00,wuhe_zhangheng,east,0,1
2019/1/27 05:10:00,wuhe_zhangheng,east,0,5
2019/1/27 05:15:00,wuhe_zhangheng,east,1,1
2019/1/27 05:20:00,wuhe_zhangheng,east,2,4
2019/1/27 05:25:00,wuhe_zhangheng,east,0,2
2019/1/27 05:30:00,wuhe_zhangheng,east,1,4
2019/1/27 05:35:00,wuhe_zhangheng,east,2,5
2019/1/27 05:40:00,wuhe_zhangheng,east,1,4
2019/1/27 05:45:00,wuhe_zhangheng,east,0,2
2019/1/27 05:50:00,wuhe_zhangheng,east,0,3
2019/1/27 05:55:00,wuhe_zhangheng,east,1,4
2019/1/27 06:00:00,wuhe_zhangheng,east,1,3
2019/1/27 06:05:00,wuhe_zhangheng,east,0,10
2019/1/27 06:10:00,wuhe_zhangheng,east,1,3
2019/1/27 06:15:00,wuhe_zhangheng,east,1,5
2019/1/27 06:20:00,wuhe_zhangheng,east,1,6
2019/1/27 06:25:00,wuhe_zhangheng,east,0,3
2019/1/27 06:30:00,wuhe_zhangheng,east,0,5
2019/1/27 06:35:00,wuhe_zhangheng,east,1,5
2019/1/27 06:40:00,wuhe_zhangheng,east,1,5
2019/1/27 06:45:00,wuhe_zhangheng,east,0,6
2019/1/27 06:50:00,wuhe_zhangheng,east,4,7
2019/1/27 06:55:00,wuhe_zhangheng,east,1,7
2019/1/27 07:00:00,wuhe_zhangheng,east,0,7
2019/1/27 07:05:00,wuhe_zhangheng,east,1,12
2019/1/27 07:10:00,wuhe_zhangheng,east,1,6
2019/1/27 07:15:00,wuhe_zhangheng,east,2,7
2019/1/27 07:20:00,wuhe_zhangheng,east,1,14
2019/1/27 07:25:00,wuhe_zhangheng,east,1,7
2019/1/27 07:30:00,wuhe_zhangheng,east,1,10
2019/1/27 07:35:00,wuhe_zhangheng,east,1,11
2019/1/27 07:40:00,wuhe_zhangheng,east,2,8
2019/1/27 07:45:00,wuhe_zhangheng,east,3,18
2019/1/27 07:50:00,wuhe_zhangheng,east,1,6
2019/1/27 07:55:00,wuhe_zhangheng,east,4,11
2019/1/27 08:00:00,wuhe_zhangheng,east,5,11
2019/1/27 08:05:00,wuhe_zhangheng,east,0,7
2019/1/27 08:10:00,wuhe_zhangheng,east,2,25
2019/1/27 08:15:00,wuhe_zhangheng,east,0,5
2019/1/27 08:20:00,wuhe_zhangheng,east,2,25
2019/1/27 08:25:00,wuhe_zhangheng,east,4,20
2019/1/27 08:30:00,wuhe_zhangheng,east,3,9
2019/1/27 08:35:00,wuhe_zhangheng,east,3,21
2019/1/27 08:40:00,wuhe_zhangheng,east,2,15
2019/1/27 08:45:00,wuhe_zhangheng,east,3,9
2019/1/27 08:50:00,wuhe_zhangheng,east,2,16
2019/1/27 08:55:00,wuhe_zhangheng,east,0,14
2019/1/27 09:00:00,wuhe_zhangheng,east,0,19
2019/1/27 09:05:00,wuhe_zhangheng,east,4,19
2019/1/27 09:10:00,wuhe_zhangheng,east,3,17
2019/1/27 09:15:00,wuhe_zhangheng,east,1,16
2019/1/27 09:20:00,wuhe_zhangheng,east,2,8
2019/1/27 09:25:00,wuhe_zhangheng,east,2,11
2019/1/27 09:30:00,wuhe_zhangheng,east,1,20
2019/1/27 09:35:00,wuhe_zhangheng,east,5,20
2019/1/27 09:40:00,wuhe_zhangheng,east,4,22
2019/1/27 09:45:00,wuhe_zhangheng,east,5,21
2019/1/27 09:50:00,wuhe_zhangheng,east,2,14
2019/1/27 09:55:00,wuhe_zhangheng,east,5,20
2019/1/27 10:00:00,wuhe_zhangheng,east,3,15
2019/1/27 10:05:00,wuhe_zhangheng,east,7,17
2019/1/27 10:10:00,wuhe_zhangheng,east,2,12
2019/1/27 10:15:00,wuhe_zhangheng,east,4,24
2019/1/27 10:20:00,wuhe_zhangheng,east,2,22
2019/1/27 10:25:00,wuhe_zhangheng,east,2,12
2019/1/27 10:30:00,wuhe_zhangheng,east,3,23
2019/1/27 10:35:00,wuhe_zhangheng,east,3,29
2019/1/27 10:40:00,wuhe_zhangheng,east,0,29
2019/1/27 10:45:00,wuhe_zhangheng,east,0,11
2019/1/27 10:50:00,wuhe_zhangheng,east,5,19
2019/1/27 10:55:00,wuhe_zhangheng,east,5,17
2019/1/27 11:00:00,wuhe_zhangheng,east,3,8
2019/1/27 11:05:00,wuhe_zhangheng,east,4,18
2019/1/27 11:10:00,wuhe_zhangheng,east,7,18
2019/1/27 11:15:00,wuhe_zhangheng,east,3,6
2019/1/27 11:20:00,wuhe_zhangheng,east,5,16
2019/1/27 11:25:00,wuhe_zhangheng,east,1,25
2019/1/27 11:30:00,wuhe_zhangheng,east,3,18
2019/1/27 11:35:00,wuhe_zhangheng,east,3,10
2019/1/27 11:40:00,wuhe_zhangheng,east,4,21
2019/1/27 11:45:00,wuhe_zhangheng,east,2,8
2019/1/27 11:50:00,wuhe_zhangheng,east,1,7
2019/1/27 11:55:00,wuhe_zhangheng,east,3,13
2019/1/27 12:00:00,wuhe_zhangheng,east,5,18
2019/1/27 12:05:00,wuhe_zhangheng,east,2,12
2019/1/27 12:10:00,wuhe_zhangheng,east,0,17
2019/1/27 12:15:00,wuhe_zhangheng,east,4,19
2019/1/27 12:20:00,wuhe_zhangheng,east,2,8
2019/1/27 12:25:00,wuhe_zhangheng,east,2,10
2019/1/27 12:30:00,wuhe_zhangheng,east,3,17
2019/1/27 12:35:00,wuhe_zhangheng,east,4,7
2019/1/27 12:40:00,wuhe_zhangheng,east,4,17
2019/1/27 12:45:00,wuhe_zhangheng,east,6,26
2019/1/27 12:50:00,wuhe_zhangheng,east,0,15
2019/1/27 12:55:00,wuhe_zhangheng,east,0,20
2019/1/27 13:00:00,wuhe_zhangheng,east,3,23
2019/1/27 13:05:00,wuhe_zhangheng,east,1,9
2019/1/27 13:10:00,wuhe_zhangheng,east,3,12
2019/1/27 13:15:00,wuhe_zhangheng,east,5,15
2019/1/27 13:20:00,wuhe_zhangheng,east,1,13
2019/1/27 13:25:00,wuhe_zhangheng,east,3,11
2019/1/27 13:30:00,wuhe_zhangheng,east,5,20
2019/1/27 13:35:00,wuhe_zhangheng,east,1,20
2019/1/27 13:40:00,wuhe_zhangheng,east,2,8
2019/1/27 13:45:00,wuhe_zhangheng,east,3,25
2019/1/27 13:50:00,wuhe_zhangheng,east,3,18
2019/1/27 13:55:00,wuhe_zhangheng,east,0,17
2019/1/27 14:00:00,wuhe_zhangheng,east,3,23
2019/1/27 14:05:00,wuhe_zhangheng,east,3,26
2019/1/27 14:10:00,wuhe_zhangheng,east,1,9
2019/1/27 14:15:00,wuhe_zhangheng,east,5,22
2019/1/27 14:20:00,wuhe_zhangheng,east,1,19
2019/1/27 14:25:00,wuhe_zhangheng,east,4,22
2019/1/27 14:30:00,wuhe_zhangheng,east,1,14
2019/1/27 14:35:00,wuhe_zhangheng,east,4,23
2019/1/27 14:40:00,wuhe_zhangheng,east,5,23
2019/1/27 14:45:00,wuhe_zhangheng,east,1,15
2019/1/27 14:50:00,wuhe_zhangheng,east,2,13
2019/1/27 14:55:00,wuhe_zhangheng,east,3,29
2019/1/27 15:00:00,wuhe_zhangheng,east,7,26
2019/1/27 15:05:00,wuhe_zhangheng,east,2,8
2019/1/27 15:10:00,wuhe_zhangheng,east,7,21
2019/1/27 15:15:00,wuhe_zhangheng,east,2,21
2019/1/27 15:20:00,wuhe_zhangheng,east,1,15
2019/1/27 15:25:00,wuhe_zhangheng,east,3,14
2019/1/27 15:30:00,wuhe_zhangheng,east,4,26
2019/1/27 15:35:00,wuhe_zhangheng,east,5,21
2019/1/27 15:40:00,wuhe_zhangheng,east,1,11
2019/1/27 15:45:00,wuhe_zhangheng,east,6,12
2019/1/27 15:50:00,wuhe_zhangheng,east,4,12
2019/1/27 15:55:00,wuhe_zhangheng,east,0,18
2019/1/27 16:00:00,wuhe_zhangheng,east,2,7
2019/1/27 16:05:00,wuhe_zhangheng,east,2,12
2019/1/27 16:10:00,wuhe_zhangheng,east,5,18
2019/1/27 16:15:00,wuhe_zhangheng,east,2,10
2019/1/27 16:20:00,wuhe_zhangheng,east,2,16
2019/1/27 16:25:00,wuhe_zhangheng,east,0,11
2019/1/27 16:30:00,wuhe_zhangheng,east,2,17
2019/1/27 16:35:00,wuhe_zhangheng,east,6,5
2019/1/27 16:40:00,wuhe_zhangheng,east,2,19
2019/1/27 16:45:00,wuhe_zhangheng,east,3,20
2019/1/27 16:50:00,wuhe_zhangheng,east,1,7
2019/1/27 16:55:00,wuhe_zhangheng,east,1,19
2019/1/27 17:00:00,wuhe_zhangheng,east,7,16
2019/1/27 17:05:00,wuhe_zhangheng,east,0,8
2019/1/27 17:10:00,wuhe_zhangheng,east,7,14
2019/1/27 17:15:00,wuhe_zhangheng,east,5,17
2019/1/27 17:20:00,wuhe_zhangheng,east,1,6
2019/1/27 17:25:00,wuhe_zhangheng,east,3,10
2019/1/27 17:30:00,wuhe_zhangheng,east,3,18
2019/1/27 17:35:00,wuhe_zhangheng,east,2,7
2019/1/27 17:40:00,wuhe_zhangheng,east,2,8
2019/1/27 17:45:00,wuhe_zhangheng,east,2,10
2019/1/27 17:50:00,wuhe_zhangheng,east,2,7
2019/1/27 17:55:00,wuhe_zhangheng,east,4,15
2019/1/27 18:00:00,wuhe_zhangheng,east,5,11
2019/1/27 18:05:00,wuhe_zhangheng,east,3,8
2019/1/27 18:10:00,wuhe_zhangheng,east,1,22
2019/1/27 18:15:00,wuhe_zhangheng,east,7,20
2019/1/27 18:20:00,wuhe_zhangheng,east,0,12
2019/1/27 18:25:00,wuhe_zhangheng,east,1,20
2019/1/27 18:30:00,wuhe_zhangheng,east,2,17
2019/1/27 18:35:00,wuhe_zhangheng,east,0,13
2019/1/27 18:40:00,wuhe_zhangheng,east,0,16
2019/1/27 18:45:00,wuhe_zhangheng,east,1,21
2019/1/27 18:50:00,wuhe_zhangheng,east,0,11
2019/1/27 18:55:00,wuhe_zhangheng,east,0,22
2019/1/27 19:00:00,wuhe_zhangheng,east,0,16
2019/1/27 19:05:00,wuhe_zhangheng,east,1,6
2019/1/27 19:10:00,wuhe_zhangheng,east,0,11
2019/1/27 19:15:00,wuhe_zhangheng,east,0,12
2019/1/27 19:20:00,wuhe_zhangheng,east,1,27
2019/1/27 19:25:00,wuhe_zhangheng,east,1,10
2019/1/27 19:30:00,wuhe_zhangheng,east,0,12
2019/1/27 19:35:00,wuhe_zhangheng,east,0,22
2019/1/27 19:40:00,wuhe_zhangheng,east,1,24
2019/1/27 19:45:00,wuhe_zhangheng,east,0,14
2019/1/27 19:50:00,wuhe_zhangheng,east,1,11
2019/1/27 19:55:00,wuhe_zhangheng,east,1,15
2019/1/27 20:00:00,wuhe_zhangheng,east,0,11
2019/1/27 20:05:00,wuhe_zhangheng,east,0,12
2019/1/27 20:10:00,wuhe_zhangheng,east,1,19
2019/1/27 20:15:00,wuhe_zhangheng,east,0,8
2019/1/27 20:20:00,wuhe_zhangheng,east,2,17
2019/1/27 20:25:00,wuhe_zhangheng,east,0,23
2019/1/27 20:30:00,wuhe_zhangheng,east,0,19
2019/1/27 20:35:00,wuhe_zhangheng,east,1,15
2019/1/27 20:40:00,wuhe_zhangheng,east,0,7
2019/1/27 20:45:00,wuhe_zhangheng,east,2,14
2019/1/27 20:50:00,wuhe_zhangheng,east,0,12
2019/1/27 20:55:00,wuhe_zhangheng,east,1,16
2019/1/27 21:00:00,wuhe_zhangheng,east,0,11
2019/1/27 21:05:00,wuhe_zhangheng,east,1,11
2019/1/27 21:10:00,wuhe_zhangheng,east,1,18
2019/1/27 21:15:00,wuhe_zhangheng,east,0,18
2019/1/27 21:20:00,wuhe_zhangheng,east,2,17
2019/1/27 21:25:00,wuhe_zhangheng,east,2,16
2019/1/27 21:30:00,wuhe_zhangheng,east,0,7
2019/1/27 21:35:00,wuhe_zhangheng,east,1,13
2019/1/27 21:40:00,wuhe_zhangheng,east,0,9
2019/1/27 21:45:00,wuhe_zhangheng,east,1,8
2019/1/27 21:50:00,wuhe_zhangheng,east,0,12
2019/1/27 21:55:00,wuhe_zhangheng,east,0,4
2019/1/27 22:00:00,wuhe_zhangheng,east,0,8
2019/1/27 22:05:00,wuhe_zhangheng,east,0,16
2019/1/27 22:10:00,wuhe_zhangheng,east,1,12
2019/1/27 22:15:00,wuhe_zhangheng,east,0,11
2019/1/27 22:20:00,wuhe_zhangheng,east,1,6
2019/1/27 22:25:00,wuhe_zhangheng,east,0,10
2019/1/27 22:30:00,wuhe_zhangheng,east,1,11
2019/1/27 22:35:00,wuhe_zhangheng,east,0,10
2019/1/27 22:40:00,wuhe_zhangheng,east,2,13
2019/1/27 22:45:00,wuhe_zhangheng,east,0,9
2019/1/27 22:50:00,wuhe_zhangheng,east,1,8
2019/1/27 22:55:00,wuhe_zhangheng,east,0,9
2019/1/27 23:00:00,wuhe_zhangheng,east,2,11
2019/1/27 23:05:00,wuhe_zhangheng,east,1,11
2019/1/27 23:10:00,wuhe_zhangheng,east,0,6
2019/1/27 23:15:00,wuhe_zhangheng,east,0,12
2019/1/27 23:20:00,wuhe_zhangheng,east,0,12
2019/1/27 23:25:00,wuhe_zhangheng,east,1,8
2019/1/27 23:30:00,wuhe_zhangheng,east,2,6
2019/1/27 23:35:00,wuhe_zhangheng,east,0,3
2019/1/27 23:40:00,wuhe_zhangheng,east,0,5
2019/1/27 23:45:00,wuhe_zhangheng,east,0,9
2019/1/27 23:50:00,wuhe_zhangheng,east,1,3
2019/1/27 23:55:00,wuhe_zhangheng,east,0,5
