2019/1/27 00:00:00,wuhe_jiaxian,north,0,26
2019/1/27 00:05:00,wuhe_jiaxian,north,4,21
2019/1/27 00:10:00,wuhe_jiaxian,north,3,20
2019/1/27 00:15:00,wuhe_jiaxian,north,2,17
2019/1/27 00:20:00,wuhe_jiaxian,north,1,17
2019/1/27 00:25:00,wuhe_jiaxian,north,1,16
2019/1/27 00:30:00,wuhe_jiaxian,north,5,17
2019/1/27 00:35:00,wuhe_jiaxian,north,1,10
2019/1/27 00:40:00,wuhe_jiaxian,north,0,9
2019/1/27 00:45:00,wuhe_jiaxian,north,1,17
2019/1/27 00:50:00,wuhe_jiaxian,north,2,11
2019/1/27 00:55:00,wuhe_jiaxian,north,1,16
2019/1/27 01:00:00,wuhe_jiaxian,north,2,13
2019/1/27 01:05:00,wuhe_jiaxian,north,1,4
2019/1/27 01:10:00,wuhe_jiaxian,north,1,12
2019/1/27 01:15:00,wuhe_jiaxian,north,0,6
2019/1/27 01:20:00,wuhe_jiaxian,north,3,8
2019/1/27 01:25:00,wuhe_jiaxian,north,2,13
2019/1/27 01:30:00,wuhe_jiaxian,north,1,9
2019/1/27 01:35:00,wuhe_jiaxian,north,2,8
2019/1/27 01:40:00,wuhe_jiaxian,north,0,3
2019/1/27 01:45:00,wuhe_jiaxian,north,0,8
2019/1/27 01:50:00,wuhe_jiaxian,north,1,5
2019/1/27 01:55:00,wuhe_jiaxian,north,0,4
2019/1/27 02:00:00,wuhe_jiaxian,north,0,5
2019/1/27 02:05:00,wuhe_jiaxian,north,2,4
2019/1/27 02:10:00,wuhe_jiaxian,north,4,7
2019/1/27 02:15:00,wuhe_jiaxian,north,0,5
2019/1/27 02:20:00,wuhe_jiaxian,north,0,12
2019/1/27 02:25:00,wuhe_jiaxian,north,0,9
2019/1/27 02:30:00,wuhe_jiaxian,north,3,5
2019/1/27 02:35:00,wuhe_jiaxian,north,0,5
2019/1/27 02:40:00,wuhe_jiaxian,north,1,6
2019/1/27 02:45:00,wuhe_jiaxian,north,0,3
2019/1/27 02:50:00,wuhe_jiaxian,north,2,3
2019/1/27 02:55:00,wuhe_jiaxian,north,1,3
2019/1/27 03:00:00,wuhe_jiaxian,north,1,5
2019/1/27 03:05:00,wuhe_jiaxian,north,0,4
2019/1/27 03:10:00,wuhe_jiaxian,north,0,4
2019/1/27 03:15:00,wuhe_jiaxian,north,0,4
2019/1/27 03:20:00,wuhe_jiaxian,north,1,6
2019/1/27 03:25:00,wuhe_jiaxian,north,2,2
2019/1/27 03:30:00,wuhe_jiaxian,north,2,3
2019/1/27 03:35:00,wuhe_jiaxian,north,1,2
2019/1/27 03:40:00,wuhe_jiaxian,north,0,5
2019/1/27 03:45:00,wuhe_jiaxian,north,0,3
2019/1/27 03:50:00,wuhe_jiaxian,north,0,4
2019/1/27 03:55:00,wuhe_jiaxian,north,0,4
2019/1/27 04:00:00,wuhe_jiaxian,north,1,6
2019/1/27 04:05:00,wuhe_jiaxian,north,0,3
2019/1/27 04:10:00,wuhe_jiaxian,north,0,7
2019/1/27 04:15:00,wuhe_jiaxian,north,0,4
2019/1/27 04:20:00,wuhe_jiaxian,north,0,5
2019/1/27 04:25:00,wuhe_jiaxian,north,1,2
2019/1/27 04:30:00,wuhe_jiaxian,north,1,5
2019/1/27 04:35:00,wuhe_jiaxian,north,2,3
2019/1/27 04:40:00,wuhe_jiaxian,north,2,3
2019/1/27 04:45:00,wuhe_jiaxian,north,0,2
2019/1/27 04:50:00,wuhe_jiaxian,north,0,3
2019/1/27 04:55:00,wuhe_jiaxian,north,0,3
2019/1/27 05:00:00,wuhe_jiaxian,north,0,3
2019/1/27 05:05:00,wuhe_jiaxian,north,0,1
2019/1/27 05:10:00,wuhe_jiaxian,north,0,5
2019/1/27 05:15:00,wuhe_jiaxian,north,1,3
2019/1/27 05:20:00,wuhe_jiaxian,north,0,4
2019/1/27 05:25:00,wuhe_jiaxian,north,0,3
2019/1/27 05:30:00,wuhe_jiaxian,north,1,2
2019/1/27 05:35:00,wuhe_jiaxian,north,1,5
2019/1/27 05:40:00,wuhe_jiaxian,north,0,4
2019/1/27 05:45:00,wuhe_jiaxian,north,0,5
2019/1/27 05:50:00,wuhe_jiaxian,north,2,3
2019/1/27 05:55:00,wuhe_jiaxian,north,1,2
2019/1/27 06:00:00,wuhe_jiaxian,north,1,1
2019/1/27 06:05:00,wuhe_jiaxian,north,1,0
2019/1/27 06:10:00,wuhe_jiaxian,north,0,6
2019/1/27 06:15:00,wuhe_jiaxian,north,1,3
2019/1/27 06:20:00,wuhe_jiaxian,north,3,5
2019/1/27 06:25:00,wuhe_jiaxian,north,0,5
2019/1/27 06:30:00,wuhe_jiaxian,north,1,2
2019/1/27 06:35:00,wuhe_jiaxian,north,0,6
2019/1/27 06:40:00,wuhe_jiaxian,north,0,8
2019/1/27 06:45:00,wuhe_jiaxian,north,2,8
2019/1/27 06:50:00,wuhe_jiaxian,north,1,11
2019/1/27 06:55:00,wuhe_jiaxian,north,0,12
2019/1/27 07:00:00,wuhe_jiaxian,north,1,9
2019/1/27 07:05:00,wuhe_jiaxian,north,0,9
2019/1/27 07:10:00,wuhe_jiaxian,north,3,14
2019/1/27 07:15:00,wuhe_jiaxian,north,3,6
2019/1/27 07:20:00,wuhe_jiaxian,north,4,7
2019/1/27 07:25:00,wuhe_jiaxian,north,2,13
2019/1/27 07:30:00,wuhe_jiaxian,north,1,9
2019/1/27 07:35:00,wuhe_jiaxian,north,7,12
2019/1/27 07:40:00,wuhe_jiaxian,north,1,16
2019/1/27 07:45:00,wuhe_jiaxian,north,2,19
2019/1/27 07:50:00,wuhe_jiaxian,north,3,26
2019/1/27 07:55:00,wuhe_jiaxian,north,9,18
2019/1/27 08:00:00,wuhe_jiaxian,north,8,30
2019/1/27 08:05:00,wuhe_jiaxian,north,10,18
2019/1/27 08:10:00,wuhe_jiaxian,north,3,18
2019/1/27 08:15:00,wuhe_jiaxian,north,4,25
2019/1/27 08:20:00,wuhe_jiaxian,north,5,19
2019/1/27 08:25:00,wuhe_jiaxian,north,12,25
2019/1/27 08:30:00,wuhe_jiaxian,north,7,30
2019/1/27 08:35:00,wuhe_jiaxian,north,6,21
2019/1/27 08:40:00,wuhe_jiaxian,north,4,22
2019/1/27 08:45:00,wuhe_jiaxian,north,11,16
2019/1/27 08:50:00,wuhe_jiaxian,north,10,23
2019/1/27 08:55:00,wuhe_jiaxian,north,3,28
2019/1/27 09:00:00,wuhe_jiaxian,north,4,15
2019/1/27 09:05:00,wuhe_jiaxian,north,3,30
2019/1/27 09:10:00,wuhe_jiaxian,north,4,19
2019/1/27 09:15:00,wuhe_jiaxian,north,7,22
2019/1/27 09:20:00,wuhe_jiaxian,north,7,23
2019/1/27 09:25:00,wuhe_jiaxian,north,2,28
2019/1/27 09:30:00,wuhe_jiaxian,north,7,34
2019/1/27 09:35:00,wuhe_jiaxian,north,4,19
2019/1/27 09:40:00,wuhe_jiaxian,north,11,33
2019/1/27 09:45:00,wuhe_jiaxian,north,6,35
2019/1/27 09:50:00,wuhe_jiaxian,north,7,39
2019/1/27 09:55:00,wuhe_jiaxian,north,4,28
2019/1/27 10:00:00,wuhe_jiaxian,north,5,22
2019/1/27 10:05:00,wuhe_jiaxian,north,7,37
2019/1/27 10:10:00,wuhe_jiaxian,north,4,31
2019/1/27 10:15:00,wuhe_jiaxian,north,7,24
2019/1/27 10:20:00,wuhe_jiaxian,north,6,28
2019/1/27 10:25:00,wuhe_jiaxian,north,2,34
2019/1/27 10:30:00,wuhe_jiaxian,north,10,31
2019/1/27 10:35:00,wuhe_jiaxian,north,11,41
2019/1/27 10:40:00,wuhe_jiaxian,north,5,33
2019/1/27 10:45:00,wuhe_jiaxian,north,5,34
2019/1/27 10:50:00,wuhe_jiaxian,north,5,28
2019/1/27 10:55:00,wuhe_jiaxian,north,9,36
2019/1/27 11:00:00,wuhe_jiaxian,north,7,32
2019/1/27 11:05:00,wuhe_jiaxian,north,7,26
2019/1/27 11:10:00,wuhe_jiaxian,north,3,32
2019/1/27 11:15:00,wuhe_jiaxian,north,6,38
2019/1/27 11:20:00,wuhe_jiaxian,north,7,42
2019/1/27 11:25:00,wuhe_jiaxian,north,11,32
2019/1/27 11:30:00,wuhe_jiaxian,north,8,50
2019/1/27 11:35:00,wuhe_jiaxian,north,8,34
2019/1/27 11:40:00,wuhe_jiaxian,north,3,27
2019/1/27 11:45:00,wuhe_jiaxian,north,5,26
2019/1/27 11:50:00,wuhe_jiaxian,north,7,28
2019/1/27 11:55:00,wuhe_jiaxian,north,9,35
2019/1/27 12:00:00,wuhe_jiaxian,north,4,29
2019/1/27 12:05:00,wuhe_jiaxian,north,5,34
2019/1/27 12:10:00,wuhe_jiaxian,north,8,30
2019/1/27 12:15:00,wuhe_jiaxian,north,4,33
2019/1/27 12:20:00,wuhe_jiaxian,north,7,38
2019/1/27 12:25:00,wuhe_jiaxian,north,1,14
2019/1/27 12:30:00,wuhe_jiaxian,north,5,47
2019/1/27 12:35:00,wuhe_jiaxian,north,2,22
2019/1/27 12:40:00,wuhe_jiaxian,north,4,37
2019/1/27 12:45:00,wuhe_jiaxian,north,7,28
2019/1/27 12:50:00,wuhe_jiaxian,north,5,32
2019/1/27 12:55:00,wuhe_jiaxian,north,3,14
2019/1/27 13:00:00,wuhe_jiaxian,north,9,27
2019/1/27 13:05:00,wuhe_jiaxian,north,4,24
2019/1/27 13:10:00,wuhe_jiaxian,north,4,27
2019/1/27 13:15:00,wuhe_jiaxian,north,3,38
2019/1/27 13:20:00,wuhe_jiaxian,north,2,36
2019/1/27 13:25:00,wuhe_jiaxian,north,11,21
2019/1/27 13:30:00,wuhe_jiaxian,north,8,38
2019/1/27 13:35:00,wuhe_jiaxian,north,4,40
2019/1/27 13:40:00,wuhe_jiaxian,north,5,35
2019/1/27 13:45:00,wuhe_jiaxian,north,5,26
2019/1/27 13:50:00,wuhe_jiaxian,north,8,42
2019/1/27 13:55:00,wuhe_jiaxian,north,2,24
2019/1/27 14:00:00,wuhe_jiaxian,north,6,29
2019/1/27 14:05:00,wuhe_jiaxian,north,6,22
2019/1/27 14:10:00,wuhe_jiaxian,north,6,41
2019/1/27 14:15:00,wuhe_jiaxian,north,5,25
2019/1/27 14:20:00,wuhe_jiaxian,north,6,37
2019/1/27 14:25:00,wuhe_jiaxian,north,8,45
2019/1/27 14:30:00,wuhe_jiaxian,north,4,44
2019/1/27 14:35:00,wuhe_jiaxian,north,8,26
2019/1/27 14:40:00,wuhe_jiaxian,north,9,42
2019/1/27 14:45:00,wuhe_jiaxian,north,2,44
2019/1/27 14:50:00,wuhe_jiaxian,north,4,27
2019/1/27 14:55:00,wuhe_jiaxian,north,9,50
2019/1/27 15:00:00,wuhe_jiaxian,north,2,52
2019/1/27 15:05:00,wuhe_jiaxian,north,3,21
2019/1/27 15:10:00,wuhe_jiaxian,north,7,46
2019/1/27 15:15:00,wuhe_jiaxian,north,9,44
2019/1/27 15:20:00,wuhe_jiaxian,north,7,29
2019/1/27 15:25:00,wuhe_jiaxian,north,6,28
2019/1/27 15:30:00,wuhe_jiaxian,north,3,25
2019/1/27 15:35:00,wuhe_jiaxian,north,4,48
2019/1/27 15:40:00,wuhe_jiaxian,north,9,24
2019/1/27 15:45:00,wuhe_jiaxian,north,2,26
2019/1/27 15:50:00,wuhe_jiaxian,north,4,34
2019/1/27 15:55:00,wuhe_jiaxian,north,8,40
2019/1/27 16:00:00,wuhe_jiaxian,north,4,34
2019/1/27 16:05:00,wuhe_jiaxian,north,10,27
2019/1/27 16:10:00,wuhe_jiaxian,north,9,46
2019/1/27 16:15:00,wuhe_jiaxian,north,3,32
2019/1/27 16:20:00,wuhe_jiaxian,north,13,34
2019/1/27 16:25:00,wuhe_jiaxian,north,14,37
2019/1/27 16:30:00,wuhe_jiaxian,north,4,35
2019/1/27 16:35:00,wuhe_jiaxian,north,5,35
2019/1/27 16:40:00,wuhe_jiaxian,north,6,21
2019/1/27 16:45:00,wuhe_jiaxian,north,1,42
2019/1/27 16:50:00,wuhe_jiaxian,north,3,40
2019/1/27 16:55:00,wuhe_jiaxian,north,10,32
2019/1/27 17:00:00,wuhe_jiaxian,north,6,38
2019/1/27 17:05:00,wuhe_jiaxian,north,10,43
2019/1/27 17:10:00,wuhe_jiaxian,north,4,38
2019/1/27 17:15:00,wuhe_jiaxian,north,2,33
2019/1/27 17:20:00,wuhe_jiaxian,north,7,60
2019/1/27 17:25:00,wuhe_jiaxian,north,5,28
2019/1/27 17:30:00,wuhe_jiaxian,north,9,40
2019/1/27 17:35:00,wuhe_jiaxian,north,3,40
2019/1/27 17:40:00,wuhe_jiaxian,north,14,49
2019/1/27 17:45:00,wuhe_jiaxian,north,7,40
2019/1/27 17:50:00,wuhe_jiaxian,north,5,43
2019/1/27 17:55:00,wuhe_jiaxian,north,3,23
2019/1/27 18:00:00,wuhe_jiaxian,north,3,42
2019/1/27 18:05:00,wuhe_jiaxian,north,6,39
2019/1/27 18:10:00,wuhe_jiaxian,north,5,26
2019/1/27 18:15:00,wuhe_jiaxian,north,3,29
2019/1/27 18:20:00,wuhe_jiaxian,north,4,52
2019/1/27 18:25:00,wuhe_jiaxian,north,7,27
2019/1/27 18:30:00,wuhe_jiaxian,north,6,39
2019/1/27 18:35:00,wuhe_jiaxian,north,4,42
2019/1/27 18:40:00,wuhe_jiaxian,north,5,45
2019/1/27 18:45:00,wuhe_jiaxian,north,2,21
2019/1/27 18:50:00,wuhe_jiaxian,north,11,37
2019/1/27 18:55:00,wuhe_jiaxian,north,5,37
2019/1/27 19:00:00,wuhe_jiaxian,north,6,34
2019/1/27 19:05:00,wuhe_jiaxian,north,6,26
2019/1/27 19:10:00,wuhe_jiaxian,north,6,22
2019/1/27 19:15:00,wuhe_jiaxian,north,7,27
2019/1/27 19:20:00,wuhe_jiaxian,north,6,42
2019/1/27 19:25:00,wuhe_jiaxian,north,7,33
2019/1/27 19:30:00,wuhe_jiaxian,north,7,35
2019/1/27 19:35:00,wuhe_jiaxian,north,7,30
2019/1/27 19:40:00,wuhe_jiaxian,north,2,24
2019/1/27 19:45:00,wuhe_jiaxian,north,3,31
2019/1/27 19:50:00,wuhe_jiaxian,north,8,38
2019/1/27 19:55:00,wuhe_jiaxian,north,6,31
2019/1/27 20:00:00,wuhe_jiaxian,north,3,19
2019/1/27 20:05:00,wuhe_jiaxian,north,2,28
2019/1/27 20:10:00,wuhe_jiaxian,north,8,35
2019/1/27 20:15:00,wuhe_jiaxian,north,7,32
2019/1/27 20:20:00,wuhe_jiaxian,north,7,19
2019/1/27 20:25:00,wuhe_jiaxian,north,5,37
2019/1/27 20:30:00,wuhe_jiaxian,north,7,29
2019/1/27 20:35:00,wuhe_jiaxian,north,4,23
2019/1/27 20:40:00,wuhe_jiaxian,north,1,31
2019/1/27 20:45:00,wuhe_jiaxian,north,1,30
2019/1/27 20:50:00,wuhe_jiaxian,north,4,25
2019/1/27 20:55:00,wuhe_jiaxian,north,5,37
2019/1/27 21:00:00,wuhe_jiaxian,north,3,29
2019/1/27 21:05:00,wuhe_jiaxian,north,3,20
2019/1/27 21:10:00,wuhe_jiaxian,north,4,38
2019/1/27 21:15:00,wuhe_jiaxian,north,3,26
2019/1/27 21:20:00,wuhe_jiaxian,north,1,35
2019/1/27 21:25:00,wuhe_jiaxian,north,4,38
2019/1/27 21:30:00,wuhe_jiaxian,north,4,27
2019/1/27 21:35:00,wuhe_jiaxian,north,7,23
2019/1/27 21:40:00,wuhe_jiaxian,north,10,26
2019/1/27 21:45:00,wuhe_jiaxian,north,4,34
2019/1/27 21:50:00,wuhe_jiaxian,north,6,27
2019/1/27 21:55:00,wuhe_jiaxian,north,9,30
2019/1/27 22:00:00,wuhe_jiaxian,north,1,17
2019/1/27 22:05:00,wuhe_jiaxian,north,8,16
2019/1/27 22:10:00,wuhe_jiaxian,north,2,32
2019/1/27 22:15:00,wuhe_jiaxian,north,5,26
2019/1/27 22:20:00,wuhe_jiaxian,north,5,18
2019/1/27 22:25:00,wuhe_jiaxian,north,3,19
2019/1/27 22:30:00,wuhe_jiaxian,north,6,28
2019/1/27 22:35:00,wuhe_jiaxian,north,3,20
2019/1/27 22:40:00,wuhe_jiaxian,north,4,18
2019/1/27 22:45:00,wuhe_jiaxian,north,8,16
2019/1/27 22:50:00,wuhe_jiaxian,north,1,11
2019/1/27 22:55:00,wuhe_jiaxian,north,5,19
2019/1/27 23:00:00,wuhe_jiaxian,north,4,16
2019/1/27 23:05:00,wuhe_jiaxian,north,3,28
2019/1/27 23:10:00,wuhe_jiaxian,north,4,22
2019/1/27 23:15:00,wuhe_jiaxian,north,2,14
2019/1/27 23:20:00,wuhe_jiaxian,north,0,17
2019/1/27 23:25:00,wuhe_jiaxian,north,2,18
2019/1/27 23:30:00,wuhe_jiaxian,north,3,16
2019/1/27 23:35:00,wuhe_jiaxian,north,1,18
2019/1/27 23:40:00,wuhe_jiaxian,north,0,10
2019/1/27 23:45:00,wuhe_jiaxian,north,3,19
2019/1/27 23:50:00,wuhe_jiaxian,north,1,18
2019/1/27 23:55:00,wuhe_jiaxian,north,5,23
