2019/1/15 00:00:00,chongzhi_beier,west,10,29
2019/1/15 00:05:00,chongzhi_beier,west,5,15
2019/1/15 00:10:00,chongzhi_beier,west,6,19
2019/1/15 00:15:00,chongzhi_beier,west,7,18
2019/1/15 00:20:00,chongzhi_beier,west,7,18
2019/1/15 00:25:00,chongzhi_beier,west,5,17
2019/1/15 00:30:00,chongzhi_beier,west,3,14
2019/1/15 00:35:00,chongzhi_beier,west,7,17
2019/1/15 00:40:00,chongzhi_beier,west,7,12
2019/1/15 00:45:00,chongzhi_beier,west,7,16
2019/1/15 00:50:00,chongzhi_beier,west,8,11
2019/1/15 00:55:00,chongzhi_beier,west,3,15
2019/1/15 01:00:00,chongzhi_beier,west,5,11
2019/1/15 01:05:00,chongzhi_beier,west,4,9
2019/1/15 01:10:00,chongzhi_beier,west,7,13
2019/1/15 01:15:00,chongzhi_beier,west,5,14
2019/1/15 01:20:00,chongzhi_beier,west,8,13
2019/1/15 01:25:00,chongzhi_beier,west,2,12
2019/1/15 01:30:00,chongzhi_beier,west,3,8
2019/1/15 01:35:00,chongzhi_beier,west,4,15
2019/1/15 01:40:00,chongzhi_beier,west,4,5
2019/1/15 01:45:00,chongzhi_beier,west,7,7
2019/1/15 01:50:00,chongzhi_beier,west,2,7
2019/1/15 01:55:00,chongzhi_beier,west,3,8
2019/1/15 02:00:00,chongzhi_beier,west,4,12
2019/1/15 02:05:00,chongzhi_beier,west,6,8
2019/1/15 02:10:00,chongzhi_beier,west,7,10
2019/1/15 02:15:00,chongzhi_beier,west,7,9
2019/1/15 02:20:00,chongzhi_beier,west,4,9
2019/1/15 02:25:00,chongzhi_beier,west,4,11
2019/1/15 02:30:00,chongzhi_beier,west,5,7
2019/1/15 02:35:00,chongzhi_beier,west,6,4
2019/1/15 02:40:00,chongzhi_beier,west,2,8
2019/1/15 02:45:00,chongzhi_beier,west,3,6
2019/1/15 02:50:00,chongzhi_beier,west,1,12
2019/1/15 02:55:00,chongzhi_beier,west,6,7
2019/1/15 03:00:00,chongzhi_beier,west,1,1
2019/1/15 03:05:00,chongzhi_beier,west,3,6
2019/1/15 03:10:00,chongzhi_beier,west,5,7
2019/1/15 03:15:00,chongzhi_beier,west,0,1
2019/1/15 03:20:00,chongzhi_beier,west,0,4
2019/1/15 03:25:00,chongzhi_beier,west,3,5
2019/1/15 03:30:00,chongzhi_beier,west,1,5
2019/1/15 03:35:00,chongzhi_beier,west,2,4
2019/1/15 03:40:00,chongzhi_beier,west,3,10
2019/1/15 03:45:00,chongzhi_beier,west,3,5
2019/1/15 03:50:00,chongzhi_beier,west,3,7
2019/1/15 03:55:00,chongzhi_beier,west,3,4
2019/1/15 04:00:00,chongzhi_beier,west,4,0
2019/1/15 04:05:00,chongzhi_beier,west,2,4
2019/1/15 04:10:00,chongzhi_beier,west,3,7
2019/1/15 04:15:00,chongzhi_beier,west,1,3
2019/1/15 04:20:00,chongzhi_beier,west,2,1
2019/1/15 04:25:00,chongzhi_beier,west,4,3
2019/1/15 04:30:00,chongzhi_beier,west,3,3
2019/1/15 04:35:00,chongzhi_beier,west,2,1
2019/1/15 04:40:00,chongzhi_beier,west,0,3
2019/1/15 04:45:00,chongzhi_beier,west,3,7
2019/1/15 04:50:00,chongzhi_beier,west,1,5
2019/1/15 04:55:00,chongzhi_beier,west,3,3
2019/1/15 05:00:00,chongzhi_beier,west,3,3
2019/1/15 05:05:00,chongzhi_beier,west,1,5
2019/1/15 05:10:00,chongzhi_beier,west,1,2
2019/1/15 05:15:00,chongzhi_beier,west,3,4
2019/1/15 05:20:00,chongzhi_beier,west,2,2
2019/1/15 05:25:00,chongzhi_beier,west,4,2
2019/1/15 05:30:00,chongzhi_beier,west,2,8
2019/1/15 05:35:00,chongzhi_beier,west,2,6
2019/1/15 05:40:00,chongzhi_beier,west,1,5
2019/1/15 05:45:00,chongzhi_beier,west,1,3
2019/1/15 05:50:00,chongzhi_beier,west,0,13
2019/1/15 05:55:00,chongzhi_beier,west,1,7
2019/1/15 06:00:00,chongzhi_beier,west,1,2
2019/1/15 06:05:00,chongzhi_beier,west,1,6
2019/1/15 06:10:00,chongzhi_beier,west,3,11
2019/1/15 06:15:00,chongzhi_beier,west,1,2
2019/1/15 06:20:00,chongzhi_beier,west,2,8
2019/1/15 06:25:00,chongzhi_beier,west,1,7
2019/1/15 06:30:00,chongzhi_beier,west,1,10
2019/1/15 06:35:00,chongzhi_beier,west,3,14
2019/1/15 06:40:00,chongzhi_beier,west,3,15
2019/1/15 06:45:00,chongzhi_beier,west,1,12
2019/1/15 06:50:00,chongzhi_beier,west,1,10
2019/1/15 06:55:00,chongzhi_beier,west,5,18
2019/1/15 07:00:00,chongzhi_beier,west,4,19
2019/1/15 07:05:00,chongzhi_beier,west,3,29
2019/1/15 07:10:00,chongzhi_beier,west,4,15
2019/1/15 07:15:00,chongzhi_beier,west,8,29
2019/1/15 07:20:00,chongzhi_beier,west,8,24
2019/1/15 07:25:00,chongzhi_beier,west,11,26
2019/1/15 07:30:00,chongzhi_beier,west,11,37
2019/1/15 07:35:00,chongzhi_beier,west,27,31
2019/1/15 07:40:00,chongzhi_beier,west,15,23
2019/1/15 07:45:00,chongzhi_beier,west,13,24
2019/1/15 07:50:00,chongzhi_beier,west,25,27
2019/1/15 07:55:00,chongzhi_beier,west,22,29
2019/1/15 08:00:00,chongzhi_beier,west,36,38
2019/1/15 08:05:00,chongzhi_beier,west,28,31
2019/1/15 08:10:00,chongzhi_beier,west,49,49
2019/1/15 08:15:00,chongzhi_beier,west,34,41
2019/1/15 08:20:00,chongzhi_beier,west,33,30
2019/1/15 08:25:00,chongzhi_beier,west,70,47
2019/1/15 08:30:00,chongzhi_beier,west,58,50
2019/1/15 08:35:00,chongzhi_beier,west,51,38
2019/1/15 08:40:00,chongzhi_beier,west,45,40
2019/1/15 08:45:00,chongzhi_beier,west,25,44
2019/1/15 08:50:00,chongzhi_beier,west,38,38
2019/1/15 08:55:00,chongzhi_beier,west,36,34
2019/1/15 09:00:00,chongzhi_beier,west,35,43
2019/1/15 09:05:00,chongzhi_beier,west,33,39
2019/1/15 09:10:00,chongzhi_beier,west,22,44
2019/1/15 09:15:00,chongzhi_beier,west,24,44
2019/1/15 09:20:00,chongzhi_beier,west,14,28
2019/1/15 09:25:00,chongzhi_beier,west,25,41
2019/1/15 09:30:00,chongzhi_beier,west,19,58
2019/1/15 09:35:00,chongzhi_beier,west,25,46
2019/1/15 09:40:00,chongzhi_beier,west,18,43
2019/1/15 09:45:00,chongzhi_beier,west,14,33
2019/1/15 09:50:00,chongzhi_beier,west,16,56
2019/1/15 09:55:00,chongzhi_beier,west,15,49
2019/1/15 10:00:00,chongzhi_beier,west,7,45
2019/1/15 10:05:00,chongzhi_beier,west,14,44
2019/1/15 10:10:00,chongzhi_beier,west,10,45
2019/1/15 10:15:00,chongzhi_beier,west,9,37
2019/1/15 10:20:00,chongzhi_beier,west,12,29
2019/1/15 10:25:00,chongzhi_beier,west,7,29
2019/1/15 10:30:00,chongzhi_beier,west,9,42
2019/1/15 10:35:00,chongzhi_beier,west,12,55
2019/1/15 10:40:00,chongzhi_beier,west,12,39
2019/1/15 10:45:00,chongzhi_beier,west,10,45
2019/1/15 10:50:00,chongzhi_beier,west,9,37
2019/1/15 10:55:00,chongzhi_beier,west,3,36
2019/1/15 11:00:00,chongzhi_beier,west,8,34
2019/1/15 11:05:00,chongzhi_beier,west,9,35
2019/1/15 11:10:00,chongzhi_beier,west,11,32
2019/1/15 11:15:00,chongzhi_beier,west,9,54
2019/1/15 11:20:00,chongzhi_beier,west,15,48
2019/1/15 11:25:00,chongzhi_beier,west,11,46
2019/1/15 11:30:00,chongzhi_beier,west,3,42
2019/1/15 11:35:00,chongzhi_beier,west,8,60
2019/1/15 11:40:00,chongzhi_beier,west,16,58
2019/1/15 11:45:00,chongzhi_beier,west,6,35
2019/1/15 11:50:00,chongzhi_beier,west,7,51
2019/1/15 11:55:00,chongzhi_beier,west,5,34
2019/1/15 12:00:00,chongzhi_beier,west,11,61
2019/1/15 12:05:00,chongzhi_beier,west,15,42
2019/1/15 12:10:00,chongzhi_beier,west,7,40
2019/1/15 12:15:00,chongzhi_beier,west,14,50
2019/1/15 12:20:00,chongzhi_beier,west,7,21
2019/1/15 12:25:00,chongzhi_beier,west,13,52
2019/1/15 12:30:00,chongzhi_beier,west,5,29
2019/1/15 12:35:00,chongzhi_beier,west,9,34
2019/1/15 12:40:00,chongzhi_beier,west,7,37
2019/1/15 12:45:00,chongzhi_beier,west,12,49
2019/1/15 12:50:00,chongzhi_beier,west,8,48
2019/1/15 12:55:00,chongzhi_beier,west,6,31
2019/1/15 13:00:00,chongzhi_beier,west,6,31
2019/1/15 13:05:00,chongzhi_beier,west,9,28
2019/1/15 13:10:00,chongzhi_beier,west,15,58
2019/1/15 13:15:00,chongzhi_beier,west,8,27
2019/1/15 13:20:00,chongzhi_beier,west,11,37
2019/1/15 13:25:00,chongzhi_beier,west,12,36
2019/1/15 13:30:00,chongzhi_beier,west,11,54
2019/1/15 13:35:00,chongzhi_beier,west,10,36
2019/1/15 13:40:00,chongzhi_beier,west,15,30
2019/1/15 13:45:00,chongzhi_beier,west,17,44
2019/1/15 13:50:00,chongzhi_beier,west,11,31
2019/1/15 13:55:00,chongzhi_beier,west,18,61
2019/1/15 14:00:00,chongzhi_beier,west,1,38
2019/1/15 14:05:00,chongzhi_beier,west,14,47
2019/1/15 14:10:00,chongzhi_beier,west,11,40
2019/1/15 14:15:00,chongzhi_beier,west,15,55
2019/1/15 14:20:00,chongzhi_beier,west,15,53
2019/1/15 14:25:00,chongzhi_beier,west,16,52
2019/1/15 14:30:00,chongzhi_beier,west,12,50
2019/1/15 14:35:00,chongzhi_beier,west,15,50
2019/1/15 14:40:00,chongzhi_beier,west,9,45
2019/1/15 14:45:00,chongzhi_beier,west,7,29
2019/1/15 14:50:00,chongzhi_beier,west,13,70
2019/1/15 14:55:00,chongzhi_beier,west,11,47
2019/1/15 15:00:00,chongzhi_beier,west,11,52
2019/1/15 15:05:00,chongzhi_beier,west,4,37
2019/1/15 15:10:00,chongzhi_beier,west,7,48
2019/1/15 15:15:00,chongzhi_beier,west,9,43
2019/1/15 15:20:00,chongzhi_beier,west,8,55
2019/1/15 15:25:00,chongzhi_beier,west,7,64
2019/1/15 15:30:00,chongzhi_beier,west,12,38
2019/1/15 15:35:00,chongzhi_beier,west,10,52
2019/1/15 15:40:00,chongzhi_beier,west,7,36
2019/1/15 15:45:00,chongzhi_beier,west,5,36
2019/1/15 15:50:00,chongzhi_beier,west,11,45
2019/1/15 15:55:00,chongzhi_beier,west,7,59
2019/1/15 16:00:00,chongzhi_beier,west,6,49
2019/1/15 16:05:00,chongzhi_beier,west,6,73
2019/1/15 16:10:00,chongzhi_beier,west,6,50
2019/1/15 16:15:00,chongzhi_beier,west,8,53
2019/1/15 16:20:00,chongzhi_beier,west,17,45
2019/1/15 16:25:00,chongzhi_beier,west,10,65
2019/1/15 16:30:00,chongzhi_beier,west,7,31
2019/1/15 16:35:00,chongzhi_beier,west,8,54
2019/1/15 16:40:00,chongzhi_beier,west,7,48
2019/1/15 16:45:00,chongzhi_beier,west,8,53
2019/1/15 16:50:00,chongzhi_beier,west,17,43
2019/1/15 16:55:00,chongzhi_beier,west,4,45
2019/1/15 17:00:00,chongzhi_beier,west,5,31
2019/1/15 17:05:00,chongzhi_beier,west,18,56
2019/1/15 17:10:00,chongzhi_beier,west,6,54
2019/1/15 17:15:00,chongzhi_beier,west,13,54
2019/1/15 17:20:00,chongzhi_beier,west,12,54
2019/1/15 17:25:00,chongzhi_beier,west,8,18
2019/1/15 17:30:00,chongzhi_beier,west,8,45
2019/1/15 17:35:00,chongzhi_beier,west,14,71
2019/1/15 17:40:00,chongzhi_beier,west,10,44
2019/1/15 17:45:00,chongzhi_beier,west,11,46
2019/1/15 17:50:00,chongzhi_beier,west,12,68
2019/1/15 17:55:00,chongzhi_beier,west,8,59
2019/1/15 18:00:00,chongzhi_beier,west,9,40
2019/1/15 18:05:00,chongzhi_beier,west,14,60
2019/1/15 18:10:00,chongzhi_beier,west,11,58
2019/1/15 18:15:00,chongzhi_beier,west,12,49
2019/1/15 18:20:00,chongzhi_beier,west,8,68
2019/1/15 18:25:00,chongzhi_beier,west,11,70
2019/1/15 18:30:00,chongzhi_beier,west,7,75
2019/1/15 18:35:00,chongzhi_beier,west,7,23
2019/1/15 18:40:00,chongzhi_beier,west,10,65
2019/1/15 18:45:00,chongzhi_beier,west,13,65
2019/1/15 18:50:00,chongzhi_beier,west,18,65
2019/1/15 18:55:00,chongzhi_beier,west,2,23
2019/1/15 19:00:00,chongzhi_beier,west,6,55
2019/1/15 19:05:00,chongzhi_beier,west,4,64
2019/1/15 19:10:00,chongzhi_beier,west,10,54
2019/1/15 19:15:00,chongzhi_beier,west,6,37
2019/1/15 19:20:00,chongzhi_beier,west,8,54
2019/1/15 19:25:00,chongzhi_beier,west,5,44
2019/1/15 19:30:00,chongzhi_beier,west,8,47
2019/1/15 19:35:00,chongzhi_beier,west,2,65
2019/1/15 19:40:00,chongzhi_beier,west,7,55
2019/1/15 19:45:00,chongzhi_beier,west,5,42
2019/1/15 19:50:00,chongzhi_beier,west,8,47
2019/1/15 19:55:00,chongzhi_beier,west,8,53
2019/1/15 20:00:00,chongzhi_beier,west,15,45
2019/1/15 20:05:00,chongzhi_beier,west,3,38
2019/1/15 20:10:00,chongzhi_beier,west,12,53
2019/1/15 20:15:00,chongzhi_beier,west,7,28
2019/1/15 20:20:00,chongzhi_beier,west,9,61
2019/1/15 20:25:00,chongzhi_beier,west,9,30
2019/1/15 20:30:00,chongzhi_beier,west,7,60
2019/1/15 20:35:00,chongzhi_beier,west,10,40
2019/1/15 20:40:00,chongzhi_beier,west,18,57
2019/1/15 20:45:00,chongzhi_beier,west,10,51
2019/1/15 20:50:00,chongzhi_beier,west,13,62
2019/1/15 20:55:00,chongzhi_beier,west,6,43
2019/1/15 21:00:00,chongzhi_beier,west,10,49
2019/1/15 21:05:00,chongzhi_beier,west,10,62
2019/1/15 21:10:00,chongzhi_beier,west,5,43
2019/1/15 21:15:00,chongzhi_beier,west,13,73
2019/1/15 21:20:00,chongzhi_beier,west,7,38
2019/1/15 21:25:00,chongzhi_beier,west,15,64
2019/1/15 21:30:00,chongzhi_beier,west,13,43
2019/1/15 21:35:00,chongzhi_beier,west,11,60
2019/1/15 21:40:00,chongzhi_beier,west,12,56
2019/1/15 21:45:00,chongzhi_beier,west,16,56
2019/1/15 21:50:00,chongzhi_beier,west,9,44
2019/1/15 21:55:00,chongzhi_beier,west,12,66
2019/1/15 22:00:00,chongzhi_beier,west,15,54
2019/1/15 22:05:00,chongzhi_beier,west,16,50
2019/1/15 22:10:00,chongzhi_beier,west,15,43
2019/1/15 22:15:00,chongzhi_beier,west,15,61
2019/1/15 22:20:00,chongzhi_beier,west,5,52
2019/1/15 22:25:00,chongzhi_beier,west,16,38
2019/1/15 22:30:00,chongzhi_beier,west,12,43
2019/1/15 22:35:00,chongzhi_beier,west,10,32
2019/1/15 22:40:00,chongzhi_beier,west,14,45
2019/1/15 22:45:00,chongzhi_beier,west,17,39
2019/1/15 22:50:00,chongzhi_beier,west,11,47
2019/1/15 22:55:00,chongzhi_beier,west,13,44
2019/1/15 23:00:00,chongzhi_beier,west,15,35
2019/1/15 23:05:00,chongzhi_beier,west,10,45
2019/1/15 23:10:00,chongzhi_beier,west,14,43
2019/1/15 23:15:00,chongzhi_beier,west,17,33
2019/1/15 23:20:00,chongzhi_beier,west,6,39
2019/1/15 23:25:00,chongzhi_beier,west,10,24
2019/1/15 23:30:00,chongzhi_beier,west,13,35
2019/1/15 23:35:00,chongzhi_beier,west,11,37
2019/1/15 23:40:00,chongzhi_beier,west,14,32
2019/1/15 23:45:00,chongzhi_beier,west,16,31
2019/1/15 23:50:00,chongzhi_beier,west,21,26
2019/1/15 23:55:00,chongzhi_beier,west,14,18
