2019/1/15 00:00:00,chongzhi_beier,north,10,4
2019/1/15 00:05:00,chongzhi_beier,north,6,2
2019/1/15 00:10:00,chongzhi_beier,north,5,1
2019/1/15 00:15:00,chongzhi_beier,north,10,1
2019/1/15 00:20:00,chongzhi_beier,north,3,1
2019/1/15 00:25:00,chongzhi_beier,north,10,2
2019/1/15 00:30:00,chongzhi_beier,north,5,0
2019/1/15 00:35:00,chongzhi_beier,north,3,3
2019/1/15 00:40:00,chongzhi_beier,north,10,1
2019/1/15 00:45:00,chongzhi_beier,north,9,5
2019/1/15 00:50:00,chongzhi_beier,north,2,1
2019/1/15 00:55:00,chongzhi_beier,north,3,2
2019/1/15 01:00:00,chongzhi_beier,north,6,0
2019/1/15 01:05:00,chongzhi_beier,north,7,3
2019/1/15 01:10:00,chongzhi_beier,north,2,2
2019/1/15 01:15:00,chongzhi_beier,north,4,4
2019/1/15 01:20:00,chongzhi_beier,north,6,1
2019/1/15 01:25:00,chongzhi_beier,north,2,1
2019/1/15 01:30:00,chongzhi_beier,north,6,0
2019/1/15 01:35:00,chongzhi_beier,north,1,1
2019/1/15 01:40:00,chongzhi_beier,north,1,3
2019/1/15 01:45:00,chongzhi_beier,north,3,0
2019/1/15 01:50:00,chongzhi_beier,north,6,2
2019/1/15 01:55:00,chongzhi_beier,north,0,1
2019/1/15 02:00:00,chongzhi_beier,north,0,1
2019/1/15 02:05:00,chongzhi_beier,north,2,0
2019/1/15 02:10:00,chongzhi_beier,north,1,2
2019/1/15 02:15:00,chongzhi_beier,north,2,0
2019/1/15 02:20:00,chongzhi_beier,north,3,2
2019/1/15 02:25:00,chongzhi_beier,north,4,1
2019/1/15 02:30:00,chongzhi_beier,north,3,1
2019/1/15 02:35:00,chongzhi_beier,north,2,1
2019/1/15 02:40:00,chongzhi_beier,north,4,3
2019/1/15 02:45:00,chongzhi_beier,north,1,0
2019/1/15 02:50:00,chongzhi_beier,north,0,2
2019/1/15 02:55:00,chongzhi_beier,north,2,0
2019/1/15 03:00:00,chongzhi_beier,north,1,1
2019/1/15 03:05:00,chongzhi_beier,north,2,2
2019/1/15 03:10:00,chongzhi_beier,north,2,1
2019/1/15 03:15:00,chongzhi_beier,north,3,0
2019/1/15 03:20:00,chongzhi_beier,north,1,1
2019/1/15 03:25:00,chongzhi_beier,north,0,0
2019/1/15 03:30:00,chongzhi_beier,north,3,0
2019/1/15 03:35:00,chongzhi_beier,north,2,0
2019/1/15 03:40:00,chongzhi_beier,north,5,0
2019/1/15 03:45:00,chongzhi_beier,north,1,2
2019/1/15 03:50:00,chongzhi_beier,north,5,2
2019/1/15 03:55:00,chongzhi_beier,north,2,1
2019/1/15 04:00:00,chongzhi_beier,north,1,0
2019/1/15 04:05:00,chongzhi_beier,north,3,2
2019/1/15 04:10:00,chongzhi_beier,north,2,0
2019/1/15 04:15:00,chongzhi_beier,north,1,1
2019/1/15 04:20:00,chongzhi_beier,north,1,4
2019/1/15 04:25:00,chongzhi_beier,north,3,0
2019/1/15 04:30:00,chongzhi_beier,north,1,0
2019/1/15 04:35:00,chongzhi_beier,north,4,1
2019/1/15 04:40:00,chongzhi_beier,north,1,2
2019/1/15 04:45:00,chongzhi_beier,north,2,1
2019/1/15 04:50:00,chongzhi_beier,north,1,0
2019/1/15 04:55:00,chongzhi_beier,north,0,1
2019/1/15 05:00:00,chongzhi_beier,north,1,3
2019/1/15 05:05:00,chongzhi_beier,north,3,0
2019/1/15 05:10:00,chongzhi_beier,north,1,0
2019/1/15 05:15:00,chongzhi_beier,north,1,1
2019/1/15 05:20:00,chongzhi_beier,north,2,0
2019/1/15 05:25:00,chongzhi_beier,north,0,2
2019/1/15 05:30:00,chongzhi_beier,north,0,1
2019/1/15 05:35:00,chongzhi_beier,north,1,0
2019/1/15 05:40:00,chongzhi_beier,north,3,0
2019/1/15 05:45:00,chongzhi_beier,north,0,1
2019/1/15 05:50:00,chongzhi_beier,north,2,0
2019/1/15 05:55:00,chongzhi_beier,north,0,0
2019/1/15 06:00:00,chongzhi_beier,north,0,0
2019/1/15 06:05:00,chongzhi_beier,north,1,1
2019/1/15 06:10:00,chongzhi_beier,north,1,1
2019/1/15 06:15:00,chongzhi_beier,north,0,0
2019/1/15 06:20:00,chongzhi_beier,north,0,0
2019/1/15 06:25:00,chongzhi_beier,north,0,0
2019/1/15 06:30:00,chongzhi_beier,north,2,3
2019/1/15 06:35:00,chongzhi_beier,north,1,0
2019/1/15 06:40:00,chongzhi_beier,north,3,2
2019/1/15 06:45:00,chongzhi_beier,north,1,2
2019/1/15 06:50:00,chongzhi_beier,north,9,0
2019/1/15 06:55:00,chongzhi_beier,north,1,1
2019/1/15 07:00:00,chongzhi_beier,north,4,0
2019/1/15 07:05:00,chongzhi_beier,north,3,0
2019/1/15 07:10:00,chongzhi_beier,north,2,0
2019/1/15 07:15:00,chongzhi_beier,north,4,1
2019/1/15 07:20:00,chongzhi_beier,north,0,1
2019/1/15 07:25:00,chongzhi_beier,north,5,0
2019/1/15 07:30:00,chongzhi_beier,north,9,2
2019/1/15 07:35:00,chongzhi_beier,north,4,2
2019/1/15 07:40:00,chongzhi_beier,north,10,1
2019/1/15 07:45:00,chongzhi_beier,north,12,1
2019/1/15 07:50:00,chongzhi_beier,north,7,3
2019/1/15 07:55:00,chongzhi_beier,north,11,3
2019/1/15 08:00:00,chongzhi_beier,north,11,3
2019/1/15 08:05:00,chongzhi_beier,north,13,5
2019/1/15 08:10:00,chongzhi_beier,north,14,2
2019/1/15 08:15:00,chongzhi_beier,north,15,3
2019/1/15 08:20:00,chongzhi_beier,north,16,5
2019/1/15 08:25:00,chongzhi_beier,north,16,6
2019/1/15 08:30:00,chongzhi_beier,north,9,0
2019/1/15 08:35:00,chongzhi_beier,north,13,5
2019/1/15 08:40:00,chongzhi_beier,north,12,5
2019/1/15 08:45:00,chongzhi_beier,north,16,4
2019/1/15 08:50:00,chongzhi_beier,north,20,6
2019/1/15 08:55:00,chongzhi_beier,north,18,9
2019/1/15 09:00:00,chongzhi_beier,north,11,1
2019/1/15 09:05:00,chongzhi_beier,north,20,10
2019/1/15 09:10:00,chongzhi_beier,north,19,8
2019/1/15 09:15:00,chongzhi_beier,north,18,11
2019/1/15 09:20:00,chongzhi_beier,north,15,6
2019/1/15 09:25:00,chongzhi_beier,north,10,6
2019/1/15 09:30:00,chongzhi_beier,north,9,1
2019/1/15 09:35:00,chongzhi_beier,north,13,4
2019/1/15 09:40:00,chongzhi_beier,north,13,2
2019/1/15 09:45:00,chongzhi_beier,north,16,6
2019/1/15 09:50:00,chongzhi_beier,north,16,3
2019/1/15 09:55:00,chongzhi_beier,north,5,3
2019/1/15 10:00:00,chongzhi_beier,north,10,7
2019/1/15 10:05:00,chongzhi_beier,north,16,8
2019/1/15 10:10:00,chongzhi_beier,north,12,4
2019/1/15 10:15:00,chongzhi_beier,north,10,8
2019/1/15 10:20:00,chongzhi_beier,north,13,4
2019/1/15 10:25:00,chongzhi_beier,north,10,3
2019/1/15 10:30:00,chongzhi_beier,north,13,5
2019/1/15 10:35:00,chongzhi_beier,north,12,3
2019/1/15 10:40:00,chongzhi_beier,north,5,5
2019/1/15 10:45:00,chongzhi_beier,north,4,2
2019/1/15 10:50:00,chongzhi_beier,north,10,2
2019/1/15 10:55:00,chongzhi_beier,north,15,2
2019/1/15 11:00:00,chongzhi_beier,north,5,1
2019/1/15 11:05:00,chongzhi_beier,north,14,0
2019/1/15 11:10:00,chongzhi_beier,north,5,2
2019/1/15 11:15:00,chongzhi_beier,north,7,3
2019/1/15 11:20:00,chongzhi_beier,north,7,1
2019/1/15 11:25:00,chongzhi_beier,north,10,3
2019/1/15 11:30:00,chongzhi_beier,north,8,3
2019/1/15 11:35:00,chongzhi_beier,north,4,5
2019/1/15 11:40:00,chongzhi_beier,north,8,5
2019/1/15 11:45:00,chongzhi_beier,north,32,5
2019/1/15 11:50:00,chongzhi_beier,north,13,7
2019/1/15 11:55:00,chongzhi_beier,north,16,2
2019/1/15 12:00:00,chongzhi_beier,north,15,9
2019/1/15 12:05:00,chongzhi_beier,north,17,7
2019/1/15 12:10:00,chongzhi_beier,north,19,6
2019/1/15 12:15:00,chongzhi_beier,north,23,9
2019/1/15 12:20:00,chongzhi_beier,north,19,3
2019/1/15 12:25:00,chongzhi_beier,north,11,1
2019/1/15 12:30:00,chongzhi_beier,north,15,4
2019/1/15 12:35:00,chongzhi_beier,north,14,3
2019/1/15 12:40:00,chongzhi_beier,north,9,0
2019/1/15 12:45:00,chongzhi_beier,north,7,8
2019/1/15 12:50:00,chongzhi_beier,north,10,5
2019/1/15 12:55:00,chongzhi_beier,north,6,4
2019/1/15 13:00:00,chongzhi_beier,north,15,7
2019/1/15 13:05:00,chongzhi_beier,north,7,10
2019/1/15 13:10:00,chongzhi_beier,north,9,4
2019/1/15 13:15:00,chongzhi_beier,north,6,1
2019/1/15 13:20:00,chongzhi_beier,north,7,2
2019/1/15 13:25:00,chongzhi_beier,north,9,3
2019/1/15 13:30:00,chongzhi_beier,north,7,4
2019/1/15 13:35:00,chongzhi_beier,north,7,4
2019/1/15 13:40:00,chongzhi_beier,north,10,3
2019/1/15 13:45:00,chongzhi_beier,north,12,6
2019/1/15 13:50:00,chongzhi_beier,north,13,4
2019/1/15 13:55:00,chongzhi_beier,north,11,5
2019/1/15 14:00:00,chongzhi_beier,north,13,4
2019/1/15 14:05:00,chongzhi_beier,north,12,3
2019/1/15 14:10:00,chongzhi_beier,north,13,5
2019/1/15 14:15:00,chongzhi_beier,north,10,1
2019/1/15 14:20:00,chongzhi_beier,north,12,4
2019/1/15 14:25:00,chongzhi_beier,north,11,7
2019/1/15 14:30:00,chongzhi_beier,north,7,4
2019/1/15 14:35:00,chongzhi_beier,north,9,5
2019/1/15 14:40:00,chongzhi_beier,north,17,3
2019/1/15 14:45:00,chongzhi_beier,north,7,2
2019/1/15 14:50:00,chongzhi_beier,north,9,5
2019/1/15 14:55:00,chongzhi_beier,north,10,0
2019/1/15 15:00:00,chongzhi_beier,north,10,4
2019/1/15 15:05:00,chongzhi_beier,north,8,5
2019/1/15 15:10:00,chongzhi_beier,north,11,4
2019/1/15 15:15:00,chongzhi_beier,north,11,6
2019/1/15 15:20:00,chongzhi_beier,north,11,1
2019/1/15 15:25:00,chongzhi_beier,north,13,1
2019/1/15 15:30:00,chongzhi_beier,north,25,2
2019/1/15 15:35:00,chongzhi_beier,north,14,3
2019/1/15 15:40:00,chongzhi_beier,north,8,4
2019/1/15 15:45:00,chongzhi_beier,north,10,1
2019/1/15 15:50:00,chongzhi_beier,north,9,6
2019/1/15 15:55:00,chongzhi_beier,north,14,7
2019/1/15 16:00:00,chongzhi_beier,north,9,4
2019/1/15 16:05:00,chongzhi_beier,north,14,1
2019/1/15 16:10:00,chongzhi_beier,north,13,2
2019/1/15 16:15:00,chongzhi_beier,north,7,1
2019/1/15 16:20:00,chongzhi_beier,north,23,6
2019/1/15 16:25:00,chongzhi_beier,north,8,5
2019/1/15 16:30:00,chongzhi_beier,north,14,2
2019/1/15 16:35:00,chongzhi_beier,north,14,6
2019/1/15 16:40:00,chongzhi_beier,north,15,4
2019/1/15 16:45:00,chongzhi_beier,north,8,3
2019/1/15 16:50:00,chongzhi_beier,north,8,2
2019/1/15 16:55:00,chongzhi_beier,north,13,7
2019/1/15 17:00:00,chongzhi_beier,north,20,2
2019/1/15 17:05:00,chongzhi_beier,north,11,3
2019/1/15 17:10:00,chongzhi_beier,north,10,4
2019/1/15 17:15:00,chongzhi_beier,north,14,1
2019/1/15 17:20:00,chongzhi_beier,north,14,0
2019/1/15 17:25:00,chongzhi_beier,north,16,2
2019/1/15 17:30:00,chongzhi_beier,north,16,4
2019/1/15 17:35:00,chongzhi_beier,north,14,0
2019/1/15 17:40:00,chongzhi_beier,north,17,1
2019/1/15 17:45:00,chongzhi_beier,north,22,4
2019/1/15 17:50:00,chongzhi_beier,north,10,2
2019/1/15 17:55:00,chongzhi_beier,north,24,7
2019/1/15 18:00:00,chongzhi_beier,north,18,12
2019/1/15 18:05:00,chongzhi_beier,north,37,9
2019/1/15 18:10:00,chongzhi_beier,north,22,6
2019/1/15 18:15:00,chongzhi_beier,north,38,10
2019/1/15 18:20:00,chongzhi_beier,north,39,13
2019/1/15 18:25:00,chongzhi_beier,north,19,9
2019/1/15 18:30:00,chongzhi_beier,north,33,10
2019/1/15 18:35:00,chongzhi_beier,north,40,12
2019/1/15 18:40:00,chongzhi_beier,north,42,19
2019/1/15 18:45:00,chongzhi_beier,north,20,5
2019/1/15 18:50:00,chongzhi_beier,north,19,3
2019/1/15 18:55:00,chongzhi_beier,north,29,5
2019/1/15 19:00:00,chongzhi_beier,north,25,5
2019/1/15 19:05:00,chongzhi_beier,north,12,2
2019/1/15 19:10:00,chongzhi_beier,north,22,4
2019/1/15 19:15:00,chongzhi_beier,north,23,8
2019/1/15 19:20:00,chongzhi_beier,north,20,7
2019/1/15 19:25:00,chongzhi_beier,north,12,2
2019/1/15 19:30:00,chongzhi_beier,north,13,4
2019/1/15 19:35:00,chongzhi_beier,north,21,3
2019/1/15 19:40:00,chongzhi_beier,north,17,9
2019/1/15 19:45:00,chongzhi_beier,north,17,7
2019/1/15 19:50:00,chongzhi_beier,north,17,5
2019/1/15 19:55:00,chongzhi_beier,north,10,0
2019/1/15 20:00:00,chongzhi_beier,north,18,3
2019/1/15 20:05:00,chongzhi_beier,north,20,3
2019/1/15 20:10:00,chongzhi_beier,north,11,4
2019/1/15 20:15:00,chongzhi_beier,north,23,7
2019/1/15 20:20:00,chongzhi_beier,north,19,2
2019/1/15 20:25:00,chongzhi_beier,north,16,4
2019/1/15 20:30:00,chongzhi_beier,north,10,4
2019/1/15 20:35:00,chongzhi_beier,north,15,4
2019/1/15 20:40:00,chongzhi_beier,north,13,3
2019/1/15 20:45:00,chongzhi_beier,north,33,8
2019/1/15 20:50:00,chongzhi_beier,north,23,4
2019/1/15 20:55:00,chongzhi_beier,north,23,9
2019/1/15 21:00:00,chongzhi_beier,north,26,5
2019/1/15 21:05:00,chongzhi_beier,north,18,7
2019/1/15 21:10:00,chongzhi_beier,north,25,6
2019/1/15 21:15:00,chongzhi_beier,north,16,1
2019/1/15 21:20:00,chongzhi_beier,north,38,11
2019/1/15 21:25:00,chongzhi_beier,north,23,6
2019/1/15 21:30:00,chongzhi_beier,north,32,9
2019/1/15 21:35:00,chongzhi_beier,north,19,2
2019/1/15 21:40:00,chongzhi_beier,north,25,9
2019/1/15 21:45:00,chongzhi_beier,north,17,1
2019/1/15 21:50:00,chongzhi_beier,north,26,6
2019/1/15 21:55:00,chongzhi_beier,north,14,5
2019/1/15 22:00:00,chongzhi_beier,north,13,3
2019/1/15 22:05:00,chongzhi_beier,north,17,7
2019/1/15 22:10:00,chongzhi_beier,north,19,3
2019/1/15 22:15:00,chongzhi_beier,north,18,6
2019/1/15 22:20:00,chongzhi_beier,north,20,3
2019/1/15 22:25:00,chongzhi_beier,north,20,3
2019/1/15 22:30:00,chongzhi_beier,north,16,4
2019/1/15 22:35:00,chongzhi_beier,north,11,2
2019/1/15 22:40:00,chongzhi_beier,north,15,7
2019/1/15 22:45:00,chongzhi_beier,north,16,4
2019/1/15 22:50:00,chongzhi_beier,north,13,3
2019/1/15 22:55:00,chongzhi_beier,north,13,2
2019/1/15 23:00:00,chongzhi_beier,north,19,4
2019/1/15 23:05:00,chongzhi_beier,north,19,5
2019/1/15 23:10:00,chongzhi_beier,north,15,0
2019/1/15 23:15:00,chongzhi_beier,north,20,3
2019/1/15 23:20:00,chongzhi_beier,north,19,4
2019/1/15 23:25:00,chongzhi_beier,north,10,6
2019/1/15 23:30:00,chongzhi_beier,north,9,5
2019/1/15 23:35:00,chongzhi_beier,north,18,5
2019/1/15 23:40:00,chongzhi_beier,north,7,1
2019/1/15 23:45:00,chongzhi_beier,north,12,4
2019/1/15 23:50:00,chongzhi_beier,north,9,3
2019/1/15 23:55:00,chongzhi_beier,north,5,1
