2019/1/15 00:00:00,wuhe_jiaxian,south,0,11
2019/1/15 00:05:00,wuhe_jiaxian,south,0,21
2019/1/15 00:10:00,wuhe_jiaxian,south,0,16
2019/1/15 00:15:00,wuhe_jiaxian,south,0,12
2019/1/15 00:20:00,wuhe_jiaxian,south,0,11
2019/1/15 00:25:00,wuhe_jiaxian,south,0,18
2019/1/15 00:30:00,wuhe_jiaxian,south,0,10
2019/1/15 00:35:00,wuhe_jiaxian,south,0,4
2019/1/15 00:40:00,wuhe_jiaxian,south,0,8
2019/1/15 00:45:00,wuhe_jiaxian,south,0,5
2019/1/15 00:50:00,wuhe_jiaxian,south,0,7
2019/1/15 16:40:00,wuhe_jiaxian,south,0,0
2019/1/15 22:25:00,wuhe_jiaxian,south,0,12
2019/1/15 22:30:00,wuhe_jiaxian,south,0,30
2019/1/15 22:35:00,wuhe_jiaxian,south,1,34
2019/1/15 22:40:00,wuhe_jiaxian,south,1,21
2019/1/15 22:45:00,wuhe_jiaxian,south,2,29
2019/1/15 22:50:00,wuhe_jiaxian,south,1,24
2019/1/15 22:55:00,wuhe_jiaxian,south,0,23
2019/1/15 23:00:00,wuhe_jiaxian,south,3,30
2019/1/15 23:05:00,wuhe_jiaxian,south,1,22
2019/1/15 23:10:00,wuhe_jiaxian,south,3,31
2019/1/15 23:15:00,wuhe_jiaxian,south,0,15
2019/1/15 23:20:00,wuhe_jiaxian,south,1,22
2019/1/15 23:25:00,wuhe_jiaxian,south,1,20
2019/1/15 23:30:00,wuhe_jiaxian,south,2,25
2019/1/15 23:35:00,wuhe_jiaxian,south,1,9
2019/1/15 23:40:00,wuhe_jiaxian,south,2,22
2019/1/15 23:45:00,wuhe_jiaxian,south,0,20
2019/1/15 23:50:00,wuhe_jiaxian,south,0,10
2019/1/15 23:55:00,wuhe_jiaxian,south,0,20
