2019/1/15 00:00:00,wuhe_jiaxian,east,6,0
2019/1/15 00:05:00,wuhe_jiaxian,east,6,0
2019/1/15 00:10:00,wuhe_jiaxian,east,8,0
2019/1/15 00:15:00,wuhe_jiaxian,east,5,0
2019/1/15 00:20:00,wuhe_jiaxian,east,4,0
2019/1/15 00:25:00,wuhe_jiaxian,east,7,0
2019/1/15 00:30:00,wuhe_jiaxian,east,5,0
2019/1/15 00:35:00,wuhe_jiaxian,east,1,0
2019/1/15 00:40:00,wuhe_jiaxian,east,9,0
2019/1/15 00:45:00,wuhe_jiaxian,east,4,0
2019/1/15 00:50:00,wuhe_jiaxian,east,3,0
2019/1/15 22:25:00,wuhe_jiaxian,east,16,0
2019/1/15 22:30:00,wuhe_jiaxian,east,16,0
2019/1/15 22:35:00,wuhe_jiaxian,east,17,0
2019/1/15 22:40:00,wuhe_jiaxian,east,18,0
2019/1/15 22:45:00,wuhe_jiaxian,east,20,0
2019/1/15 22:50:00,wuhe_jiaxian,east,13,0
2019/1/15 22:55:00,wuhe_jiaxian,east,13,0
2019/1/15 23:00:00,wuhe_jiaxian,east,27,0
2019/1/15 23:05:00,wuhe_jiaxian,east,26,0
2019/1/15 23:10:00,wuhe_jiaxian,east,12,0
2019/1/15 23:15:00,wuhe_jiaxian,east,18,0
2019/1/15 23:20:00,wuhe_jiaxian,east,18,0
2019/1/15 23:25:00,wuhe_jiaxian,east,21,0
2019/1/15 23:30:00,wuhe_jiaxian,east,17,0
2019/1/15 23:35:00,wuhe_jiaxian,east,16,0
2019/1/15 23:40:00,wuhe_jiaxian,east,13,0
2019/1/15 23:45:00,wuhe_jiaxian,east,10,0
2019/1/15 23:50:00,wuhe_jiaxian,east,14,0
2019/1/15 23:55:00,wuhe_jiaxian,east,13,0
