2019/1/15 00:00:00,wuhe_longping,north,5,26
2019/1/15 00:05:00,wuhe_longping,north,0,23
2019/1/15 00:10:00,wuhe_longping,north,1,20
2019/1/15 00:15:00,wuhe_longping,north,2,22
2019/1/15 00:20:00,wuhe_longping,north,2,19
2019/1/15 00:25:00,wuhe_longping,north,0,22
2019/1/15 00:30:00,wuhe_longping,north,1,11
2019/1/15 00:35:00,wuhe_longping,north,1,16
2019/1/15 00:40:00,wuhe_longping,north,1,13
2019/1/15 00:45:00,wuhe_longping,north,2,26
2019/1/15 00:50:00,wuhe_longping,north,0,16
2019/1/15 00:55:00,wuhe_longping,north,1,16
2019/1/15 01:00:00,wuhe_longping,north,0,14
2019/1/15 01:05:00,wuhe_longping,north,0,7
2019/1/15 01:10:00,wuhe_longping,north,0,12
2019/1/15 01:15:00,wuhe_longping,north,0,8
2019/1/15 01:20:00,wuhe_longping,north,0,11
2019/1/15 01:25:00,wuhe_longping,north,1,10
2019/1/15 01:30:00,wuhe_longping,north,0,18
2019/1/15 01:35:00,wuhe_longping,north,0,13
2019/1/15 01:40:00,wuhe_longping,north,0,5
2019/1/15 01:45:00,wuhe_longping,north,1,7
2019/1/15 01:50:00,wuhe_longping,north,0,11
2019/1/15 01:55:00,wuhe_longping,north,0,5
2019/1/15 02:00:00,wuhe_longping,north,0,9
2019/1/15 02:05:00,wuhe_longping,north,0,9
2019/1/15 02:10:00,wuhe_longping,north,0,12
2019/1/15 02:15:00,wuhe_longping,north,0,7
2019/1/15 02:20:00,wuhe_longping,north,0,10
2019/1/15 02:25:00,wuhe_longping,north,1,8
2019/1/15 02:30:00,wuhe_longping,north,0,8
2019/1/15 02:35:00,wuhe_longping,north,0,4
2019/1/15 02:40:00,wuhe_longping,north,0,10
2019/1/15 02:45:00,wuhe_longping,north,1,5
2019/1/15 02:50:00,wuhe_longping,north,0,5
2019/1/15 02:55:00,wuhe_longping,north,0,9
2019/1/15 03:00:00,wuhe_longping,north,0,3
2019/1/15 03:05:00,wuhe_longping,north,1,2
2019/1/15 03:10:00,wuhe_longping,north,0,4
2019/1/15 03:15:00,wuhe_longping,north,0,2
2019/1/15 03:20:00,wuhe_longping,north,0,3
2019/1/15 03:25:00,wuhe_longping,north,0,2
2019/1/15 03:30:00,wuhe_longping,north,0,2
2019/1/15 03:35:00,wuhe_longping,north,0,5
2019/1/15 03:40:00,wuhe_longping,north,0,5
2019/1/15 03:45:00,wuhe_longping,north,0,4
2019/1/15 03:50:00,wuhe_longping,north,0,3
2019/1/15 03:55:00,wuhe_longping,north,0,4
2019/1/15 04:00:00,wuhe_longping,north,0,3
2019/1/15 04:05:00,wuhe_longping,north,0,2
2019/1/15 04:10:00,wuhe_longping,north,0,2
2019/1/15 04:15:00,wuhe_longping,north,0,3
2019/1/15 04:20:00,wuhe_longping,north,0,1
2019/1/15 04:25:00,wuhe_longping,north,0,4
2019/1/15 04:30:00,wuhe_longping,north,0,2
2019/1/15 04:35:00,wuhe_longping,north,1,1
2019/1/15 04:40:00,wuhe_longping,north,0,4
2019/1/15 04:45:00,wuhe_longping,north,0,1
2019/1/15 04:50:00,wuhe_longping,north,0,3
2019/1/15 04:55:00,wuhe_longping,north,0,1
2019/1/15 05:00:00,wuhe_longping,north,0,1
2019/1/15 05:05:00,wuhe_longping,north,1,4
2019/1/15 05:10:00,wuhe_longping,north,0,4
2019/1/15 05:15:00,wuhe_longping,north,0,3
2019/1/15 05:20:00,wuhe_longping,north,0,3
2019/1/15 05:25:00,wuhe_longping,north,0,5
2019/1/15 05:30:00,wuhe_longping,north,1,6
2019/1/15 05:35:00,wuhe_longping,north,1,3
2019/1/15 05:40:00,wuhe_longping,north,0,3
2019/1/15 05:45:00,wuhe_longping,north,1,7
2019/1/15 05:50:00,wuhe_longping,north,0,6
2019/1/15 05:55:00,wuhe_longping,north,0,4
2019/1/15 06:00:00,wuhe_longping,north,0,4
2019/1/15 06:05:00,wuhe_longping,north,1,11
2019/1/15 06:10:00,wuhe_longping,north,0,0
2019/1/15 06:15:00,wuhe_longping,north,0,12
2019/1/15 06:20:00,wuhe_longping,north,2,5
2019/1/15 06:25:00,wuhe_longping,north,0,10
2019/1/15 06:30:00,wuhe_longping,north,0,8
2019/1/15 06:35:00,wuhe_longping,north,0,18
2019/1/15 06:40:00,wuhe_longping,north,0,21
2019/1/15 06:45:00,wuhe_longping,north,1,16
2019/1/15 06:50:00,wuhe_longping,north,2,21
2019/1/15 06:55:00,wuhe_longping,north,2,25
2019/1/15 07:00:00,wuhe_longping,north,1,29
2019/1/15 07:05:00,wuhe_longping,north,0,27
2019/1/15 07:10:00,wuhe_longping,north,0,21
2019/1/15 07:15:00,wuhe_longping,north,3,39
2019/1/15 07:20:00,wuhe_longping,north,0,19
2019/1/15 07:25:00,wuhe_longping,north,5,31
2019/1/15 07:30:00,wuhe_longping,north,2,34
2019/1/15 07:35:00,wuhe_longping,north,6,34
2019/1/15 07:40:00,wuhe_longping,north,8,46
2019/1/15 07:45:00,wuhe_longping,north,9,41
2019/1/15 07:50:00,wuhe_longping,north,21,45
2019/1/15 07:55:00,wuhe_longping,north,17,57
2019/1/15 08:00:00,wuhe_longping,north,19,66
2019/1/15 08:05:00,wuhe_longping,north,21,66
2019/1/15 08:10:00,wuhe_longping,north,27,85
2019/1/15 08:15:00,wuhe_longping,north,26,70
2019/1/15 08:20:00,wuhe_longping,north,21,30
2019/1/15 08:25:00,wuhe_longping,north,34,89
2019/1/15 08:30:00,wuhe_longping,north,24,53
2019/1/15 08:35:00,wuhe_longping,north,27,72
2019/1/15 08:40:00,wuhe_longping,north,18,58
2019/1/15 08:45:00,wuhe_longping,north,23,87
2019/1/15 08:50:00,wuhe_longping,north,17,66
2019/1/15 08:55:00,wuhe_longping,north,25,68
2019/1/15 09:00:00,wuhe_longping,north,23,71
2019/1/15 09:05:00,wuhe_longping,north,16,63
2019/1/15 09:10:00,wuhe_longping,north,16,55
2019/1/15 09:15:00,wuhe_longping,north,12,63
2019/1/15 09:20:00,wuhe_longping,north,13,72
2019/1/15 09:25:00,wuhe_longping,north,14,64
2019/1/15 09:30:00,wuhe_longping,north,16,94
2019/1/15 09:35:00,wuhe_longping,north,20,91
2019/1/15 09:40:00,wuhe_longping,north,11,74
2019/1/15 09:45:00,wuhe_longping,north,23,82
2019/1/15 09:50:00,wuhe_longping,north,14,76
2019/1/15 09:55:00,wuhe_longping,north,10,76
2019/1/15 10:00:00,wuhe_longping,north,14,82
2019/1/15 10:05:00,wuhe_longping,north,19,84
2019/1/15 10:10:00,wuhe_longping,north,11,104
2019/1/15 10:15:00,wuhe_longping,north,15,70
2019/1/15 10:20:00,wuhe_longping,north,11,65
2019/1/15 10:25:00,wuhe_longping,north,9,102
2019/1/15 10:30:00,wuhe_longping,north,15,60
2019/1/15 10:35:00,wuhe_longping,north,14,65
2019/1/15 10:40:00,wuhe_longping,north,13,65
2019/1/15 10:45:00,wuhe_longping,north,10,63
2019/1/15 10:50:00,wuhe_longping,north,12,55
2019/1/15 10:55:00,wuhe_longping,north,14,46
2019/1/15 11:00:00,wuhe_longping,north,9,60
2019/1/15 11:05:00,wuhe_longping,north,12,54
2019/1/15 11:10:00,wuhe_longping,north,15,47
2019/1/15 11:15:00,wuhe_longping,north,10,63
2019/1/15 11:20:00,wuhe_longping,north,8,57
2019/1/15 11:25:00,wuhe_longping,north,13,40
2019/1/15 11:30:00,wuhe_longping,north,12,49
2019/1/15 11:35:00,wuhe_longping,north,14,57
2019/1/15 11:40:00,wuhe_longping,north,16,60
2019/1/15 11:45:00,wuhe_longping,north,17,49
2019/1/15 11:50:00,wuhe_longping,north,14,67
2019/1/15 11:55:00,wuhe_longping,north,19,63
2019/1/15 12:00:00,wuhe_longping,north,27,65
2019/1/15 12:05:00,wuhe_longping,north,18,60
2019/1/15 12:10:00,wuhe_longping,north,21,62
2019/1/15 12:15:00,wuhe_longping,north,12,59
2019/1/15 12:20:00,wuhe_longping,north,11,58
2019/1/15 12:25:00,wuhe_longping,north,8,52
2019/1/15 12:30:00,wuhe_longping,north,11,49
2019/1/15 12:35:00,wuhe_longping,north,12,46
2019/1/15 12:40:00,wuhe_longping,north,16,37
2019/1/15 12:45:00,wuhe_longping,north,11,38
2019/1/15 12:50:00,wuhe_longping,north,18,43
2019/1/15 12:55:00,wuhe_longping,north,13,50
2019/1/15 13:00:00,wuhe_longping,north,7,36
2019/1/15 13:05:00,wuhe_longping,north,9,42
2019/1/15 13:10:00,wuhe_longping,north,10,50
2019/1/15 13:15:00,wuhe_longping,north,9,47
2019/1/15 13:20:00,wuhe_longping,north,10,49
2019/1/15 13:25:00,wuhe_longping,north,13,57
2019/1/15 13:30:00,wuhe_longping,north,12,59
2019/1/15 13:35:00,wuhe_longping,north,16,52
2019/1/15 13:40:00,wuhe_longping,north,22,42
2019/1/15 13:45:00,wuhe_longping,north,19,51
2019/1/15 13:50:00,wuhe_longping,north,12,47
2019/1/15 13:55:00,wuhe_longping,north,10,64
2019/1/15 14:00:00,wuhe_longping,north,10,60
2019/1/15 14:05:00,wuhe_longping,north,13,49
2019/1/15 14:10:00,wuhe_longping,north,21,51
2019/1/15 14:15:00,wuhe_longping,north,16,57
2019/1/15 14:20:00,wuhe_longping,north,13,53
2019/1/15 14:25:00,wuhe_longping,north,10,46
2019/1/15 14:30:00,wuhe_longping,north,12,51
2019/1/15 14:35:00,wuhe_longping,north,14,47
2019/1/15 14:40:00,wuhe_longping,north,14,48
2019/1/15 14:45:00,wuhe_longping,north,13,44
2019/1/15 14:50:00,wuhe_longping,north,11,64
2019/1/15 14:55:00,wuhe_longping,north,17,43
2019/1/15 15:00:00,wuhe_longping,north,12,51
2019/1/15 15:05:00,wuhe_longping,north,11,58
2019/1/15 15:10:00,wuhe_longping,north,13,51
2019/1/15 15:15:00,wuhe_longping,north,14,57
2019/1/15 15:20:00,wuhe_longping,north,13,58
2019/1/15 15:25:00,wuhe_longping,north,15,61
2019/1/15 15:30:00,wuhe_longping,north,8,49
2019/1/15 15:35:00,wuhe_longping,north,14,61
2019/1/15 15:40:00,wuhe_longping,north,14,47
2019/1/15 15:45:00,wuhe_longping,north,9,64
2019/1/15 15:50:00,wuhe_longping,north,16,58
2019/1/15 15:55:00,wuhe_longping,north,14,55
2019/1/15 16:00:00,wuhe_longping,north,12,61
2019/1/15 16:05:00,wuhe_longping,north,12,68
2019/1/15 16:10:00,wuhe_longping,north,19,69
2019/1/15 16:15:00,wuhe_longping,north,16,56
2019/1/15 16:20:00,wuhe_longping,north,19,67
2019/1/15 16:25:00,wuhe_longping,north,10,52
2019/1/15 16:30:00,wuhe_longping,north,15,67
2019/1/15 16:35:00,wuhe_longping,north,13,67
2019/1/15 16:40:00,wuhe_longping,north,13,44
2019/1/15 16:45:00,wuhe_longping,north,9,58
2019/1/15 16:50:00,wuhe_longping,north,9,44
2019/1/15 16:55:00,wuhe_longping,north,20,57
2019/1/15 17:00:00,wuhe_longping,north,10,62
2019/1/15 17:05:00,wuhe_longping,north,9,60
2019/1/15 17:10:00,wuhe_longping,north,16,53
2019/1/15 17:15:00,wuhe_longping,north,13,70
2019/1/15 17:20:00,wuhe_longping,north,13,55
2019/1/15 17:25:00,wuhe_longping,north,24,62
2019/1/15 17:30:00,wuhe_longping,north,11,73
2019/1/15 17:35:00,wuhe_longping,north,27,79
2019/1/15 17:40:00,wuhe_longping,north,22,79
2019/1/15 17:45:00,wuhe_longping,north,17,81
2019/1/15 17:50:00,wuhe_longping,north,14,100
2019/1/15 17:55:00,wuhe_longping,north,13,90
2019/1/15 18:00:00,wuhe_longping,north,11,60
2019/1/15 18:05:00,wuhe_longping,north,25,121
2019/1/15 18:10:00,wuhe_longping,north,18,112
2019/1/15 18:15:00,wuhe_longping,north,14,103
2019/1/15 18:20:00,wuhe_longping,north,23,95
2019/1/15 18:25:00,wuhe_longping,north,18,115
2019/1/15 18:30:00,wuhe_longping,north,23,123
2019/1/15 18:35:00,wuhe_longping,north,17,99
2019/1/15 18:40:00,wuhe_longping,north,13,93
2019/1/15 18:45:00,wuhe_longping,north,7,120
2019/1/15 18:50:00,wuhe_longping,north,12,109
2019/1/15 18:55:00,wuhe_longping,north,12,73
2019/1/15 19:00:00,wuhe_longping,north,21,132
2019/1/15 19:05:00,wuhe_longping,north,13,110
2019/1/15 19:10:00,wuhe_longping,north,10,77
2019/1/15 19:15:00,wuhe_longping,north,9,81
2019/1/15 19:20:00,wuhe_longping,north,12,75
2019/1/15 19:25:00,wuhe_longping,north,4,71
2019/1/15 19:30:00,wuhe_longping,north,7,66
2019/1/15 19:35:00,wuhe_longping,north,5,105
2019/1/15 19:40:00,wuhe_longping,north,5,83
2019/1/15 19:45:00,wuhe_longping,north,9,76
2019/1/15 19:50:00,wuhe_longping,north,9,61
2019/1/15 19:55:00,wuhe_longping,north,7,57
2019/1/15 20:00:00,wuhe_longping,north,2,53
2019/1/15 20:05:00,wuhe_longping,north,3,66
2019/1/15 20:10:00,wuhe_longping,north,10,67
2019/1/15 20:15:00,wuhe_longping,north,9,55
2019/1/15 20:20:00,wuhe_longping,north,5,43
2019/1/15 20:25:00,wuhe_longping,north,2,53
2019/1/15 20:30:00,wuhe_longping,north,2,57
2019/1/15 20:35:00,wuhe_longping,north,11,72
2019/1/15 20:40:00,wuhe_longping,north,9,83
2019/1/15 20:45:00,wuhe_longping,north,12,76
2019/1/15 20:50:00,wuhe_longping,north,11,85
2019/1/15 20:55:00,wuhe_longping,north,8,65
2019/1/15 21:00:00,wuhe_longping,north,4,69
2019/1/15 21:05:00,wuhe_longping,north,6,65
2019/1/15 21:10:00,wuhe_longping,north,11,54
2019/1/15 21:15:00,wuhe_longping,north,9,87
2019/1/15 21:20:00,wuhe_longping,north,12,70
2019/1/15 21:25:00,wuhe_longping,north,9,71
2019/1/15 21:30:00,wuhe_longping,north,9,48
2019/1/15 21:35:00,wuhe_longping,north,8,64
2019/1/15 21:40:00,wuhe_longping,north,12,45
2019/1/15 21:45:00,wuhe_longping,north,5,75
2019/1/15 21:50:00,wuhe_longping,north,12,74
2019/1/15 21:55:00,wuhe_longping,north,9,60
2019/1/15 22:00:00,wuhe_longping,north,11,60
2019/1/15 22:05:00,wuhe_longping,north,15,77
2019/1/15 22:10:00,wuhe_longping,north,10,70
2019/1/15 22:15:00,wuhe_longping,north,11,68
2019/1/15 22:20:00,wuhe_longping,north,5,54
2019/1/15 22:25:00,wuhe_longping,north,7,56
2019/1/15 22:30:00,wuhe_longping,north,4,50
2019/1/15 22:35:00,wuhe_longping,north,5,53
2019/1/15 22:40:00,wuhe_longping,north,3,41
2019/1/15 22:45:00,wuhe_longping,north,4,40
2019/1/15 22:50:00,wuhe_longping,north,4,59
2019/1/15 22:55:00,wuhe_longping,north,8,43
2019/1/15 23:00:00,wuhe_longping,north,5,42
2019/1/15 23:05:00,wuhe_longping,north,6,37
2019/1/15 23:10:00,wuhe_longping,north,5,42
2019/1/15 23:15:00,wuhe_longping,north,5,37
2019/1/15 23:20:00,wuhe_longping,north,2,34
2019/1/15 23:25:00,wuhe_longping,north,1,49
2019/1/15 23:30:00,wuhe_longping,north,1,37
2019/1/15 23:35:00,wuhe_longping,north,2,30
2019/1/15 23:40:00,wuhe_longping,north,2,41
2019/1/15 23:45:00,wuhe_longping,north,2,30
2019/1/15 23:50:00,wuhe_longping,north,1,28
2019/1/15 23:55:00,wuhe_longping,north,1,22
