2019/1/15 18:55:00,wuhe_zhangheng,north,0,0
2019/1/15 22:25:00,wuhe_zhangheng,north,1,13
2019/1/15 22:30:00,wuhe_zhangheng,north,3,31
2019/1/15 22:35:00,wuhe_zhangheng,north,3,48
2019/1/15 22:40:00,wuhe_zhangheng,north,6,15
2019/1/15 22:45:00,wuhe_zhangheng,north,4,37
2019/1/15 22:50:00,wuhe_zhangheng,north,4,48
2019/1/15 22:55:00,wuhe_zhangheng,north,0,19
2019/1/15 23:00:00,wuhe_zhangheng,north,4,12
2019/1/15 23:05:00,wuhe_zhangheng,north,8,42
2019/1/15 23:10:00,wuhe_zhangheng,north,1,23
2019/1/15 23:15:00,wuhe_zhangheng,north,3,19
2019/1/15 23:20:00,wuhe_zhangheng,north,6,23
2019/1/15 23:25:00,wuhe_zhangheng,north,7,23
2019/1/15 23:30:00,wuhe_zhangheng,north,4,15
2019/1/15 23:35:00,wuhe_zhangheng,north,2,18
2019/1/15 23:40:00,wuhe_zhangheng,north,1,33
2019/1/15 23:45:00,wuhe_zhangheng,north,3,24
2019/1/15 23:50:00,wuhe_zhangheng,north,3,14
2019/1/15 23:55:00,wuhe_zhangheng,north,2,16
2019/1/15 04:15:00,wuhe_zhangheng,north,0,0
2019/1/15 07:40:00,wuhe_zhangheng,north,0,0
2019/1/15 07:45:00,wuhe_zhangheng,north,0,0
2019/1/15 16:10:00,wuhe_zhangheng,north,0,0
