2019/1/19 00:00:00,chongzhi_beier,east,7,30
2019/1/19 00:05:00,chongzhi_beier,east,10,26
2019/1/19 00:10:00,chongzhi_beier,east,9,19
2019/1/19 00:15:00,chongzhi_beier,east,6,16
2019/1/19 00:20:00,chongzhi_beier,east,5,22
2019/1/19 00:25:00,chongzhi_beier,east,5,16
2019/1/19 00:30:00,chongzhi_beier,east,4,21
2019/1/19 00:35:00,chongzhi_beier,east,6,25
2019/1/19 00:40:00,chongzhi_beier,east,3,17
2019/1/19 00:45:00,chongzhi_beier,east,3,16
2019/1/19 00:50:00,chongzhi_beier,east,8,15
2019/1/19 00:55:00,chongzhi_beier,east,4,16
2019/1/19 01:00:00,chongzhi_beier,east,7,14
2019/1/19 01:05:00,chongzhi_beier,east,1,20
2019/1/19 01:10:00,chongzhi_beier,east,5,15
2019/1/19 01:15:00,chongzhi_beier,east,10,9
2019/1/19 01:20:00,chongzhi_beier,east,6,12
2019/1/19 01:25:00,chongzhi_beier,east,4,12
2019/1/19 01:30:00,chongzhi_beier,east,3,9
2019/1/19 01:35:00,chongzhi_beier,east,6,13
2019/1/19 01:40:00,chongzhi_beier,east,4,12
2019/1/19 01:45:00,chongzhi_beier,east,6,7
2019/1/19 01:50:00,chongzhi_beier,east,5,11
2019/1/19 01:55:00,chongzhi_beier,east,3,5
2019/1/19 02:00:00,chongzhi_beier,east,2,10
2019/1/19 02:05:00,chongzhi_beier,east,2,14
2019/1/19 02:10:00,chongzhi_beier,east,2,8
2019/1/19 02:15:00,chongzhi_beier,east,6,15
2019/1/19 02:20:00,chongzhi_beier,east,2,6
2019/1/19 02:25:00,chongzhi_beier,east,4,8
2019/1/19 02:30:00,chongzhi_beier,east,1,2
2019/1/19 02:35:00,chongzhi_beier,east,4,3
2019/1/19 02:40:00,chongzhi_beier,east,4,11
2019/1/19 02:45:00,chongzhi_beier,east,3,6
2019/1/19 02:50:00,chongzhi_beier,east,1,10
2019/1/19 02:55:00,chongzhi_beier,east,3,10
2019/1/19 03:00:00,chongzhi_beier,east,2,10
2019/1/19 03:05:00,chongzhi_beier,east,1,6
2019/1/19 03:10:00,chongzhi_beier,east,2,2
2019/1/19 03:15:00,chongzhi_beier,east,0,14
2019/1/19 03:20:00,chongzhi_beier,east,1,5
2019/1/19 03:25:00,chongzhi_beier,east,0,3
2019/1/19 03:30:00,chongzhi_beier,east,2,8
2019/1/19 03:35:00,chongzhi_beier,east,0,2
2019/1/19 03:40:00,chongzhi_beier,east,1,3
2019/1/19 03:45:00,chongzhi_beier,east,4,8
2019/1/19 03:50:00,chongzhi_beier,east,3,4
2019/1/19 03:55:00,chongzhi_beier,east,2,3
2019/1/19 04:00:00,chongzhi_beier,east,2,7
2019/1/19 04:05:00,chongzhi_beier,east,3,1
2019/1/19 04:10:00,chongzhi_beier,east,0,5
2019/1/19 04:15:00,chongzhi_beier,east,3,5
2019/1/19 04:20:00,chongzhi_beier,east,2,2
2019/1/19 04:25:00,chongzhi_beier,east,2,3
2019/1/19 04:30:00,chongzhi_beier,east,1,4
2019/1/19 04:35:00,chongzhi_beier,east,1,7
2019/1/19 04:40:00,chongzhi_beier,east,0,2
2019/1/19 04:45:00,chongzhi_beier,east,2,8
2019/1/19 04:50:00,chongzhi_beier,east,1,1
2019/1/19 04:55:00,chongzhi_beier,east,1,4
2019/1/19 05:00:00,chongzhi_beier,east,1,7
2019/1/19 05:05:00,chongzhi_beier,east,1,5
2019/1/19 05:10:00,chongzhi_beier,east,3,6
2019/1/19 05:15:00,chongzhi_beier,east,1,10
2019/1/19 05:20:00,chongzhi_beier,east,1,5
2019/1/19 05:25:00,chongzhi_beier,east,1,6
2019/1/19 05:30:00,chongzhi_beier,east,1,5
2019/1/19 05:35:00,chongzhi_beier,east,1,5
2019/1/19 05:40:00,chongzhi_beier,east,3,15
2019/1/19 05:45:00,chongzhi_beier,east,0,11
2019/1/19 05:50:00,chongzhi_beier,east,1,15
2019/1/19 05:55:00,chongzhi_beier,east,2,7
2019/1/19 06:00:00,chongzhi_beier,east,3,9
2019/1/19 06:05:00,chongzhi_beier,east,5,8
2019/1/19 06:10:00,chongzhi_beier,east,1,13
2019/1/19 06:15:00,chongzhi_beier,east,0,10
2019/1/19 06:20:00,chongzhi_beier,east,3,13
2019/1/19 06:25:00,chongzhi_beier,east,2,17
2019/1/19 06:30:00,chongzhi_beier,east,0,12
2019/1/19 06:35:00,chongzhi_beier,east,1,16
2019/1/19 06:40:00,chongzhi_beier,east,3,12
2019/1/19 06:45:00,chongzhi_beier,east,1,19
2019/1/19 06:50:00,chongzhi_beier,east,1,15
2019/1/19 06:55:00,chongzhi_beier,east,3,28
2019/1/19 07:00:00,chongzhi_beier,east,2,18
2019/1/19 07:05:00,chongzhi_beier,east,3,18
2019/1/19 07:10:00,chongzhi_beier,east,0,26
2019/1/19 07:15:00,chongzhi_beier,east,2,24
2019/1/19 07:20:00,chongzhi_beier,east,5,41
2019/1/19 07:25:00,chongzhi_beier,east,4,29
2019/1/19 07:30:00,chongzhi_beier,east,3,24
2019/1/19 07:35:00,chongzhi_beier,east,9,49
2019/1/19 07:40:00,chongzhi_beier,east,2,50
2019/1/19 07:45:00,chongzhi_beier,east,5,39
2019/1/19 07:50:00,chongzhi_beier,east,5,51
2019/1/19 07:55:00,chongzhi_beier,east,6,32
2019/1/19 08:00:00,chongzhi_beier,east,8,31
2019/1/19 08:05:00,chongzhi_beier,east,7,54
2019/1/19 08:10:00,chongzhi_beier,east,6,48
2019/1/19 08:15:00,chongzhi_beier,east,9,49
2019/1/19 08:20:00,chongzhi_beier,east,6,47
2019/1/19 08:25:00,chongzhi_beier,east,9,62
2019/1/19 08:30:00,chongzhi_beier,east,5,57
2019/1/19 08:35:00,chongzhi_beier,east,8,46
2019/1/19 08:40:00,chongzhi_beier,east,7,57
2019/1/19 08:45:00,chongzhi_beier,east,6,42
2019/1/19 08:50:00,chongzhi_beier,east,7,58
2019/1/19 08:55:00,chongzhi_beier,east,8,75
2019/1/19 09:00:00,chongzhi_beier,east,7,75
2019/1/19 09:05:00,chongzhi_beier,east,6,61
2019/1/19 09:10:00,chongzhi_beier,east,8,55
2019/1/19 09:15:00,chongzhi_beier,east,10,70
2019/1/19 09:20:00,chongzhi_beier,east,15,79
2019/1/19 09:25:00,chongzhi_beier,east,5,47
2019/1/19 09:30:00,chongzhi_beier,east,6,56
2019/1/19 09:35:00,chongzhi_beier,east,8,78
2019/1/19 09:40:00,chongzhi_beier,east,10,44
2019/1/19 09:45:00,chongzhi_beier,east,9,46
2019/1/19 09:50:00,chongzhi_beier,east,9,83
2019/1/19 09:55:00,chongzhi_beier,east,13,61
2019/1/19 10:00:00,chongzhi_beier,east,12,62
2019/1/19 10:05:00,chongzhi_beier,east,10,65
2019/1/19 10:10:00,chongzhi_beier,east,12,62
2019/1/19 10:15:00,chongzhi_beier,east,6,65
2019/1/19 10:20:00,chongzhi_beier,east,8,70
2019/1/19 10:25:00,chongzhi_beier,east,4,45
2019/1/19 10:30:00,chongzhi_beier,east,8,61
2019/1/19 10:35:00,chongzhi_beier,east,12,72
2019/1/19 10:40:00,chongzhi_beier,east,7,60
2019/1/19 10:45:00,chongzhi_beier,east,2,63
2019/1/19 10:50:00,chongzhi_beier,east,9,72
2019/1/19 10:55:00,chongzhi_beier,east,9,67
2019/1/19 11:00:00,chongzhi_beier,east,8,63
2019/1/19 11:05:00,chongzhi_beier,east,7,50
2019/1/19 11:10:00,chongzhi_beier,east,9,61
2019/1/19 11:15:00,chongzhi_beier,east,7,55
2019/1/19 11:20:00,chongzhi_beier,east,5,43
2019/1/19 11:25:00,chongzhi_beier,east,6,50
2019/1/19 11:30:00,chongzhi_beier,east,7,59
2019/1/19 11:35:00,chongzhi_beier,east,6,66
2019/1/19 11:40:00,chongzhi_beier,east,10,55
2019/1/19 11:45:00,chongzhi_beier,east,1,48
2019/1/19 11:50:00,chongzhi_beier,east,7,51
2019/1/19 11:55:00,chongzhi_beier,east,8,54
2019/1/19 12:00:00,chongzhi_beier,east,8,36
2019/1/19 12:05:00,chongzhi_beier,east,5,45
2019/1/19 12:10:00,chongzhi_beier,east,9,59
2019/1/19 12:15:00,chongzhi_beier,east,10,57
2019/1/19 12:20:00,chongzhi_beier,east,10,44
2019/1/19 12:25:00,chongzhi_beier,east,7,46
2019/1/19 12:30:00,chongzhi_beier,east,8,63
2019/1/19 12:35:00,chongzhi_beier,east,5,60
2019/1/19 12:40:00,chongzhi_beier,east,9,38
2019/1/19 12:45:00,chongzhi_beier,east,8,65
2019/1/19 12:50:00,chongzhi_beier,east,8,54
2019/1/19 12:55:00,chongzhi_beier,east,9,42
2019/1/19 13:00:00,chongzhi_beier,east,10,57
2019/1/19 13:05:00,chongzhi_beier,east,13,73
2019/1/19 13:10:00,chongzhi_beier,east,8,56
2019/1/19 13:15:00,chongzhi_beier,east,4,30
2019/1/19 13:20:00,chongzhi_beier,east,7,72
2019/1/19 13:25:00,chongzhi_beier,east,10,72
2019/1/19 13:30:00,chongzhi_beier,east,7,64
2019/1/19 13:35:00,chongzhi_beier,east,1,50
2019/1/19 13:40:00,chongzhi_beier,east,9,56
2019/1/19 13:45:00,chongzhi_beier,east,13,52
2019/1/19 13:50:00,chongzhi_beier,east,9,40
2019/1/19 13:55:00,chongzhi_beier,east,8,61
2019/1/19 14:00:00,chongzhi_beier,east,11,55
2019/1/19 14:05:00,chongzhi_beier,east,10,68
2019/1/19 14:10:00,chongzhi_beier,east,10,64
2019/1/19 14:15:00,chongzhi_beier,east,16,67
2019/1/19 14:20:00,chongzhi_beier,east,11,55
2019/1/19 14:25:00,chongzhi_beier,east,6,70
2019/1/19 14:30:00,chongzhi_beier,east,8,49
2019/1/19 14:35:00,chongzhi_beier,east,9,72
2019/1/19 14:40:00,chongzhi_beier,east,14,64
2019/1/19 14:45:00,chongzhi_beier,east,11,57
2019/1/19 14:50:00,chongzhi_beier,east,8,60
2019/1/19 14:55:00,chongzhi_beier,east,8,49
2019/1/19 15:00:00,chongzhi_beier,east,9,63
2019/1/19 15:05:00,chongzhi_beier,east,10,52
2019/1/19 15:10:00,chongzhi_beier,east,12,73
2019/1/19 15:15:00,chongzhi_beier,east,16,48
2019/1/19 15:20:00,chongzhi_beier,east,6,54
2019/1/19 15:25:00,chongzhi_beier,east,7,65
2019/1/19 15:30:00,chongzhi_beier,east,11,53
2019/1/19 15:35:00,chongzhi_beier,east,9,59
2019/1/19 15:40:00,chongzhi_beier,east,9,56
2019/1/19 15:45:00,chongzhi_beier,east,7,76
2019/1/19 15:50:00,chongzhi_beier,east,12,57
2019/1/19 15:55:00,chongzhi_beier,east,15,58
2019/1/19 16:00:00,chongzhi_beier,east,7,59
2019/1/19 16:05:00,chongzhi_beier,east,3,66
2019/1/19 16:10:00,chongzhi_beier,east,10,73
2019/1/19 16:15:00,chongzhi_beier,east,9,42
2019/1/19 16:20:00,chongzhi_beier,east,12,72
2019/1/19 16:25:00,chongzhi_beier,east,9,61
2019/1/19 16:30:00,chongzhi_beier,east,12,54
2019/1/19 16:35:00,chongzhi_beier,east,10,64
2019/1/19 16:40:00,chongzhi_beier,east,9,79
2019/1/19 16:45:00,chongzhi_beier,east,9,53
2019/1/19 16:50:00,chongzhi_beier,east,11,50
2019/1/19 16:55:00,chongzhi_beier,east,6,67
2019/1/19 17:00:00,chongzhi_beier,east,13,59
2019/1/19 17:05:00,chongzhi_beier,east,11,94
2019/1/19 17:10:00,chongzhi_beier,east,15,66
2019/1/19 17:15:00,chongzhi_beier,east,7,67
2019/1/19 17:20:00,chongzhi_beier,east,8,62
2019/1/19 17:25:00,chongzhi_beier,east,7,45
2019/1/19 17:30:00,chongzhi_beier,east,7,53
2019/1/19 17:35:00,chongzhi_beier,east,12,59
2019/1/19 17:40:00,chongzhi_beier,east,19,56
2019/1/19 17:45:00,chongzhi_beier,east,14,71
2019/1/19 17:50:00,chongzhi_beier,east,9,56
2019/1/19 17:55:00,chongzhi_beier,east,9,63
2019/1/19 18:00:00,chongzhi_beier,east,11,53
2019/1/19 18:05:00,chongzhi_beier,east,10,87
2019/1/19 18:10:00,chongzhi_beier,east,16,54
2019/1/19 18:15:00,chongzhi_beier,east,11,47
2019/1/19 18:20:00,chongzhi_beier,east,8,58
2019/1/19 18:25:00,chongzhi_beier,east,14,48
2019/1/19 18:30:00,chongzhi_beier,east,8,67
2019/1/19 18:35:00,chongzhi_beier,east,12,46
2019/1/19 18:40:00,chongzhi_beier,east,13,69
2019/1/19 18:45:00,chongzhi_beier,east,11,52
2019/1/19 18:50:00,chongzhi_beier,east,14,74
2019/1/19 18:55:00,chongzhi_beier,east,9,50
2019/1/19 19:00:00,chongzhi_beier,east,13,45
2019/1/19 19:05:00,chongzhi_beier,east,5,39
2019/1/19 19:10:00,chongzhi_beier,east,9,51
2019/1/19 19:15:00,chongzhi_beier,east,10,52
2019/1/19 19:20:00,chongzhi_beier,east,11,37
2019/1/19 19:25:00,chongzhi_beier,east,5,39
2019/1/19 19:30:00,chongzhi_beier,east,8,32
2019/1/19 19:35:00,chongzhi_beier,east,9,57
2019/1/19 19:40:00,chongzhi_beier,east,9,41
2019/1/19 19:45:00,chongzhi_beier,east,12,37
2019/1/19 19:50:00,chongzhi_beier,east,10,54
2019/1/19 19:55:00,chongzhi_beier,east,13,51
2019/1/19 20:00:00,chongzhi_beier,east,6,39
2019/1/19 20:05:00,chongzhi_beier,east,11,58
2019/1/19 20:10:00,chongzhi_beier,east,11,41
2019/1/19 20:15:00,chongzhi_beier,east,9,41
2019/1/19 20:20:00,chongzhi_beier,east,6,48
2019/1/19 20:25:00,chongzhi_beier,east,6,39
2019/1/19 20:30:00,chongzhi_beier,east,6,46
2019/1/19 20:35:00,chongzhi_beier,east,11,45
2019/1/19 20:40:00,chongzhi_beier,east,6,31
2019/1/19 20:45:00,chongzhi_beier,east,5,39
2019/1/19 20:50:00,chongzhi_beier,east,9,43
2019/1/19 20:55:00,chongzhi_beier,east,8,34
2019/1/19 21:00:00,chongzhi_beier,east,15,50
2019/1/19 21:05:00,chongzhi_beier,east,7,41
2019/1/19 21:10:00,chongzhi_beier,east,12,44
2019/1/19 21:15:00,chongzhi_beier,east,10,56
2019/1/19 21:20:00,chongzhi_beier,east,10,32
2019/1/19 21:25:00,chongzhi_beier,east,13,37
2019/1/19 21:30:00,chongzhi_beier,east,11,47
2019/1/19 21:35:00,chongzhi_beier,east,7,26
2019/1/19 21:40:00,chongzhi_beier,east,4,40
2019/1/19 21:45:00,chongzhi_beier,east,10,28
2019/1/19 21:50:00,chongzhi_beier,east,13,52
2019/1/19 21:55:00,chongzhi_beier,east,8,30
2019/1/19 22:00:00,chongzhi_beier,east,6,32
2019/1/19 22:05:00,chongzhi_beier,east,8,43
2019/1/19 22:10:00,chongzhi_beier,east,11,43
2019/1/19 22:15:00,chongzhi_beier,east,4,42
2019/1/19 22:20:00,chongzhi_beier,east,9,33
2019/1/19 22:25:00,chongzhi_beier,east,10,51
2019/1/19 22:30:00,chongzhi_beier,east,8,47
2019/1/19 22:35:00,chongzhi_beier,east,11,36
2019/1/19 22:40:00,chongzhi_beier,east,9,30
2019/1/19 22:45:00,chongzhi_beier,east,5,30
2019/1/19 22:50:00,chongzhi_beier,east,10,38
2019/1/19 22:55:00,chongzhi_beier,east,11,35
2019/1/19 23:00:00,chongzhi_beier,east,10,34
2019/1/19 23:05:00,chongzhi_beier,east,10,33
2019/1/19 23:10:00,chongzhi_beier,east,13,32
2019/1/19 23:15:00,chongzhi_beier,east,4,36
2019/1/19 23:20:00,chongzhi_beier,east,7,21
2019/1/19 23:25:00,chongzhi_beier,east,7,26
2019/1/19 23:30:00,chongzhi_beier,east,11,26
2019/1/19 23:35:00,chongzhi_beier,east,2,24
2019/1/19 23:40:00,chongzhi_beier,east,3,24
2019/1/19 23:45:00,chongzhi_beier,east,12,17
2019/1/19 23:50:00,chongzhi_beier,east,6,17
2019/1/19 23:55:00,chongzhi_beier,east,7,24
