2019/1/19 00:00:00,chongzhi_longping,south,8,8
2019/1/19 00:05:00,chongzhi_longping,south,8,11
2019/1/19 00:10:00,chongzhi_longping,south,8,4
2019/1/19 00:15:00,chongzhi_longping,south,2,8
2019/1/19 00:20:00,chongzhi_longping,south,2,6
2019/1/19 00:25:00,chongzhi_longping,south,7,4
2019/1/19 00:30:00,chongzhi_longping,south,10,8
2019/1/19 00:35:00,chongzhi_longping,south,2,7
2019/1/19 00:40:00,chongzhi_longping,south,4,13
2019/1/19 00:45:00,chongzhi_longping,south,8,9
2019/1/19 00:50:00,chongzhi_longping,south,3,5
2019/1/19 00:55:00,chongzhi_longping,south,3,10
2019/1/19 01:00:00,chongzhi_longping,south,6,8
2019/1/19 01:05:00,chongzhi_longping,south,6,8
2019/1/19 01:10:00,chongzhi_longping,south,9,4
2019/1/19 01:15:00,chongzhi_longping,south,7,3
2019/1/19 01:20:00,chongzhi_longping,south,3,7
2019/1/19 01:25:00,chongzhi_longping,south,8,4
2019/1/19 01:30:00,chongzhi_longping,south,11,12
2019/1/19 01:35:00,chongzhi_longping,south,2,2
2019/1/19 01:40:00,chongzhi_longping,south,6,3
2019/1/19 01:45:00,chongzhi_longping,south,10,5
2019/1/19 01:50:00,chongzhi_longping,south,6,6
2019/1/19 01:55:00,chongzhi_longping,south,7,4
2019/1/19 02:00:00,chongzhi_longping,south,3,5
2019/1/19 02:05:00,chongzhi_longping,south,4,3
2019/1/19 02:10:00,chongzhi_longping,south,2,5
2019/1/19 02:15:00,chongzhi_longping,south,11,9
2019/1/19 02:20:00,chongzhi_longping,south,3,4
2019/1/19 02:25:00,chongzhi_longping,south,4,7
2019/1/19 02:30:00,chongzhi_longping,south,12,4
2019/1/19 02:35:00,chongzhi_longping,south,2,5
2019/1/19 02:40:00,chongzhi_longping,south,6,1
2019/1/19 02:45:00,chongzhi_longping,south,3,6
2019/1/19 02:50:00,chongzhi_longping,south,5,3
2019/1/19 02:55:00,chongzhi_longping,south,9,2
2019/1/19 03:00:00,chongzhi_longping,south,9,1
2019/1/19 03:05:00,chongzhi_longping,south,10,6
2019/1/19 03:10:00,chongzhi_longping,south,8,3
2019/1/19 03:15:00,chongzhi_longping,south,7,3
2019/1/19 03:20:00,chongzhi_longping,south,7,3
2019/1/19 03:25:00,chongzhi_longping,south,8,5
2019/1/19 03:30:00,chongzhi_longping,south,4,0
2019/1/19 03:35:00,chongzhi_longping,south,8,5
2019/1/19 03:40:00,chongzhi_longping,south,1,1
2019/1/19 03:45:00,chongzhi_longping,south,3,2
2019/1/19 03:50:00,chongzhi_longping,south,5,7
2019/1/19 03:55:00,chongzhi_longping,south,6,7
2019/1/19 04:00:00,chongzhi_longping,south,3,1
2019/1/19 04:05:00,chongzhi_longping,south,10,4
2019/1/19 04:10:00,chongzhi_longping,south,5,4
2019/1/19 04:15:00,chongzhi_longping,south,6,5
2019/1/19 04:20:00,chongzhi_longping,south,7,4
2019/1/19 04:25:00,chongzhi_longping,south,8,4
2019/1/19 04:30:00,chongzhi_longping,south,3,4
2019/1/19 04:35:00,chongzhi_longping,south,8,4
2019/1/19 04:40:00,chongzhi_longping,south,2,5
2019/1/19 04:45:00,chongzhi_longping,south,2,1
2019/1/19 04:50:00,chongzhi_longping,south,10,5
2019/1/19 04:55:00,chongzhi_longping,south,5,2
2019/1/19 05:00:00,chongzhi_longping,south,4,3
2019/1/19 05:05:00,chongzhi_longping,south,4,1
2019/1/19 05:10:00,chongzhi_longping,south,7,1
2019/1/19 05:15:00,chongzhi_longping,south,3,2
2019/1/19 05:20:00,chongzhi_longping,south,7,4
2019/1/19 05:25:00,chongzhi_longping,south,10,2
2019/1/19 05:30:00,chongzhi_longping,south,1,2
2019/1/19 05:35:00,chongzhi_longping,south,2,3
2019/1/19 05:40:00,chongzhi_longping,south,1,0
2019/1/19 05:45:00,chongzhi_longping,south,0,2
2019/1/19 05:50:00,chongzhi_longping,south,2,3
2019/1/19 05:55:00,chongzhi_longping,south,1,3
2019/1/19 06:00:00,chongzhi_longping,south,1,0
2019/1/19 06:05:00,chongzhi_longping,south,0,1
2019/1/19 06:10:00,chongzhi_longping,south,0,1
2019/1/19 06:15:00,chongzhi_longping,south,0,1
2019/1/19 06:20:00,chongzhi_longping,south,0,5
2019/1/19 06:25:00,chongzhi_longping,south,2,0
2019/1/19 06:30:00,chongzhi_longping,south,0,1
2019/1/19 06:35:00,chongzhi_longping,south,2,1
2019/1/19 06:40:00,chongzhi_longping,south,1,4
2019/1/19 06:45:00,chongzhi_longping,south,0,2
2019/1/19 06:50:00,chongzhi_longping,south,1,7
2019/1/19 06:55:00,chongzhi_longping,south,1,2
2019/1/19 07:00:00,chongzhi_longping,south,1,2
2019/1/19 07:05:00,chongzhi_longping,south,3,7
2019/1/19 07:10:00,chongzhi_longping,south,4,7
2019/1/19 07:15:00,chongzhi_longping,south,3,5
2019/1/19 07:20:00,chongzhi_longping,south,2,14
2019/1/19 07:25:00,chongzhi_longping,south,0,8
2019/1/19 07:30:00,chongzhi_longping,south,0,12
2019/1/19 07:35:00,chongzhi_longping,south,1,8
2019/1/19 07:40:00,chongzhi_longping,south,4,12
2019/1/19 07:45:00,chongzhi_longping,south,1,9
2019/1/19 07:50:00,chongzhi_longping,south,1,23
2019/1/19 07:55:00,chongzhi_longping,south,3,11
2019/1/19 08:00:00,chongzhi_longping,south,6,21
2019/1/19 08:05:00,chongzhi_longping,south,7,13
2019/1/19 08:10:00,chongzhi_longping,south,3,32
2019/1/19 08:15:00,chongzhi_longping,south,4,34
2019/1/19 08:20:00,chongzhi_longping,south,5,32
2019/1/19 08:25:00,chongzhi_longping,south,4,34
2019/1/19 08:30:00,chongzhi_longping,south,4,28
2019/1/19 08:35:00,chongzhi_longping,south,7,31
2019/1/19 08:40:00,chongzhi_longping,south,1,26
2019/1/19 08:45:00,chongzhi_longping,south,3,34
2019/1/19 08:50:00,chongzhi_longping,south,3,40
2019/1/19 08:55:00,chongzhi_longping,south,5,28
2019/1/19 09:00:00,chongzhi_longping,south,3,19
2019/1/19 09:05:00,chongzhi_longping,south,4,38
2019/1/19 09:10:00,chongzhi_longping,south,4,21
2019/1/19 09:15:00,chongzhi_longping,south,4,16
2019/1/19 09:20:00,chongzhi_longping,south,5,21
2019/1/19 09:25:00,chongzhi_longping,south,6,24
2019/1/19 09:30:00,chongzhi_longping,south,13,19
2019/1/19 09:35:00,chongzhi_longping,south,7,17
2019/1/19 09:40:00,chongzhi_longping,south,7,22
2019/1/19 09:45:00,chongzhi_longping,south,5,28
2019/1/19 09:50:00,chongzhi_longping,south,3,22
2019/1/19 09:55:00,chongzhi_longping,south,5,17
2019/1/19 10:00:00,chongzhi_longping,south,5,16
2019/1/19 10:05:00,chongzhi_longping,south,8,13
2019/1/19 10:10:00,chongzhi_longping,south,8,19
2019/1/19 10:15:00,chongzhi_longping,south,5,18
2019/1/19 10:20:00,chongzhi_longping,south,7,22
2019/1/19 10:25:00,chongzhi_longping,south,2,24
2019/1/19 10:30:00,chongzhi_longping,south,1,14
2019/1/19 10:35:00,chongzhi_longping,south,6,15
2019/1/19 10:40:00,chongzhi_longping,south,3,17
2019/1/19 10:45:00,chongzhi_longping,south,4,16
2019/1/19 10:50:00,chongzhi_longping,south,3,18
2019/1/19 10:55:00,chongzhi_longping,south,4,14
2019/1/19 11:00:00,chongzhi_longping,south,6,13
2019/1/19 11:05:00,chongzhi_longping,south,2,10
2019/1/19 11:10:00,chongzhi_longping,south,3,20
2019/1/19 11:15:00,chongzhi_longping,south,6,13
2019/1/19 11:20:00,chongzhi_longping,south,1,14
2019/1/19 11:25:00,chongzhi_longping,south,7,17
2019/1/19 11:30:00,chongzhi_longping,south,3,15
2019/1/19 11:35:00,chongzhi_longping,south,7,14
2019/1/19 11:40:00,chongzhi_longping,south,6,9
2019/1/19 11:45:00,chongzhi_longping,south,3,16
2019/1/19 11:50:00,chongzhi_longping,south,4,8
2019/1/19 11:55:00,chongzhi_longping,south,6,15
2019/1/19 12:00:00,chongzhi_longping,south,2,11
2019/1/19 12:05:00,chongzhi_longping,south,4,11
2019/1/19 12:10:00,chongzhi_longping,south,6,16
2019/1/19 12:15:00,chongzhi_longping,south,2,14
2019/1/19 12:20:00,chongzhi_longping,south,7,9
2019/1/19 12:25:00,chongzhi_longping,south,1,16
2019/1/19 12:30:00,chongzhi_longping,south,1,18
2019/1/19 12:35:00,chongzhi_longping,south,4,12
2019/1/19 12:40:00,chongzhi_longping,south,2,23
2019/1/19 12:45:00,chongzhi_longping,south,3,17
2019/1/19 12:50:00,chongzhi_longping,south,3,16
2019/1/19 12:55:00,chongzhi_longping,south,1,16
2019/1/19 13:00:00,chongzhi_longping,south,5,14
2019/1/19 13:05:00,chongzhi_longping,south,4,7
2019/1/19 13:10:00,chongzhi_longping,south,9,15
2019/1/19 13:15:00,chongzhi_longping,south,5,12
2019/1/19 13:20:00,chongzhi_longping,south,3,13
2019/1/19 13:25:00,chongzhi_longping,south,6,16
2019/1/19 13:30:00,chongzhi_longping,south,6,13
2019/1/19 13:35:00,chongzhi_longping,south,7,14
2019/1/19 13:40:00,chongzhi_longping,south,6,14
2019/1/19 13:45:00,chongzhi_longping,south,5,15
2019/1/19 13:50:00,chongzhi_longping,south,7,14
2019/1/19 13:55:00,chongzhi_longping,south,8,26
2019/1/19 14:00:00,chongzhi_longping,south,3,11
2019/1/19 14:05:00,chongzhi_longping,south,3,15
2019/1/19 14:10:00,chongzhi_longping,south,2,16
2019/1/19 14:15:00,chongzhi_longping,south,5,15
2019/1/19 14:20:00,chongzhi_longping,south,4,11
2019/1/19 14:25:00,chongzhi_longping,south,5,30
2019/1/19 14:30:00,chongzhi_longping,south,6,13
2019/1/19 14:35:00,chongzhi_longping,south,4,8
2019/1/19 14:40:00,chongzhi_longping,south,8,14
2019/1/19 14:45:00,chongzhi_longping,south,4,15
2019/1/19 14:50:00,chongzhi_longping,south,6,19
2019/1/19 14:55:00,chongzhi_longping,south,5,24
2019/1/19 15:00:00,chongzhi_longping,south,3,11
2019/1/19 15:05:00,chongzhi_longping,south,3,8
2019/1/19 15:10:00,chongzhi_longping,south,3,10
2019/1/19 15:15:00,chongzhi_longping,south,2,13
2019/1/19 15:20:00,chongzhi_longping,south,1,13
2019/1/19 15:25:00,chongzhi_longping,south,2,6
2019/1/19 15:30:00,chongzhi_longping,south,7,11
2019/1/19 15:35:00,chongzhi_longping,south,7,14
2019/1/19 15:40:00,chongzhi_longping,south,2,14
2019/1/19 15:45:00,chongzhi_longping,south,6,13
2019/1/19 15:50:00,chongzhi_longping,south,3,18
2019/1/19 15:55:00,chongzhi_longping,south,4,18
2019/1/19 16:00:00,chongzhi_longping,south,2,14
2019/1/19 16:05:00,chongzhi_longping,south,2,8
2019/1/19 16:10:00,chongzhi_longping,south,7,12
2019/1/19 16:15:00,chongzhi_longping,south,5,19
2019/1/19 16:20:00,chongzhi_longping,south,5,9
2019/1/19 16:25:00,chongzhi_longping,south,6,11
2019/1/19 16:30:00,chongzhi_longping,south,8,22
2019/1/19 16:35:00,chongzhi_longping,south,7,15
2019/1/19 16:40:00,chongzhi_longping,south,6,12
2019/1/19 16:45:00,chongzhi_longping,south,3,8
2019/1/19 16:50:00,chongzhi_longping,south,6,12
2019/1/19 16:55:00,chongzhi_longping,south,7,13
2019/1/19 17:00:00,chongzhi_longping,south,7,14
2019/1/19 17:05:00,chongzhi_longping,south,7,10
2019/1/19 17:10:00,chongzhi_longping,south,8,16
2019/1/19 17:15:00,chongzhi_longping,south,5,13
2019/1/19 17:20:00,chongzhi_longping,south,4,12
2019/1/19 17:25:00,chongzhi_longping,south,7,21
2019/1/19 17:30:00,chongzhi_longping,south,4,22
2019/1/19 17:35:00,chongzhi_longping,south,7,10
2019/1/19 17:40:00,chongzhi_longping,south,7,14
2019/1/19 17:45:00,chongzhi_longping,south,3,9
2019/1/19 17:50:00,chongzhi_longping,south,9,16
2019/1/19 17:55:00,chongzhi_longping,south,4,19
2019/1/19 18:00:00,chongzhi_longping,south,7,17
2019/1/19 18:05:00,chongzhi_longping,south,6,17
2019/1/19 18:10:00,chongzhi_longping,south,5,13
2019/1/19 18:15:00,chongzhi_longping,south,8,18
2019/1/19 18:20:00,chongzhi_longping,south,13,12
2019/1/19 18:25:00,chongzhi_longping,south,1,15
2019/1/19 18:30:00,chongzhi_longping,south,6,13
2019/1/19 18:35:00,chongzhi_longping,south,10,7
2019/1/19 18:40:00,chongzhi_longping,south,3,14
2019/1/19 18:45:00,chongzhi_longping,south,8,11
2019/1/19 18:50:00,chongzhi_longping,south,7,17
2019/1/19 18:55:00,chongzhi_longping,south,19,13
2019/1/19 19:00:00,chongzhi_longping,south,9,11
2019/1/19 19:05:00,chongzhi_longping,south,3,7
2019/1/19 19:10:00,chongzhi_longping,south,7,15
2019/1/19 19:15:00,chongzhi_longping,south,2,7
2019/1/19 19:20:00,chongzhi_longping,south,4,11
2019/1/19 19:25:00,chongzhi_longping,south,2,11
2019/1/19 19:30:00,chongzhi_longping,south,6,13
2019/1/19 19:35:00,chongzhi_longping,south,2,15
2019/1/19 19:40:00,chongzhi_longping,south,4,10
2019/1/19 19:45:00,chongzhi_longping,south,3,9
2019/1/19 19:50:00,chongzhi_longping,south,8,10
2019/1/19 19:55:00,chongzhi_longping,south,4,9
2019/1/19 20:00:00,chongzhi_longping,south,4,4
2019/1/19 20:05:00,chongzhi_longping,south,1,13
2019/1/19 20:10:00,chongzhi_longping,south,4,10
2019/1/19 20:15:00,chongzhi_longping,south,3,13
2019/1/19 20:20:00,chongzhi_longping,south,7,18
2019/1/19 20:25:00,chongzhi_longping,south,2,8
2019/1/19 20:30:00,chongzhi_longping,south,5,15
2019/1/19 20:35:00,chongzhi_longping,south,7,2
2019/1/19 20:40:00,chongzhi_longping,south,3,10
2019/1/19 20:45:00,chongzhi_longping,south,4,8
2019/1/19 20:50:00,chongzhi_longping,south,6,14
2019/1/19 20:55:00,chongzhi_longping,south,4,3
2019/1/19 21:00:00,chongzhi_longping,south,5,13
2019/1/19 21:05:00,chongzhi_longping,south,4,17
2019/1/19 21:10:00,chongzhi_longping,south,7,14
2019/1/19 21:15:00,chongzhi_longping,south,4,12
2019/1/19 21:20:00,chongzhi_longping,south,7,8
2019/1/19 21:25:00,chongzhi_longping,south,7,13
2019/1/19 21:30:00,chongzhi_longping,south,6,11
2019/1/19 21:35:00,chongzhi_longping,south,4,14
2019/1/19 21:40:00,chongzhi_longping,south,4,10
2019/1/19 21:45:00,chongzhi_longping,south,6,12
2019/1/19 21:50:00,chongzhi_longping,south,7,7
2019/1/19 21:55:00,chongzhi_longping,south,9,15
2019/1/19 22:00:00,chongzhi_longping,south,2,18
2019/1/19 22:05:00,chongzhi_longping,south,8,10
2019/1/19 22:10:00,chongzhi_longping,south,8,13
2019/1/19 22:15:00,chongzhi_longping,south,10,10
2019/1/19 22:20:00,chongzhi_longping,south,5,13
2019/1/19 22:25:00,chongzhi_longping,south,9,19
2019/1/19 22:30:00,chongzhi_longping,south,9,14
2019/1/19 22:35:00,chongzhi_longping,south,10,9
2019/1/19 22:40:00,chongzhi_longping,south,7,12
2019/1/19 22:45:00,chongzhi_longping,south,8,14
2019/1/19 22:50:00,chongzhi_longping,south,7,7
2019/1/19 22:55:00,chongzhi_longping,south,7,9
2019/1/19 23:00:00,chongzhi_longping,south,6,14
2019/1/19 23:05:00,chongzhi_longping,south,5,16
2019/1/19 23:10:00,chongzhi_longping,south,11,4
2019/1/19 23:15:00,chongzhi_longping,south,9,7
2019/1/19 23:20:00,chongzhi_longping,south,10,5
2019/1/19 23:25:00,chongzhi_longping,south,7,12
2019/1/19 23:30:00,chongzhi_longping,south,8,11
2019/1/19 23:35:00,chongzhi_longping,south,7,8
2019/1/19 23:40:00,chongzhi_longping,south,4,4
2019/1/19 23:45:00,chongzhi_longping,south,6,8
2019/1/19 23:50:00,chongzhi_longping,south,14,11
2019/1/19 23:55:00,chongzhi_longping,south,7,13
