2019/1/19 00:00:00,chongzhi_beier,west,10,24
2019/1/19 00:05:00,chongzhi_beier,west,15,32
2019/1/19 00:10:00,chongzhi_beier,west,9,31
2019/1/19 00:15:00,chongzhi_beier,west,14,27
2019/1/19 00:20:00,chongzhi_beier,west,8,31
2019/1/19 00:25:00,chongzhi_beier,west,10,16
2019/1/19 00:30:00,chongzhi_beier,west,10,24
2019/1/19 00:35:00,chongzhi_beier,west,5,24
2019/1/19 00:40:00,chongzhi_beier,west,9,23
2019/1/19 00:45:00,chongzhi_beier,west,5,24
2019/1/19 00:50:00,chongzhi_beier,west,8,13
2019/1/19 00:55:00,chongzhi_beier,west,16,22
2019/1/19 01:00:00,chongzhi_beier,west,8,17
2019/1/19 01:05:00,chongzhi_beier,west,9,23
2019/1/19 01:10:00,chongzhi_beier,west,5,20
2019/1/19 01:15:00,chongzhi_beier,west,8,29
2019/1/19 01:20:00,chongzhi_beier,west,7,17
2019/1/19 01:25:00,chongzhi_beier,west,11,28
2019/1/19 01:30:00,chongzhi_beier,west,13,19
2019/1/19 01:35:00,chongzhi_beier,west,8,15
2019/1/19 01:40:00,chongzhi_beier,west,4,15
2019/1/19 01:45:00,chongzhi_beier,west,5,12
2019/1/19 01:50:00,chongzhi_beier,west,7,8
2019/1/19 01:55:00,chongzhi_beier,west,2,13
2019/1/19 02:00:00,chongzhi_beier,west,3,16
2019/1/19 02:05:00,chongzhi_beier,west,5,10
2019/1/19 02:10:00,chongzhi_beier,west,6,14
2019/1/19 02:15:00,chongzhi_beier,west,7,13
2019/1/19 02:20:00,chongzhi_beier,west,2,10
2019/1/19 02:25:00,chongzhi_beier,west,4,16
2019/1/19 02:30:00,chongzhi_beier,west,4,11
2019/1/19 02:35:00,chongzhi_beier,west,7,17
2019/1/19 02:40:00,chongzhi_beier,west,6,2
2019/1/19 02:45:00,chongzhi_beier,west,5,5
2019/1/19 02:50:00,chongzhi_beier,west,6,11
2019/1/19 02:55:00,chongzhi_beier,west,2,4
2019/1/19 03:00:00,chongzhi_beier,west,7,16
2019/1/19 03:05:00,chongzhi_beier,west,3,15
2019/1/19 03:10:00,chongzhi_beier,west,6,13
2019/1/19 03:15:00,chongzhi_beier,west,4,8
2019/1/19 03:20:00,chongzhi_beier,west,8,12
2019/1/19 03:25:00,chongzhi_beier,west,2,16
2019/1/19 03:30:00,chongzhi_beier,west,0,5
2019/1/19 03:35:00,chongzhi_beier,west,3,9
2019/1/19 03:40:00,chongzhi_beier,west,4,5
2019/1/19 03:45:00,chongzhi_beier,west,6,9
2019/1/19 03:50:00,chongzhi_beier,west,5,11
2019/1/19 03:55:00,chongzhi_beier,west,5,6
2019/1/19 04:00:00,chongzhi_beier,west,1,2
2019/1/19 04:05:00,chongzhi_beier,west,5,5
2019/1/19 04:10:00,chongzhi_beier,west,7,10
2019/1/19 04:15:00,chongzhi_beier,west,3,5
2019/1/19 04:20:00,chongzhi_beier,west,2,2
2019/1/19 04:25:00,chongzhi_beier,west,1,6
2019/1/19 04:30:00,chongzhi_beier,west,2,2
2019/1/19 04:35:00,chongzhi_beier,west,6,5
2019/1/19 04:40:00,chongzhi_beier,west,2,6
2019/1/19 04:45:00,chongzhi_beier,west,3,9
2019/1/19 04:50:00,chongzhi_beier,west,3,7
2019/1/19 04:55:00,chongzhi_beier,west,2,2
2019/1/19 05:00:00,chongzhi_beier,west,1,5
2019/1/19 05:05:00,chongzhi_beier,west,6,3
2019/1/19 05:10:00,chongzhi_beier,west,2,11
2019/1/19 05:15:00,chongzhi_beier,west,2,3
2019/1/19 05:20:00,chongzhi_beier,west,2,5
2019/1/19 05:25:00,chongzhi_beier,west,1,5
2019/1/19 05:30:00,chongzhi_beier,west,1,5
2019/1/19 05:35:00,chongzhi_beier,west,4,4
2019/1/19 05:40:00,chongzhi_beier,west,1,5
2019/1/19 05:45:00,chongzhi_beier,west,3,9
2019/1/19 05:50:00,chongzhi_beier,west,4,4
2019/1/19 05:55:00,chongzhi_beier,west,2,5
2019/1/19 06:00:00,chongzhi_beier,west,2,6
2019/1/19 06:05:00,chongzhi_beier,west,0,5
2019/1/19 06:10:00,chongzhi_beier,west,1,4
2019/1/19 06:15:00,chongzhi_beier,west,1,6
2019/1/19 06:20:00,chongzhi_beier,west,1,11
2019/1/19 06:25:00,chongzhi_beier,west,1,5
2019/1/19 06:30:00,chongzhi_beier,west,1,6
2019/1/19 06:35:00,chongzhi_beier,west,0,9
2019/1/19 06:40:00,chongzhi_beier,west,2,8
2019/1/19 06:45:00,chongzhi_beier,west,4,15
2019/1/19 06:50:00,chongzhi_beier,west,1,7
2019/1/19 06:55:00,chongzhi_beier,west,4,11
2019/1/19 07:00:00,chongzhi_beier,west,2,5
2019/1/19 07:05:00,chongzhi_beier,west,4,17
2019/1/19 07:10:00,chongzhi_beier,west,5,9
2019/1/19 07:15:00,chongzhi_beier,west,4,23
2019/1/19 07:20:00,chongzhi_beier,west,5,8
2019/1/19 07:25:00,chongzhi_beier,west,5,16
2019/1/19 07:30:00,chongzhi_beier,west,11,12
2019/1/19 07:35:00,chongzhi_beier,west,8,29
2019/1/19 07:40:00,chongzhi_beier,west,5,24
2019/1/19 07:45:00,chongzhi_beier,west,8,12
2019/1/19 07:50:00,chongzhi_beier,west,17,22
2019/1/19 07:55:00,chongzhi_beier,west,14,22
2019/1/19 08:00:00,chongzhi_beier,west,24,29
2019/1/19 08:05:00,chongzhi_beier,west,26,33
2019/1/19 08:10:00,chongzhi_beier,west,18,25
2019/1/19 08:15:00,chongzhi_beier,west,28,34
2019/1/19 08:20:00,chongzhi_beier,west,30,42
2019/1/19 08:25:00,chongzhi_beier,west,16,17
2019/1/19 08:30:00,chongzhi_beier,west,24,45
2019/1/19 08:35:00,chongzhi_beier,west,17,29
2019/1/19 08:40:00,chongzhi_beier,west,24,35
2019/1/19 08:45:00,chongzhi_beier,west,24,37
2019/1/19 08:50:00,chongzhi_beier,west,24,43
2019/1/19 08:55:00,chongzhi_beier,west,20,44
2019/1/19 09:00:00,chongzhi_beier,west,24,42
2019/1/19 09:05:00,chongzhi_beier,west,15,47
2019/1/19 09:10:00,chongzhi_beier,west,20,41
2019/1/19 09:15:00,chongzhi_beier,west,13,52
2019/1/19 09:20:00,chongzhi_beier,west,13,56
2019/1/19 09:25:00,chongzhi_beier,west,9,33
2019/1/19 09:30:00,chongzhi_beier,west,13,49
2019/1/19 09:35:00,chongzhi_beier,west,6,52
2019/1/19 09:40:00,chongzhi_beier,west,12,49
2019/1/19 09:45:00,chongzhi_beier,west,13,52
2019/1/19 09:50:00,chongzhi_beier,west,22,43
2019/1/19 09:55:00,chongzhi_beier,west,11,33
2019/1/19 10:00:00,chongzhi_beier,west,19,48
2019/1/19 10:05:00,chongzhi_beier,west,6,50
2019/1/19 10:10:00,chongzhi_beier,west,11,39
2019/1/19 10:15:00,chongzhi_beier,west,11,64
2019/1/19 10:20:00,chongzhi_beier,west,6,49
2019/1/19 10:25:00,chongzhi_beier,west,12,54
2019/1/19 10:30:00,chongzhi_beier,west,11,56
2019/1/19 10:35:00,chongzhi_beier,west,9,48
2019/1/19 10:40:00,chongzhi_beier,west,9,45
2019/1/19 10:45:00,chongzhi_beier,west,17,61
2019/1/19 10:50:00,chongzhi_beier,west,8,53
2019/1/19 10:55:00,chongzhi_beier,west,8,30
2019/1/19 11:00:00,chongzhi_beier,west,13,58
2019/1/19 11:05:00,chongzhi_beier,west,4,60
2019/1/19 11:10:00,chongzhi_beier,west,7,44
2019/1/19 11:15:00,chongzhi_beier,west,4,48
2019/1/19 11:20:00,chongzhi_beier,west,13,44
2019/1/19 11:25:00,chongzhi_beier,west,8,41
2019/1/19 11:30:00,chongzhi_beier,west,15,45
2019/1/19 11:35:00,chongzhi_beier,west,17,45
2019/1/19 11:40:00,chongzhi_beier,west,12,53
2019/1/19 11:45:00,chongzhi_beier,west,15,48
2019/1/19 11:50:00,chongzhi_beier,west,6,39
2019/1/19 11:55:00,chongzhi_beier,west,9,67
2019/1/19 12:00:00,chongzhi_beier,west,12,65
2019/1/19 12:05:00,chongzhi_beier,west,11,46
2019/1/19 12:10:00,chongzhi_beier,west,9,47
2019/1/19 12:15:00,chongzhi_beier,west,9,50
2019/1/19 12:20:00,chongzhi_beier,west,3,56
2019/1/19 12:25:00,chongzhi_beier,west,15,41
2019/1/19 12:30:00,chongzhi_beier,west,13,44
2019/1/19 12:35:00,chongzhi_beier,west,10,37
2019/1/19 12:40:00,chongzhi_beier,west,10,56
2019/1/19 12:45:00,chongzhi_beier,west,15,28
2019/1/19 12:50:00,chongzhi_beier,west,14,69
2019/1/19 12:55:00,chongzhi_beier,west,18,45
2019/1/19 13:00:00,chongzhi_beier,west,6,36
2019/1/19 13:05:00,chongzhi_beier,west,10,35
2019/1/19 13:10:00,chongzhi_beier,west,16,55
2019/1/19 13:15:00,chongzhi_beier,west,11,54
2019/1/19 13:20:00,chongzhi_beier,west,7,32
2019/1/19 13:25:00,chongzhi_beier,west,10,42
2019/1/19 13:30:00,chongzhi_beier,west,15,52
2019/1/19 13:35:00,chongzhi_beier,west,16,61
2019/1/19 13:40:00,chongzhi_beier,west,8,34
2019/1/19 13:45:00,chongzhi_beier,west,11,48
2019/1/19 13:50:00,chongzhi_beier,west,20,64
2019/1/19 13:55:00,chongzhi_beier,west,15,33
2019/1/19 14:00:00,chongzhi_beier,west,15,50
2019/1/19 14:05:00,chongzhi_beier,west,10,43
2019/1/19 14:10:00,chongzhi_beier,west,5,58
2019/1/19 14:15:00,chongzhi_beier,west,8,46
2019/1/19 14:20:00,chongzhi_beier,west,18,45
2019/1/19 14:25:00,chongzhi_beier,west,15,49
2019/1/19 14:30:00,chongzhi_beier,west,26,62
2019/1/19 14:35:00,chongzhi_beier,west,9,52
2019/1/19 14:40:00,chongzhi_beier,west,18,44
2019/1/19 14:45:00,chongzhi_beier,west,17,57
2019/1/19 14:50:00,chongzhi_beier,west,12,59
2019/1/19 14:55:00,chongzhi_beier,west,9,45
2019/1/19 15:00:00,chongzhi_beier,west,14,59
2019/1/19 15:05:00,chongzhi_beier,west,6,62
2019/1/19 15:10:00,chongzhi_beier,west,11,56
2019/1/19 15:15:00,chongzhi_beier,west,15,50
2019/1/19 15:20:00,chongzhi_beier,west,11,49
2019/1/19 15:25:00,chongzhi_beier,west,6,59
2019/1/19 15:30:00,chongzhi_beier,west,8,64
2019/1/19 15:35:00,chongzhi_beier,west,9,92
2019/1/19 15:40:00,chongzhi_beier,west,12,59
2019/1/19 15:45:00,chongzhi_beier,west,13,63
2019/1/19 15:50:00,chongzhi_beier,west,11,55
2019/1/19 15:55:00,chongzhi_beier,west,9,58
2019/1/19 16:00:00,chongzhi_beier,west,10,63
2019/1/19 16:05:00,chongzhi_beier,west,7,39
2019/1/19 16:10:00,chongzhi_beier,west,12,58
2019/1/19 16:15:00,chongzhi_beier,west,17,74
2019/1/19 16:20:00,chongzhi_beier,west,6,67
2019/1/19 16:25:00,chongzhi_beier,west,9,64
2019/1/19 16:30:00,chongzhi_beier,west,12,53
2019/1/19 16:35:00,chongzhi_beier,west,11,59
2019/1/19 16:40:00,chongzhi_beier,west,9,48
2019/1/19 16:45:00,chongzhi_beier,west,7,63
2019/1/19 16:50:00,chongzhi_beier,west,11,68
2019/1/19 16:55:00,chongzhi_beier,west,17,75
2019/1/19 17:00:00,chongzhi_beier,west,8,67
2019/1/19 17:05:00,chongzhi_beier,west,4,50
2019/1/19 17:10:00,chongzhi_beier,west,8,61
2019/1/19 17:15:00,chongzhi_beier,west,11,49
2019/1/19 17:20:00,chongzhi_beier,west,13,85
2019/1/19 17:25:00,chongzhi_beier,west,9,71
2019/1/19 17:30:00,chongzhi_beier,west,21,63
2019/1/19 17:35:00,chongzhi_beier,west,11,57
2019/1/19 17:40:00,chongzhi_beier,west,8,55
2019/1/19 17:45:00,chongzhi_beier,west,7,46
2019/1/19 17:50:00,chongzhi_beier,west,12,43
2019/1/19 17:55:00,chongzhi_beier,west,9,58
2019/1/19 18:00:00,chongzhi_beier,west,20,89
2019/1/19 18:05:00,chongzhi_beier,west,8,53
2019/1/19 18:10:00,chongzhi_beier,west,15,68
2019/1/19 18:15:00,chongzhi_beier,west,11,44
2019/1/19 18:20:00,chongzhi_beier,west,13,67
2019/1/19 18:25:00,chongzhi_beier,west,13,49
2019/1/19 18:30:00,chongzhi_beier,west,15,44
2019/1/19 18:35:00,chongzhi_beier,west,12,64
2019/1/19 18:40:00,chongzhi_beier,west,7,60
2019/1/19 18:45:00,chongzhi_beier,west,17,80
2019/1/19 18:50:00,chongzhi_beier,west,12,66
2019/1/19 18:55:00,chongzhi_beier,west,8,45
2019/1/19 19:00:00,chongzhi_beier,west,9,47
2019/1/19 19:05:00,chongzhi_beier,west,7,40
2019/1/19 19:10:00,chongzhi_beier,west,13,55
2019/1/19 19:15:00,chongzhi_beier,west,9,56
2019/1/19 19:20:00,chongzhi_beier,west,14,51
2019/1/19 19:25:00,chongzhi_beier,west,9,59
2019/1/19 19:30:00,chongzhi_beier,west,18,80
2019/1/19 19:35:00,chongzhi_beier,west,8,67
2019/1/19 19:40:00,chongzhi_beier,west,12,44
2019/1/19 19:45:00,chongzhi_beier,west,5,60
2019/1/19 19:50:00,chongzhi_beier,west,18,75
2019/1/19 19:55:00,chongzhi_beier,west,7,44
2019/1/19 20:00:00,chongzhi_beier,west,5,49
2019/1/19 20:05:00,chongzhi_beier,west,13,51
2019/1/19 20:10:00,chongzhi_beier,west,11,60
2019/1/19 20:15:00,chongzhi_beier,west,11,39
2019/1/19 20:20:00,chongzhi_beier,west,13,44
2019/1/19 20:25:00,chongzhi_beier,west,13,59
2019/1/19 20:30:00,chongzhi_beier,west,13,56
2019/1/19 20:35:00,chongzhi_beier,west,6,62
2019/1/19 20:40:00,chongzhi_beier,west,9,41
2019/1/19 20:45:00,chongzhi_beier,west,13,44
2019/1/19 20:50:00,chongzhi_beier,west,10,45
2019/1/19 20:55:00,chongzhi_beier,west,13,37
2019/1/19 21:00:00,chongzhi_beier,west,9,59
2019/1/19 21:05:00,chongzhi_beier,west,9,63
2019/1/19 21:10:00,chongzhi_beier,west,10,55
2019/1/19 21:15:00,chongzhi_beier,west,8,55
2019/1/19 21:20:00,chongzhi_beier,west,10,40
2019/1/19 21:25:00,chongzhi_beier,west,13,47
2019/1/19 21:30:00,chongzhi_beier,west,8,43
2019/1/19 21:35:00,chongzhi_beier,west,9,45
2019/1/19 21:40:00,chongzhi_beier,west,14,63
2019/1/19 21:45:00,chongzhi_beier,west,21,52
2019/1/19 21:50:00,chongzhi_beier,west,9,48
2019/1/19 21:55:00,chongzhi_beier,west,15,50
2019/1/19 22:00:00,chongzhi_beier,west,15,54
2019/1/19 22:05:00,chongzhi_beier,west,17,50
2019/1/19 22:10:00,chongzhi_beier,west,18,53
2019/1/19 22:15:00,chongzhi_beier,west,21,41
2019/1/19 22:20:00,chongzhi_beier,west,14,41
2019/1/19 22:25:00,chongzhi_beier,west,22,41
2019/1/19 22:30:00,chongzhi_beier,west,18,40
2019/1/19 22:35:00,chongzhi_beier,west,13,55
2019/1/19 22:40:00,chongzhi_beier,west,14,43
2019/1/19 22:45:00,chongzhi_beier,west,17,43
2019/1/19 22:50:00,chongzhi_beier,west,12,35
2019/1/19 22:55:00,chongzhi_beier,west,9,52
2019/1/19 23:00:00,chongzhi_beier,west,12,48
2019/1/19 23:05:00,chongzhi_beier,west,13,31
2019/1/19 23:10:00,chongzhi_beier,west,23,55
2019/1/19 23:15:00,chongzhi_beier,west,14,45
2019/1/19 23:20:00,chongzhi_beier,west,13,37
2019/1/19 23:25:00,chongzhi_beier,west,24,47
2019/1/19 23:30:00,chongzhi_beier,west,15,42
2019/1/19 23:35:00,chongzhi_beier,west,16,27
2019/1/19 23:40:00,chongzhi_beier,west,13,39
2019/1/19 23:45:00,chongzhi_beier,west,12,41
2019/1/19 23:50:00,chongzhi_beier,west,11,34
2019/1/19 23:55:00,chongzhi_beier,west,21,24
