2019/1/19 00:00:00,wuhe_jiaxian,north,4,23
2019/1/19 00:05:00,wuhe_jiaxian,north,3,11
2019/1/19 00:10:00,wuhe_jiaxian,north,5,24
2019/1/19 00:15:00,wuhe_jiaxian,north,3,18
2019/1/19 00:20:00,wuhe_jiaxian,north,4,33
2019/1/19 00:25:00,wuhe_jiaxian,north,0,21
2019/1/19 00:30:00,wuhe_jiaxian,north,3,22
2019/1/19 00:35:00,wuhe_jiaxian,north,2,16
2019/1/19 00:40:00,wuhe_jiaxian,north,1,24
2019/1/19 00:45:00,wuhe_jiaxian,north,4,14
2019/1/19 00:50:00,wuhe_jiaxian,north,5,12
2019/1/19 00:55:00,wuhe_jiaxian,north,2,14
2019/1/19 01:00:00,wuhe_jiaxian,north,5,7
2019/1/19 01:05:00,wuhe_jiaxian,north,1,15
2019/1/19 01:10:00,wuhe_jiaxian,north,1,9
2019/1/19 01:15:00,wuhe_jiaxian,north,3,12
2019/1/19 01:20:00,wuhe_jiaxian,north,2,13
2019/1/19 01:25:00,wuhe_jiaxian,north,3,11
2019/1/19 01:30:00,wuhe_jiaxian,north,3,18
2019/1/19 01:35:00,wuhe_jiaxian,north,2,13
2019/1/19 01:40:00,wuhe_jiaxian,north,1,15
2019/1/19 01:45:00,wuhe_jiaxian,north,0,6
2019/1/19 01:50:00,wuhe_jiaxian,north,2,8
2019/1/19 01:55:00,wuhe_jiaxian,north,2,5
2019/1/19 02:00:00,wuhe_jiaxian,north,0,6
2019/1/19 02:05:00,wuhe_jiaxian,north,3,10
2019/1/19 02:10:00,wuhe_jiaxian,north,2,7
2019/1/19 02:15:00,wuhe_jiaxian,north,1,6
2019/1/19 02:20:00,wuhe_jiaxian,north,1,8
2019/1/19 02:25:00,wuhe_jiaxian,north,2,6
2019/1/19 02:30:00,wuhe_jiaxian,north,0,4
2019/1/19 02:35:00,wuhe_jiaxian,north,2,12
2019/1/19 02:40:00,wuhe_jiaxian,north,0,4
2019/1/19 02:45:00,wuhe_jiaxian,north,2,8
2019/1/19 02:50:00,wuhe_jiaxian,north,3,5
2019/1/19 02:55:00,wuhe_jiaxian,north,1,12
2019/1/19 03:00:00,wuhe_jiaxian,north,2,5
2019/1/19 03:05:00,wuhe_jiaxian,north,1,7
2019/1/19 03:10:00,wuhe_jiaxian,north,0,13
2019/1/19 03:15:00,wuhe_jiaxian,north,1,4
2019/1/19 03:20:00,wuhe_jiaxian,north,0,0
2019/1/19 03:25:00,wuhe_jiaxian,north,0,9
2019/1/19 03:30:00,wuhe_jiaxian,north,1,2
2019/1/19 03:35:00,wuhe_jiaxian,north,0,2
2019/1/19 03:40:00,wuhe_jiaxian,north,0,6
2019/1/19 03:45:00,wuhe_jiaxian,north,0,3
2019/1/19 03:50:00,wuhe_jiaxian,north,0,4
2019/1/19 03:55:00,wuhe_jiaxian,north,0,3
2019/1/19 04:00:00,wuhe_jiaxian,north,1,3
2019/1/19 04:05:00,wuhe_jiaxian,north,0,3
2019/1/19 04:10:00,wuhe_jiaxian,north,0,2
2019/1/19 04:15:00,wuhe_jiaxian,north,0,4
2019/1/19 04:20:00,wuhe_jiaxian,north,1,5
2019/1/19 04:25:00,wuhe_jiaxian,north,1,1
2019/1/19 04:30:00,wuhe_jiaxian,north,0,5
2019/1/19 04:35:00,wuhe_jiaxian,north,0,2
2019/1/19 04:40:00,wuhe_jiaxian,north,0,4
2019/1/19 04:45:00,wuhe_jiaxian,north,1,6
2019/1/19 04:50:00,wuhe_jiaxian,north,0,5
2019/1/19 04:55:00,wuhe_jiaxian,north,0,3
2019/1/19 05:00:00,wuhe_jiaxian,north,0,1
2019/1/19 05:05:00,wuhe_jiaxian,north,1,4
2019/1/19 05:10:00,wuhe_jiaxian,north,0,3
2019/1/19 05:15:00,wuhe_jiaxian,north,0,5
2019/1/19 05:20:00,wuhe_jiaxian,north,0,1
2019/1/19 05:25:00,wuhe_jiaxian,north,0,2
2019/1/19 05:30:00,wuhe_jiaxian,north,0,5
2019/1/19 05:35:00,wuhe_jiaxian,north,0,6
2019/1/19 05:40:00,wuhe_jiaxian,north,0,3
2019/1/19 05:45:00,wuhe_jiaxian,north,0,7
2019/1/19 05:50:00,wuhe_jiaxian,north,0,7
2019/1/19 05:55:00,wuhe_jiaxian,north,0,4
2019/1/19 06:00:00,wuhe_jiaxian,north,0,5
2019/1/19 06:05:00,wuhe_jiaxian,north,2,3
2019/1/19 06:10:00,wuhe_jiaxian,north,1,4
2019/1/19 06:15:00,wuhe_jiaxian,north,0,7
2019/1/19 06:20:00,wuhe_jiaxian,north,0,7
2019/1/19 06:25:00,wuhe_jiaxian,north,1,9
2019/1/19 06:30:00,wuhe_jiaxian,north,0,8
2019/1/19 06:35:00,wuhe_jiaxian,north,2,8
2019/1/19 06:40:00,wuhe_jiaxian,north,1,15
2019/1/19 06:45:00,wuhe_jiaxian,north,5,8
2019/1/19 06:50:00,wuhe_jiaxian,north,1,6
2019/1/19 06:55:00,wuhe_jiaxian,north,4,13
2019/1/19 07:00:00,wuhe_jiaxian,north,4,11
2019/1/19 07:05:00,wuhe_jiaxian,north,5,12
2019/1/19 07:10:00,wuhe_jiaxian,north,2,15
2019/1/19 07:15:00,wuhe_jiaxian,north,4,7
2019/1/19 07:20:00,wuhe_jiaxian,north,6,20
2019/1/19 07:25:00,wuhe_jiaxian,north,5,20
2019/1/19 07:30:00,wuhe_jiaxian,north,5,14
2019/1/19 07:35:00,wuhe_jiaxian,north,5,18
2019/1/19 07:40:00,wuhe_jiaxian,north,12,21
2019/1/19 07:45:00,wuhe_jiaxian,north,11,33
2019/1/19 07:50:00,wuhe_jiaxian,north,6,28
2019/1/19 07:55:00,wuhe_jiaxian,north,10,17
2019/1/19 08:00:00,wuhe_jiaxian,north,13,36
2019/1/19 08:05:00,wuhe_jiaxian,north,10,28
2019/1/19 08:10:00,wuhe_jiaxian,north,13,33
2019/1/19 08:15:00,wuhe_jiaxian,north,17,41
2019/1/19 08:20:00,wuhe_jiaxian,north,16,30
2019/1/19 08:25:00,wuhe_jiaxian,north,16,33
2019/1/19 08:30:00,wuhe_jiaxian,north,8,33
2019/1/19 08:35:00,wuhe_jiaxian,north,22,55
2019/1/19 08:40:00,wuhe_jiaxian,north,13,35
2019/1/19 08:45:00,wuhe_jiaxian,north,15,49
2019/1/19 08:50:00,wuhe_jiaxian,north,14,44
2019/1/19 08:55:00,wuhe_jiaxian,north,11,50
2019/1/19 09:00:00,wuhe_jiaxian,north,11,40
2019/1/19 09:05:00,wuhe_jiaxian,north,10,46
2019/1/19 09:10:00,wuhe_jiaxian,north,7,63
2019/1/19 09:15:00,wuhe_jiaxian,north,6,53
2019/1/19 09:20:00,wuhe_jiaxian,north,12,41
2019/1/19 09:25:00,wuhe_jiaxian,north,11,46
2019/1/19 09:30:00,wuhe_jiaxian,north,11,54
2019/1/19 09:35:00,wuhe_jiaxian,north,12,50
2019/1/19 09:40:00,wuhe_jiaxian,north,13,44
2019/1/19 09:45:00,wuhe_jiaxian,north,5,55
2019/1/19 09:50:00,wuhe_jiaxian,north,14,48
2019/1/19 09:55:00,wuhe_jiaxian,north,6,36
2019/1/19 10:00:00,wuhe_jiaxian,north,14,46
2019/1/19 10:05:00,wuhe_jiaxian,north,7,43
2019/1/19 10:10:00,wuhe_jiaxian,north,9,48
2019/1/19 10:15:00,wuhe_jiaxian,north,8,37
2019/1/19 10:20:00,wuhe_jiaxian,north,9,43
2019/1/19 10:25:00,wuhe_jiaxian,north,8,34
2019/1/19 10:30:00,wuhe_jiaxian,north,12,53
2019/1/19 10:35:00,wuhe_jiaxian,north,10,45
2019/1/19 10:40:00,wuhe_jiaxian,north,10,37
2019/1/19 10:45:00,wuhe_jiaxian,north,9,40
2019/1/19 10:50:00,wuhe_jiaxian,north,14,43
2019/1/19 10:55:00,wuhe_jiaxian,north,9,50
2019/1/19 11:00:00,wuhe_jiaxian,north,12,47
2019/1/19 11:05:00,wuhe_jiaxian,north,16,45
2019/1/19 11:10:00,wuhe_jiaxian,north,11,48
2019/1/19 11:15:00,wuhe_jiaxian,north,10,47
2019/1/19 11:20:00,wuhe_jiaxian,north,9,45
2019/1/19 11:25:00,wuhe_jiaxian,north,16,45
2019/1/19 11:30:00,wuhe_jiaxian,north,9,48
2019/1/19 11:35:00,wuhe_jiaxian,north,9,36
2019/1/19 11:40:00,wuhe_jiaxian,north,10,40
2019/1/19 11:45:00,wuhe_jiaxian,north,8,35
2019/1/19 11:50:00,wuhe_jiaxian,north,6,29
2019/1/19 11:55:00,wuhe_jiaxian,north,11,47
2019/1/19 12:00:00,wuhe_jiaxian,north,11,62
2019/1/19 12:05:00,wuhe_jiaxian,north,9,31
2019/1/19 12:10:00,wuhe_jiaxian,north,10,47
2019/1/19 12:15:00,wuhe_jiaxian,north,10,43
2019/1/19 12:20:00,wuhe_jiaxian,north,8,24
2019/1/19 12:25:00,wuhe_jiaxian,north,5,55
2019/1/19 12:30:00,wuhe_jiaxian,north,11,43
2019/1/19 12:35:00,wuhe_jiaxian,north,14,60
2019/1/19 12:40:00,wuhe_jiaxian,north,6,47
2019/1/19 12:45:00,wuhe_jiaxian,north,12,68
2019/1/19 12:50:00,wuhe_jiaxian,north,7,33
2019/1/19 12:55:00,wuhe_jiaxian,north,5,37
2019/1/19 13:00:00,wuhe_jiaxian,north,6,50
2019/1/19 13:05:00,wuhe_jiaxian,north,12,47
2019/1/19 13:10:00,wuhe_jiaxian,north,9,38
2019/1/19 13:15:00,wuhe_jiaxian,north,10,49
2019/1/19 13:20:00,wuhe_jiaxian,north,5,64
2019/1/19 13:25:00,wuhe_jiaxian,north,12,43
2019/1/19 13:30:00,wuhe_jiaxian,north,14,49
2019/1/19 13:35:00,wuhe_jiaxian,north,12,34
2019/1/19 13:40:00,wuhe_jiaxian,north,13,46
2019/1/19 13:45:00,wuhe_jiaxian,north,7,37
2019/1/19 13:50:00,wuhe_jiaxian,north,6,26
2019/1/19 13:55:00,wuhe_jiaxian,north,4,38
2019/1/19 14:00:00,wuhe_jiaxian,north,9,50
2019/1/19 14:05:00,wuhe_jiaxian,north,5,57
2019/1/19 14:10:00,wuhe_jiaxian,north,13,44
2019/1/19 14:15:00,wuhe_jiaxian,north,7,42
2019/1/19 14:20:00,wuhe_jiaxian,north,5,34
2019/1/19 14:25:00,wuhe_jiaxian,north,6,48
2019/1/19 14:30:00,wuhe_jiaxian,north,3,56
2019/1/19 14:35:00,wuhe_jiaxian,north,9,59
2019/1/19 14:40:00,wuhe_jiaxian,north,6,54
2019/1/19 14:45:00,wuhe_jiaxian,north,7,51
2019/1/19 14:50:00,wuhe_jiaxian,north,8,52
2019/1/19 14:55:00,wuhe_jiaxian,north,9,49
2019/1/19 15:00:00,wuhe_jiaxian,north,8,51
2019/1/19 15:05:00,wuhe_jiaxian,north,5,64
2019/1/19 15:10:00,wuhe_jiaxian,north,8,41
2019/1/19 15:15:00,wuhe_jiaxian,north,10,64
2019/1/19 15:20:00,wuhe_jiaxian,north,8,46
2019/1/19 15:25:00,wuhe_jiaxian,north,15,50
2019/1/19 15:30:00,wuhe_jiaxian,north,5,53
2019/1/19 15:35:00,wuhe_jiaxian,north,10,55
2019/1/19 15:40:00,wuhe_jiaxian,north,12,57
2019/1/19 15:45:00,wuhe_jiaxian,north,5,49
2019/1/19 15:50:00,wuhe_jiaxian,north,6,50
2019/1/19 15:55:00,wuhe_jiaxian,north,3,46
2019/1/19 16:00:00,wuhe_jiaxian,north,9,59
2019/1/19 16:05:00,wuhe_jiaxian,north,9,54
2019/1/19 16:10:00,wuhe_jiaxian,north,9,69
2019/1/19 16:15:00,wuhe_jiaxian,north,3,63
2019/1/19 16:20:00,wuhe_jiaxian,north,3,47
2019/1/19 16:25:00,wuhe_jiaxian,north,7,60
2019/1/19 16:30:00,wuhe_jiaxian,north,11,62
2019/1/19 16:35:00,wuhe_jiaxian,north,7,44
2019/1/19 16:40:00,wuhe_jiaxian,north,10,62
2019/1/19 16:45:00,wuhe_jiaxian,north,11,66
2019/1/19 16:50:00,wuhe_jiaxian,north,11,71
2019/1/19 16:55:00,wuhe_jiaxian,north,11,74
2019/1/19 17:00:00,wuhe_jiaxian,north,6,59
2019/1/19 17:05:00,wuhe_jiaxian,north,11,59
2019/1/19 17:10:00,wuhe_jiaxian,north,21,76
2019/1/19 17:15:00,wuhe_jiaxian,north,10,71
2019/1/19 17:20:00,wuhe_jiaxian,north,12,70
2019/1/19 17:25:00,wuhe_jiaxian,north,15,51
2019/1/19 17:30:00,wuhe_jiaxian,north,13,49
2019/1/19 17:35:00,wuhe_jiaxian,north,10,66
2019/1/19 17:40:00,wuhe_jiaxian,north,16,81
2019/1/19 17:45:00,wuhe_jiaxian,north,15,87
2019/1/19 17:50:00,wuhe_jiaxian,north,10,72
2019/1/19 17:55:00,wuhe_jiaxian,north,7,81
2019/1/19 18:00:00,wuhe_jiaxian,north,12,63
2019/1/19 18:05:00,wuhe_jiaxian,north,16,74
2019/1/19 18:10:00,wuhe_jiaxian,north,11,71
2019/1/19 18:15:00,wuhe_jiaxian,north,7,75
2019/1/19 18:20:00,wuhe_jiaxian,north,13,63
2019/1/19 18:25:00,wuhe_jiaxian,north,7,70
2019/1/19 18:30:00,wuhe_jiaxian,north,10,71
2019/1/19 18:35:00,wuhe_jiaxian,north,12,81
2019/1/19 18:40:00,wuhe_jiaxian,north,10,91
2019/1/19 18:45:00,wuhe_jiaxian,north,8,61
2019/1/19 18:50:00,wuhe_jiaxian,north,12,82
2019/1/19 18:55:00,wuhe_jiaxian,north,8,47
2019/1/19 19:00:00,wuhe_jiaxian,north,7,66
2019/1/19 19:05:00,wuhe_jiaxian,north,2,56
2019/1/19 19:10:00,wuhe_jiaxian,north,9,73
2019/1/19 19:15:00,wuhe_jiaxian,north,10,55
2019/1/19 19:20:00,wuhe_jiaxian,north,14,54
2019/1/19 19:25:00,wuhe_jiaxian,north,7,48
2019/1/19 19:30:00,wuhe_jiaxian,north,7,46
2019/1/19 19:35:00,wuhe_jiaxian,north,10,55
2019/1/19 19:40:00,wuhe_jiaxian,north,14,60
2019/1/19 19:45:00,wuhe_jiaxian,north,8,57
2019/1/19 19:50:00,wuhe_jiaxian,north,8,34
2019/1/19 19:55:00,wuhe_jiaxian,north,7,37
2019/1/19 20:00:00,wuhe_jiaxian,north,6,47
2019/1/19 20:05:00,wuhe_jiaxian,north,8,32
2019/1/19 20:10:00,wuhe_jiaxian,north,8,40
2019/1/19 20:15:00,wuhe_jiaxian,north,10,42
2019/1/19 20:20:00,wuhe_jiaxian,north,6,33
2019/1/19 20:25:00,wuhe_jiaxian,north,11,49
2019/1/19 20:30:00,wuhe_jiaxian,north,4,45
2019/1/19 20:35:00,wuhe_jiaxian,north,7,37
2019/1/19 20:40:00,wuhe_jiaxian,north,9,34
2019/1/19 20:45:00,wuhe_jiaxian,north,7,26
2019/1/19 20:50:00,wuhe_jiaxian,north,9,32
2019/1/19 20:55:00,wuhe_jiaxian,north,7,50
2019/1/19 21:00:00,wuhe_jiaxian,north,7,38
2019/1/19 21:05:00,wuhe_jiaxian,north,4,31
2019/1/19 21:10:00,wuhe_jiaxian,north,7,56
2019/1/19 21:15:00,wuhe_jiaxian,north,5,37
2019/1/19 21:20:00,wuhe_jiaxian,north,4,50
2019/1/19 21:25:00,wuhe_jiaxian,north,5,32
2019/1/19 21:30:00,wuhe_jiaxian,north,5,28
2019/1/19 21:35:00,wuhe_jiaxian,north,2,34
2019/1/19 21:40:00,wuhe_jiaxian,north,7,47
2019/1/19 21:45:00,wuhe_jiaxian,north,7,46
2019/1/19 21:50:00,wuhe_jiaxian,north,9,41
2019/1/19 21:55:00,wuhe_jiaxian,north,13,40
2019/1/19 22:00:00,wuhe_jiaxian,north,6,33
2019/1/19 22:05:00,wuhe_jiaxian,north,11,38
2019/1/19 22:10:00,wuhe_jiaxian,north,10,36
2019/1/19 22:15:00,wuhe_jiaxian,north,8,36
2019/1/19 22:20:00,wuhe_jiaxian,north,5,36
2019/1/19 22:25:00,wuhe_jiaxian,north,8,37
2019/1/19 22:30:00,wuhe_jiaxian,north,4,36
2019/1/19 22:35:00,wuhe_jiaxian,north,10,46
2019/1/19 22:40:00,wuhe_jiaxian,north,1,25
2019/1/19 22:45:00,wuhe_jiaxian,north,5,37
2019/1/19 22:50:00,wuhe_jiaxian,north,9,19
2019/1/19 22:55:00,wuhe_jiaxian,north,8,29
2019/1/19 23:00:00,wuhe_jiaxian,north,6,26
2019/1/19 23:05:00,wuhe_jiaxian,north,3,32
2019/1/19 23:10:00,wuhe_jiaxian,north,1,31
2019/1/19 23:15:00,wuhe_jiaxian,north,2,33
2019/1/19 23:20:00,wuhe_jiaxian,north,4,26
2019/1/19 23:25:00,wuhe_jiaxian,north,6,28
2019/1/19 23:30:00,wuhe_jiaxian,north,4,24
2019/1/19 23:35:00,wuhe_jiaxian,north,6,28
2019/1/19 23:40:00,wuhe_jiaxian,north,4,14
2019/1/19 23:45:00,wuhe_jiaxian,north,3,40
2019/1/19 23:50:00,wuhe_jiaxian,north,3,28
2019/1/19 23:55:00,wuhe_jiaxian,north,3,29
