2019/1/19 00:00:00,wuhe_zhangheng,east,1,11
2019/1/19 00:05:00,wuhe_zhangheng,east,5,12
2019/1/19 00:10:00,wuhe_zhangheng,east,3,5
2019/1/19 00:15:00,wuhe_zhangheng,east,4,11
2019/1/19 00:20:00,wuhe_zhangheng,east,8,7
2019/1/19 00:25:00,wuhe_zhangheng,east,4,6
2019/1/19 00:30:00,wuhe_zhangheng,east,3,10
2019/1/19 00:35:00,wuhe_zhangheng,east,1,6
2019/1/19 00:40:00,wuhe_zhangheng,east,4,13
2019/1/19 00:45:00,wuhe_zhangheng,east,1,10
2019/1/19 00:50:00,wuhe_zhangheng,east,4,3
2019/1/19 00:55:00,wuhe_zhangheng,east,2,8
2019/1/19 01:00:00,wuhe_zhangheng,east,1,1
2019/1/19 01:05:00,wuhe_zhangheng,east,3,11
2019/1/19 01:10:00,wuhe_zhangheng,east,2,5
2019/1/19 01:15:00,wuhe_zhangheng,east,4,7
2019/1/19 01:20:00,wuhe_zhangheng,east,2,3
2019/1/19 01:25:00,wuhe_zhangheng,east,4,4
2019/1/19 01:30:00,wuhe_zhangheng,east,6,7
2019/1/19 01:35:00,wuhe_zhangheng,east,3,3
2019/1/19 01:40:00,wuhe_zhangheng,east,0,3
2019/1/19 01:45:00,wuhe_zhangheng,east,1,2
2019/1/19 01:50:00,wuhe_zhangheng,east,0,1
2019/1/19 01:55:00,wuhe_zhangheng,east,0,8
2019/1/19 02:00:00,wuhe_zhangheng,east,3,1
2019/1/19 02:05:00,wuhe_zhangheng,east,1,1
2019/1/19 02:10:00,wuhe_zhangheng,east,2,7
2019/1/19 02:15:00,wuhe_zhangheng,east,2,3
2019/1/19 02:20:00,wuhe_zhangheng,east,1,4
2019/1/19 02:25:00,wuhe_zhangheng,east,1,2
2019/1/19 02:30:00,wuhe_zhangheng,east,0,7
2019/1/19 02:35:00,wuhe_zhangheng,east,0,5
2019/1/19 02:40:00,wuhe_zhangheng,east,1,3
2019/1/19 02:45:00,wuhe_zhangheng,east,0,4
2019/1/19 02:50:00,wuhe_zhangheng,east,0,5
2019/1/19 02:55:00,wuhe_zhangheng,east,2,1
2019/1/19 03:00:00,wuhe_zhangheng,east,1,4
2019/1/19 03:05:00,wuhe_zhangheng,east,2,4
2019/1/19 03:10:00,wuhe_zhangheng,east,0,0
2019/1/19 03:15:00,wuhe_zhangheng,east,0,1
2019/1/19 03:20:00,wuhe_zhangheng,east,0,1
2019/1/19 03:25:00,wuhe_zhangheng,east,1,1
2019/1/19 03:30:00,wuhe_zhangheng,east,0,0
2019/1/19 03:35:00,wuhe_zhangheng,east,2,1
2019/1/19 03:40:00,wuhe_zhangheng,east,1,3
2019/1/19 03:45:00,wuhe_zhangheng,east,0,3
2019/1/19 03:50:00,wuhe_zhangheng,east,1,3
2019/1/19 03:55:00,wuhe_zhangheng,east,0,3
2019/1/19 04:00:00,wuhe_zhangheng,east,1,0
2019/1/19 04:05:00,wuhe_zhangheng,east,0,1
2019/1/19 04:10:00,wuhe_zhangheng,east,0,1
2019/1/19 04:15:00,wuhe_zhangheng,east,1,2
2019/1/19 04:20:00,wuhe_zhangheng,east,0,0
2019/1/19 04:25:00,wuhe_zhangheng,east,0,5
2019/1/19 04:30:00,wuhe_zhangheng,east,0,3
2019/1/19 04:35:00,wuhe_zhangheng,east,1,0
2019/1/19 04:40:00,wuhe_zhangheng,east,0,2
2019/1/19 04:45:00,wuhe_zhangheng,east,0,2
2019/1/19 04:50:00,wuhe_zhangheng,east,2,3
2019/1/19 04:55:00,wuhe_zhangheng,east,0,4
2019/1/19 05:00:00,wuhe_zhangheng,east,1,1
2019/1/19 05:05:00,wuhe_zhangheng,east,1,1
2019/1/19 05:10:00,wuhe_zhangheng,east,0,1
2019/1/19 05:15:00,wuhe_zhangheng,east,1,4
2019/1/19 05:20:00,wuhe_zhangheng,east,0,1
2019/1/19 05:25:00,wuhe_zhangheng,east,0,3
2019/1/19 05:30:00,wuhe_zhangheng,east,1,4
2019/1/19 05:35:00,wuhe_zhangheng,east,1,3
2019/1/19 05:40:00,wuhe_zhangheng,east,0,6
2019/1/19 05:45:00,wuhe_zhangheng,east,0,4
2019/1/19 05:50:00,wuhe_zhangheng,east,0,3
2019/1/19 05:55:00,wuhe_zhangheng,east,2,6
2019/1/19 06:00:00,wuhe_zhangheng,east,0,4
2019/1/19 06:05:00,wuhe_zhangheng,east,2,9
2019/1/19 06:10:00,wuhe_zhangheng,east,2,5
2019/1/19 06:15:00,wuhe_zhangheng,east,0,0
2019/1/19 06:20:00,wuhe_zhangheng,east,1,7
2019/1/19 06:25:00,wuhe_zhangheng,east,2,5
2019/1/19 06:30:00,wuhe_zhangheng,east,4,10
2019/1/19 06:35:00,wuhe_zhangheng,east,1,6
2019/1/19 06:40:00,wuhe_zhangheng,east,2,7
2019/1/19 06:45:00,wuhe_zhangheng,east,2,9
2019/1/19 06:50:00,wuhe_zhangheng,east,2,9
2019/1/19 06:55:00,wuhe_zhangheng,east,6,12
2019/1/19 07:00:00,wuhe_zhangheng,east,0,10
2019/1/19 07:05:00,wuhe_zhangheng,east,0,12
2019/1/19 07:10:00,wuhe_zhangheng,east,2,17
2019/1/19 07:15:00,wuhe_zhangheng,east,1,15
2019/1/19 07:20:00,wuhe_zhangheng,east,2,19
2019/1/19 07:25:00,wuhe_zhangheng,east,2,23
2019/1/19 07:30:00,wuhe_zhangheng,east,3,21
2019/1/19 07:35:00,wuhe_zhangheng,east,4,22
2019/1/19 07:40:00,wuhe_zhangheng,east,5,26
2019/1/19 07:45:00,wuhe_zhangheng,east,2,15
2019/1/19 07:50:00,wuhe_zhangheng,east,9,21
2019/1/19 07:55:00,wuhe_zhangheng,east,4,27
2019/1/19 08:00:00,wuhe_zhangheng,east,4,11
2019/1/19 08:05:00,wuhe_zhangheng,east,3,22
2019/1/19 08:10:00,wuhe_zhangheng,east,4,28
2019/1/19 08:15:00,wuhe_zhangheng,east,5,27
2019/1/19 08:20:00,wuhe_zhangheng,east,6,23
2019/1/19 08:25:00,wuhe_zhangheng,east,2,21
2019/1/19 08:30:00,wuhe_zhangheng,east,2,17
2019/1/19 08:35:00,wuhe_zhangheng,east,3,27
2019/1/19 08:40:00,wuhe_zhangheng,east,5,21
2019/1/19 08:45:00,wuhe_zhangheng,east,6,23
2019/1/19 08:50:00,wuhe_zhangheng,east,7,16
2019/1/19 08:55:00,wuhe_zhangheng,east,6,18
2019/1/19 09:00:00,wuhe_zhangheng,east,1,21
2019/1/19 09:05:00,wuhe_zhangheng,east,7,20
2019/1/19 09:10:00,wuhe_zhangheng,east,7,26
2019/1/19 09:15:00,wuhe_zhangheng,east,7,30
2019/1/19 09:20:00,wuhe_zhangheng,east,7,30
2019/1/19 09:25:00,wuhe_zhangheng,east,5,18
2019/1/19 09:30:00,wuhe_zhangheng,east,8,26
2019/1/19 09:35:00,wuhe_zhangheng,east,7,20
2019/1/19 09:40:00,wuhe_zhangheng,east,4,27
2019/1/19 09:45:00,wuhe_zhangheng,east,4,24
2019/1/19 09:50:00,wuhe_zhangheng,east,7,35
2019/1/19 09:55:00,wuhe_zhangheng,east,2,28
2019/1/19 10:00:00,wuhe_zhangheng,east,4,25
2019/1/19 10:05:00,wuhe_zhangheng,east,2,17
2019/1/19 10:10:00,wuhe_zhangheng,east,5,18
2019/1/19 10:15:00,wuhe_zhangheng,east,2,11
2019/1/19 10:20:00,wuhe_zhangheng,east,4,22
2019/1/19 10:25:00,wuhe_zhangheng,east,8,25
2019/1/19 10:30:00,wuhe_zhangheng,east,3,21
2019/1/19 10:35:00,wuhe_zhangheng,east,2,22
2019/1/19 10:40:00,wuhe_zhangheng,east,9,25
2019/1/19 10:45:00,wuhe_zhangheng,east,0,20
2019/1/19 10:50:00,wuhe_zhangheng,east,5,9
2019/1/19 10:55:00,wuhe_zhangheng,east,2,26
2019/1/19 11:00:00,wuhe_zhangheng,east,5,22
2019/1/19 11:05:00,wuhe_zhangheng,east,3,24
2019/1/19 11:10:00,wuhe_zhangheng,east,3,19
2019/1/19 11:15:00,wuhe_zhangheng,east,2,21
2019/1/19 11:20:00,wuhe_zhangheng,east,2,22
2019/1/19 11:25:00,wuhe_zhangheng,east,1,14
2019/1/19 11:30:00,wuhe_zhangheng,east,3,17
2019/1/19 11:35:00,wuhe_zhangheng,east,6,23
2019/1/19 11:40:00,wuhe_zhangheng,east,3,26
2019/1/19 11:45:00,wuhe_zhangheng,east,2,14
2019/1/19 11:50:00,wuhe_zhangheng,east,3,19
2019/1/19 11:55:00,wuhe_zhangheng,east,3,23
2019/1/19 12:00:00,wuhe_zhangheng,east,5,22
2019/1/19 12:05:00,wuhe_zhangheng,east,1,14
2019/1/19 12:10:00,wuhe_zhangheng,east,7,16
2019/1/19 12:15:00,wuhe_zhangheng,east,1,16
2019/1/19 12:20:00,wuhe_zhangheng,east,6,26
2019/1/19 12:25:00,wuhe_zhangheng,east,3,18
2019/1/19 12:30:00,wuhe_zhangheng,east,8,15
2019/1/19 12:35:00,wuhe_zhangheng,east,4,16
2019/1/19 12:40:00,wuhe_zhangheng,east,8,15
2019/1/19 12:45:00,wuhe_zhangheng,east,5,22
2019/1/19 12:50:00,wuhe_zhangheng,east,12,14
2019/1/19 12:55:00,wuhe_zhangheng,east,8,19
2019/1/19 13:00:00,wuhe_zhangheng,east,13,20
2019/1/19 13:05:00,wuhe_zhangheng,east,16,26
2019/1/19 13:10:00,wuhe_zhangheng,east,17,27
2019/1/19 13:15:00,wuhe_zhangheng,east,8,18
2019/1/19 13:20:00,wuhe_zhangheng,east,9,19
2019/1/19 13:25:00,wuhe_zhangheng,east,10,23
2019/1/19 13:30:00,wuhe_zhangheng,east,11,15
2019/1/19 13:35:00,wuhe_zhangheng,east,4,12
2019/1/19 13:40:00,wuhe_zhangheng,east,6,18
2019/1/19 13:45:00,wuhe_zhangheng,east,6,21
2019/1/19 13:50:00,wuhe_zhangheng,east,2,17
2019/1/19 13:55:00,wuhe_zhangheng,east,8,17
2019/1/19 14:00:00,wuhe_zhangheng,east,9,18
2019/1/19 14:05:00,wuhe_zhangheng,east,4,16
2019/1/19 14:10:00,wuhe_zhangheng,east,8,22
2019/1/19 14:15:00,wuhe_zhangheng,east,10,26
2019/1/19 14:20:00,wuhe_zhangheng,east,6,16
2019/1/19 14:25:00,wuhe_zhangheng,east,4,22
2019/1/19 14:30:00,wuhe_zhangheng,east,3,16
2019/1/19 14:35:00,wuhe_zhangheng,east,4,17
2019/1/19 14:40:00,wuhe_zhangheng,east,2,17
2019/1/19 14:45:00,wuhe_zhangheng,east,8,19
2019/1/19 14:50:00,wuhe_zhangheng,east,2,17
2019/1/19 14:55:00,wuhe_zhangheng,east,9,25
2019/1/19 15:00:00,wuhe_zhangheng,east,7,22
2019/1/19 15:05:00,wuhe_zhangheng,east,6,18
2019/1/19 15:10:00,wuhe_zhangheng,east,1,18
2019/1/19 15:15:00,wuhe_zhangheng,east,8,23
2019/1/19 15:20:00,wuhe_zhangheng,east,4,15
2019/1/19 15:25:00,wuhe_zhangheng,east,5,12
2019/1/19 15:30:00,wuhe_zhangheng,east,6,21
2019/1/19 15:35:00,wuhe_zhangheng,east,7,32
2019/1/19 15:40:00,wuhe_zhangheng,east,2,19
2019/1/19 15:45:00,wuhe_zhangheng,east,4,20
2019/1/19 15:50:00,wuhe_zhangheng,east,3,16
2019/1/19 15:55:00,wuhe_zhangheng,east,5,14
2019/1/19 16:00:00,wuhe_zhangheng,east,4,18
2019/1/19 16:05:00,wuhe_zhangheng,east,6,20
2019/1/19 16:10:00,wuhe_zhangheng,east,3,12
2019/1/19 16:15:00,wuhe_zhangheng,east,6,18
2019/1/19 16:20:00,wuhe_zhangheng,east,6,12
2019/1/19 16:25:00,wuhe_zhangheng,east,2,15
2019/1/19 16:30:00,wuhe_zhangheng,east,3,13
2019/1/19 16:35:00,wuhe_zhangheng,east,11,12
2019/1/19 16:40:00,wuhe_zhangheng,east,3,9
2019/1/19 16:45:00,wuhe_zhangheng,east,11,14
2019/1/19 16:50:00,wuhe_zhangheng,east,6,14
2019/1/19 16:55:00,wuhe_zhangheng,east,5,11
2019/1/19 17:00:00,wuhe_zhangheng,east,11,33
2019/1/19 17:05:00,wuhe_zhangheng,east,5,13
2019/1/19 17:10:00,wuhe_zhangheng,east,8,23
2019/1/19 17:15:00,wuhe_zhangheng,east,5,14
2019/1/19 17:20:00,wuhe_zhangheng,east,8,11
2019/1/19 17:25:00,wuhe_zhangheng,east,7,24
2019/1/19 17:30:00,wuhe_zhangheng,east,4,19
2019/1/19 17:35:00,wuhe_zhangheng,east,8,20
2019/1/19 17:40:00,wuhe_zhangheng,east,3,23
2019/1/19 17:45:00,wuhe_zhangheng,east,10,16
2019/1/19 17:50:00,wuhe_zhangheng,east,8,16
2019/1/19 17:55:00,wuhe_zhangheng,east,4,15
2019/1/19 18:00:00,wuhe_zhangheng,east,6,13
2019/1/19 18:05:00,wuhe_zhangheng,east,7,8
2019/1/19 18:10:00,wuhe_zhangheng,east,3,14
2019/1/19 18:15:00,wuhe_zhangheng,east,4,14
2019/1/19 18:20:00,wuhe_zhangheng,east,3,12
2019/1/19 18:25:00,wuhe_zhangheng,east,5,17
2019/1/19 18:30:00,wuhe_zhangheng,east,10,13
2019/1/19 18:35:00,wuhe_zhangheng,east,6,13
2019/1/19 18:40:00,wuhe_zhangheng,east,4,15
2019/1/19 18:45:00,wuhe_zhangheng,east,3,15
2019/1/19 18:50:00,wuhe_zhangheng,east,3,10
2019/1/19 18:55:00,wuhe_zhangheng,east,1,9
2019/1/19 19:00:00,wuhe_zhangheng,east,4,11
2019/1/19 19:05:00,wuhe_zhangheng,east,5,15
2019/1/19 19:10:00,wuhe_zhangheng,east,5,17
2019/1/19 19:15:00,wuhe_zhangheng,east,6,14
2019/1/19 19:20:00,wuhe_zhangheng,east,4,19
2019/1/19 19:25:00,wuhe_zhangheng,east,2,8
2019/1/19 19:30:00,wuhe_zhangheng,east,2,11
2019/1/19 19:35:00,wuhe_zhangheng,east,5,14
2019/1/19 19:40:00,wuhe_zhangheng,east,6,16
2019/1/19 19:45:00,wuhe_zhangheng,east,2,16
2019/1/19 19:50:00,wuhe_zhangheng,east,3,11
2019/1/19 19:55:00,wuhe_zhangheng,east,3,16
2019/1/19 20:00:00,wuhe_zhangheng,east,6,20
2019/1/19 20:05:00,wuhe_zhangheng,east,5,13
2019/1/19 20:10:00,wuhe_zhangheng,east,4,11
2019/1/19 20:15:00,wuhe_zhangheng,east,1,17
2019/1/19 20:20:00,wuhe_zhangheng,east,5,12
2019/1/19 20:25:00,wuhe_zhangheng,east,6,14
2019/1/19 20:30:00,wuhe_zhangheng,east,6,21
2019/1/19 20:35:00,wuhe_zhangheng,east,0,6
2019/1/19 20:40:00,wuhe_zhangheng,east,5,12
2019/1/19 20:45:00,wuhe_zhangheng,east,2,12
2019/1/19 20:50:00,wuhe_zhangheng,east,4,20
2019/1/19 20:55:00,wuhe_zhangheng,east,2,19
2019/1/19 21:00:00,wuhe_zhangheng,east,5,13
2019/1/19 21:05:00,wuhe_zhangheng,east,7,17
2019/1/19 21:10:00,wuhe_zhangheng,east,6,11
2019/1/19 21:15:00,wuhe_zhangheng,east,3,11
2019/1/19 21:20:00,wuhe_zhangheng,east,9,17
2019/1/19 21:25:00,wuhe_zhangheng,east,5,14
2019/1/19 21:30:00,wuhe_zhangheng,east,4,17
2019/1/19 21:35:00,wuhe_zhangheng,east,4,19
2019/1/19 21:40:00,wuhe_zhangheng,east,3,14
2019/1/19 21:45:00,wuhe_zhangheng,east,10,15
2019/1/19 21:50:00,wuhe_zhangheng,east,1,10
2019/1/19 21:55:00,wuhe_zhangheng,east,2,16
2019/1/19 22:00:00,wuhe_zhangheng,east,4,9
2019/1/19 22:05:00,wuhe_zhangheng,east,3,16
2019/1/19 22:10:00,wuhe_zhangheng,east,3,13
2019/1/19 22:15:00,wuhe_zhangheng,east,4,12
2019/1/19 22:20:00,wuhe_zhangheng,east,4,10
2019/1/19 22:25:00,wuhe_zhangheng,east,2,11
2019/1/19 22:30:00,wuhe_zhangheng,east,7,6
2019/1/19 22:35:00,wuhe_zhangheng,east,6,14
2019/1/19 22:40:00,wuhe_zhangheng,east,2,5
2019/1/19 22:45:00,wuhe_zhangheng,east,5,16
2019/1/19 22:50:00,wuhe_zhangheng,east,1,10
2019/1/19 22:55:00,wuhe_zhangheng,east,4,12
2019/1/19 23:00:00,wuhe_zhangheng,east,2,6
2019/1/19 23:05:00,wuhe_zhangheng,east,1,15
2019/1/19 23:10:00,wuhe_zhangheng,east,6,10
2019/1/19 23:15:00,wuhe_zhangheng,east,2,9
2019/1/19 23:20:00,wuhe_zhangheng,east,2,6
2019/1/19 23:25:00,wuhe_zhangheng,east,4,10
2019/1/19 23:30:00,wuhe_zhangheng,east,2,8
2019/1/19 23:35:00,wuhe_zhangheng,east,3,9
2019/1/19 23:40:00,wuhe_zhangheng,east,4,6
2019/1/19 23:45:00,wuhe_zhangheng,east,5,8
2019/1/19 23:50:00,wuhe_zhangheng,east,5,7
2019/1/19 23:55:00,wuhe_zhangheng,east,5,9
