2019/1/19 00:00:00,wuhe_zhangheng,west,17,12
2019/1/19 00:05:00,wuhe_zhangheng,west,17,14
2019/1/19 00:10:00,wuhe_zhangheng,west,8,7
2019/1/19 00:15:00,wuhe_zhangheng,west,17,10
2019/1/19 00:20:00,wuhe_zhangheng,west,6,9
2019/1/19 00:25:00,wuhe_zhangheng,west,10,9
2019/1/19 00:30:00,wuhe_zhangheng,west,15,11
2019/1/19 00:35:00,wuhe_zhangheng,west,9,10
2019/1/19 00:40:00,wuhe_zhangheng,west,8,14
2019/1/19 00:45:00,wuhe_zhangheng,west,11,8
2019/1/19 00:50:00,wuhe_zhangheng,west,13,12
2019/1/19 00:55:00,wuhe_zhangheng,west,7,11
2019/1/19 01:00:00,wuhe_zhangheng,west,8,6
2019/1/19 01:05:00,wuhe_zhangheng,west,14,11
2019/1/19 01:10:00,wuhe_zhangheng,west,2,9
2019/1/19 01:15:00,wuhe_zhangheng,west,8,7
2019/1/19 01:20:00,wuhe_zhangheng,west,5,4
2019/1/19 01:25:00,wuhe_zhangheng,west,3,10
2019/1/19 01:30:00,wuhe_zhangheng,west,8,7
2019/1/19 01:35:00,wuhe_zhangheng,west,8,4
2019/1/19 01:40:00,wuhe_zhangheng,west,5,13
2019/1/19 01:45:00,wuhe_zhangheng,west,12,5
2019/1/19 01:50:00,wuhe_zhangheng,west,3,2
2019/1/19 01:55:00,wuhe_zhangheng,west,2,4
2019/1/19 02:00:00,wuhe_zhangheng,west,1,3
2019/1/19 02:05:00,wuhe_zhangheng,west,6,3
2019/1/19 02:10:00,wuhe_zhangheng,west,3,4
2019/1/19 02:15:00,wuhe_zhangheng,west,3,4
2019/1/19 02:20:00,wuhe_zhangheng,west,8,5
2019/1/19 02:25:00,wuhe_zhangheng,west,4,10
2019/1/19 02:30:00,wuhe_zhangheng,west,7,8
2019/1/19 02:35:00,wuhe_zhangheng,west,5,4
2019/1/19 02:40:00,wuhe_zhangheng,west,2,2
2019/1/19 02:45:00,wuhe_zhangheng,west,6,6
2019/1/19 02:50:00,wuhe_zhangheng,west,8,2
2019/1/19 02:55:00,wuhe_zhangheng,west,4,6
2019/1/19 03:00:00,wuhe_zhangheng,west,4,2
2019/1/19 03:05:00,wuhe_zhangheng,west,2,2
2019/1/19 03:10:00,wuhe_zhangheng,west,6,7
2019/1/19 03:15:00,wuhe_zhangheng,west,1,5
2019/1/19 03:20:00,wuhe_zhangheng,west,6,3
2019/1/19 03:25:00,wuhe_zhangheng,west,3,3
2019/1/19 03:30:00,wuhe_zhangheng,west,2,1
2019/1/19 03:35:00,wuhe_zhangheng,west,1,4
2019/1/19 03:40:00,wuhe_zhangheng,west,5,2
2019/1/19 03:45:00,wuhe_zhangheng,west,2,4
2019/1/19 03:50:00,wuhe_zhangheng,west,1,3
2019/1/19 03:55:00,wuhe_zhangheng,west,0,0
2019/1/19 04:00:00,wuhe_zhangheng,west,4,4
2019/1/19 04:05:00,wuhe_zhangheng,west,1,2
2019/1/19 04:10:00,wuhe_zhangheng,west,3,2
2019/1/19 04:15:00,wuhe_zhangheng,west,2,3
2019/1/19 04:20:00,wuhe_zhangheng,west,1,3
2019/1/19 04:25:00,wuhe_zhangheng,west,1,3
2019/1/19 04:30:00,wuhe_zhangheng,west,5,3
2019/1/19 04:35:00,wuhe_zhangheng,west,4,4
2019/1/19 04:40:00,wuhe_zhangheng,west,5,2
2019/1/19 04:45:00,wuhe_zhangheng,west,3,3
2019/1/19 04:50:00,wuhe_zhangheng,west,5,1
2019/1/19 04:55:00,wuhe_zhangheng,west,1,2
2019/1/19 05:00:00,wuhe_zhangheng,west,3,5
2019/1/19 05:05:00,wuhe_zhangheng,west,3,3
2019/1/19 05:10:00,wuhe_zhangheng,west,5,4
2019/1/19 05:15:00,wuhe_zhangheng,west,4,0
2019/1/19 05:20:00,wuhe_zhangheng,west,2,0
2019/1/19 05:25:00,wuhe_zhangheng,west,3,1
2019/1/19 05:30:00,wuhe_zhangheng,west,5,0
2019/1/19 05:35:00,wuhe_zhangheng,west,2,0
2019/1/19 05:40:00,wuhe_zhangheng,west,3,3
2019/1/19 05:45:00,wuhe_zhangheng,west,2,2
2019/1/19 05:50:00,wuhe_zhangheng,west,9,2
2019/1/19 05:55:00,wuhe_zhangheng,west,2,3
2019/1/19 06:00:00,wuhe_zhangheng,west,3,3
2019/1/19 06:05:00,wuhe_zhangheng,west,4,2
2019/1/19 06:10:00,wuhe_zhangheng,west,2,0
2019/1/19 06:15:00,wuhe_zhangheng,west,8,1
2019/1/19 06:20:00,wuhe_zhangheng,west,1,4
2019/1/19 06:25:00,wuhe_zhangheng,west,4,2
2019/1/19 06:30:00,wuhe_zhangheng,west,3,5
2019/1/19 06:35:00,wuhe_zhangheng,west,6,2
2019/1/19 06:40:00,wuhe_zhangheng,west,6,10
2019/1/19 06:45:00,wuhe_zhangheng,west,1,2
2019/1/19 06:50:00,wuhe_zhangheng,west,7,4
2019/1/19 06:55:00,wuhe_zhangheng,west,8,5
2019/1/19 07:00:00,wuhe_zhangheng,west,11,3
2019/1/19 07:05:00,wuhe_zhangheng,west,16,9
2019/1/19 07:10:00,wuhe_zhangheng,west,17,3
2019/1/19 07:15:00,wuhe_zhangheng,west,14,9
2019/1/19 07:20:00,wuhe_zhangheng,west,25,7
2019/1/19 07:25:00,wuhe_zhangheng,west,19,7
2019/1/19 07:30:00,wuhe_zhangheng,west,26,17
2019/1/19 07:35:00,wuhe_zhangheng,west,27,15
2019/1/19 07:40:00,wuhe_zhangheng,west,22,17
2019/1/19 07:45:00,wuhe_zhangheng,west,42,25
2019/1/19 07:50:00,wuhe_zhangheng,west,20,23
2019/1/19 07:55:00,wuhe_zhangheng,west,22,24
2019/1/19 08:00:00,wuhe_zhangheng,west,21,14
2019/1/19 08:05:00,wuhe_zhangheng,west,22,21
2019/1/19 08:10:00,wuhe_zhangheng,west,30,22
2019/1/19 08:15:00,wuhe_zhangheng,west,27,18
2019/1/19 08:20:00,wuhe_zhangheng,west,30,19
2019/1/19 08:25:00,wuhe_zhangheng,west,39,18
2019/1/19 08:30:00,wuhe_zhangheng,west,48,26
2019/1/19 08:35:00,wuhe_zhangheng,west,29,23
2019/1/19 08:40:00,wuhe_zhangheng,west,31,22
2019/1/19 08:45:00,wuhe_zhangheng,west,30,22
2019/1/19 08:50:00,wuhe_zhangheng,west,33,20
2019/1/19 08:55:00,wuhe_zhangheng,west,29,19
2019/1/19 09:00:00,wuhe_zhangheng,west,29,26
2019/1/19 09:05:00,wuhe_zhangheng,west,41,21
2019/1/19 09:10:00,wuhe_zhangheng,west,34,22
2019/1/19 09:15:00,wuhe_zhangheng,west,23,26
2019/1/19 09:20:00,wuhe_zhangheng,west,30,23
2019/1/19 09:25:00,wuhe_zhangheng,west,25,26
2019/1/19 09:30:00,wuhe_zhangheng,west,25,20
2019/1/19 09:35:00,wuhe_zhangheng,west,35,18
2019/1/19 09:40:00,wuhe_zhangheng,west,28,20
2019/1/19 09:45:00,wuhe_zhangheng,west,33,27
2019/1/19 09:50:00,wuhe_zhangheng,west,36,16
2019/1/19 09:55:00,wuhe_zhangheng,west,35,19
2019/1/19 10:00:00,wuhe_zhangheng,west,42,19
2019/1/19 10:05:00,wuhe_zhangheng,west,39,14
2019/1/19 10:10:00,wuhe_zhangheng,west,35,17
2019/1/19 10:15:00,wuhe_zhangheng,west,51,23
2019/1/19 10:20:00,wuhe_zhangheng,west,54,27
2019/1/19 10:25:00,wuhe_zhangheng,west,49,17
2019/1/19 10:30:00,wuhe_zhangheng,west,31,17
2019/1/19 10:35:00,wuhe_zhangheng,west,47,23
2019/1/19 10:40:00,wuhe_zhangheng,west,43,20
2019/1/19 10:45:00,wuhe_zhangheng,west,34,19
2019/1/19 10:50:00,wuhe_zhangheng,west,42,23
2019/1/19 10:55:00,wuhe_zhangheng,west,46,25
2019/1/19 11:00:00,wuhe_zhangheng,west,42,16
2019/1/19 11:05:00,wuhe_zhangheng,west,22,12
2019/1/19 11:10:00,wuhe_zhangheng,west,40,22
2019/1/19 11:15:00,wuhe_zhangheng,west,34,22
2019/1/19 11:20:00,wuhe_zhangheng,west,34,16
2019/1/19 11:25:00,wuhe_zhangheng,west,37,12
2019/1/19 11:30:00,wuhe_zhangheng,west,40,18
2019/1/19 11:35:00,wuhe_zhangheng,west,26,12
2019/1/19 11:40:00,wuhe_zhangheng,west,33,12
2019/1/19 11:45:00,wuhe_zhangheng,west,27,15
2019/1/19 11:50:00,wuhe_zhangheng,west,28,17
2019/1/19 11:55:00,wuhe_zhangheng,west,40,30
2019/1/19 12:00:00,wuhe_zhangheng,west,28,17
2019/1/19 12:05:00,wuhe_zhangheng,west,29,19
2019/1/19 12:10:00,wuhe_zhangheng,west,21,17
2019/1/19 12:15:00,wuhe_zhangheng,west,49,19
2019/1/19 12:20:00,wuhe_zhangheng,west,23,14
2019/1/19 12:25:00,wuhe_zhangheng,west,17,13
2019/1/19 12:30:00,wuhe_zhangheng,west,17,7
2019/1/19 12:35:00,wuhe_zhangheng,west,27,16
2019/1/19 12:40:00,wuhe_zhangheng,west,20,16
2019/1/19 12:45:00,wuhe_zhangheng,west,16,6
2019/1/19 12:50:00,wuhe_zhangheng,west,19,12
2019/1/19 12:55:00,wuhe_zhangheng,west,26,21
2019/1/19 13:00:00,wuhe_zhangheng,west,26,12
2019/1/19 13:05:00,wuhe_zhangheng,west,19,18
2019/1/19 13:10:00,wuhe_zhangheng,west,29,7
2019/1/19 13:15:00,wuhe_zhangheng,west,21,18
2019/1/19 13:20:00,wuhe_zhangheng,west,40,17
2019/1/19 13:25:00,wuhe_zhangheng,west,25,15
2019/1/19 13:30:00,wuhe_zhangheng,west,30,13
2019/1/19 13:35:00,wuhe_zhangheng,west,22,16
2019/1/19 13:40:00,wuhe_zhangheng,west,34,25
2019/1/19 13:45:00,wuhe_zhangheng,west,32,18
2019/1/19 13:50:00,wuhe_zhangheng,west,25,17
2019/1/19 13:55:00,wuhe_zhangheng,west,39,21
2019/1/19 14:00:00,wuhe_zhangheng,west,41,21
2019/1/19 14:05:00,wuhe_zhangheng,west,45,25
2019/1/19 14:10:00,wuhe_zhangheng,west,33,24
2019/1/19 14:15:00,wuhe_zhangheng,west,22,17
2019/1/19 14:20:00,wuhe_zhangheng,west,31,16
2019/1/19 14:25:00,wuhe_zhangheng,west,28,16
2019/1/19 14:30:00,wuhe_zhangheng,west,36,18
2019/1/19 14:35:00,wuhe_zhangheng,west,39,23
2019/1/19 14:40:00,wuhe_zhangheng,west,18,25
2019/1/19 14:45:00,wuhe_zhangheng,west,33,18
2019/1/19 14:50:00,wuhe_zhangheng,west,42,16
2019/1/19 14:55:00,wuhe_zhangheng,west,47,22
2019/1/19 15:00:00,wuhe_zhangheng,west,32,20
2019/1/19 15:05:00,wuhe_zhangheng,west,42,20
2019/1/19 15:10:00,wuhe_zhangheng,west,37,21
2019/1/19 15:15:00,wuhe_zhangheng,west,26,20
2019/1/19 15:20:00,wuhe_zhangheng,west,35,10
2019/1/19 15:25:00,wuhe_zhangheng,west,33,22
2019/1/19 15:30:00,wuhe_zhangheng,west,49,19
2019/1/19 15:35:00,wuhe_zhangheng,west,32,12
2019/1/19 15:40:00,wuhe_zhangheng,west,27,19
2019/1/19 15:45:00,wuhe_zhangheng,west,31,22
2019/1/19 15:50:00,wuhe_zhangheng,west,28,16
2019/1/19 15:55:00,wuhe_zhangheng,west,25,12
2019/1/19 16:00:00,wuhe_zhangheng,west,34,21
2019/1/19 16:05:00,wuhe_zhangheng,west,25,17
2019/1/19 16:10:00,wuhe_zhangheng,west,27,16
2019/1/19 16:15:00,wuhe_zhangheng,west,37,18
2019/1/19 16:20:00,wuhe_zhangheng,west,38,25
2019/1/19 16:25:00,wuhe_zhangheng,west,28,18
2019/1/19 16:30:00,wuhe_zhangheng,west,38,12
2019/1/19 16:35:00,wuhe_zhangheng,west,29,25
2019/1/19 16:40:00,wuhe_zhangheng,west,47,21
2019/1/19 16:45:00,wuhe_zhangheng,west,50,19
2019/1/19 16:50:00,wuhe_zhangheng,west,30,16
2019/1/19 16:55:00,wuhe_zhangheng,west,31,10
2019/1/19 17:00:00,wuhe_zhangheng,west,32,18
2019/1/19 17:05:00,wuhe_zhangheng,west,42,22
2019/1/19 17:10:00,wuhe_zhangheng,west,44,20
2019/1/19 17:15:00,wuhe_zhangheng,west,33,14
2019/1/19 17:20:00,wuhe_zhangheng,west,35,22
2019/1/19 17:25:00,wuhe_zhangheng,west,28,17
2019/1/19 17:30:00,wuhe_zhangheng,west,28,27
2019/1/19 17:35:00,wuhe_zhangheng,west,49,23
2019/1/19 17:40:00,wuhe_zhangheng,west,59,31
2019/1/19 17:45:00,wuhe_zhangheng,west,68,30
2019/1/19 17:50:00,wuhe_zhangheng,west,69,31
2019/1/19 17:55:00,wuhe_zhangheng,west,70,28
2019/1/19 18:00:00,wuhe_zhangheng,west,31,21
2019/1/19 18:05:00,wuhe_zhangheng,west,35,26
2019/1/19 18:10:00,wuhe_zhangheng,west,37,19
2019/1/19 18:15:00,wuhe_zhangheng,west,27,20
2019/1/19 18:20:00,wuhe_zhangheng,west,37,23
2019/1/19 18:25:00,wuhe_zhangheng,west,25,18
2019/1/19 18:30:00,wuhe_zhangheng,west,26,19
2019/1/19 18:35:00,wuhe_zhangheng,west,31,14
2019/1/19 18:40:00,wuhe_zhangheng,west,26,18
2019/1/19 18:45:00,wuhe_zhangheng,west,15,16
2019/1/19 18:50:00,wuhe_zhangheng,west,21,18
2019/1/19 18:55:00,wuhe_zhangheng,west,15,13
2019/1/19 19:00:00,wuhe_zhangheng,west,37,25
2019/1/19 19:05:00,wuhe_zhangheng,west,18,15
2019/1/19 19:10:00,wuhe_zhangheng,west,17,18
2019/1/19 19:15:00,wuhe_zhangheng,west,16,14
2019/1/19 19:20:00,wuhe_zhangheng,west,14,17
2019/1/19 19:25:00,wuhe_zhangheng,west,26,23
2019/1/19 19:30:00,wuhe_zhangheng,west,38,21
2019/1/19 19:35:00,wuhe_zhangheng,west,21,20
2019/1/19 19:40:00,wuhe_zhangheng,west,23,19
2019/1/19 19:45:00,wuhe_zhangheng,west,18,19
2019/1/19 19:50:00,wuhe_zhangheng,west,26,17
2019/1/19 19:55:00,wuhe_zhangheng,west,25,24
2019/1/19 20:00:00,wuhe_zhangheng,west,29,19
2019/1/19 20:05:00,wuhe_zhangheng,west,18,16
2019/1/19 20:10:00,wuhe_zhangheng,west,22,17
2019/1/19 20:15:00,wuhe_zhangheng,west,27,18
2019/1/19 20:20:00,wuhe_zhangheng,west,33,21
2019/1/19 20:25:00,wuhe_zhangheng,west,33,22
2019/1/19 20:30:00,wuhe_zhangheng,west,25,16
2019/1/19 20:35:00,wuhe_zhangheng,west,27,26
2019/1/19 20:40:00,wuhe_zhangheng,west,25,23
2019/1/19 20:45:00,wuhe_zhangheng,west,30,17
2019/1/19 20:50:00,wuhe_zhangheng,west,27,28
2019/1/19 20:55:00,wuhe_zhangheng,west,32,18
2019/1/19 21:00:00,wuhe_zhangheng,west,22,17
2019/1/19 21:05:00,wuhe_zhangheng,west,15,15
2019/1/19 21:10:00,wuhe_zhangheng,west,21,17
2019/1/19 21:15:00,wuhe_zhangheng,west,33,27
2019/1/19 21:20:00,wuhe_zhangheng,west,32,23
2019/1/19 21:25:00,wuhe_zhangheng,west,17,22
2019/1/19 21:30:00,wuhe_zhangheng,west,14,18
2019/1/19 21:35:00,wuhe_zhangheng,west,15,15
2019/1/19 21:40:00,wuhe_zhangheng,west,29,20
2019/1/19 21:45:00,wuhe_zhangheng,west,29,15
2019/1/19 21:50:00,wuhe_zhangheng,west,20,17
2019/1/19 21:55:00,wuhe_zhangheng,west,16,11
2019/1/19 22:00:00,wuhe_zhangheng,west,24,13
2019/1/19 22:05:00,wuhe_zhangheng,west,22,14
2019/1/19 22:10:00,wuhe_zhangheng,west,26,19
2019/1/19 22:15:00,wuhe_zhangheng,west,20,15
2019/1/19 22:20:00,wuhe_zhangheng,west,25,15
2019/1/19 22:25:00,wuhe_zhangheng,west,20,19
2019/1/19 22:30:00,wuhe_zhangheng,west,22,11
2019/1/19 22:35:00,wuhe_zhangheng,west,24,17
2019/1/19 22:40:00,wuhe_zhangheng,west,12,11
2019/1/19 22:45:00,wuhe_zhangheng,west,30,16
2019/1/19 22:50:00,wuhe_zhangheng,west,24,12
2019/1/19 22:55:00,wuhe_zhangheng,west,23,17
2019/1/19 23:00:00,wuhe_zhangheng,west,16,13
2019/1/19 23:05:00,wuhe_zhangheng,west,21,22
2019/1/19 23:10:00,wuhe_zhangheng,west,10,10
2019/1/19 23:15:00,wuhe_zhangheng,west,17,21
2019/1/19 23:20:00,wuhe_zhangheng,west,8,4
2019/1/19 23:25:00,wuhe_zhangheng,west,14,11
2019/1/19 23:30:00,wuhe_zhangheng,west,13,6
2019/1/19 23:35:00,wuhe_zhangheng,west,22,15
2019/1/19 23:40:00,wuhe_zhangheng,west,10,15
2019/1/19 23:45:00,wuhe_zhangheng,west,25,18
2019/1/19 23:50:00,wuhe_zhangheng,west,11,9
2019/1/19 23:55:00,wuhe_zhangheng,west,15,14
