2019/1/23 00:00:00,chongzhi_jiaxian,north,6,6
2019/1/23 00:05:00,chongzhi_jiaxian,north,7,11
2019/1/23 00:10:00,chongzhi_jiaxian,north,5,4
2019/1/23 00:15:00,chongzhi_jiaxian,north,2,3
2019/1/23 00:20:00,chongzhi_jiaxian,north,2,4
2019/1/23 00:25:00,chongzhi_jiaxian,north,4,5
2019/1/23 00:30:00,chongzhi_jiaxian,north,4,5
2019/1/23 00:35:00,chongzhi_jiaxian,north,1,3
2019/1/23 00:40:00,chongzhi_jiaxian,north,4,4
2019/1/23 00:45:00,chongzhi_jiaxian,north,3,7
2019/1/23 00:50:00,chongzhi_jiaxian,north,2,4
2019/1/23 00:55:00,chongzhi_jiaxian,north,3,7
2019/1/23 01:00:00,chongzhi_jiaxian,north,3,3
2019/1/23 01:05:00,chongzhi_jiaxian,north,0,3
2019/1/23 01:10:00,chongzhi_jiaxian,north,1,3
2019/1/23 01:15:00,chongzhi_jiaxian,north,0,3
2019/1/23 01:20:00,chongzhi_jiaxian,north,3,4
2019/1/23 01:25:00,chongzhi_jiaxian,north,0,1
2019/1/23 01:30:00,chongzhi_jiaxian,north,3,5
2019/1/23 01:35:00,chongzhi_jiaxian,north,0,3
2019/1/23 01:40:00,chongzhi_jiaxian,north,1,1
2019/1/23 01:45:00,chongzhi_jiaxian,north,3,5
2019/1/23 01:50:00,chongzhi_jiaxian,north,1,3
2019/1/23 01:55:00,chongzhi_jiaxian,north,0,0
2019/1/23 02:00:00,chongzhi_jiaxian,north,2,3
2019/1/23 02:05:00,chongzhi_jiaxian,north,1,5
2019/1/23 02:10:00,chongzhi_jiaxian,north,3,2
2019/1/23 02:15:00,chongzhi_jiaxian,north,0,2
2019/1/23 02:20:00,chongzhi_jiaxian,north,0,1
2019/1/23 02:25:00,chongzhi_jiaxian,north,0,2
2019/1/23 02:30:00,chongzhi_jiaxian,north,1,3
2019/1/23 02:35:00,chongzhi_jiaxian,north,0,1
2019/1/23 02:40:00,chongzhi_jiaxian,north,1,3
2019/1/23 02:45:00,chongzhi_jiaxian,north,0,0
2019/1/23 02:50:00,chongzhi_jiaxian,north,0,2
2019/1/23 02:55:00,chongzhi_jiaxian,north,0,2
2019/1/23 03:00:00,chongzhi_jiaxian,north,0,0
2019/1/23 03:05:00,chongzhi_jiaxian,north,0,3
2019/1/23 03:10:00,chongzhi_jiaxian,north,1,2
2019/1/23 03:15:00,chongzhi_jiaxian,north,1,1
2019/1/23 03:20:00,chongzhi_jiaxian,north,0,1
2019/1/23 03:25:00,chongzhi_jiaxian,north,0,0
2019/1/23 03:30:00,chongzhi_jiaxian,north,0,0
2019/1/23 03:35:00,chongzhi_jiaxian,north,0,1
2019/1/23 03:40:00,chongzhi_jiaxian,north,0,2
2019/1/23 03:45:00,chongzhi_jiaxian,north,3,1
2019/1/23 03:50:00,chongzhi_jiaxian,north,2,1
2019/1/23 03:55:00,chongzhi_jiaxian,north,0,2
2019/1/23 04:00:00,chongzhi_jiaxian,north,0,2
2019/1/23 04:05:00,chongzhi_jiaxian,north,2,1
2019/1/23 04:10:00,chongzhi_jiaxian,north,0,1
2019/1/23 04:15:00,chongzhi_jiaxian,north,1,2
2019/1/23 04:20:00,chongzhi_jiaxian,north,1,3
2019/1/23 04:25:00,chongzhi_jiaxian,north,0,1
2019/1/23 04:30:00,chongzhi_jiaxian,north,2,3
2019/1/23 04:35:00,chongzhi_jiaxian,north,0,3
2019/1/23 04:40:00,chongzhi_jiaxian,north,1,1
2019/1/23 04:45:00,chongzhi_jiaxian,north,0,0
2019/1/23 04:50:00,chongzhi_jiaxian,north,0,2
2019/1/23 04:55:00,chongzhi_jiaxian,north,1,1
2019/1/23 05:00:00,chongzhi_jiaxian,north,0,1
2019/1/23 05:05:00,chongzhi_jiaxian,north,1,2
2019/1/23 05:10:00,chongzhi_jiaxian,north,0,1
2019/1/23 05:15:00,chongzhi_jiaxian,north,2,2
2019/1/23 05:20:00,chongzhi_jiaxian,north,3,2
2019/1/23 05:25:00,chongzhi_jiaxian,north,2,1
2019/1/23 05:30:00,chongzhi_jiaxian,north,4,1
2019/1/23 05:35:00,chongzhi_jiaxian,north,3,0
2019/1/23 05:40:00,chongzhi_jiaxian,north,7,2
2019/1/23 05:45:00,chongzhi_jiaxian,north,7,3
2019/1/23 05:50:00,chongzhi_jiaxian,north,6,1
2019/1/23 05:55:00,chongzhi_jiaxian,north,7,0
2019/1/23 06:00:00,chongzhi_jiaxian,north,4,2
2019/1/23 06:05:00,chongzhi_jiaxian,north,7,2
2019/1/23 06:10:00,chongzhi_jiaxian,north,6,0
2019/1/23 06:15:00,chongzhi_jiaxian,north,10,4
2019/1/23 06:20:00,chongzhi_jiaxian,north,12,1
2019/1/23 06:25:00,chongzhi_jiaxian,north,4,1
2019/1/23 06:30:00,chongzhi_jiaxian,north,9,2
2019/1/23 06:35:00,chongzhi_jiaxian,north,7,7
2019/1/23 06:40:00,chongzhi_jiaxian,north,10,3
2019/1/23 06:45:00,chongzhi_jiaxian,north,13,7
2019/1/23 06:50:00,chongzhi_jiaxian,north,11,3
2019/1/23 06:55:00,chongzhi_jiaxian,north,16,4
2019/1/23 07:00:00,chongzhi_jiaxian,north,10,6
2019/1/23 07:05:00,chongzhi_jiaxian,north,19,6
2019/1/23 07:10:00,chongzhi_jiaxian,north,21,9
2019/1/23 07:15:00,chongzhi_jiaxian,north,13,7
2019/1/23 07:20:00,chongzhi_jiaxian,north,14,7
2019/1/23 07:25:00,chongzhi_jiaxian,north,12,3
2019/1/23 07:30:00,chongzhi_jiaxian,north,14,7
2019/1/23 07:35:00,chongzhi_jiaxian,north,21,14
2019/1/23 07:40:00,chongzhi_jiaxian,north,14,5
2019/1/23 07:45:00,chongzhi_jiaxian,north,18,16
2019/1/23 07:50:00,chongzhi_jiaxian,north,14,12
2019/1/23 07:55:00,chongzhi_jiaxian,north,23,18
2019/1/23 08:00:00,chongzhi_jiaxian,north,12,11
2019/1/23 08:05:00,chongzhi_jiaxian,north,18,21
2019/1/23 08:10:00,chongzhi_jiaxian,north,21,26
2019/1/23 08:15:00,chongzhi_jiaxian,north,21,30
2019/1/23 08:20:00,chongzhi_jiaxian,north,13,19
2019/1/23 08:25:00,chongzhi_jiaxian,north,19,18
2019/1/23 08:30:00,chongzhi_jiaxian,north,22,20
2019/1/23 08:35:00,chongzhi_jiaxian,north,21,17
2019/1/23 08:40:00,chongzhi_jiaxian,north,19,19
2019/1/23 08:45:00,chongzhi_jiaxian,north,21,17
2019/1/23 08:50:00,chongzhi_jiaxian,north,20,19
2019/1/23 08:55:00,chongzhi_jiaxian,north,16,17
2019/1/23 09:00:00,chongzhi_jiaxian,north,11,12
2019/1/23 09:05:00,chongzhi_jiaxian,north,16,18
2019/1/23 09:10:00,chongzhi_jiaxian,north,15,13
2019/1/23 09:15:00,chongzhi_jiaxian,north,17,8
2019/1/23 09:20:00,chongzhi_jiaxian,north,11,13
2019/1/23 09:25:00,chongzhi_jiaxian,north,8,14
2019/1/23 09:30:00,chongzhi_jiaxian,north,7,11
2019/1/23 09:35:00,chongzhi_jiaxian,north,18,17
2019/1/23 09:40:00,chongzhi_jiaxian,north,11,19
2019/1/23 09:45:00,chongzhi_jiaxian,north,8,11
2019/1/23 09:50:00,chongzhi_jiaxian,north,10,13
2019/1/23 09:55:00,chongzhi_jiaxian,north,13,13
2019/1/23 10:00:00,chongzhi_jiaxian,north,4,6
2019/1/23 10:05:00,chongzhi_jiaxian,north,15,10
2019/1/23 10:10:00,chongzhi_jiaxian,north,8,15
2019/1/23 10:15:00,chongzhi_jiaxian,north,12,16
2019/1/23 10:20:00,chongzhi_jiaxian,north,10,11
2019/1/23 10:25:00,chongzhi_jiaxian,north,12,13
2019/1/23 10:30:00,chongzhi_jiaxian,north,13,17
2019/1/23 10:35:00,chongzhi_jiaxian,north,11,19
2019/1/23 10:40:00,chongzhi_jiaxian,north,8,11
2019/1/23 10:45:00,chongzhi_jiaxian,north,17,16
2019/1/23 10:50:00,chongzhi_jiaxian,north,13,15
2019/1/23 10:55:00,chongzhi_jiaxian,north,10,12
2019/1/23 11:00:00,chongzhi_jiaxian,north,12,17
2019/1/23 11:05:00,chongzhi_jiaxian,north,16,10
2019/1/23 11:10:00,chongzhi_jiaxian,north,17,10
2019/1/23 11:15:00,chongzhi_jiaxian,north,8,8
2019/1/23 11:20:00,chongzhi_jiaxian,north,12,20
2019/1/23 11:25:00,chongzhi_jiaxian,north,13,10
2019/1/23 11:30:00,chongzhi_jiaxian,north,15,8
2019/1/23 11:35:00,chongzhi_jiaxian,north,13,9
2019/1/23 11:40:00,chongzhi_jiaxian,north,13,11
2019/1/23 11:45:00,chongzhi_jiaxian,north,13,13
2019/1/23 11:50:00,chongzhi_jiaxian,north,10,15
2019/1/23 11:55:00,chongzhi_jiaxian,north,7,13
2019/1/23 12:00:00,chongzhi_jiaxian,north,10,19
2019/1/23 12:05:00,chongzhi_jiaxian,north,11,20
2019/1/23 12:10:00,chongzhi_jiaxian,north,11,10
2019/1/23 12:15:00,chongzhi_jiaxian,north,15,19
2019/1/23 12:20:00,chongzhi_jiaxian,north,11,13
2019/1/23 12:25:00,chongzhi_jiaxian,north,10,13
2019/1/23 12:30:00,chongzhi_jiaxian,north,15,10
2019/1/23 12:35:00,chongzhi_jiaxian,north,13,11
2019/1/23 12:40:00,chongzhi_jiaxian,north,13,13
2019/1/23 12:45:00,chongzhi_jiaxian,north,12,10
2019/1/23 12:50:00,chongzhi_jiaxian,north,11,11
2019/1/23 12:55:00,chongzhi_jiaxian,north,12,9
2019/1/23 13:00:00,chongzhi_jiaxian,north,14,13
2019/1/23 13:05:00,chongzhi_jiaxian,north,6,7
2019/1/23 13:10:00,chongzhi_jiaxian,north,16,12
2019/1/23 13:15:00,chongzhi_jiaxian,north,13,16
2019/1/23 13:20:00,chongzhi_jiaxian,north,12,14
2019/1/23 13:25:00,chongzhi_jiaxian,north,6,12
2019/1/23 13:30:00,chongzhi_jiaxian,north,13,13
2019/1/23 13:35:00,chongzhi_jiaxian,north,9,18
2019/1/23 13:40:00,chongzhi_jiaxian,north,10,20
2019/1/23 13:45:00,chongzhi_jiaxian,north,20,20
2019/1/23 13:50:00,chongzhi_jiaxian,north,8,22
2019/1/23 13:55:00,chongzhi_jiaxian,north,17,19
2019/1/23 14:00:00,chongzhi_jiaxian,north,7,12
2019/1/23 14:05:00,chongzhi_jiaxian,north,16,21
2019/1/23 14:10:00,chongzhi_jiaxian,north,9,14
2019/1/23 14:15:00,chongzhi_jiaxian,north,13,14
2019/1/23 14:20:00,chongzhi_jiaxian,north,9,8
2019/1/23 14:25:00,chongzhi_jiaxian,north,9,12
2019/1/23 14:30:00,chongzhi_jiaxian,north,19,13
2019/1/23 14:35:00,chongzhi_jiaxian,north,11,12
2019/1/23 14:40:00,chongzhi_jiaxian,north,13,17
2019/1/23 14:45:00,chongzhi_jiaxian,north,12,17
2019/1/23 14:50:00,chongzhi_jiaxian,north,13,15
2019/1/23 14:55:00,chongzhi_jiaxian,north,8,8
2019/1/23 15:00:00,chongzhi_jiaxian,north,14,11
2019/1/23 15:05:00,chongzhi_jiaxian,north,15,19
2019/1/23 15:10:00,chongzhi_jiaxian,north,13,10
2019/1/23 15:15:00,chongzhi_jiaxian,north,12,11
2019/1/23 15:20:00,chongzhi_jiaxian,north,13,16
2019/1/23 15:25:00,chongzhi_jiaxian,north,15,13
2019/1/23 15:30:00,chongzhi_jiaxian,north,12,11
2019/1/23 15:35:00,chongzhi_jiaxian,north,5,12
2019/1/23 15:40:00,chongzhi_jiaxian,north,15,11
2019/1/23 15:45:00,chongzhi_jiaxian,north,19,17
2019/1/23 15:50:00,chongzhi_jiaxian,north,11,12
2019/1/23 15:55:00,chongzhi_jiaxian,north,11,11
2019/1/23 16:00:00,chongzhi_jiaxian,north,9,13
2019/1/23 16:05:00,chongzhi_jiaxian,north,16,16
2019/1/23 16:10:00,chongzhi_jiaxian,north,13,17
2019/1/23 16:15:00,chongzhi_jiaxian,north,17,18
2019/1/23 16:20:00,chongzhi_jiaxian,north,12,17
2019/1/23 16:25:00,chongzhi_jiaxian,north,9,11
2019/1/23 16:30:00,chongzhi_jiaxian,north,13,16
2019/1/23 16:35:00,chongzhi_jiaxian,north,9,7
2019/1/23 16:40:00,chongzhi_jiaxian,north,14,12
2019/1/23 16:45:00,chongzhi_jiaxian,north,13,8
2019/1/23 16:50:00,chongzhi_jiaxian,north,19,19
2019/1/23 16:55:00,chongzhi_jiaxian,north,10,5
2019/1/23 17:00:00,chongzhi_jiaxian,north,13,24
2019/1/23 17:05:00,chongzhi_jiaxian,north,11,13
2019/1/23 17:10:00,chongzhi_jiaxian,north,14,15
2019/1/23 17:15:00,chongzhi_jiaxian,north,16,21
2019/1/23 17:20:00,chongzhi_jiaxian,north,11,11
2019/1/23 17:25:00,chongzhi_jiaxian,north,16,10
2019/1/23 17:30:00,chongzhi_jiaxian,north,10,13
2019/1/23 17:35:00,chongzhi_jiaxian,north,19,29
2019/1/23 17:40:00,chongzhi_jiaxian,north,19,28
2019/1/23 17:45:00,chongzhi_jiaxian,north,18,26
2019/1/23 17:50:00,chongzhi_jiaxian,north,15,26
2019/1/23 17:55:00,chongzhi_jiaxian,north,25,29
2019/1/23 18:00:00,chongzhi_jiaxian,north,20,29
2019/1/23 18:05:00,chongzhi_jiaxian,north,12,21
2019/1/23 18:10:00,chongzhi_jiaxian,north,26,32
2019/1/23 18:15:00,chongzhi_jiaxian,north,28,33
2019/1/23 18:20:00,chongzhi_jiaxian,north,23,45
2019/1/23 18:25:00,chongzhi_jiaxian,north,19,31
2019/1/23 18:30:00,chongzhi_jiaxian,north,19,31
2019/1/23 18:35:00,chongzhi_jiaxian,north,14,28
2019/1/23 18:40:00,chongzhi_jiaxian,north,26,34
2019/1/23 18:45:00,chongzhi_jiaxian,north,19,20
2019/1/23 18:50:00,chongzhi_jiaxian,north,20,27
2019/1/23 18:55:00,chongzhi_jiaxian,north,18,25
2019/1/23 19:00:00,chongzhi_jiaxian,north,18,21
2019/1/23 19:05:00,chongzhi_jiaxian,north,15,20
2019/1/23 19:10:00,chongzhi_jiaxian,north,14,18
2019/1/23 19:15:00,chongzhi_jiaxian,north,18,19
2019/1/23 19:20:00,chongzhi_jiaxian,north,11,14
2019/1/23 19:25:00,chongzhi_jiaxian,north,11,13
2019/1/23 19:30:00,chongzhi_jiaxian,north,11,16
2019/1/23 19:35:00,chongzhi_jiaxian,north,13,17
2019/1/23 19:40:00,chongzhi_jiaxian,north,17,22
2019/1/23 19:45:00,chongzhi_jiaxian,north,16,19
2019/1/23 19:50:00,chongzhi_jiaxian,north,9,14
2019/1/23 19:55:00,chongzhi_jiaxian,north,16,20
2019/1/23 20:00:00,chongzhi_jiaxian,north,9,12
2019/1/23 20:05:00,chongzhi_jiaxian,north,14,8
2019/1/23 20:10:00,chongzhi_jiaxian,north,12,9
2019/1/23 20:15:00,chongzhi_jiaxian,north,21,14
2019/1/23 20:20:00,chongzhi_jiaxian,north,11,13
2019/1/23 20:25:00,chongzhi_jiaxian,north,3,10
2019/1/23 20:30:00,chongzhi_jiaxian,north,8,13
2019/1/23 20:35:00,chongzhi_jiaxian,north,10,13
2019/1/23 20:40:00,chongzhi_jiaxian,north,12,18
2019/1/23 20:45:00,chongzhi_jiaxian,north,10,11
2019/1/23 20:50:00,chongzhi_jiaxian,north,8,20
2019/1/23 20:55:00,chongzhi_jiaxian,north,13,16
2019/1/23 21:00:00,chongzhi_jiaxian,north,18,16
2019/1/23 21:05:00,chongzhi_jiaxian,north,14,17
2019/1/23 21:10:00,chongzhi_jiaxian,north,12,18
2019/1/23 21:15:00,chongzhi_jiaxian,north,12,22
2019/1/23 21:20:00,chongzhi_jiaxian,north,10,10
2019/1/23 21:25:00,chongzhi_jiaxian,north,14,12
2019/1/23 21:30:00,chongzhi_jiaxian,north,14,12
2019/1/23 21:35:00,chongzhi_jiaxian,north,15,18
2019/1/23 21:40:00,chongzhi_jiaxian,north,9,15
2019/1/23 21:45:00,chongzhi_jiaxian,north,17,18
2019/1/23 21:50:00,chongzhi_jiaxian,north,8,11
2019/1/23 21:55:00,chongzhi_jiaxian,north,6,14
2019/1/23 22:00:00,chongzhi_jiaxian,north,9,16
2019/1/23 22:05:00,chongzhi_jiaxian,north,5,11
2019/1/23 22:10:00,chongzhi_jiaxian,north,13,16
2019/1/23 22:15:00,chongzhi_jiaxian,north,9,8
2019/1/23 22:20:00,chongzhi_jiaxian,north,8,18
2019/1/23 22:25:00,chongzhi_jiaxian,north,6,7
2019/1/23 22:30:00,chongzhi_jiaxian,north,5,12
2019/1/23 22:35:00,chongzhi_jiaxian,north,11,11
2019/1/23 22:40:00,chongzhi_jiaxian,north,10,13
2019/1/23 22:45:00,chongzhi_jiaxian,north,10,8
2019/1/23 22:50:00,chongzhi_jiaxian,north,5,13
2019/1/23 22:55:00,chongzhi_jiaxian,north,9,13
2019/1/23 23:00:00,chongzhi_jiaxian,north,11,14
2019/1/23 23:05:00,chongzhi_jiaxian,north,6,16
2019/1/23 23:10:00,chongzhi_jiaxian,north,11,13
2019/1/23 23:15:00,chongzhi_jiaxian,north,9,14
2019/1/23 23:20:00,chongzhi_jiaxian,north,8,14
2019/1/23 23:25:00,chongzhi_jiaxian,north,5,12
2019/1/23 23:30:00,chongzhi_jiaxian,north,5,13
2019/1/23 23:35:00,chongzhi_jiaxian,north,6,6
2019/1/23 23:40:00,chongzhi_jiaxian,north,8,12
2019/1/23 23:45:00,chongzhi_jiaxian,north,7,10
2019/1/23 23:50:00,chongzhi_jiaxian,north,10,9
2019/1/23 23:55:00,chongzhi_jiaxian,north,6,6
