2019/1/23 00:00:00,chongzhi_beier,north,7,2
2019/1/23 00:05:00,chongzhi_beier,north,10,1
2019/1/23 00:10:00,chongzhi_beier,north,15,5
2019/1/23 00:15:00,chongzhi_beier,north,9,2
2019/1/23 00:20:00,chongzhi_beier,north,3,5
2019/1/23 00:25:00,chongzhi_beier,north,7,3
2019/1/23 00:30:00,chongzhi_beier,north,10,3
2019/1/23 00:35:00,chongzhi_beier,north,6,1
2019/1/23 00:40:00,chongzhi_beier,north,3,0
2019/1/23 00:45:00,chongzhi_beier,north,5,1
2019/1/23 00:50:00,chongzhi_beier,north,1,1
2019/1/23 00:55:00,chongzhi_beier,north,6,3
2019/1/23 01:00:00,chongzhi_beier,north,3,5
2019/1/23 01:05:00,chongzhi_beier,north,3,2
2019/1/23 01:10:00,chongzhi_beier,north,4,1
2019/1/23 01:15:00,chongzhi_beier,north,5,3
2019/1/23 01:20:00,chongzhi_beier,north,1,0
2019/1/23 01:25:00,chongzhi_beier,north,4,3
2019/1/23 01:30:00,chongzhi_beier,north,1,1
2019/1/23 01:35:00,chongzhi_beier,north,3,3
2019/1/23 01:40:00,chongzhi_beier,north,1,1
2019/1/23 01:45:00,chongzhi_beier,north,4,3
2019/1/23 01:50:00,chongzhi_beier,north,4,1
2019/1/23 01:55:00,chongzhi_beier,north,1,1
2019/1/23 02:00:00,chongzhi_beier,north,4,0
2019/1/23 02:05:00,chongzhi_beier,north,3,2
2019/1/23 02:10:00,chongzhi_beier,north,4,1
2019/1/23 02:15:00,chongzhi_beier,north,0,0
2019/1/23 02:20:00,chongzhi_beier,north,2,1
2019/1/23 02:25:00,chongzhi_beier,north,1,1
2019/1/23 02:30:00,chongzhi_beier,north,4,3
2019/1/23 02:35:00,chongzhi_beier,north,5,1
2019/1/23 02:40:00,chongzhi_beier,north,5,2
2019/1/23 02:45:00,chongzhi_beier,north,1,1
2019/1/23 02:50:00,chongzhi_beier,north,2,0
2019/1/23 02:55:00,chongzhi_beier,north,1,1
2019/1/23 03:00:00,chongzhi_beier,north,1,0
2019/1/23 03:05:00,chongzhi_beier,north,3,0
2019/1/23 03:10:00,chongzhi_beier,north,0,0
2019/1/23 03:15:00,chongzhi_beier,north,2,1
2019/1/23 03:20:00,chongzhi_beier,north,0,2
2019/1/23 03:25:00,chongzhi_beier,north,0,2
2019/1/23 03:30:00,chongzhi_beier,north,0,1
2019/1/23 03:35:00,chongzhi_beier,north,2,0
2019/1/23 03:40:00,chongzhi_beier,north,0,0
2019/1/23 03:45:00,chongzhi_beier,north,1,1
2019/1/23 03:50:00,chongzhi_beier,north,2,1
2019/1/23 03:55:00,chongzhi_beier,north,0,2
2019/1/23 04:00:00,chongzhi_beier,north,2,0
2019/1/23 04:05:00,chongzhi_beier,north,1,1
2019/1/23 04:10:00,chongzhi_beier,north,1,1
2019/1/23 04:15:00,chongzhi_beier,north,1,1
2019/1/23 04:20:00,chongzhi_beier,north,2,1
2019/1/23 04:25:00,chongzhi_beier,north,2,0
2019/1/23 04:30:00,chongzhi_beier,north,4,1
2019/1/23 04:35:00,chongzhi_beier,north,2,1
2019/1/23 04:40:00,chongzhi_beier,north,0,1
2019/1/23 04:45:00,chongzhi_beier,north,2,2
2019/1/23 04:50:00,chongzhi_beier,north,0,0
2019/1/23 04:55:00,chongzhi_beier,north,1,2
2019/1/23 05:00:00,chongzhi_beier,north,0,1
2019/1/23 05:05:00,chongzhi_beier,north,1,1
2019/1/23 05:10:00,chongzhi_beier,north,1,0
2019/1/23 05:15:00,chongzhi_beier,north,1,1
2019/1/23 05:20:00,chongzhi_beier,north,0,1
2019/1/23 05:25:00,chongzhi_beier,north,0,1
2019/1/23 05:30:00,chongzhi_beier,north,1,0
2019/1/23 05:35:00,chongzhi_beier,north,1,1
2019/1/23 05:40:00,chongzhi_beier,north,1,1
2019/1/23 05:45:00,chongzhi_beier,north,1,0
2019/1/23 05:50:00,chongzhi_beier,north,0,1
2019/1/23 05:55:00,chongzhi_beier,north,1,1
2019/1/23 06:00:00,chongzhi_beier,north,2,0
2019/1/23 06:05:00,chongzhi_beier,north,0,0
2019/1/23 06:10:00,chongzhi_beier,north,0,0
2019/1/23 06:15:00,chongzhi_beier,north,1,1
2019/1/23 06:20:00,chongzhi_beier,north,0,0
2019/1/23 06:25:00,chongzhi_beier,north,2,0
2019/1/23 06:30:00,chongzhi_beier,north,0,0
2019/1/23 06:35:00,chongzhi_beier,north,0,0
2019/1/23 06:40:00,chongzhi_beier,north,6,0
2019/1/23 06:45:00,chongzhi_beier,north,3,0
2019/1/23 06:50:00,chongzhi_beier,north,2,0
2019/1/23 06:55:00,chongzhi_beier,north,3,1
2019/1/23 07:00:00,chongzhi_beier,north,1,0
2019/1/23 07:05:00,chongzhi_beier,north,3,0
2019/1/23 07:10:00,chongzhi_beier,north,5,1
2019/1/23 07:15:00,chongzhi_beier,north,7,2
2019/1/23 07:20:00,chongzhi_beier,north,4,0
2019/1/23 07:25:00,chongzhi_beier,north,4,0
2019/1/23 07:30:00,chongzhi_beier,north,4,0
2019/1/23 07:35:00,chongzhi_beier,north,6,1
2019/1/23 07:40:00,chongzhi_beier,north,10,1
2019/1/23 07:45:00,chongzhi_beier,north,8,1
2019/1/23 07:50:00,chongzhi_beier,north,9,2
2019/1/23 07:55:00,chongzhi_beier,north,12,3
2019/1/23 08:00:00,chongzhi_beier,north,13,4
2019/1/23 08:05:00,chongzhi_beier,north,5,0
2019/1/23 08:10:00,chongzhi_beier,north,10,4
2019/1/23 08:15:00,chongzhi_beier,north,17,6
2019/1/23 08:20:00,chongzhi_beier,north,22,9
2019/1/23 08:25:00,chongzhi_beier,north,21,9
2019/1/23 08:30:00,chongzhi_beier,north,19,5
2019/1/23 08:35:00,chongzhi_beier,north,8,3
2019/1/23 08:40:00,chongzhi_beier,north,19,5
2019/1/23 08:45:00,chongzhi_beier,north,14,4
2019/1/23 08:50:00,chongzhi_beier,north,18,5
2019/1/23 08:55:00,chongzhi_beier,north,19,7
2019/1/23 09:00:00,chongzhi_beier,north,11,4
2019/1/23 09:05:00,chongzhi_beier,north,8,2
2019/1/23 09:10:00,chongzhi_beier,north,13,3
2019/1/23 09:15:00,chongzhi_beier,north,13,3
2019/1/23 09:20:00,chongzhi_beier,north,9,6
2019/1/23 09:25:00,chongzhi_beier,north,5,1
2019/1/23 09:30:00,chongzhi_beier,north,10,4
2019/1/23 09:35:00,chongzhi_beier,north,8,9
2019/1/23 09:40:00,chongzhi_beier,north,14,5
2019/1/23 09:45:00,chongzhi_beier,north,9,3
2019/1/23 09:50:00,chongzhi_beier,north,11,2
2019/1/23 09:55:00,chongzhi_beier,north,12,4
2019/1/23 10:00:00,chongzhi_beier,north,9,4
2019/1/23 10:05:00,chongzhi_beier,north,5,12
2019/1/23 10:10:00,chongzhi_beier,north,9,0
2019/1/23 10:15:00,chongzhi_beier,north,8,5
2019/1/23 10:20:00,chongzhi_beier,north,10,1
2019/1/23 10:25:00,chongzhi_beier,north,9,1
2019/1/23 10:30:00,chongzhi_beier,north,11,2
2019/1/23 10:35:00,chongzhi_beier,north,9,1
2019/1/23 10:40:00,chongzhi_beier,north,8,5
2019/1/23 10:45:00,chongzhi_beier,north,7,3
2019/1/23 10:50:00,chongzhi_beier,north,11,2
2019/1/23 10:55:00,chongzhi_beier,north,9,5
2019/1/23 11:00:00,chongzhi_beier,north,10,4
2019/1/23 11:05:00,chongzhi_beier,north,13,3
2019/1/23 11:10:00,chongzhi_beier,north,15,2
2019/1/23 11:15:00,chongzhi_beier,north,9,4
2019/1/23 11:20:00,chongzhi_beier,north,12,1
2019/1/23 11:25:00,chongzhi_beier,north,15,7
2019/1/23 11:30:00,chongzhi_beier,north,8,4
2019/1/23 11:35:00,chongzhi_beier,north,6,1
2019/1/23 11:40:00,chongzhi_beier,north,9,2
2019/1/23 11:45:00,chongzhi_beier,north,9,1
2019/1/23 11:50:00,chongzhi_beier,north,11,5
2019/1/23 11:55:00,chongzhi_beier,north,10,2
2019/1/23 12:00:00,chongzhi_beier,north,19,3
2019/1/23 12:05:00,chongzhi_beier,north,7,7
2019/1/23 12:10:00,chongzhi_beier,north,9,3
2019/1/23 12:15:00,chongzhi_beier,north,6,2
2019/1/23 12:20:00,chongzhi_beier,north,16,4
2019/1/23 12:25:00,chongzhi_beier,north,13,2
2019/1/23 12:30:00,chongzhi_beier,north,2,2
2019/1/23 12:35:00,chongzhi_beier,north,17,8
2019/1/23 12:40:00,chongzhi_beier,north,3,2
2019/1/23 12:45:00,chongzhi_beier,north,11,1
2019/1/23 12:50:00,chongzhi_beier,north,8,2
2019/1/23 12:55:00,chongzhi_beier,north,11,6
2019/1/23 13:00:00,chongzhi_beier,north,4,1
2019/1/23 13:05:00,chongzhi_beier,north,7,3
2019/1/23 13:10:00,chongzhi_beier,north,12,2
2019/1/23 13:15:00,chongzhi_beier,north,8,2
2019/1/23 13:20:00,chongzhi_beier,north,9,4
2019/1/23 13:25:00,chongzhi_beier,north,9,3
2019/1/23 13:30:00,chongzhi_beier,north,9,2
2019/1/23 13:35:00,chongzhi_beier,north,6,2
2019/1/23 13:40:00,chongzhi_beier,north,14,3
2019/1/23 13:45:00,chongzhi_beier,north,14,5
2019/1/23 13:50:00,chongzhi_beier,north,10,2
2019/1/23 13:55:00,chongzhi_beier,north,14,7
2019/1/23 14:00:00,chongzhi_beier,north,16,5
2019/1/23 14:05:00,chongzhi_beier,north,14,5
2019/1/23 14:10:00,chongzhi_beier,north,14,7
2019/1/23 14:15:00,chongzhi_beier,north,12,1
2019/1/23 14:20:00,chongzhi_beier,north,12,2
2019/1/23 14:25:00,chongzhi_beier,north,11,2
2019/1/23 14:30:00,chongzhi_beier,north,6,1
2019/1/23 14:35:00,chongzhi_beier,north,13,3
2019/1/23 14:40:00,chongzhi_beier,north,14,1
2019/1/23 14:45:00,chongzhi_beier,north,8,1
2019/1/23 14:50:00,chongzhi_beier,north,14,4
2019/1/23 14:55:00,chongzhi_beier,north,9,1
2019/1/23 15:00:00,chongzhi_beier,north,8,1
2019/1/23 15:05:00,chongzhi_beier,north,6,4
2019/1/23 15:10:00,chongzhi_beier,north,14,6
2019/1/23 15:15:00,chongzhi_beier,north,14,6
2019/1/23 15:20:00,chongzhi_beier,north,11,8
2019/1/23 15:25:00,chongzhi_beier,north,3,2
2019/1/23 15:30:00,chongzhi_beier,north,13,5
2019/1/23 15:35:00,chongzhi_beier,north,5,3
2019/1/23 15:40:00,chongzhi_beier,north,9,0
2019/1/23 15:45:00,chongzhi_beier,north,8,4
2019/1/23 15:50:00,chongzhi_beier,north,11,5
2019/1/23 15:55:00,chongzhi_beier,north,17,8
2019/1/23 16:00:00,chongzhi_beier,north,5,2
2019/1/23 16:05:00,chongzhi_beier,north,10,4
2019/1/23 16:10:00,chongzhi_beier,north,15,2
2019/1/23 16:15:00,chongzhi_beier,north,16,5
2019/1/23 16:20:00,chongzhi_beier,north,14,1
2019/1/23 16:25:00,chongzhi_beier,north,13,3
2019/1/23 16:30:00,chongzhi_beier,north,13,7
2019/1/23 16:35:00,chongzhi_beier,north,4,2
2019/1/23 16:40:00,chongzhi_beier,north,8,0
2019/1/23 16:45:00,chongzhi_beier,north,11,1
2019/1/23 16:50:00,chongzhi_beier,north,18,4
2019/1/23 16:55:00,chongzhi_beier,north,10,3
2019/1/23 17:00:00,chongzhi_beier,north,12,3
2019/1/23 17:05:00,chongzhi_beier,north,11,1
2019/1/23 17:10:00,chongzhi_beier,north,17,5
2019/1/23 17:15:00,chongzhi_beier,north,15,2
2019/1/23 17:20:00,chongzhi_beier,north,10,2
2019/1/23 17:25:00,chongzhi_beier,north,3,0
2019/1/23 17:30:00,chongzhi_beier,north,13,3
2019/1/23 17:35:00,chongzhi_beier,north,20,1
2019/1/23 17:40:00,chongzhi_beier,north,17,4
2019/1/23 17:45:00,chongzhi_beier,north,24,7
2019/1/23 17:50:00,chongzhi_beier,north,22,6
2019/1/23 17:55:00,chongzhi_beier,north,35,2
2019/1/23 18:00:00,chongzhi_beier,north,30,6
2019/1/23 18:05:00,chongzhi_beier,north,30,6
2019/1/23 18:10:00,chongzhi_beier,north,33,9
2019/1/23 18:15:00,chongzhi_beier,north,28,9
2019/1/23 18:20:00,chongzhi_beier,north,39,11
2019/1/23 18:25:00,chongzhi_beier,north,27,7
2019/1/23 18:30:00,chongzhi_beier,north,44,20
2019/1/23 18:35:00,chongzhi_beier,north,34,11
2019/1/23 18:40:00,chongzhi_beier,north,35,8
2019/1/23 18:45:00,chongzhi_beier,north,28,10
2019/1/23 18:50:00,chongzhi_beier,north,29,11
2019/1/23 18:55:00,chongzhi_beier,north,16,3
2019/1/23 19:00:00,chongzhi_beier,north,22,7
2019/1/23 19:05:00,chongzhi_beier,north,20,11
2019/1/23 19:10:00,chongzhi_beier,north,21,5
2019/1/23 19:15:00,chongzhi_beier,north,24,9
2019/1/23 19:20:00,chongzhi_beier,north,23,7
2019/1/23 19:25:00,chongzhi_beier,north,13,5
2019/1/23 19:30:00,chongzhi_beier,north,11,2
2019/1/23 19:35:00,chongzhi_beier,north,13,5
2019/1/23 19:40:00,chongzhi_beier,north,11,4
2019/1/23 19:45:00,chongzhi_beier,north,17,6
2019/1/23 19:50:00,chongzhi_beier,north,9,5
2019/1/23 19:55:00,chongzhi_beier,north,27,6
2019/1/23 20:00:00,chongzhi_beier,north,15,4
2019/1/23 20:05:00,chongzhi_beier,north,10,0
2019/1/23 20:10:00,chongzhi_beier,north,16,4
2019/1/23 20:15:00,chongzhi_beier,north,13,1
2019/1/23 20:20:00,chongzhi_beier,north,20,7
2019/1/23 20:25:00,chongzhi_beier,north,10,4
2019/1/23 20:30:00,chongzhi_beier,north,13,4
2019/1/23 20:35:00,chongzhi_beier,north,8,1
2019/1/23 20:40:00,chongzhi_beier,north,26,2
2019/1/23 20:45:00,chongzhi_beier,north,32,3
2019/1/23 20:50:00,chongzhi_beier,north,21,4
2019/1/23 20:55:00,chongzhi_beier,north,34,7
2019/1/23 21:00:00,chongzhi_beier,north,16,10
2019/1/23 21:05:00,chongzhi_beier,north,19,2
2019/1/23 21:10:00,chongzhi_beier,north,27,6
2019/1/23 21:15:00,chongzhi_beier,north,16,2
2019/1/23 21:20:00,chongzhi_beier,north,27,7
2019/1/23 21:25:00,chongzhi_beier,north,19,2
2019/1/23 21:30:00,chongzhi_beier,north,18,5
2019/1/23 21:35:00,chongzhi_beier,north,13,3
2019/1/23 21:40:00,chongzhi_beier,north,14,4
2019/1/23 21:45:00,chongzhi_beier,north,22,8
2019/1/23 21:50:00,chongzhi_beier,north,16,5
2019/1/23 21:55:00,chongzhi_beier,north,17,5
2019/1/23 22:00:00,chongzhi_beier,north,14,6
2019/1/23 22:05:00,chongzhi_beier,north,21,3
2019/1/23 22:10:00,chongzhi_beier,north,17,4
2019/1/23 22:15:00,chongzhi_beier,north,19,4
2019/1/23 22:20:00,chongzhi_beier,north,14,5
2019/1/23 22:25:00,chongzhi_beier,north,15,2
2019/1/23 22:30:00,chongzhi_beier,north,16,3
2019/1/23 22:35:00,chongzhi_beier,north,12,5
2019/1/23 22:40:00,chongzhi_beier,north,16,3
2019/1/23 22:45:00,chongzhi_beier,north,10,7
2019/1/23 22:50:00,chongzhi_beier,north,11,2
2019/1/23 22:55:00,chongzhi_beier,north,13,1
2019/1/23 23:00:00,chongzhi_beier,north,14,4
2019/1/23 23:05:00,chongzhi_beier,north,19,1
2019/1/23 23:10:00,chongzhi_beier,north,13,6
2019/1/23 23:15:00,chongzhi_beier,north,15,1
2019/1/23 23:20:00,chongzhi_beier,north,20,9
2019/1/23 23:25:00,chongzhi_beier,north,22,5
2019/1/23 23:30:00,chongzhi_beier,north,9,4
2019/1/23 23:35:00,chongzhi_beier,north,14,3
2019/1/23 23:40:00,chongzhi_beier,north,9,3
2019/1/23 23:45:00,chongzhi_beier,north,12,2
2019/1/23 23:50:00,chongzhi_beier,north,7,4
2019/1/23 23:55:00,chongzhi_beier,north,8,3
