2019/1/23 00:00:00,wuhe_zhangheng,south,0,19
2019/1/23 00:05:00,wuhe_zhangheng,south,0,19
2019/1/23 00:10:00,wuhe_zhangheng,south,2,20
2019/1/23 00:15:00,wuhe_zhangheng,south,1,14
2019/1/23 00:20:00,wuhe_zhangheng,south,1,15
2019/1/23 00:25:00,wuhe_zhangheng,south,0,14
2019/1/23 00:30:00,wuhe_zhangheng,south,1,11
2019/1/23 00:35:00,wuhe_zhangheng,south,0,12
2019/1/23 00:40:00,wuhe_zhangheng,south,0,9
2019/1/23 00:45:00,wuhe_zhangheng,south,0,7
2019/1/23 00:50:00,wuhe_zhangheng,south,0,13
2019/1/23 00:55:00,wuhe_zhangheng,south,1,8
2019/1/23 01:00:00,wuhe_zhangheng,south,0,8
2019/1/23 01:05:00,wuhe_zhangheng,south,0,11
2019/1/23 01:10:00,wuhe_zhangheng,south,1,8
2019/1/23 01:15:00,wuhe_zhangheng,south,0,12
2019/1/23 01:20:00,wuhe_zhangheng,south,0,7
2019/1/23 01:25:00,wuhe_zhangheng,south,0,8
2019/1/23 01:30:00,wuhe_zhangheng,south,0,12
2019/1/23 01:35:00,wuhe_zhangheng,south,0,3
2019/1/23 01:40:00,wuhe_zhangheng,south,1,7
2019/1/23 01:45:00,wuhe_zhangheng,south,0,8
2019/1/23 01:50:00,wuhe_zhangheng,south,0,2
2019/1/23 01:55:00,wuhe_zhangheng,south,0,1
2019/1/23 02:00:00,wuhe_zhangheng,south,0,3
2019/1/23 02:05:00,wuhe_zhangheng,south,0,7
2019/1/23 02:10:00,wuhe_zhangheng,south,0,4
2019/1/23 02:15:00,wuhe_zhangheng,south,0,5
2019/1/23 02:20:00,wuhe_zhangheng,south,0,4
2019/1/23 02:25:00,wuhe_zhangheng,south,0,5
2019/1/23 02:30:00,wuhe_zhangheng,south,0,3
2019/1/23 02:35:00,wuhe_zhangheng,south,0,3
2019/1/23 02:40:00,wuhe_zhangheng,south,0,3
2019/1/23 02:45:00,wuhe_zhangheng,south,0,8
2019/1/23 02:50:00,wuhe_zhangheng,south,0,6
2019/1/23 02:55:00,wuhe_zhangheng,south,0,2
2019/1/23 03:00:00,wuhe_zhangheng,south,0,3
2019/1/23 03:05:00,wuhe_zhangheng,south,0,4
2019/1/23 03:10:00,wuhe_zhangheng,south,0,9
2019/1/23 03:15:00,wuhe_zhangheng,south,0,2
2019/1/23 03:20:00,wuhe_zhangheng,south,0,3
2019/1/23 03:25:00,wuhe_zhangheng,south,0,4
2019/1/23 03:30:00,wuhe_zhangheng,south,0,7
2019/1/23 03:35:00,wuhe_zhangheng,south,0,4
2019/1/23 03:40:00,wuhe_zhangheng,south,0,4
2019/1/23 03:45:00,wuhe_zhangheng,south,0,1
2019/1/23 03:50:00,wuhe_zhangheng,south,1,5
2019/1/23 03:55:00,wuhe_zhangheng,south,0,2
2019/1/23 04:00:00,wuhe_zhangheng,south,0,6
2019/1/23 04:05:00,wuhe_zhangheng,south,0,1
2019/1/23 04:10:00,wuhe_zhangheng,south,0,4
2019/1/23 04:15:00,wuhe_zhangheng,south,0,3
2019/1/23 04:20:00,wuhe_zhangheng,south,0,1
2019/1/23 04:25:00,wuhe_zhangheng,south,0,2
2019/1/23 04:30:00,wuhe_zhangheng,south,0,4
2019/1/23 04:35:00,wuhe_zhangheng,south,0,4
2019/1/23 04:40:00,wuhe_zhangheng,south,0,2
2019/1/23 04:45:00,wuhe_zhangheng,south,0,0
2019/1/23 04:50:00,wuhe_zhangheng,south,0,5
2019/1/23 04:55:00,wuhe_zhangheng,south,1,3
2019/1/23 05:00:00,wuhe_zhangheng,south,0,2
2019/1/23 05:05:00,wuhe_zhangheng,south,0,5
2019/1/23 05:10:00,wuhe_zhangheng,south,0,2
2019/1/23 05:15:00,wuhe_zhangheng,south,0,8
2019/1/23 05:20:00,wuhe_zhangheng,south,0,5
2019/1/23 05:25:00,wuhe_zhangheng,south,0,8
2019/1/23 05:30:00,wuhe_zhangheng,south,0,6
2019/1/23 05:35:00,wuhe_zhangheng,south,0,4
2019/1/23 05:40:00,wuhe_zhangheng,south,1,10
2019/1/23 05:45:00,wuhe_zhangheng,south,0,7
2019/1/23 05:50:00,wuhe_zhangheng,south,0,6
2019/1/23 05:55:00,wuhe_zhangheng,south,1,8
2019/1/23 06:00:00,wuhe_zhangheng,south,0,8
2019/1/23 06:05:00,wuhe_zhangheng,south,0,6
2019/1/23 06:10:00,wuhe_zhangheng,south,1,13
2019/1/23 06:15:00,wuhe_zhangheng,south,1,11
2019/1/23 06:20:00,wuhe_zhangheng,south,0,9
2019/1/23 06:25:00,wuhe_zhangheng,south,0,9
2019/1/23 06:30:00,wuhe_zhangheng,south,1,10
2019/1/23 06:35:00,wuhe_zhangheng,south,0,8
2019/1/23 06:40:00,wuhe_zhangheng,south,0,14
2019/1/23 06:45:00,wuhe_zhangheng,south,3,21
2019/1/23 06:50:00,wuhe_zhangheng,south,2,12
2019/1/23 06:55:00,wuhe_zhangheng,south,1,19
2019/1/23 07:00:00,wuhe_zhangheng,south,3,7
2019/1/23 07:05:00,wuhe_zhangheng,south,8,24
2019/1/23 07:10:00,wuhe_zhangheng,south,3,22
2019/1/23 07:15:00,wuhe_zhangheng,south,6,26
2019/1/23 07:20:00,wuhe_zhangheng,south,5,43
2019/1/23 07:25:00,wuhe_zhangheng,south,9,13
2019/1/23 07:30:00,wuhe_zhangheng,south,4,50
2019/1/23 07:35:00,wuhe_zhangheng,south,5,39
2019/1/23 07:40:00,wuhe_zhangheng,south,12,41
2019/1/23 07:45:00,wuhe_zhangheng,south,9,53
2019/1/23 07:50:00,wuhe_zhangheng,south,7,41
2019/1/23 07:55:00,wuhe_zhangheng,south,3,36
2019/1/23 08:00:00,wuhe_zhangheng,south,10,57
2019/1/23 08:05:00,wuhe_zhangheng,south,9,60
2019/1/23 08:10:00,wuhe_zhangheng,south,7,61
2019/1/23 08:15:00,wuhe_zhangheng,south,6,55
2019/1/23 08:20:00,wuhe_zhangheng,south,5,32
2019/1/23 08:25:00,wuhe_zhangheng,south,2,53
2019/1/23 08:30:00,wuhe_zhangheng,south,5,55
2019/1/23 08:35:00,wuhe_zhangheng,south,6,61
2019/1/23 08:40:00,wuhe_zhangheng,south,4,29
2019/1/23 08:45:00,wuhe_zhangheng,south,7,78
2019/1/23 08:50:00,wuhe_zhangheng,south,4,52
2019/1/23 08:55:00,wuhe_zhangheng,south,0,24
2019/1/23 09:00:00,wuhe_zhangheng,south,2,64
2019/1/23 09:05:00,wuhe_zhangheng,south,2,53
2019/1/23 09:10:00,wuhe_zhangheng,south,4,49
2019/1/23 09:15:00,wuhe_zhangheng,south,7,43
2019/1/23 09:20:00,wuhe_zhangheng,south,9,60
2019/1/23 09:25:00,wuhe_zhangheng,south,3,61
2019/1/23 09:30:00,wuhe_zhangheng,south,5,50
2019/1/23 09:35:00,wuhe_zhangheng,south,5,33
2019/1/23 09:40:00,wuhe_zhangheng,south,4,45
2019/1/23 09:45:00,wuhe_zhangheng,south,5,39
2019/1/23 09:50:00,wuhe_zhangheng,south,7,61
2019/1/23 09:55:00,wuhe_zhangheng,south,1,51
2019/1/23 10:00:00,wuhe_zhangheng,south,7,45
2019/1/23 10:05:00,wuhe_zhangheng,south,6,47
2019/1/23 10:10:00,wuhe_zhangheng,south,5,43
2019/1/23 10:15:00,wuhe_zhangheng,south,5,59
2019/1/23 10:20:00,wuhe_zhangheng,south,2,65
2019/1/23 10:25:00,wuhe_zhangheng,south,7,84
2019/1/23 10:30:00,wuhe_zhangheng,south,8,78
2019/1/23 10:35:00,wuhe_zhangheng,south,2,68
2019/1/23 10:40:00,wuhe_zhangheng,south,6,70
2019/1/23 10:45:00,wuhe_zhangheng,south,2,69
2019/1/23 10:50:00,wuhe_zhangheng,south,3,88
2019/1/23 10:55:00,wuhe_zhangheng,south,6,65
2019/1/23 11:00:00,wuhe_zhangheng,south,4,52
2019/1/23 11:05:00,wuhe_zhangheng,south,4,57
2019/1/23 11:10:00,wuhe_zhangheng,south,3,44
2019/1/23 11:15:00,wuhe_zhangheng,south,2,39
2019/1/23 11:20:00,wuhe_zhangheng,south,5,49
2019/1/23 11:25:00,wuhe_zhangheng,south,5,27
2019/1/23 11:30:00,wuhe_zhangheng,south,3,48
2019/1/23 11:35:00,wuhe_zhangheng,south,6,40
2019/1/23 11:40:00,wuhe_zhangheng,south,2,44
2019/1/23 11:45:00,wuhe_zhangheng,south,3,30
2019/1/23 11:50:00,wuhe_zhangheng,south,5,22
2019/1/23 11:55:00,wuhe_zhangheng,south,3,32
2019/1/23 12:00:00,wuhe_zhangheng,south,13,28
2019/1/23 12:05:00,wuhe_zhangheng,south,3,41
2019/1/23 12:10:00,wuhe_zhangheng,south,3,45
2019/1/23 12:15:00,wuhe_zhangheng,south,6,41
2019/1/23 12:20:00,wuhe_zhangheng,south,6,26
2019/1/23 12:25:00,wuhe_zhangheng,south,11,35
2019/1/23 12:30:00,wuhe_zhangheng,south,3,28
2019/1/23 12:35:00,wuhe_zhangheng,south,6,25
2019/1/23 12:40:00,wuhe_zhangheng,south,4,49
2019/1/23 12:45:00,wuhe_zhangheng,south,2,32
2019/1/23 12:50:00,wuhe_zhangheng,south,3,32
2019/1/23 12:55:00,wuhe_zhangheng,south,7,46
2019/1/23 13:00:00,wuhe_zhangheng,south,2,42
2019/1/23 13:05:00,wuhe_zhangheng,south,5,36
2019/1/23 13:10:00,wuhe_zhangheng,south,2,36
2019/1/23 13:15:00,wuhe_zhangheng,south,2,22
2019/1/23 13:20:00,wuhe_zhangheng,south,4,37
2019/1/23 13:25:00,wuhe_zhangheng,south,2,40
2019/1/23 13:30:00,wuhe_zhangheng,south,4,46
2019/1/23 13:35:00,wuhe_zhangheng,south,3,45
2019/1/23 13:40:00,wuhe_zhangheng,south,4,43
2019/1/23 13:45:00,wuhe_zhangheng,south,2,39
2019/1/23 13:50:00,wuhe_zhangheng,south,0,53
2019/1/23 13:55:00,wuhe_zhangheng,south,4,42
2019/1/23 14:00:00,wuhe_zhangheng,south,5,34
2019/1/23 14:05:00,wuhe_zhangheng,south,5,47
2019/1/23 14:10:00,wuhe_zhangheng,south,3,43
2019/1/23 14:15:00,wuhe_zhangheng,south,4,55
2019/1/23 14:20:00,wuhe_zhangheng,south,2,46
2019/1/23 14:25:00,wuhe_zhangheng,south,2,46
2019/1/23 14:30:00,wuhe_zhangheng,south,5,34
2019/1/23 14:35:00,wuhe_zhangheng,south,4,52
2019/1/23 14:40:00,wuhe_zhangheng,south,4,40
2019/1/23 14:45:00,wuhe_zhangheng,south,5,40
2019/1/23 14:50:00,wuhe_zhangheng,south,4,31
2019/1/23 14:55:00,wuhe_zhangheng,south,2,58
2019/1/23 15:00:00,wuhe_zhangheng,south,4,39
2019/1/23 15:05:00,wuhe_zhangheng,south,8,57
2019/1/23 15:10:00,wuhe_zhangheng,south,6,36
2019/1/23 15:15:00,wuhe_zhangheng,south,7,36
2019/1/23 15:20:00,wuhe_zhangheng,south,5,49
2019/1/23 15:25:00,wuhe_zhangheng,south,3,36
2019/1/23 15:30:00,wuhe_zhangheng,south,4,36
2019/1/23 15:35:00,wuhe_zhangheng,south,2,28
2019/1/23 15:40:00,wuhe_zhangheng,south,5,39
2019/1/23 15:45:00,wuhe_zhangheng,south,4,33
2019/1/23 15:50:00,wuhe_zhangheng,south,4,45
2019/1/23 15:55:00,wuhe_zhangheng,south,6,42
2019/1/23 16:00:00,wuhe_zhangheng,south,5,53
2019/1/23 16:05:00,wuhe_zhangheng,south,7,41
2019/1/23 16:10:00,wuhe_zhangheng,south,2,49
2019/1/23 16:15:00,wuhe_zhangheng,south,3,33
2019/1/23 16:20:00,wuhe_zhangheng,south,3,44
2019/1/23 16:25:00,wuhe_zhangheng,south,6,29
2019/1/23 16:30:00,wuhe_zhangheng,south,3,48
2019/1/23 16:35:00,wuhe_zhangheng,south,9,40
2019/1/23 16:40:00,wuhe_zhangheng,south,4,43
2019/1/23 16:45:00,wuhe_zhangheng,south,3,40
2019/1/23 16:50:00,wuhe_zhangheng,south,6,61
2019/1/23 16:55:00,wuhe_zhangheng,south,0,46
2019/1/23 17:00:00,wuhe_zhangheng,south,4,59
2019/1/23 17:05:00,wuhe_zhangheng,south,1,45
2019/1/23 17:10:00,wuhe_zhangheng,south,8,44
2019/1/23 17:15:00,wuhe_zhangheng,south,4,41
2019/1/23 17:20:00,wuhe_zhangheng,south,4,47
2019/1/23 17:25:00,wuhe_zhangheng,south,4,35
2019/1/23 17:30:00,wuhe_zhangheng,south,3,33
2019/1/23 17:35:00,wuhe_zhangheng,south,8,35
2019/1/23 17:40:00,wuhe_zhangheng,south,13,54
2019/1/23 17:45:00,wuhe_zhangheng,south,6,44
2019/1/23 17:50:00,wuhe_zhangheng,south,6,54
2019/1/23 17:55:00,wuhe_zhangheng,south,6,39
2019/1/23 18:00:00,wuhe_zhangheng,south,5,45
2019/1/23 18:05:00,wuhe_zhangheng,south,7,43
2019/1/23 18:10:00,wuhe_zhangheng,south,8,54
2019/1/23 18:15:00,wuhe_zhangheng,south,7,53
2019/1/23 18:20:00,wuhe_zhangheng,south,6,31
2019/1/23 18:25:00,wuhe_zhangheng,south,9,59
2019/1/23 18:30:00,wuhe_zhangheng,south,10,70
2019/1/23 18:35:00,wuhe_zhangheng,south,7,50
2019/1/23 18:40:00,wuhe_zhangheng,south,9,41
2019/1/23 18:45:00,wuhe_zhangheng,south,4,33
2019/1/23 18:50:00,wuhe_zhangheng,south,5,42
2019/1/23 18:55:00,wuhe_zhangheng,south,8,56
2019/1/23 19:00:00,wuhe_zhangheng,south,1,32
2019/1/23 19:05:00,wuhe_zhangheng,south,7,29
2019/1/23 19:10:00,wuhe_zhangheng,south,4,40
2019/1/23 19:15:00,wuhe_zhangheng,south,6,43
2019/1/23 19:20:00,wuhe_zhangheng,south,1,21
2019/1/23 19:25:00,wuhe_zhangheng,south,4,28
2019/1/23 19:30:00,wuhe_zhangheng,south,6,41
2019/1/23 19:35:00,wuhe_zhangheng,south,2,51
2019/1/23 19:40:00,wuhe_zhangheng,south,9,51
2019/1/23 19:45:00,wuhe_zhangheng,south,5,42
2019/1/23 19:50:00,wuhe_zhangheng,south,4,46
2019/1/23 19:55:00,wuhe_zhangheng,south,6,30
2019/1/23 20:00:00,wuhe_zhangheng,south,5,39
2019/1/23 20:05:00,wuhe_zhangheng,south,5,38
2019/1/23 20:10:00,wuhe_zhangheng,south,2,45
2019/1/23 20:15:00,wuhe_zhangheng,south,5,39
2019/1/23 20:20:00,wuhe_zhangheng,south,2,36
2019/1/23 20:25:00,wuhe_zhangheng,south,4,55
2019/1/23 20:30:00,wuhe_zhangheng,south,1,33
2019/1/23 20:35:00,wuhe_zhangheng,south,5,36
2019/1/23 20:40:00,wuhe_zhangheng,south,8,79
2019/1/23 20:45:00,wuhe_zhangheng,south,8,49
2019/1/23 20:50:00,wuhe_zhangheng,south,8,65
2019/1/23 20:55:00,wuhe_zhangheng,south,7,45
2019/1/23 21:00:00,wuhe_zhangheng,south,6,48
2019/1/23 21:05:00,wuhe_zhangheng,south,1,49
2019/1/23 21:10:00,wuhe_zhangheng,south,8,49
2019/1/23 21:15:00,wuhe_zhangheng,south,4,45
2019/1/23 21:20:00,wuhe_zhangheng,south,4,49
2019/1/23 21:25:00,wuhe_zhangheng,south,7,52
2019/1/23 21:30:00,wuhe_zhangheng,south,6,31
2019/1/23 21:35:00,wuhe_zhangheng,south,5,36
2019/1/23 21:40:00,wuhe_zhangheng,south,6,54
2019/1/23 21:45:00,wuhe_zhangheng,south,5,53
2019/1/23 21:50:00,wuhe_zhangheng,south,4,32
2019/1/23 21:55:00,wuhe_zhangheng,south,4,32
2019/1/23 22:00:00,wuhe_zhangheng,south,2,35
2019/1/23 22:05:00,wuhe_zhangheng,south,6,50
2019/1/23 22:10:00,wuhe_zhangheng,south,8,42
2019/1/23 22:15:00,wuhe_zhangheng,south,5,31
2019/1/23 22:20:00,wuhe_zhangheng,south,3,47
2019/1/23 22:25:00,wuhe_zhangheng,south,13,43
2019/1/23 22:30:00,wuhe_zhangheng,south,11,43
2019/1/23 22:35:00,wuhe_zhangheng,south,5,45
2019/1/23 22:40:00,wuhe_zhangheng,south,5,24
2019/1/23 22:45:00,wuhe_zhangheng,south,5,33
2019/1/23 22:50:00,wuhe_zhangheng,south,2,28
2019/1/23 22:55:00,wuhe_zhangheng,south,2,21
2019/1/23 23:00:00,wuhe_zhangheng,south,4,38
2019/1/23 23:05:00,wuhe_zhangheng,south,8,31
2019/1/23 23:10:00,wuhe_zhangheng,south,6,30
2019/1/23 23:15:00,wuhe_zhangheng,south,5,21
2019/1/23 23:20:00,wuhe_zhangheng,south,1,23
2019/1/23 23:25:00,wuhe_zhangheng,south,4,24
2019/1/23 23:30:00,wuhe_zhangheng,south,1,29
2019/1/23 23:35:00,wuhe_zhangheng,south,1,27
2019/1/23 23:40:00,wuhe_zhangheng,south,3,21
2019/1/23 23:45:00,wuhe_zhangheng,south,0,17
2019/1/23 23:50:00,wuhe_zhangheng,south,2,18
2019/1/23 23:55:00,wuhe_zhangheng,south,0,16
