2019/1/23 00:00:00,wuhe_zhangheng,west,3,4
2019/1/23 00:05:00,wuhe_zhangheng,west,4,5
2019/1/23 00:10:00,wuhe_zhangheng,west,1,0
2019/1/23 00:15:00,wuhe_zhangheng,west,2,3
2019/1/23 00:20:00,wuhe_zhangheng,west,2,2
2019/1/23 00:25:00,wuhe_zhangheng,west,2,0
2019/1/23 00:30:00,wuhe_zhangheng,west,5,6
2019/1/23 00:35:00,wuhe_zhangheng,west,3,2
2019/1/23 00:40:00,wuhe_zhangheng,west,0,0
2019/1/23 00:45:00,wuhe_zhangheng,west,1,1
2019/1/23 00:50:00,wuhe_zhangheng,west,4,2
2019/1/23 00:55:00,wuhe_zhangheng,west,3,1
2019/1/23 01:00:00,wuhe_zhangheng,west,2,2
2019/1/23 01:05:00,wuhe_zhangheng,west,3,3
2019/1/23 01:10:00,wuhe_zhangheng,west,0,0
2019/1/23 01:15:00,wuhe_zhangheng,west,4,4
2019/1/23 01:20:00,wuhe_zhangheng,west,0,0
2019/1/23 01:25:00,wuhe_zhangheng,west,1,2
2019/1/23 01:30:00,wuhe_zhangheng,west,1,1
2019/1/23 01:35:00,wuhe_zhangheng,west,2,1
2019/1/23 01:40:00,wuhe_zhangheng,west,0,0
2019/1/23 01:45:00,wuhe_zhangheng,west,0,0
2019/1/23 01:50:00,wuhe_zhangheng,west,2,0
2019/1/23 01:55:00,wuhe_zhangheng,west,1,2
2019/1/23 02:00:00,wuhe_zhangheng,west,3,4
2019/1/23 02:05:00,wuhe_zhangheng,west,2,6
2019/1/23 02:10:00,wuhe_zhangheng,west,2,4
2019/1/23 02:15:00,wuhe_zhangheng,west,5,4
2019/1/23 02:20:00,wuhe_zhangheng,west,3,2
2019/1/23 02:25:00,wuhe_zhangheng,west,3,2
2019/1/23 02:30:00,wuhe_zhangheng,west,6,4
2019/1/23 02:35:00,wuhe_zhangheng,west,2,1
2019/1/23 02:40:00,wuhe_zhangheng,west,1,2
2019/1/23 02:45:00,wuhe_zhangheng,west,4,2
2019/1/23 02:50:00,wuhe_zhangheng,west,3,4
2019/1/23 02:55:00,wuhe_zhangheng,west,7,4
2019/1/23 03:00:00,wuhe_zhangheng,west,2,3
2019/1/23 03:05:00,wuhe_zhangheng,west,7,2
2019/1/23 03:10:00,wuhe_zhangheng,west,2,1
2019/1/23 03:15:00,wuhe_zhangheng,west,1,2
2019/1/23 03:20:00,wuhe_zhangheng,west,0,0
2019/1/23 03:25:00,wuhe_zhangheng,west,3,0
2019/1/23 03:30:00,wuhe_zhangheng,west,4,2
2019/1/23 03:35:00,wuhe_zhangheng,west,1,0
2019/1/23 03:40:00,wuhe_zhangheng,west,4,4
2019/1/23 03:45:00,wuhe_zhangheng,west,1,1
2019/1/23 03:50:00,wuhe_zhangheng,west,2,3
2019/1/23 03:55:00,wuhe_zhangheng,west,3,0
2019/1/23 04:00:00,wuhe_zhangheng,west,3,3
2019/1/23 04:05:00,wuhe_zhangheng,west,1,3
2019/1/23 04:10:00,wuhe_zhangheng,west,4,2
2019/1/23 04:15:00,wuhe_zhangheng,west,5,3
2019/1/23 04:20:00,wuhe_zhangheng,west,2,1
2019/1/23 04:25:00,wuhe_zhangheng,west,3,5
2019/1/23 04:30:00,wuhe_zhangheng,west,3,2
2019/1/23 04:35:00,wuhe_zhangheng,west,4,2
2019/1/23 04:40:00,wuhe_zhangheng,west,0,1
2019/1/23 04:45:00,wuhe_zhangheng,west,4,2
2019/1/23 04:50:00,wuhe_zhangheng,west,2,1
2019/1/23 04:55:00,wuhe_zhangheng,west,0,3
2019/1/23 05:00:00,wuhe_zhangheng,west,0,2
2019/1/23 05:05:00,wuhe_zhangheng,west,5,3
2019/1/23 05:10:00,wuhe_zhangheng,west,9,4
2019/1/23 05:15:00,wuhe_zhangheng,west,4,0
2019/1/23 05:20:00,wuhe_zhangheng,west,4,1
2019/1/23 05:25:00,wuhe_zhangheng,west,2,1
2019/1/23 05:30:00,wuhe_zhangheng,west,5,3
2019/1/23 05:35:00,wuhe_zhangheng,west,2,0
2019/1/23 05:40:00,wuhe_zhangheng,west,2,3
2019/1/23 05:45:00,wuhe_zhangheng,west,4,2
2019/1/23 05:50:00,wuhe_zhangheng,west,4,3
2019/1/23 05:55:00,wuhe_zhangheng,west,3,1
2019/1/23 06:00:00,wuhe_zhangheng,west,2,3
2019/1/23 06:05:00,wuhe_zhangheng,west,6,3
2019/1/23 06:10:00,wuhe_zhangheng,west,2,1
2019/1/23 06:15:00,wuhe_zhangheng,west,9,3
2019/1/23 06:20:00,wuhe_zhangheng,west,6,5
2019/1/23 06:25:00,wuhe_zhangheng,west,6,3
2019/1/23 06:30:00,wuhe_zhangheng,west,10,7
2019/1/23 06:35:00,wuhe_zhangheng,west,7,7
2019/1/23 06:40:00,wuhe_zhangheng,west,8,3
2019/1/23 06:45:00,wuhe_zhangheng,west,11,5
2019/1/23 06:50:00,wuhe_zhangheng,west,11,9
2019/1/23 06:55:00,wuhe_zhangheng,west,13,5
2019/1/23 07:00:00,wuhe_zhangheng,west,10,9
2019/1/23 07:05:00,wuhe_zhangheng,west,25,11
2019/1/23 07:10:00,wuhe_zhangheng,west,21,9
2019/1/23 07:15:00,wuhe_zhangheng,west,13,11
2019/1/23 07:20:00,wuhe_zhangheng,west,34,20
2019/1/23 07:25:00,wuhe_zhangheng,west,34,36
2019/1/23 07:30:00,wuhe_zhangheng,west,41,43
2019/1/23 07:35:00,wuhe_zhangheng,west,31,31
2019/1/23 07:40:00,wuhe_zhangheng,west,37,26
2019/1/23 07:45:00,wuhe_zhangheng,west,66,39
2019/1/23 07:50:00,wuhe_zhangheng,west,57,40
2019/1/23 07:55:00,wuhe_zhangheng,west,62,42
2019/1/23 08:00:00,wuhe_zhangheng,west,54,42
2019/1/23 08:05:00,wuhe_zhangheng,west,41,27
2019/1/23 08:10:00,wuhe_zhangheng,west,29,34
2019/1/23 08:15:00,wuhe_zhangheng,west,60,46
2019/1/23 08:20:00,wuhe_zhangheng,west,55,41
2019/1/23 08:25:00,wuhe_zhangheng,west,46,40
2019/1/23 08:30:00,wuhe_zhangheng,west,30,17
2019/1/23 08:35:00,wuhe_zhangheng,west,65,43
2019/1/23 08:40:00,wuhe_zhangheng,west,70,47
2019/1/23 08:45:00,wuhe_zhangheng,west,31,17
2019/1/23 08:50:00,wuhe_zhangheng,west,62,48
2019/1/23 08:55:00,wuhe_zhangheng,west,54,30
2019/1/23 09:00:00,wuhe_zhangheng,west,35,31
2019/1/23 09:05:00,wuhe_zhangheng,west,42,29
2019/1/23 09:10:00,wuhe_zhangheng,west,47,35
2019/1/23 09:15:00,wuhe_zhangheng,west,42,32
2019/1/23 09:20:00,wuhe_zhangheng,west,28,19
2019/1/23 09:25:00,wuhe_zhangheng,west,45,33
2019/1/23 09:30:00,wuhe_zhangheng,west,49,25
2019/1/23 09:35:00,wuhe_zhangheng,west,38,33
2019/1/23 09:40:00,wuhe_zhangheng,west,53,30
2019/1/23 09:45:00,wuhe_zhangheng,west,54,25
2019/1/23 09:50:00,wuhe_zhangheng,west,52,19
2019/1/23 09:55:00,wuhe_zhangheng,west,94,27
2019/1/23 10:00:00,wuhe_zhangheng,west,53,23
2019/1/23 10:05:00,wuhe_zhangheng,west,41,25
2019/1/23 10:10:00,wuhe_zhangheng,west,45,19
2019/1/23 10:15:00,wuhe_zhangheng,west,43,11
2019/1/23 10:20:00,wuhe_zhangheng,west,29,9
2019/1/23 10:25:00,wuhe_zhangheng,west,31,5
2019/1/23 10:30:00,wuhe_zhangheng,west,26,7
2019/1/23 10:35:00,wuhe_zhangheng,west,30,7
2019/1/23 10:40:00,wuhe_zhangheng,west,25,10
2019/1/23 10:45:00,wuhe_zhangheng,west,43,11
2019/1/23 10:50:00,wuhe_zhangheng,west,55,16
2019/1/23 10:55:00,wuhe_zhangheng,west,58,21
2019/1/23 11:00:00,wuhe_zhangheng,west,50,17
2019/1/23 11:05:00,wuhe_zhangheng,west,58,14
2019/1/23 11:10:00,wuhe_zhangheng,west,43,12
2019/1/23 11:15:00,wuhe_zhangheng,west,32,13
2019/1/23 11:20:00,wuhe_zhangheng,west,48,22
2019/1/23 11:25:00,wuhe_zhangheng,west,50,22
2019/1/23 11:30:00,wuhe_zhangheng,west,34,20
2019/1/23 11:35:00,wuhe_zhangheng,west,36,20
2019/1/23 11:40:00,wuhe_zhangheng,west,28,16
2019/1/23 11:45:00,wuhe_zhangheng,west,35,19
2019/1/23 11:50:00,wuhe_zhangheng,west,34,24
2019/1/23 11:55:00,wuhe_zhangheng,west,31,25
2019/1/23 12:00:00,wuhe_zhangheng,west,31,16
2019/1/23 12:05:00,wuhe_zhangheng,west,33,20
2019/1/23 12:10:00,wuhe_zhangheng,west,20,11
2019/1/23 12:15:00,wuhe_zhangheng,west,29,10
2019/1/23 12:20:00,wuhe_zhangheng,west,33,13
2019/1/23 12:25:00,wuhe_zhangheng,west,22,15
2019/1/23 12:30:00,wuhe_zhangheng,west,21,16
2019/1/23 12:35:00,wuhe_zhangheng,west,30,12
2019/1/23 12:40:00,wuhe_zhangheng,west,22,17
2019/1/23 12:45:00,wuhe_zhangheng,west,30,18
2019/1/23 12:50:00,wuhe_zhangheng,west,23,14
2019/1/23 12:55:00,wuhe_zhangheng,west,21,20
2019/1/23 13:00:00,wuhe_zhangheng,west,23,16
2019/1/23 13:05:00,wuhe_zhangheng,west,27,16
2019/1/23 13:10:00,wuhe_zhangheng,west,30,26
2019/1/23 13:15:00,wuhe_zhangheng,west,20,13
2019/1/23 13:20:00,wuhe_zhangheng,west,37,20
2019/1/23 13:25:00,wuhe_zhangheng,west,29,18
2019/1/23 13:30:00,wuhe_zhangheng,west,31,16
2019/1/23 13:35:00,wuhe_zhangheng,west,30,10
2019/1/23 13:40:00,wuhe_zhangheng,west,32,17
2019/1/23 13:45:00,wuhe_zhangheng,west,26,20
2019/1/23 13:50:00,wuhe_zhangheng,west,31,22
2019/1/23 13:55:00,wuhe_zhangheng,west,35,23
2019/1/23 14:00:00,wuhe_zhangheng,west,32,21
2019/1/23 14:05:00,wuhe_zhangheng,west,28,19
2019/1/23 14:10:00,wuhe_zhangheng,west,37,20
2019/1/23 14:15:00,wuhe_zhangheng,west,35,21
2019/1/23 14:20:00,wuhe_zhangheng,west,28,21
2019/1/23 14:25:00,wuhe_zhangheng,west,40,21
2019/1/23 14:30:00,wuhe_zhangheng,west,31,18
2019/1/23 14:35:00,wuhe_zhangheng,west,35,17
2019/1/23 14:40:00,wuhe_zhangheng,west,35,18
2019/1/23 14:45:00,wuhe_zhangheng,west,34,16
2019/1/23 14:50:00,wuhe_zhangheng,west,23,15
2019/1/23 14:55:00,wuhe_zhangheng,west,34,19
2019/1/23 15:00:00,wuhe_zhangheng,west,32,22
2019/1/23 15:05:00,wuhe_zhangheng,west,32,14
2019/1/23 15:10:00,wuhe_zhangheng,west,39,12
2019/1/23 15:15:00,wuhe_zhangheng,west,28,17
2019/1/23 15:20:00,wuhe_zhangheng,west,36,16
2019/1/23 15:25:00,wuhe_zhangheng,west,28,14
2019/1/23 15:30:00,wuhe_zhangheng,west,34,13
2019/1/23 15:35:00,wuhe_zhangheng,west,33,19
2019/1/23 15:40:00,wuhe_zhangheng,west,34,16
2019/1/23 15:45:00,wuhe_zhangheng,west,30,23
2019/1/23 15:50:00,wuhe_zhangheng,west,27,15
2019/1/23 15:55:00,wuhe_zhangheng,west,27,14
2019/1/23 16:00:00,wuhe_zhangheng,west,26,9
2019/1/23 16:05:00,wuhe_zhangheng,west,20,9
2019/1/23 16:10:00,wuhe_zhangheng,west,18,12
2019/1/23 16:15:00,wuhe_zhangheng,west,13,10
2019/1/23 16:20:00,wuhe_zhangheng,west,11,10
2019/1/23 16:25:00,wuhe_zhangheng,west,18,11
2019/1/23 16:30:00,wuhe_zhangheng,west,18,8
2019/1/23 16:35:00,wuhe_zhangheng,west,26,18
2019/1/23 16:40:00,wuhe_zhangheng,west,28,19
2019/1/23 16:45:00,wuhe_zhangheng,west,40,25
2019/1/23 16:50:00,wuhe_zhangheng,west,34,14
2019/1/23 16:55:00,wuhe_zhangheng,west,40,23
2019/1/23 17:00:00,wuhe_zhangheng,west,38,26
2019/1/23 17:05:00,wuhe_zhangheng,west,57,25
2019/1/23 17:10:00,wuhe_zhangheng,west,40,23
2019/1/23 17:15:00,wuhe_zhangheng,west,52,27
2019/1/23 17:20:00,wuhe_zhangheng,west,47,26
2019/1/23 17:25:00,wuhe_zhangheng,west,33,19
2019/1/23 17:30:00,wuhe_zhangheng,west,40,17
2019/1/23 17:35:00,wuhe_zhangheng,west,37,18
2019/1/23 17:40:00,wuhe_zhangheng,west,35,16
2019/1/23 17:45:00,wuhe_zhangheng,west,74,24
2019/1/23 17:50:00,wuhe_zhangheng,west,78,26
2019/1/23 17:55:00,wuhe_zhangheng,west,59,30
2019/1/23 18:00:00,wuhe_zhangheng,west,43,28
2019/1/23 18:05:00,wuhe_zhangheng,west,38,17
2019/1/23 18:10:00,wuhe_zhangheng,west,38,28
2019/1/23 18:15:00,wuhe_zhangheng,west,36,19
2019/1/23 18:20:00,wuhe_zhangheng,west,28,24
2019/1/23 18:25:00,wuhe_zhangheng,west,18,24
2019/1/23 18:30:00,wuhe_zhangheng,west,25,22
2019/1/23 18:35:00,wuhe_zhangheng,west,28,22
2019/1/23 18:40:00,wuhe_zhangheng,west,32,19
2019/1/23 18:45:00,wuhe_zhangheng,west,30,27
2019/1/23 18:50:00,wuhe_zhangheng,west,20,21
2019/1/23 18:55:00,wuhe_zhangheng,west,20,16
2019/1/23 19:00:00,wuhe_zhangheng,west,23,14
2019/1/23 19:05:00,wuhe_zhangheng,west,26,17
2019/1/23 19:10:00,wuhe_zhangheng,west,17,14
2019/1/23 19:15:00,wuhe_zhangheng,west,24,20
2019/1/23 19:20:00,wuhe_zhangheng,west,25,20
2019/1/23 19:25:00,wuhe_zhangheng,west,40,20
2019/1/23 19:30:00,wuhe_zhangheng,west,31,18
2019/1/23 19:35:00,wuhe_zhangheng,west,34,13
2019/1/23 19:40:00,wuhe_zhangheng,west,25,27
2019/1/23 19:45:00,wuhe_zhangheng,west,32,24
2019/1/23 19:50:00,wuhe_zhangheng,west,37,21
2019/1/23 19:55:00,wuhe_zhangheng,west,30,28
2019/1/23 20:00:00,wuhe_zhangheng,west,35,20
2019/1/23 20:05:00,wuhe_zhangheng,west,28,23
2019/1/23 20:10:00,wuhe_zhangheng,west,29,19
2019/1/23 20:15:00,wuhe_zhangheng,west,29,23
2019/1/23 20:20:00,wuhe_zhangheng,west,32,25
2019/1/23 20:25:00,wuhe_zhangheng,west,39,24
2019/1/23 20:30:00,wuhe_zhangheng,west,34,25
2019/1/23 20:35:00,wuhe_zhangheng,west,30,20
2019/1/23 20:40:00,wuhe_zhangheng,west,41,22
2019/1/23 20:45:00,wuhe_zhangheng,west,41,20
2019/1/23 20:50:00,wuhe_zhangheng,west,33,21
2019/1/23 20:55:00,wuhe_zhangheng,west,46,27
2019/1/23 21:00:00,wuhe_zhangheng,west,41,22
2019/1/23 21:05:00,wuhe_zhangheng,west,44,25
2019/1/23 21:10:00,wuhe_zhangheng,west,34,18
2019/1/23 21:15:00,wuhe_zhangheng,west,29,17
2019/1/23 21:20:00,wuhe_zhangheng,west,18,14
2019/1/23 21:25:00,wuhe_zhangheng,west,33,23
2019/1/23 21:30:00,wuhe_zhangheng,west,19,19
2019/1/23 21:35:00,wuhe_zhangheng,west,22,12
2019/1/23 21:40:00,wuhe_zhangheng,west,18,23
2019/1/23 21:45:00,wuhe_zhangheng,west,17,22
2019/1/23 21:50:00,wuhe_zhangheng,west,20,18
2019/1/23 21:55:00,wuhe_zhangheng,west,27,33
2019/1/23 22:00:00,wuhe_zhangheng,west,24,18
2019/1/23 22:05:00,wuhe_zhangheng,west,32,23
2019/1/23 22:10:00,wuhe_zhangheng,west,17,20
2019/1/23 22:15:00,wuhe_zhangheng,west,25,17
2019/1/23 22:20:00,wuhe_zhangheng,west,26,12
2019/1/23 22:25:00,wuhe_zhangheng,west,19,15
2019/1/23 22:30:00,wuhe_zhangheng,west,25,18
2019/1/23 22:35:00,wuhe_zhangheng,west,17,19
2019/1/23 22:40:00,wuhe_zhangheng,west,22,17
2019/1/23 22:45:00,wuhe_zhangheng,west,12,16
2019/1/23 22:50:00,wuhe_zhangheng,west,24,18
2019/1/23 22:55:00,wuhe_zhangheng,west,20,18
2019/1/23 23:00:00,wuhe_zhangheng,west,20,17
2019/1/23 23:05:00,wuhe_zhangheng,west,21,19
2019/1/23 23:10:00,wuhe_zhangheng,west,24,22
2019/1/23 23:15:00,wuhe_zhangheng,west,18,18
2019/1/23 23:20:00,wuhe_zhangheng,west,16,17
2019/1/23 23:25:00,wuhe_zhangheng,west,14,12
2019/1/23 23:30:00,wuhe_zhangheng,west,12,18
2019/1/23 23:35:00,wuhe_zhangheng,west,12,12
2019/1/23 23:40:00,wuhe_zhangheng,west,9,16
2019/1/23 23:45:00,wuhe_zhangheng,west,18,16
2019/1/23 23:50:00,wuhe_zhangheng,west,14,9
2019/1/23 23:55:00,wuhe_zhangheng,west,8,14
