2019/1/20 00:00:00,chongzhi_beier,east,4,23
2019/1/20 00:05:00,chongzhi_beier,east,4,18
2019/1/20 00:10:00,chongzhi_beier,east,8,14
2019/1/20 00:15:00,chongzhi_beier,east,5,31
2019/1/20 00:20:00,chongzhi_beier,east,6,23
2019/1/20 00:25:00,chongzhi_beier,east,7,31
2019/1/20 00:30:00,chongzhi_beier,east,4,26
2019/1/20 00:35:00,chongzhi_beier,east,8,26
2019/1/20 00:40:00,chongzhi_beier,east,4,16
2019/1/20 00:45:00,chongzhi_beier,east,1,15
2019/1/20 00:50:00,chongzhi_beier,east,5,17
2019/1/20 00:55:00,chongzhi_beier,east,4,17
2019/1/20 01:00:00,chongzhi_beier,east,4,15
2019/1/20 01:05:00,chongzhi_beier,east,7,12
2019/1/20 01:10:00,chongzhi_beier,east,4,21
2019/1/20 01:15:00,chongzhi_beier,east,3,6
2019/1/20 01:20:00,chongzhi_beier,east,5,14
2019/1/20 01:25:00,chongzhi_beier,east,1,10
2019/1/20 01:30:00,chongzhi_beier,east,5,17
2019/1/20 01:35:00,chongzhi_beier,east,1,12
2019/1/20 01:40:00,chongzhi_beier,east,2,20
2019/1/20 01:45:00,chongzhi_beier,east,3,10
2019/1/20 01:50:00,chongzhi_beier,east,5,12
2019/1/20 01:55:00,chongzhi_beier,east,4,8
2019/1/20 02:00:00,chongzhi_beier,east,0,13
2019/1/20 02:05:00,chongzhi_beier,east,4,6
2019/1/20 02:10:00,chongzhi_beier,east,7,18
2019/1/20 02:15:00,chongzhi_beier,east,3,10
2019/1/20 02:20:00,chongzhi_beier,east,3,6
2019/1/20 02:25:00,chongzhi_beier,east,5,8
2019/1/20 02:30:00,chongzhi_beier,east,5,8
2019/1/20 02:35:00,chongzhi_beier,east,1,9
2019/1/20 02:40:00,chongzhi_beier,east,5,8
2019/1/20 02:45:00,chongzhi_beier,east,2,3
2019/1/20 02:50:00,chongzhi_beier,east,2,3
2019/1/20 02:55:00,chongzhi_beier,east,3,5
2019/1/20 03:00:00,chongzhi_beier,east,0,5
2019/1/20 03:05:00,chongzhi_beier,east,3,17
2019/1/20 03:10:00,chongzhi_beier,east,3,8
2019/1/20 03:15:00,chongzhi_beier,east,2,8
2019/1/20 03:20:00,chongzhi_beier,east,2,2
2019/1/20 03:25:00,chongzhi_beier,east,1,4
2019/1/20 03:30:00,chongzhi_beier,east,1,4
2019/1/20 03:35:00,chongzhi_beier,east,0,4
2019/1/20 03:40:00,chongzhi_beier,east,2,6
2019/1/20 03:45:00,chongzhi_beier,east,0,4
2019/1/20 03:50:00,chongzhi_beier,east,2,5
2019/1/20 03:55:00,chongzhi_beier,east,1,1
2019/1/20 04:00:00,chongzhi_beier,east,1,5
2019/1/20 04:05:00,chongzhi_beier,east,2,3
2019/1/20 04:10:00,chongzhi_beier,east,1,4
2019/1/20 04:15:00,chongzhi_beier,east,1,6
2019/1/20 04:20:00,chongzhi_beier,east,2,3
2019/1/20 04:25:00,chongzhi_beier,east,5,4
2019/1/20 04:30:00,chongzhi_beier,east,0,11
2019/1/20 04:35:00,chongzhi_beier,east,0,5
2019/1/20 04:40:00,chongzhi_beier,east,0,2
2019/1/20 04:45:00,chongzhi_beier,east,1,2
2019/1/20 04:50:00,chongzhi_beier,east,2,2
2019/1/20 04:55:00,chongzhi_beier,east,2,5
2019/1/20 05:00:00,chongzhi_beier,east,1,6
2019/1/20 05:05:00,chongzhi_beier,east,0,7
2019/1/20 05:10:00,chongzhi_beier,east,0,5
2019/1/20 05:15:00,chongzhi_beier,east,2,2
2019/1/20 05:20:00,chongzhi_beier,east,3,2
2019/1/20 05:25:00,chongzhi_beier,east,0,3
2019/1/20 05:30:00,chongzhi_beier,east,1,15
2019/1/20 05:35:00,chongzhi_beier,east,1,4
2019/1/20 05:40:00,chongzhi_beier,east,3,2
2019/1/20 05:45:00,chongzhi_beier,east,3,9
2019/1/20 05:50:00,chongzhi_beier,east,1,9
2019/1/20 05:55:00,chongzhi_beier,east,2,13
2019/1/20 06:00:00,chongzhi_beier,east,2,16
2019/1/20 06:05:00,chongzhi_beier,east,2,11
2019/1/20 06:10:00,chongzhi_beier,east,1,11
2019/1/20 06:15:00,chongzhi_beier,east,3,7
2019/1/20 06:20:00,chongzhi_beier,east,2,6
2019/1/20 06:25:00,chongzhi_beier,east,1,14
2019/1/20 06:30:00,chongzhi_beier,east,0,10
2019/1/20 06:35:00,chongzhi_beier,east,1,10
2019/1/20 06:40:00,chongzhi_beier,east,1,15
2019/1/20 06:45:00,chongzhi_beier,east,1,14
2019/1/20 06:50:00,chongzhi_beier,east,2,12
2019/1/20 06:55:00,chongzhi_beier,east,2,11
2019/1/20 07:00:00,chongzhi_beier,east,2,24
2019/1/20 07:05:00,chongzhi_beier,east,0,28
2019/1/20 07:10:00,chongzhi_beier,east,3,21
2019/1/20 07:15:00,chongzhi_beier,east,6,30
2019/1/20 07:20:00,chongzhi_beier,east,1,23
2019/1/20 07:25:00,chongzhi_beier,east,6,28
2019/1/20 07:30:00,chongzhi_beier,east,2,36
2019/1/20 07:35:00,chongzhi_beier,east,6,24
2019/1/20 07:40:00,chongzhi_beier,east,5,23
2019/1/20 07:45:00,chongzhi_beier,east,4,29
2019/1/20 07:50:00,chongzhi_beier,east,3,35
2019/1/20 07:55:00,chongzhi_beier,east,5,35
2019/1/20 08:00:00,chongzhi_beier,east,1,27
2019/1/20 08:05:00,chongzhi_beier,east,3,27
2019/1/20 08:10:00,chongzhi_beier,east,6,35
2019/1/20 08:15:00,chongzhi_beier,east,8,37
2019/1/20 08:20:00,chongzhi_beier,east,12,31
2019/1/20 08:25:00,chongzhi_beier,east,5,43
2019/1/20 08:30:00,chongzhi_beier,east,8,56
2019/1/20 08:35:00,chongzhi_beier,east,6,37
2019/1/20 08:40:00,chongzhi_beier,east,7,40
2019/1/20 08:45:00,chongzhi_beier,east,7,42
2019/1/20 08:50:00,chongzhi_beier,east,8,49
2019/1/20 08:55:00,chongzhi_beier,east,4,41
2019/1/20 09:00:00,chongzhi_beier,east,2,60
2019/1/20 09:05:00,chongzhi_beier,east,2,43
2019/1/20 09:10:00,chongzhi_beier,east,6,50
2019/1/20 09:15:00,chongzhi_beier,east,5,54
2019/1/20 09:20:00,chongzhi_beier,east,3,37
2019/1/20 09:25:00,chongzhi_beier,east,7,48
2019/1/20 09:30:00,chongzhi_beier,east,6,58
2019/1/20 09:35:00,chongzhi_beier,east,6,34
2019/1/20 09:40:00,chongzhi_beier,east,4,49
2019/1/20 09:45:00,chongzhi_beier,east,9,67
2019/1/20 09:50:00,chongzhi_beier,east,7,31
2019/1/20 09:55:00,chongzhi_beier,east,2,50
2019/1/20 10:00:00,chongzhi_beier,east,2,57
2019/1/20 10:05:00,chongzhi_beier,east,11,41
2019/1/20 10:10:00,chongzhi_beier,east,2,55
2019/1/20 10:15:00,chongzhi_beier,east,6,40
2019/1/20 10:20:00,chongzhi_beier,east,9,71
2019/1/20 10:25:00,chongzhi_beier,east,3,43
2019/1/20 10:30:00,chongzhi_beier,east,4,59
2019/1/20 10:35:00,chongzhi_beier,east,9,66
2019/1/20 10:40:00,chongzhi_beier,east,10,63
2019/1/20 10:45:00,chongzhi_beier,east,2,61
2019/1/20 10:50:00,chongzhi_beier,east,5,44
2019/1/20 10:55:00,chongzhi_beier,east,8,63
2019/1/20 11:00:00,chongzhi_beier,east,16,47
2019/1/20 11:05:00,chongzhi_beier,east,5,47
2019/1/20 11:10:00,chongzhi_beier,east,7,72
2019/1/20 11:15:00,chongzhi_beier,east,7,51
2019/1/20 11:20:00,chongzhi_beier,east,9,45
2019/1/20 11:25:00,chongzhi_beier,east,1,43
2019/1/20 11:30:00,chongzhi_beier,east,12,60
2019/1/20 11:35:00,chongzhi_beier,east,7,52
2019/1/20 11:40:00,chongzhi_beier,east,7,35
2019/1/20 11:45:00,chongzhi_beier,east,9,44
2019/1/20 11:50:00,chongzhi_beier,east,21,53
2019/1/20 11:55:00,chongzhi_beier,east,3,52
2019/1/20 12:00:00,chongzhi_beier,east,5,57
2019/1/20 12:05:00,chongzhi_beier,east,11,46
2019/1/20 12:10:00,chongzhi_beier,east,8,49
2019/1/20 12:15:00,chongzhi_beier,east,8,39
2019/1/20 12:20:00,chongzhi_beier,east,6,65
2019/1/20 12:25:00,chongzhi_beier,east,8,58
2019/1/20 12:30:00,chongzhi_beier,east,5,55
2019/1/20 12:35:00,chongzhi_beier,east,8,37
2019/1/20 12:40:00,chongzhi_beier,east,14,58
2019/1/20 12:45:00,chongzhi_beier,east,6,54
2019/1/20 12:50:00,chongzhi_beier,east,7,44
2019/1/20 12:55:00,chongzhi_beier,east,2,36
2019/1/20 13:00:00,chongzhi_beier,east,4,51
2019/1/20 13:05:00,chongzhi_beier,east,3,64
2019/1/20 13:10:00,chongzhi_beier,east,7,50
2019/1/20 13:15:00,chongzhi_beier,east,10,59
2019/1/20 13:20:00,chongzhi_beier,east,9,47
2019/1/20 13:25:00,chongzhi_beier,east,11,68
2019/1/20 13:30:00,chongzhi_beier,east,5,46
2019/1/20 13:35:00,chongzhi_beier,east,14,69
2019/1/20 13:40:00,chongzhi_beier,east,10,68
2019/1/20 13:45:00,chongzhi_beier,east,7,60
2019/1/20 13:50:00,chongzhi_beier,east,6,46
2019/1/20 13:55:00,chongzhi_beier,east,9,61
2019/1/20 14:00:00,chongzhi_beier,east,15,52
2019/1/20 14:05:00,chongzhi_beier,east,4,66
2019/1/20 14:10:00,chongzhi_beier,east,11,56
2019/1/20 14:15:00,chongzhi_beier,east,5,67
2019/1/20 14:20:00,chongzhi_beier,east,5,81
2019/1/20 14:25:00,chongzhi_beier,east,6,92
2019/1/20 14:30:00,chongzhi_beier,east,10,65
2019/1/20 14:35:00,chongzhi_beier,east,10,63
2019/1/20 14:40:00,chongzhi_beier,east,13,77
2019/1/20 14:45:00,chongzhi_beier,east,6,44
2019/1/20 14:50:00,chongzhi_beier,east,10,66
2019/1/20 14:55:00,chongzhi_beier,east,13,59
2019/1/20 15:00:00,chongzhi_beier,east,7,57
2019/1/20 15:05:00,chongzhi_beier,east,2,58
2019/1/20 15:10:00,chongzhi_beier,east,12,83
2019/1/20 15:15:00,chongzhi_beier,east,4,54
2019/1/20 15:20:00,chongzhi_beier,east,8,50
2019/1/20 15:25:00,chongzhi_beier,east,12,80
2019/1/20 15:30:00,chongzhi_beier,east,5,42
2019/1/20 15:35:00,chongzhi_beier,east,8,71
2019/1/20 15:40:00,chongzhi_beier,east,8,47
2019/1/20 15:45:00,chongzhi_beier,east,10,45
2019/1/20 15:50:00,chongzhi_beier,east,9,68
2019/1/20 15:55:00,chongzhi_beier,east,5,72
2019/1/20 16:00:00,chongzhi_beier,east,13,53
2019/1/20 16:05:00,chongzhi_beier,east,10,67
2019/1/20 16:10:00,chongzhi_beier,east,7,48
2019/1/20 16:15:00,chongzhi_beier,east,8,67
2019/1/20 16:20:00,chongzhi_beier,east,17,66
2019/1/20 16:25:00,chongzhi_beier,east,12,49
2019/1/20 16:30:00,chongzhi_beier,east,7,72
2019/1/20 16:35:00,chongzhi_beier,east,9,49
2019/1/20 16:40:00,chongzhi_beier,east,8,68
2019/1/20 16:45:00,chongzhi_beier,east,16,75
2019/1/20 16:50:00,chongzhi_beier,east,4,65
2019/1/20 16:55:00,chongzhi_beier,east,11,70
2019/1/20 17:00:00,chongzhi_beier,east,14,46
2019/1/20 17:05:00,chongzhi_beier,east,8,51
2019/1/20 17:10:00,chongzhi_beier,east,6,77
2019/1/20 17:15:00,chongzhi_beier,east,11,63
2019/1/20 17:20:00,chongzhi_beier,east,6,53
2019/1/20 17:25:00,chongzhi_beier,east,11,76
2019/1/20 17:30:00,chongzhi_beier,east,8,52
2019/1/20 17:35:00,chongzhi_beier,east,14,68
2019/1/20 17:40:00,chongzhi_beier,east,15,70
2019/1/20 17:45:00,chongzhi_beier,east,7,54
2019/1/20 17:50:00,chongzhi_beier,east,9,55
2019/1/20 17:55:00,chongzhi_beier,east,13,75
2019/1/20 18:00:00,chongzhi_beier,east,8,58
2019/1/20 18:05:00,chongzhi_beier,east,11,45
2019/1/20 18:10:00,chongzhi_beier,east,13,48
2019/1/20 18:15:00,chongzhi_beier,east,10,66
2019/1/20 18:20:00,chongzhi_beier,east,10,34
2019/1/20 18:25:00,chongzhi_beier,east,6,43
2019/1/20 18:30:00,chongzhi_beier,east,8,57
2019/1/20 18:35:00,chongzhi_beier,east,12,60
2019/1/20 18:40:00,chongzhi_beier,east,8,39
2019/1/20 18:45:00,chongzhi_beier,east,11,54
2019/1/20 18:50:00,chongzhi_beier,east,15,65
2019/1/20 18:55:00,chongzhi_beier,east,18,57
2019/1/20 19:00:00,chongzhi_beier,east,10,37
2019/1/20 19:05:00,chongzhi_beier,east,9,44
2019/1/20 19:10:00,chongzhi_beier,east,16,45
2019/1/20 19:15:00,chongzhi_beier,east,9,30
2019/1/20 19:20:00,chongzhi_beier,east,11,39
2019/1/20 19:25:00,chongzhi_beier,east,12,53
2019/1/20 19:30:00,chongzhi_beier,east,16,39
2019/1/20 19:35:00,chongzhi_beier,east,5,40
2019/1/20 19:40:00,chongzhi_beier,east,5,34
2019/1/20 19:45:00,chongzhi_beier,east,6,49
2019/1/20 19:50:00,chongzhi_beier,east,4,36
2019/1/20 19:55:00,chongzhi_beier,east,10,49
2019/1/20 20:00:00,chongzhi_beier,east,10,34
2019/1/20 20:05:00,chongzhi_beier,east,10,45
2019/1/20 20:10:00,chongzhi_beier,east,6,34
2019/1/20 20:15:00,chongzhi_beier,east,13,33
2019/1/20 20:20:00,chongzhi_beier,east,4,47
2019/1/20 20:25:00,chongzhi_beier,east,4,24
2019/1/20 20:30:00,chongzhi_beier,east,12,52
2019/1/20 20:35:00,chongzhi_beier,east,10,29
2019/1/20 20:40:00,chongzhi_beier,east,10,48
2019/1/20 20:45:00,chongzhi_beier,east,2,35
2019/1/20 20:50:00,chongzhi_beier,east,8,50
2019/1/20 20:55:00,chongzhi_beier,east,10,28
2019/1/20 21:00:00,chongzhi_beier,east,5,33
2019/1/20 21:05:00,chongzhi_beier,east,17,33
2019/1/20 21:10:00,chongzhi_beier,east,8,33
2019/1/20 21:15:00,chongzhi_beier,east,8,27
2019/1/20 21:20:00,chongzhi_beier,east,8,45
2019/1/20 21:25:00,chongzhi_beier,east,12,44
2019/1/20 21:30:00,chongzhi_beier,east,11,53
2019/1/20 21:35:00,chongzhi_beier,east,6,31
2019/1/20 21:40:00,chongzhi_beier,east,8,29
2019/1/20 21:45:00,chongzhi_beier,east,10,36
2019/1/20 21:50:00,chongzhi_beier,east,10,36
2019/1/20 21:55:00,chongzhi_beier,east,7,29
2019/1/20 22:00:00,chongzhi_beier,east,5,33
2019/1/20 22:05:00,chongzhi_beier,east,12,43
2019/1/20 22:10:00,chongzhi_beier,east,11,31
2019/1/20 22:15:00,chongzhi_beier,east,17,43
2019/1/20 22:20:00,chongzhi_beier,east,8,32
2019/1/20 22:25:00,chongzhi_beier,east,11,41
2019/1/20 22:30:00,chongzhi_beier,east,6,32
2019/1/20 22:35:00,chongzhi_beier,east,6,16
2019/1/20 22:40:00,chongzhi_beier,east,7,30
2019/1/20 22:45:00,chongzhi_beier,east,3,24
2019/1/20 22:50:00,chongzhi_beier,east,6,30
2019/1/20 22:55:00,chongzhi_beier,east,5,32
2019/1/20 23:00:00,chongzhi_beier,east,7,33
2019/1/20 23:05:00,chongzhi_beier,east,6,27
2019/1/20 23:10:00,chongzhi_beier,east,3,26
2019/1/20 23:15:00,chongzhi_beier,east,7,23
2019/1/20 23:20:00,chongzhi_beier,east,1,23
2019/1/20 23:25:00,chongzhi_beier,east,2,25
2019/1/20 23:30:00,chongzhi_beier,east,4,18
2019/1/20 23:35:00,chongzhi_beier,east,7,27
2019/1/20 23:40:00,chongzhi_beier,east,4,21
2019/1/20 23:45:00,chongzhi_beier,east,9,19
2019/1/20 23:50:00,chongzhi_beier,east,5,17
2019/1/20 23:55:00,chongzhi_beier,east,6,18
