2019/1/20 00:00:00,chongzhi_jiaxian,north,3,10
2019/1/20 00:05:00,chongzhi_jiaxian,north,5,5
2019/1/20 00:10:00,chongzhi_jiaxian,north,7,4
2019/1/20 00:15:00,chongzhi_jiaxian,north,5,8
2019/1/20 00:20:00,chongzhi_jiaxian,north,3,4
2019/1/20 00:25:00,chongzhi_jiaxian,north,0,8
2019/1/20 00:30:00,chongzhi_jiaxian,north,2,2
2019/1/20 00:35:00,chongzhi_jiaxian,north,3,4
2019/1/20 00:40:00,chongzhi_jiaxian,north,1,8
2019/1/20 00:45:00,chongzhi_jiaxian,north,0,4
2019/1/20 00:50:00,chongzhi_jiaxian,north,4,5
2019/1/20 00:55:00,chongzhi_jiaxian,north,3,6
2019/1/20 01:00:00,chongzhi_jiaxian,north,6,3
2019/1/20 01:05:00,chongzhi_jiaxian,north,3,9
2019/1/20 01:10:00,chongzhi_jiaxian,north,1,1
2019/1/20 01:15:00,chongzhi_jiaxian,north,4,2
2019/1/20 01:20:00,chongzhi_jiaxian,north,6,4
2019/1/20 01:25:00,chongzhi_jiaxian,north,1,2
2019/1/20 01:30:00,chongzhi_jiaxian,north,1,3
2019/1/20 01:35:00,chongzhi_jiaxian,north,4,6
2019/1/20 01:40:00,chongzhi_jiaxian,north,1,2
2019/1/20 01:45:00,chongzhi_jiaxian,north,2,4
2019/1/20 01:50:00,chongzhi_jiaxian,north,3,6
2019/1/20 01:55:00,chongzhi_jiaxian,north,2,2
2019/1/20 02:00:00,chongzhi_jiaxian,north,1,3
2019/1/20 02:05:00,chongzhi_jiaxian,north,2,6
2019/1/20 02:10:00,chongzhi_jiaxian,north,1,3
2019/1/20 02:15:00,chongzhi_jiaxian,north,1,2
2019/1/20 02:20:00,chongzhi_jiaxian,north,1,2
2019/1/20 02:25:00,chongzhi_jiaxian,north,5,5
2019/1/20 02:30:00,chongzhi_jiaxian,north,0,5
2019/1/20 02:35:00,chongzhi_jiaxian,north,1,2
2019/1/20 02:40:00,chongzhi_jiaxian,north,0,3
2019/1/20 02:45:00,chongzhi_jiaxian,north,0,2
2019/1/20 02:50:00,chongzhi_jiaxian,north,1,3
2019/1/20 02:55:00,chongzhi_jiaxian,north,0,2
2019/1/20 03:00:00,chongzhi_jiaxian,north,1,2
2019/1/20 03:05:00,chongzhi_jiaxian,north,2,2
2019/1/20 03:10:00,chongzhi_jiaxian,north,1,1
2019/1/20 03:15:00,chongzhi_jiaxian,north,2,3
2019/1/20 03:20:00,chongzhi_jiaxian,north,2,7
2019/1/20 03:25:00,chongzhi_jiaxian,north,2,2
2019/1/20 03:30:00,chongzhi_jiaxian,north,1,3
2019/1/20 03:35:00,chongzhi_jiaxian,north,1,2
2019/1/20 03:40:00,chongzhi_jiaxian,north,0,2
2019/1/20 03:45:00,chongzhi_jiaxian,north,1,0
2019/1/20 03:50:00,chongzhi_jiaxian,north,2,4
2019/1/20 03:55:00,chongzhi_jiaxian,north,0,1
2019/1/20 04:00:00,chongzhi_jiaxian,north,0,4
2019/1/20 04:05:00,chongzhi_jiaxian,north,1,2
2019/1/20 04:10:00,chongzhi_jiaxian,north,1,3
2019/1/20 04:15:00,chongzhi_jiaxian,north,0,0
2019/1/20 04:20:00,chongzhi_jiaxian,north,1,3
2019/1/20 04:25:00,chongzhi_jiaxian,north,2,2
2019/1/20 04:30:00,chongzhi_jiaxian,north,1,2
2019/1/20 04:35:00,chongzhi_jiaxian,north,1,4
2019/1/20 04:40:00,chongzhi_jiaxian,north,3,0
2019/1/20 04:45:00,chongzhi_jiaxian,north,0,5
2019/1/20 04:50:00,chongzhi_jiaxian,north,1,2
2019/1/20 04:55:00,chongzhi_jiaxian,north,0,1
2019/1/20 05:00:00,chongzhi_jiaxian,north,1,1
2019/1/20 05:05:00,chongzhi_jiaxian,north,4,2
2019/1/20 05:10:00,chongzhi_jiaxian,north,0,2
2019/1/20 05:15:00,chongzhi_jiaxian,north,0,2
2019/1/20 05:20:00,chongzhi_jiaxian,north,1,3
2019/1/20 05:25:00,chongzhi_jiaxian,north,2,2
2019/1/20 05:30:00,chongzhi_jiaxian,north,2,2
2019/1/20 05:35:00,chongzhi_jiaxian,north,5,1
2019/1/20 05:40:00,chongzhi_jiaxian,north,3,0
2019/1/20 05:45:00,chongzhi_jiaxian,north,4,2
2019/1/20 05:50:00,chongzhi_jiaxian,north,10,1
2019/1/20 05:55:00,chongzhi_jiaxian,north,1,0
2019/1/20 06:00:00,chongzhi_jiaxian,north,6,1
2019/1/20 06:05:00,chongzhi_jiaxian,north,5,2
2019/1/20 06:10:00,chongzhi_jiaxian,north,5,1
2019/1/20 06:15:00,chongzhi_jiaxian,north,5,5
2019/1/20 06:20:00,chongzhi_jiaxian,north,8,5
2019/1/20 06:25:00,chongzhi_jiaxian,north,8,2
2019/1/20 06:30:00,chongzhi_jiaxian,north,9,4
2019/1/20 06:35:00,chongzhi_jiaxian,north,8,5
2019/1/20 06:40:00,chongzhi_jiaxian,north,7,2
2019/1/20 06:45:00,chongzhi_jiaxian,north,11,2
2019/1/20 06:50:00,chongzhi_jiaxian,north,14,2
2019/1/20 06:55:00,chongzhi_jiaxian,north,7,3
2019/1/20 07:00:00,chongzhi_jiaxian,north,8,5
2019/1/20 07:05:00,chongzhi_jiaxian,north,11,4
2019/1/20 07:10:00,chongzhi_jiaxian,north,11,5
2019/1/20 07:15:00,chongzhi_jiaxian,north,11,4
2019/1/20 07:20:00,chongzhi_jiaxian,north,16,4
2019/1/20 07:25:00,chongzhi_jiaxian,north,10,2
2019/1/20 07:30:00,chongzhi_jiaxian,north,16,7
2019/1/20 07:35:00,chongzhi_jiaxian,north,11,2
2019/1/20 07:40:00,chongzhi_jiaxian,north,18,6
2019/1/20 07:45:00,chongzhi_jiaxian,north,17,6
2019/1/20 07:50:00,chongzhi_jiaxian,north,17,9
2019/1/20 07:55:00,chongzhi_jiaxian,north,10,2
2019/1/20 08:00:00,chongzhi_jiaxian,north,15,9
2019/1/20 08:05:00,chongzhi_jiaxian,north,18,4
2019/1/20 08:10:00,chongzhi_jiaxian,north,14,12
2019/1/20 08:15:00,chongzhi_jiaxian,north,12,6
2019/1/20 08:20:00,chongzhi_jiaxian,north,21,11
2019/1/20 08:25:00,chongzhi_jiaxian,north,20,12
2019/1/20 08:30:00,chongzhi_jiaxian,north,10,6
2019/1/20 08:35:00,chongzhi_jiaxian,north,17,8
2019/1/20 08:40:00,chongzhi_jiaxian,north,18,6
2019/1/20 08:45:00,chongzhi_jiaxian,north,21,11
2019/1/20 08:50:00,chongzhi_jiaxian,north,17,13
2019/1/20 08:55:00,chongzhi_jiaxian,north,11,13
2019/1/20 09:00:00,chongzhi_jiaxian,north,14,6
2019/1/20 09:05:00,chongzhi_jiaxian,north,12,11
2019/1/20 09:10:00,chongzhi_jiaxian,north,14,7
2019/1/20 09:15:00,chongzhi_jiaxian,north,14,6
2019/1/20 09:20:00,chongzhi_jiaxian,north,13,5
2019/1/20 09:25:00,chongzhi_jiaxian,north,10,9
2019/1/20 09:30:00,chongzhi_jiaxian,north,10,11
2019/1/20 09:35:00,chongzhi_jiaxian,north,16,12
2019/1/20 09:40:00,chongzhi_jiaxian,north,11,7
2019/1/20 09:45:00,chongzhi_jiaxian,north,10,9
2019/1/20 09:50:00,chongzhi_jiaxian,north,18,14
2019/1/20 09:55:00,chongzhi_jiaxian,north,8,3
2019/1/20 10:00:00,chongzhi_jiaxian,north,10,7
2019/1/20 10:05:00,chongzhi_jiaxian,north,6,5
2019/1/20 10:10:00,chongzhi_jiaxian,north,14,9
2019/1/20 10:15:00,chongzhi_jiaxian,north,10,14
2019/1/20 10:20:00,chongzhi_jiaxian,north,16,12
2019/1/20 10:25:00,chongzhi_jiaxian,north,10,6
2019/1/20 10:30:00,chongzhi_jiaxian,north,14,12
2019/1/20 10:35:00,chongzhi_jiaxian,north,11,10
2019/1/20 10:40:00,chongzhi_jiaxian,north,13,9
2019/1/20 10:45:00,chongzhi_jiaxian,north,13,8
2019/1/20 10:50:00,chongzhi_jiaxian,north,7,13
2019/1/20 10:55:00,chongzhi_jiaxian,north,12,16
2019/1/20 11:00:00,chongzhi_jiaxian,north,12,9
2019/1/20 11:05:00,chongzhi_jiaxian,north,5,14
2019/1/20 11:10:00,chongzhi_jiaxian,north,7,9
2019/1/20 11:15:00,chongzhi_jiaxian,north,11,17
2019/1/20 11:20:00,chongzhi_jiaxian,north,17,11
2019/1/20 11:25:00,chongzhi_jiaxian,north,9,9
2019/1/20 11:30:00,chongzhi_jiaxian,north,11,12
2019/1/20 11:35:00,chongzhi_jiaxian,north,10,15
2019/1/20 11:40:00,chongzhi_jiaxian,north,15,9
2019/1/20 11:45:00,chongzhi_jiaxian,north,11,13
2019/1/20 11:50:00,chongzhi_jiaxian,north,13,11
2019/1/20 11:55:00,chongzhi_jiaxian,north,11,16
2019/1/20 12:00:00,chongzhi_jiaxian,north,7,14
2019/1/20 12:05:00,chongzhi_jiaxian,north,10,20
2019/1/20 12:10:00,chongzhi_jiaxian,north,16,18
2019/1/20 12:15:00,chongzhi_jiaxian,north,12,9
2019/1/20 12:20:00,chongzhi_jiaxian,north,12,17
2019/1/20 12:25:00,chongzhi_jiaxian,north,13,9
2019/1/20 12:30:00,chongzhi_jiaxian,north,12,12
2019/1/20 12:35:00,chongzhi_jiaxian,north,9,12
2019/1/20 12:40:00,chongzhi_jiaxian,north,8,9
2019/1/20 12:45:00,chongzhi_jiaxian,north,17,10
2019/1/20 12:50:00,chongzhi_jiaxian,north,13,13
2019/1/20 12:55:00,chongzhi_jiaxian,north,8,3
2019/1/20 13:00:00,chongzhi_jiaxian,north,13,7
2019/1/20 13:05:00,chongzhi_jiaxian,north,8,12
2019/1/20 13:10:00,chongzhi_jiaxian,north,10,11
2019/1/20 13:15:00,chongzhi_jiaxian,north,15,6
2019/1/20 13:20:00,chongzhi_jiaxian,north,8,2
2019/1/20 13:25:00,chongzhi_jiaxian,north,9,13
2019/1/20 13:30:00,chongzhi_jiaxian,north,17,6
2019/1/20 13:35:00,chongzhi_jiaxian,north,11,13
2019/1/20 13:40:00,chongzhi_jiaxian,north,10,12
2019/1/20 13:45:00,chongzhi_jiaxian,north,14,10
2019/1/20 13:50:00,chongzhi_jiaxian,north,15,12
2019/1/20 13:55:00,chongzhi_jiaxian,north,13,10
2019/1/20 14:00:00,chongzhi_jiaxian,north,16,15
2019/1/20 14:05:00,chongzhi_jiaxian,north,10,11
2019/1/20 14:10:00,chongzhi_jiaxian,north,15,12
2019/1/20 14:15:00,chongzhi_jiaxian,north,14,8
2019/1/20 14:20:00,chongzhi_jiaxian,north,14,8
2019/1/20 14:25:00,chongzhi_jiaxian,north,11,14
2019/1/20 14:30:00,chongzhi_jiaxian,north,15,9
2019/1/20 14:35:00,chongzhi_jiaxian,north,13,10
2019/1/20 14:40:00,chongzhi_jiaxian,north,15,15
2019/1/20 14:45:00,chongzhi_jiaxian,north,5,10
2019/1/20 14:50:00,chongzhi_jiaxian,north,10,13
2019/1/20 14:55:00,chongzhi_jiaxian,north,12,17
2019/1/20 15:00:00,chongzhi_jiaxian,north,19,26
2019/1/20 15:05:00,chongzhi_jiaxian,north,15,16
2019/1/20 15:10:00,chongzhi_jiaxian,north,12,20
2019/1/20 15:15:00,chongzhi_jiaxian,north,7,15
2019/1/20 15:20:00,chongzhi_jiaxian,north,13,12
2019/1/20 15:25:00,chongzhi_jiaxian,north,12,10
2019/1/20 15:30:00,chongzhi_jiaxian,north,12,14
2019/1/20 15:35:00,chongzhi_jiaxian,north,10,16
2019/1/20 15:40:00,chongzhi_jiaxian,north,13,5
2019/1/20 15:45:00,chongzhi_jiaxian,north,14,15
2019/1/20 15:50:00,chongzhi_jiaxian,north,18,16
2019/1/20 15:55:00,chongzhi_jiaxian,north,14,14
2019/1/20 16:00:00,chongzhi_jiaxian,north,15,11
2019/1/20 16:05:00,chongzhi_jiaxian,north,9,7
2019/1/20 16:10:00,chongzhi_jiaxian,north,9,13
2019/1/20 16:15:00,chongzhi_jiaxian,north,11,19
2019/1/20 16:20:00,chongzhi_jiaxian,north,14,8
2019/1/20 16:25:00,chongzhi_jiaxian,north,10,11
2019/1/20 16:30:00,chongzhi_jiaxian,north,10,13
2019/1/20 16:35:00,chongzhi_jiaxian,north,15,10
2019/1/20 16:40:00,chongzhi_jiaxian,north,12,14
2019/1/20 16:45:00,chongzhi_jiaxian,north,12,21
2019/1/20 16:50:00,chongzhi_jiaxian,north,12,11
2019/1/20 16:55:00,chongzhi_jiaxian,north,11,11
2019/1/20 17:00:00,chongzhi_jiaxian,north,13,8
2019/1/20 17:05:00,chongzhi_jiaxian,north,9,8
2019/1/20 17:10:00,chongzhi_jiaxian,north,13,10
2019/1/20 17:15:00,chongzhi_jiaxian,north,15,9
2019/1/20 17:20:00,chongzhi_jiaxian,north,10,12
2019/1/20 17:25:00,chongzhi_jiaxian,north,18,16
2019/1/20 17:30:00,chongzhi_jiaxian,north,14,18
2019/1/20 17:35:00,chongzhi_jiaxian,north,8,16
2019/1/20 17:40:00,chongzhi_jiaxian,north,17,14
2019/1/20 17:45:00,chongzhi_jiaxian,north,11,12
2019/1/20 17:50:00,chongzhi_jiaxian,north,11,13
2019/1/20 17:55:00,chongzhi_jiaxian,north,7,13
2019/1/20 18:00:00,chongzhi_jiaxian,north,18,16
2019/1/20 18:05:00,chongzhi_jiaxian,north,12,14
2019/1/20 18:10:00,chongzhi_jiaxian,north,19,17
2019/1/20 18:15:00,chongzhi_jiaxian,north,21,13
2019/1/20 18:20:00,chongzhi_jiaxian,north,9,8
2019/1/20 18:25:00,chongzhi_jiaxian,north,12,13
2019/1/20 18:30:00,chongzhi_jiaxian,north,16,10
2019/1/20 18:35:00,chongzhi_jiaxian,north,8,9
2019/1/20 18:40:00,chongzhi_jiaxian,north,16,14
2019/1/20 18:45:00,chongzhi_jiaxian,north,15,11
2019/1/20 18:50:00,chongzhi_jiaxian,north,16,9
2019/1/20 18:55:00,chongzhi_jiaxian,north,12,7
2019/1/20 19:00:00,chongzhi_jiaxian,north,12,12
2019/1/20 19:05:00,chongzhi_jiaxian,north,13,8
2019/1/20 19:10:00,chongzhi_jiaxian,north,14,17
2019/1/20 19:15:00,chongzhi_jiaxian,north,13,9
2019/1/20 19:20:00,chongzhi_jiaxian,north,7,12
2019/1/20 19:25:00,chongzhi_jiaxian,north,13,12
2019/1/20 19:30:00,chongzhi_jiaxian,north,12,9
2019/1/20 19:35:00,chongzhi_jiaxian,north,11,16
2019/1/20 19:40:00,chongzhi_jiaxian,north,12,7
2019/1/20 19:45:00,chongzhi_jiaxian,north,8,13
2019/1/20 19:50:00,chongzhi_jiaxian,north,8,8
2019/1/20 19:55:00,chongzhi_jiaxian,north,8,9
2019/1/20 20:00:00,chongzhi_jiaxian,north,9,18
2019/1/20 20:05:00,chongzhi_jiaxian,north,4,6
2019/1/20 20:10:00,chongzhi_jiaxian,north,19,15
2019/1/20 20:15:00,chongzhi_jiaxian,north,6,7
2019/1/20 20:20:00,chongzhi_jiaxian,north,14,15
2019/1/20 20:25:00,chongzhi_jiaxian,north,5,7
2019/1/20 20:30:00,chongzhi_jiaxian,north,11,10
2019/1/20 20:35:00,chongzhi_jiaxian,north,9,14
2019/1/20 20:40:00,chongzhi_jiaxian,north,10,12
2019/1/20 20:45:00,chongzhi_jiaxian,north,12,10
2019/1/20 20:50:00,chongzhi_jiaxian,north,5,9
2019/1/20 20:55:00,chongzhi_jiaxian,north,7,11
2019/1/20 21:00:00,chongzhi_jiaxian,north,10,4
2019/1/20 21:05:00,chongzhi_jiaxian,north,6,4
2019/1/20 21:10:00,chongzhi_jiaxian,north,12,18
2019/1/20 21:15:00,chongzhi_jiaxian,north,5,6
2019/1/20 21:20:00,chongzhi_jiaxian,north,7,14
2019/1/20 21:25:00,chongzhi_jiaxian,north,6,7
2019/1/20 21:30:00,chongzhi_jiaxian,north,6,4
2019/1/20 21:35:00,chongzhi_jiaxian,north,9,19
2019/1/20 21:40:00,chongzhi_jiaxian,north,9,12
2019/1/20 21:45:00,chongzhi_jiaxian,north,6,20
2019/1/20 21:50:00,chongzhi_jiaxian,north,3,5
2019/1/20 21:55:00,chongzhi_jiaxian,north,4,16
2019/1/20 22:00:00,chongzhi_jiaxian,north,7,11
2019/1/20 22:05:00,chongzhi_jiaxian,north,5,6
2019/1/20 22:10:00,chongzhi_jiaxian,north,10,9
2019/1/20 22:15:00,chongzhi_jiaxian,north,6,9
2019/1/20 22:20:00,chongzhi_jiaxian,north,6,7
2019/1/20 22:25:00,chongzhi_jiaxian,north,6,6
2019/1/20 22:30:00,chongzhi_jiaxian,north,13,17
2019/1/20 22:35:00,chongzhi_jiaxian,north,9,10
2019/1/20 22:40:00,chongzhi_jiaxian,north,6,7
2019/1/20 22:45:00,chongzhi_jiaxian,north,8,8
2019/1/20 22:50:00,chongzhi_jiaxian,north,6,6
2019/1/20 22:55:00,chongzhi_jiaxian,north,3,7
2019/1/20 23:00:00,chongzhi_jiaxian,north,3,10
2019/1/20 23:05:00,chongzhi_jiaxian,north,1,4
2019/1/20 23:10:00,chongzhi_jiaxian,north,6,12
2019/1/20 23:15:00,chongzhi_jiaxian,north,3,5
2019/1/20 23:20:00,chongzhi_jiaxian,north,7,7
2019/1/20 23:25:00,chongzhi_jiaxian,north,4,2
2019/1/20 23:30:00,chongzhi_jiaxian,north,4,6
2019/1/20 23:35:00,chongzhi_jiaxian,north,5,4
2019/1/20 23:40:00,chongzhi_jiaxian,north,5,6
2019/1/20 23:45:00,chongzhi_jiaxian,north,2,9
2019/1/20 23:50:00,chongzhi_jiaxian,north,6,4
2019/1/20 23:55:00,chongzhi_jiaxian,north,3,7
