2019/1/20 00:00:00,chongzhi_beier,west,11,24
2019/1/20 00:05:00,chongzhi_beier,west,11,26
2019/1/20 00:10:00,chongzhi_beier,west,15,35
2019/1/20 00:15:00,chongzhi_beier,west,10,34
2019/1/20 00:20:00,chongzhi_beier,west,10,31
2019/1/20 00:25:00,chongzhi_beier,west,13,30
2019/1/20 00:30:00,chongzhi_beier,west,6,18
2019/1/20 00:35:00,chongzhi_beier,west,7,20
2019/1/20 00:40:00,chongzhi_beier,west,6,24
2019/1/20 00:45:00,chongzhi_beier,west,8,17
2019/1/20 00:50:00,chongzhi_beier,west,12,26
2019/1/20 00:55:00,chongzhi_beier,west,6,21
2019/1/20 01:00:00,chongzhi_beier,west,10,27
2019/1/20 01:05:00,chongzhi_beier,west,5,21
2019/1/20 01:10:00,chongzhi_beier,west,6,22
2019/1/20 01:15:00,chongzhi_beier,west,5,10
2019/1/20 01:20:00,chongzhi_beier,west,9,16
2019/1/20 01:25:00,chongzhi_beier,west,9,15
2019/1/20 01:30:00,chongzhi_beier,west,8,15
2019/1/20 01:35:00,chongzhi_beier,west,3,12
2019/1/20 01:40:00,chongzhi_beier,west,9,14
2019/1/20 01:45:00,chongzhi_beier,west,5,16
2019/1/20 01:50:00,chongzhi_beier,west,11,20
2019/1/20 01:55:00,chongzhi_beier,west,2,11
2019/1/20 02:00:00,chongzhi_beier,west,6,10
2019/1/20 02:05:00,chongzhi_beier,west,6,10
2019/1/20 02:10:00,chongzhi_beier,west,4,6
2019/1/20 02:15:00,chongzhi_beier,west,6,14
2019/1/20 02:20:00,chongzhi_beier,west,8,15
2019/1/20 02:25:00,chongzhi_beier,west,4,10
2019/1/20 02:30:00,chongzhi_beier,west,3,9
2019/1/20 02:35:00,chongzhi_beier,west,8,10
2019/1/20 02:40:00,chongzhi_beier,west,6,5
2019/1/20 02:45:00,chongzhi_beier,west,6,8
2019/1/20 02:50:00,chongzhi_beier,west,6,15
2019/1/20 02:55:00,chongzhi_beier,west,2,7
2019/1/20 03:00:00,chongzhi_beier,west,4,2
2019/1/20 03:05:00,chongzhi_beier,west,6,11
2019/1/20 03:10:00,chongzhi_beier,west,2,4
2019/1/20 03:15:00,chongzhi_beier,west,3,8
2019/1/20 03:20:00,chongzhi_beier,west,2,8
2019/1/20 03:25:00,chongzhi_beier,west,2,5
2019/1/20 03:30:00,chongzhi_beier,west,4,7
2019/1/20 03:35:00,chongzhi_beier,west,4,8
2019/1/20 03:40:00,chongzhi_beier,west,3,8
2019/1/20 03:45:00,chongzhi_beier,west,7,14
2019/1/20 03:50:00,chongzhi_beier,west,4,6
2019/1/20 03:55:00,chongzhi_beier,west,1,7
2019/1/20 04:00:00,chongzhi_beier,west,4,4
2019/1/20 04:05:00,chongzhi_beier,west,0,8
2019/1/20 04:10:00,chongzhi_beier,west,3,6
2019/1/20 04:15:00,chongzhi_beier,west,4,5
2019/1/20 04:20:00,chongzhi_beier,west,2,6
2019/1/20 04:25:00,chongzhi_beier,west,5,4
2019/1/20 04:30:00,chongzhi_beier,west,2,2
2019/1/20 04:35:00,chongzhi_beier,west,4,7
2019/1/20 04:40:00,chongzhi_beier,west,5,8
2019/1/20 04:45:00,chongzhi_beier,west,1,5
2019/1/20 04:50:00,chongzhi_beier,west,4,3
2019/1/20 04:55:00,chongzhi_beier,west,3,4
2019/1/20 05:00:00,chongzhi_beier,west,2,5
2019/1/20 05:05:00,chongzhi_beier,west,3,2
2019/1/20 05:10:00,chongzhi_beier,west,2,5
2019/1/20 05:15:00,chongzhi_beier,west,4,8
2019/1/20 05:20:00,chongzhi_beier,west,2,3
2019/1/20 05:25:00,chongzhi_beier,west,1,9
2019/1/20 05:30:00,chongzhi_beier,west,3,7
2019/1/20 05:35:00,chongzhi_beier,west,1,8
2019/1/20 05:40:00,chongzhi_beier,west,3,1
2019/1/20 05:45:00,chongzhi_beier,west,5,10
2019/1/20 05:50:00,chongzhi_beier,west,2,5
2019/1/20 05:55:00,chongzhi_beier,west,3,10
2019/1/20 06:00:00,chongzhi_beier,west,1,5
2019/1/20 06:05:00,chongzhi_beier,west,1,3
2019/1/20 06:10:00,chongzhi_beier,west,0,10
2019/1/20 06:15:00,chongzhi_beier,west,3,8
2019/1/20 06:20:00,chongzhi_beier,west,1,12
2019/1/20 06:25:00,chongzhi_beier,west,0,11
2019/1/20 06:30:00,chongzhi_beier,west,2,8
2019/1/20 06:35:00,chongzhi_beier,west,0,13
2019/1/20 06:40:00,chongzhi_beier,west,3,10
2019/1/20 06:45:00,chongzhi_beier,west,1,5
2019/1/20 06:50:00,chongzhi_beier,west,2,8
2019/1/20 06:55:00,chongzhi_beier,west,2,8
2019/1/20 07:00:00,chongzhi_beier,west,4,11
2019/1/20 07:05:00,chongzhi_beier,west,5,6
2019/1/20 07:10:00,chongzhi_beier,west,4,13
2019/1/20 07:15:00,chongzhi_beier,west,2,14
2019/1/20 07:20:00,chongzhi_beier,west,10,17
2019/1/20 07:25:00,chongzhi_beier,west,3,12
2019/1/20 07:30:00,chongzhi_beier,west,6,7
2019/1/20 07:35:00,chongzhi_beier,west,7,10
2019/1/20 07:40:00,chongzhi_beier,west,10,13
2019/1/20 07:45:00,chongzhi_beier,west,11,27
2019/1/20 07:50:00,chongzhi_beier,west,13,18
2019/1/20 07:55:00,chongzhi_beier,west,12,21
2019/1/20 08:00:00,chongzhi_beier,west,14,20
2019/1/20 08:05:00,chongzhi_beier,west,13,11
2019/1/20 08:10:00,chongzhi_beier,west,18,21
2019/1/20 08:15:00,chongzhi_beier,west,18,26
2019/1/20 08:20:00,chongzhi_beier,west,6,12
2019/1/20 08:25:00,chongzhi_beier,west,17,28
2019/1/20 08:30:00,chongzhi_beier,west,20,26
2019/1/20 08:35:00,chongzhi_beier,west,15,19
2019/1/20 08:40:00,chongzhi_beier,west,17,30
2019/1/20 08:45:00,chongzhi_beier,west,10,28
2019/1/20 08:50:00,chongzhi_beier,west,3,20
2019/1/20 08:55:00,chongzhi_beier,west,9,34
2019/1/20 09:00:00,chongzhi_beier,west,5,17
2019/1/20 09:05:00,chongzhi_beier,west,6,30
2019/1/20 09:10:00,chongzhi_beier,west,9,36
2019/1/20 09:15:00,chongzhi_beier,west,13,44
2019/1/20 09:20:00,chongzhi_beier,west,8,31
2019/1/20 09:25:00,chongzhi_beier,west,8,36
2019/1/20 09:30:00,chongzhi_beier,west,10,31
2019/1/20 09:35:00,chongzhi_beier,west,9,27
2019/1/20 09:40:00,chongzhi_beier,west,13,57
2019/1/20 09:45:00,chongzhi_beier,west,9,43
2019/1/20 09:50:00,chongzhi_beier,west,11,29
2019/1/20 09:55:00,chongzhi_beier,west,12,54
2019/1/20 10:00:00,chongzhi_beier,west,9,46
2019/1/20 10:05:00,chongzhi_beier,west,7,34
2019/1/20 10:10:00,chongzhi_beier,west,9,38
2019/1/20 10:15:00,chongzhi_beier,west,7,45
2019/1/20 10:20:00,chongzhi_beier,west,4,33
2019/1/20 10:25:00,chongzhi_beier,west,6,31
2019/1/20 10:30:00,chongzhi_beier,west,13,38
2019/1/20 10:35:00,chongzhi_beier,west,11,45
2019/1/20 10:40:00,chongzhi_beier,west,6,42
2019/1/20 10:45:00,chongzhi_beier,west,12,31
2019/1/20 10:50:00,chongzhi_beier,west,20,61
2019/1/20 10:55:00,chongzhi_beier,west,7,36
2019/1/20 11:00:00,chongzhi_beier,west,8,42
2019/1/20 11:05:00,chongzhi_beier,west,10,39
2019/1/20 11:10:00,chongzhi_beier,west,5,40
2019/1/20 11:15:00,chongzhi_beier,west,9,31
2019/1/20 11:20:00,chongzhi_beier,west,9,57
2019/1/20 11:25:00,chongzhi_beier,west,7,39
2019/1/20 11:30:00,chongzhi_beier,west,6,53
2019/1/20 11:35:00,chongzhi_beier,west,10,53
2019/1/20 11:40:00,chongzhi_beier,west,12,48
2019/1/20 11:45:00,chongzhi_beier,west,3,26
2019/1/20 11:50:00,chongzhi_beier,west,9,42
2019/1/20 11:55:00,chongzhi_beier,west,12,42
2019/1/20 12:00:00,chongzhi_beier,west,14,66
2019/1/20 12:05:00,chongzhi_beier,west,6,28
2019/1/20 12:10:00,chongzhi_beier,west,7,48
2019/1/20 12:15:00,chongzhi_beier,west,8,40
2019/1/20 12:20:00,chongzhi_beier,west,10,36
2019/1/20 12:25:00,chongzhi_beier,west,8,41
2019/1/20 12:30:00,chongzhi_beier,west,8,31
2019/1/20 12:35:00,chongzhi_beier,west,11,44
2019/1/20 12:40:00,chongzhi_beier,west,3,37
2019/1/20 12:45:00,chongzhi_beier,west,10,37
2019/1/20 12:50:00,chongzhi_beier,west,9,32
2019/1/20 12:55:00,chongzhi_beier,west,9,43
2019/1/20 13:00:00,chongzhi_beier,west,11,30
2019/1/20 13:05:00,chongzhi_beier,west,9,42
2019/1/20 13:10:00,chongzhi_beier,west,17,47
2019/1/20 13:15:00,chongzhi_beier,west,7,42
2019/1/20 13:20:00,chongzhi_beier,west,8,48
2019/1/20 13:25:00,chongzhi_beier,west,10,46
2019/1/20 13:30:00,chongzhi_beier,west,9,59
2019/1/20 13:35:00,chongzhi_beier,west,8,41
2019/1/20 13:40:00,chongzhi_beier,west,14,51
2019/1/20 13:45:00,chongzhi_beier,west,16,59
2019/1/20 13:50:00,chongzhi_beier,west,18,48
2019/1/20 13:55:00,chongzhi_beier,west,10,35
2019/1/20 14:00:00,chongzhi_beier,west,9,50
2019/1/20 14:05:00,chongzhi_beier,west,7,44
2019/1/20 14:10:00,chongzhi_beier,west,12,57
2019/1/20 14:15:00,chongzhi_beier,west,4,54
2019/1/20 14:20:00,chongzhi_beier,west,9,60
2019/1/20 14:25:00,chongzhi_beier,west,8,32
2019/1/20 14:30:00,chongzhi_beier,west,8,37
2019/1/20 14:35:00,chongzhi_beier,west,9,84
2019/1/20 14:40:00,chongzhi_beier,west,5,61
2019/1/20 14:45:00,chongzhi_beier,west,8,48
2019/1/20 14:50:00,chongzhi_beier,west,16,71
2019/1/20 14:55:00,chongzhi_beier,west,8,39
2019/1/20 15:00:00,chongzhi_beier,west,7,54
2019/1/20 15:05:00,chongzhi_beier,west,9,68
2019/1/20 15:10:00,chongzhi_beier,west,5,47
2019/1/20 15:15:00,chongzhi_beier,west,14,53
2019/1/20 15:20:00,chongzhi_beier,west,15,85
2019/1/20 15:25:00,chongzhi_beier,west,11,65
2019/1/20 15:30:00,chongzhi_beier,west,9,60
2019/1/20 15:35:00,chongzhi_beier,west,11,68
2019/1/20 15:40:00,chongzhi_beier,west,11,52
2019/1/20 15:45:00,chongzhi_beier,west,15,74
2019/1/20 15:50:00,chongzhi_beier,west,16,56
2019/1/20 15:55:00,chongzhi_beier,west,5,49
2019/1/20 16:00:00,chongzhi_beier,west,12,55
2019/1/20 16:05:00,chongzhi_beier,west,12,56
2019/1/20 16:10:00,chongzhi_beier,west,10,67
2019/1/20 16:15:00,chongzhi_beier,west,4,39
2019/1/20 16:20:00,chongzhi_beier,west,9,52
2019/1/20 16:25:00,chongzhi_beier,west,9,60
2019/1/20 16:30:00,chongzhi_beier,west,8,56
2019/1/20 16:35:00,chongzhi_beier,west,10,45
2019/1/20 16:40:00,chongzhi_beier,west,9,61
2019/1/20 16:45:00,chongzhi_beier,west,12,40
2019/1/20 16:50:00,chongzhi_beier,west,9,57
2019/1/20 16:55:00,chongzhi_beier,west,5,55
2019/1/20 17:00:00,chongzhi_beier,west,18,60
2019/1/20 17:05:00,chongzhi_beier,west,10,56
2019/1/20 17:10:00,chongzhi_beier,west,5,51
2019/1/20 17:15:00,chongzhi_beier,west,5,39
2019/1/20 17:20:00,chongzhi_beier,west,15,52
2019/1/20 17:25:00,chongzhi_beier,west,14,40
2019/1/20 17:30:00,chongzhi_beier,west,11,60
2019/1/20 17:35:00,chongzhi_beier,west,7,59
2019/1/20 17:40:00,chongzhi_beier,west,13,50
2019/1/20 17:45:00,chongzhi_beier,west,6,35
2019/1/20 17:50:00,chongzhi_beier,west,14,51
2019/1/20 17:55:00,chongzhi_beier,west,11,63
2019/1/20 18:00:00,chongzhi_beier,west,8,44
2019/1/20 18:05:00,chongzhi_beier,west,11,48
2019/1/20 18:10:00,chongzhi_beier,west,12,72
2019/1/20 18:15:00,chongzhi_beier,west,6,39
2019/1/20 18:20:00,chongzhi_beier,west,13,66
2019/1/20 18:25:00,chongzhi_beier,west,8,52
2019/1/20 18:30:00,chongzhi_beier,west,11,68
2019/1/20 18:35:00,chongzhi_beier,west,3,44
2019/1/20 18:40:00,chongzhi_beier,west,10,43
2019/1/20 18:45:00,chongzhi_beier,west,16,74
2019/1/20 18:50:00,chongzhi_beier,west,8,40
2019/1/20 18:55:00,chongzhi_beier,west,8,58
2019/1/20 19:00:00,chongzhi_beier,west,5,45
2019/1/20 19:05:00,chongzhi_beier,west,16,56
2019/1/20 19:10:00,chongzhi_beier,west,9,45
2019/1/20 19:15:00,chongzhi_beier,west,13,46
2019/1/20 19:20:00,chongzhi_beier,west,16,56
2019/1/20 19:25:00,chongzhi_beier,west,11,57
2019/1/20 19:30:00,chongzhi_beier,west,10,30
2019/1/20 19:35:00,chongzhi_beier,west,11,43
2019/1/20 19:40:00,chongzhi_beier,west,14,46
2019/1/20 19:45:00,chongzhi_beier,west,9,40
2019/1/20 19:50:00,chongzhi_beier,west,8,41
2019/1/20 19:55:00,chongzhi_beier,west,10,40
2019/1/20 20:00:00,chongzhi_beier,west,8,40
2019/1/20 20:05:00,chongzhi_beier,west,16,50
2019/1/20 20:10:00,chongzhi_beier,west,6,50
2019/1/20 20:15:00,chongzhi_beier,west,12,36
2019/1/20 20:20:00,chongzhi_beier,west,6,43
2019/1/20 20:25:00,chongzhi_beier,west,21,47
2019/1/20 20:30:00,chongzhi_beier,west,10,57
2019/1/20 20:35:00,chongzhi_beier,west,6,57
2019/1/20 20:40:00,chongzhi_beier,west,10,39
2019/1/20 20:45:00,chongzhi_beier,west,4,46
2019/1/20 20:50:00,chongzhi_beier,west,13,55
2019/1/20 20:55:00,chongzhi_beier,west,14,44
2019/1/20 21:00:00,chongzhi_beier,west,7,44
2019/1/20 21:05:00,chongzhi_beier,west,11,44
2019/1/20 21:10:00,chongzhi_beier,west,7,45
2019/1/20 21:15:00,chongzhi_beier,west,13,52
2019/1/20 21:20:00,chongzhi_beier,west,12,60
2019/1/20 21:25:00,chongzhi_beier,west,14,55
2019/1/20 21:30:00,chongzhi_beier,west,14,45
2019/1/20 21:35:00,chongzhi_beier,west,9,53
2019/1/20 21:40:00,chongzhi_beier,west,8,44
2019/1/20 21:45:00,chongzhi_beier,west,8,58
2019/1/20 21:50:00,chongzhi_beier,west,13,60
2019/1/20 21:55:00,chongzhi_beier,west,8,53
2019/1/20 22:00:00,chongzhi_beier,west,15,56
2019/1/20 22:05:00,chongzhi_beier,west,11,51
2019/1/20 22:10:00,chongzhi_beier,west,20,42
2019/1/20 22:15:00,chongzhi_beier,west,13,46
2019/1/20 22:20:00,chongzhi_beier,west,12,42
2019/1/20 22:25:00,chongzhi_beier,west,10,48
2019/1/20 22:30:00,chongzhi_beier,west,16,42
2019/1/20 22:35:00,chongzhi_beier,west,17,35
2019/1/20 22:40:00,chongzhi_beier,west,10,30
2019/1/20 22:45:00,chongzhi_beier,west,6,34
2019/1/20 22:50:00,chongzhi_beier,west,13,39
2019/1/20 22:55:00,chongzhi_beier,west,12,40
2019/1/20 23:00:00,chongzhi_beier,west,9,25
2019/1/20 23:05:00,chongzhi_beier,west,13,43
2019/1/20 23:10:00,chongzhi_beier,west,11,39
2019/1/20 23:15:00,chongzhi_beier,west,4,38
2019/1/20 23:20:00,chongzhi_beier,west,10,37
2019/1/20 23:25:00,chongzhi_beier,west,7,18
2019/1/20 23:30:00,chongzhi_beier,west,10,35
2019/1/20 23:35:00,chongzhi_beier,west,4,23
2019/1/20 23:40:00,chongzhi_beier,west,6,15
2019/1/20 23:45:00,chongzhi_beier,west,5,26
2019/1/20 23:50:00,chongzhi_beier,west,7,26
2019/1/20 23:55:00,chongzhi_beier,west,5,20
