2019/1/20 00:00:00,wuhe_zhangheng,east,0,8
2019/1/20 00:05:00,wuhe_zhangheng,east,2,3
2019/1/20 00:10:00,wuhe_zhangheng,east,5,7
2019/1/20 00:15:00,wuhe_zhangheng,east,7,5
2019/1/20 00:20:00,wuhe_zhangheng,east,3,3
2019/1/20 00:25:00,wuhe_zhangheng,east,1,4
2019/1/20 00:30:00,wuhe_zhangheng,east,2,3
2019/1/20 00:35:00,wuhe_zhangheng,east,5,4
2019/1/20 00:40:00,wuhe_zhangheng,east,0,6
2019/1/20 00:45:00,wuhe_zhangheng,east,1,3
2019/1/20 00:50:00,wuhe_zhangheng,east,1,7
2019/1/20 00:55:00,wuhe_zhangheng,east,1,7
2019/1/20 01:00:00,wuhe_zhangheng,east,1,4
2019/1/20 01:05:00,wuhe_zhangheng,east,4,4
2019/1/20 01:10:00,wuhe_zhangheng,east,0,3
2019/1/20 01:15:00,wuhe_zhangheng,east,1,7
2019/1/20 01:20:00,wuhe_zhangheng,east,1,5
2019/1/20 01:25:00,wuhe_zhangheng,east,1,7
2019/1/20 01:30:00,wuhe_zhangheng,east,1,4
2019/1/20 01:35:00,wuhe_zhangheng,east,1,5
2019/1/20 01:40:00,wuhe_zhangheng,east,1,5
2019/1/20 01:45:00,wuhe_zhangheng,east,1,2
2019/1/20 01:50:00,wuhe_zhangheng,east,2,6
2019/1/20 01:55:00,wuhe_zhangheng,east,1,2
2019/1/20 02:00:00,wuhe_zhangheng,east,3,0
2019/1/20 02:05:00,wuhe_zhangheng,east,0,5
2019/1/20 02:10:00,wuhe_zhangheng,east,1,3
2019/1/20 02:15:00,wuhe_zhangheng,east,3,8
2019/1/20 02:20:00,wuhe_zhangheng,east,4,0
2019/1/20 02:25:00,wuhe_zhangheng,east,1,2
2019/1/20 02:30:00,wuhe_zhangheng,east,1,3
2019/1/20 02:35:00,wuhe_zhangheng,east,0,5
2019/1/20 02:40:00,wuhe_zhangheng,east,1,3
2019/1/20 02:45:00,wuhe_zhangheng,east,0,0
2019/1/20 02:50:00,wuhe_zhangheng,east,1,4
2019/1/20 02:55:00,wuhe_zhangheng,east,2,2
2019/1/20 03:00:00,wuhe_zhangheng,east,2,3
2019/1/20 03:05:00,wuhe_zhangheng,east,0,4
2019/1/20 03:10:00,wuhe_zhangheng,east,0,0
2019/1/20 03:15:00,wuhe_zhangheng,east,0,1
2019/1/20 03:20:00,wuhe_zhangheng,east,0,2
2019/1/20 03:25:00,wuhe_zhangheng,east,1,2
2019/1/20 03:30:00,wuhe_zhangheng,east,1,6
2019/1/20 03:35:00,wuhe_zhangheng,east,0,1
2019/1/20 03:40:00,wuhe_zhangheng,east,0,3
2019/1/20 03:45:00,wuhe_zhangheng,east,0,3
2019/1/20 03:50:00,wuhe_zhangheng,east,0,2
2019/1/20 03:55:00,wuhe_zhangheng,east,0,1
2019/1/20 04:00:00,wuhe_zhangheng,east,1,0
2019/1/20 04:05:00,wuhe_zhangheng,east,2,1
2019/1/20 04:10:00,wuhe_zhangheng,east,0,2
2019/1/20 04:15:00,wuhe_zhangheng,east,0,1
2019/1/20 04:20:00,wuhe_zhangheng,east,1,1
2019/1/20 04:25:00,wuhe_zhangheng,east,1,1
2019/1/20 04:30:00,wuhe_zhangheng,east,0,1
2019/1/20 04:35:00,wuhe_zhangheng,east,0,1
2019/1/20 04:40:00,wuhe_zhangheng,east,0,1
2019/1/20 04:45:00,wuhe_zhangheng,east,0,1
2019/1/20 04:50:00,wuhe_zhangheng,east,2,1
2019/1/20 04:55:00,wuhe_zhangheng,east,1,4
2019/1/20 05:00:00,wuhe_zhangheng,east,0,2
2019/1/20 05:05:00,wuhe_zhangheng,east,1,3
2019/1/20 05:10:00,wuhe_zhangheng,east,0,5
2019/1/20 05:15:00,wuhe_zhangheng,east,0,0
2019/1/20 05:20:00,wuhe_zhangheng,east,0,3
2019/1/20 05:25:00,wuhe_zhangheng,east,0,1
2019/1/20 05:30:00,wuhe_zhangheng,east,0,4
2019/1/20 05:35:00,wuhe_zhangheng,east,0,6
2019/1/20 05:40:00,wuhe_zhangheng,east,0,1
2019/1/20 05:45:00,wuhe_zhangheng,east,1,5
2019/1/20 05:50:00,wuhe_zhangheng,east,0,2
2019/1/20 05:55:00,wuhe_zhangheng,east,0,3
2019/1/20 06:00:00,wuhe_zhangheng,east,1,4
2019/1/20 06:05:00,wuhe_zhangheng,east,2,4
2019/1/20 06:10:00,wuhe_zhangheng,east,2,3
2019/1/20 06:15:00,wuhe_zhangheng,east,2,5
2019/1/20 06:20:00,wuhe_zhangheng,east,0,4
2019/1/20 06:25:00,wuhe_zhangheng,east,2,6
2019/1/20 06:30:00,wuhe_zhangheng,east,0,3
2019/1/20 06:35:00,wuhe_zhangheng,east,0,4
2019/1/20 06:40:00,wuhe_zhangheng,east,1,6
2019/1/20 06:45:00,wuhe_zhangheng,east,0,5
2019/1/20 06:50:00,wuhe_zhangheng,east,1,11
2019/1/20 06:55:00,wuhe_zhangheng,east,0,27
2019/1/20 07:00:00,wuhe_zhangheng,east,0,15
2019/1/20 07:05:00,wuhe_zhangheng,east,0,16
2019/1/20 07:10:00,wuhe_zhangheng,east,3,6
2019/1/20 07:15:00,wuhe_zhangheng,east,3,6
2019/1/20 07:20:00,wuhe_zhangheng,east,3,7
2019/1/20 07:25:00,wuhe_zhangheng,east,1,11
2019/1/20 07:30:00,wuhe_zhangheng,east,2,11
2019/1/20 07:35:00,wuhe_zhangheng,east,3,13
2019/1/20 07:40:00,wuhe_zhangheng,east,2,18
2019/1/20 07:45:00,wuhe_zhangheng,east,0,14
2019/1/20 07:50:00,wuhe_zhangheng,east,3,15
2019/1/20 07:55:00,wuhe_zhangheng,east,2,16
2019/1/20 08:00:00,wuhe_zhangheng,east,1,15
2019/1/20 08:05:00,wuhe_zhangheng,east,3,13
2019/1/20 08:10:00,wuhe_zhangheng,east,2,14
2019/1/20 08:15:00,wuhe_zhangheng,east,4,9
2019/1/20 08:20:00,wuhe_zhangheng,east,3,19
2019/1/20 08:25:00,wuhe_zhangheng,east,6,23
2019/1/20 08:30:00,wuhe_zhangheng,east,2,12
2019/1/20 08:35:00,wuhe_zhangheng,east,6,24
2019/1/20 08:40:00,wuhe_zhangheng,east,0,26
2019/1/20 08:45:00,wuhe_zhangheng,east,2,18
2019/1/20 08:50:00,wuhe_zhangheng,east,3,10
2019/1/20 08:55:00,wuhe_zhangheng,east,3,22
2019/1/20 09:00:00,wuhe_zhangheng,east,5,17
2019/1/20 09:05:00,wuhe_zhangheng,east,3,25
2019/1/20 09:10:00,wuhe_zhangheng,east,2,15
2019/1/20 09:15:00,wuhe_zhangheng,east,2,19
2019/1/20 09:20:00,wuhe_zhangheng,east,3,18
2019/1/20 09:25:00,wuhe_zhangheng,east,2,10
2019/1/20 09:30:00,wuhe_zhangheng,east,1,18
2019/1/20 09:35:00,wuhe_zhangheng,east,2,11
2019/1/20 09:40:00,wuhe_zhangheng,east,3,24
2019/1/20 09:45:00,wuhe_zhangheng,east,2,29
2019/1/20 09:50:00,wuhe_zhangheng,east,1,26
2019/1/20 09:55:00,wuhe_zhangheng,east,2,20
2019/1/20 10:00:00,wuhe_zhangheng,east,5,19
2019/1/20 10:05:00,wuhe_zhangheng,east,2,21
2019/1/20 10:10:00,wuhe_zhangheng,east,1,19
2019/1/20 10:15:00,wuhe_zhangheng,east,3,20
2019/1/20 10:20:00,wuhe_zhangheng,east,4,28
2019/1/20 10:25:00,wuhe_zhangheng,east,2,21
2019/1/20 10:30:00,wuhe_zhangheng,east,2,19
2019/1/20 10:35:00,wuhe_zhangheng,east,6,17
2019/1/20 10:40:00,wuhe_zhangheng,east,3,14
2019/1/20 10:45:00,wuhe_zhangheng,east,3,12
2019/1/20 10:50:00,wuhe_zhangheng,east,2,21
2019/1/20 10:55:00,wuhe_zhangheng,east,2,24
2019/1/20 11:00:00,wuhe_zhangheng,east,2,27
2019/1/20 11:05:00,wuhe_zhangheng,east,2,13
2019/1/20 11:10:00,wuhe_zhangheng,east,1,20
2019/1/20 11:15:00,wuhe_zhangheng,east,3,21
2019/1/20 11:20:00,wuhe_zhangheng,east,1,20
2019/1/20 11:25:00,wuhe_zhangheng,east,2,15
2019/1/20 11:30:00,wuhe_zhangheng,east,3,15
2019/1/20 11:35:00,wuhe_zhangheng,east,1,16
2019/1/20 11:40:00,wuhe_zhangheng,east,5,15
2019/1/20 11:45:00,wuhe_zhangheng,east,5,13
2019/1/20 11:50:00,wuhe_zhangheng,east,5,13
2019/1/20 11:55:00,wuhe_zhangheng,east,1,7
2019/1/20 12:00:00,wuhe_zhangheng,east,9,10
2019/1/20 12:05:00,wuhe_zhangheng,east,4,13
2019/1/20 12:10:00,wuhe_zhangheng,east,3,8
2019/1/20 12:15:00,wuhe_zhangheng,east,3,15
2019/1/20 12:20:00,wuhe_zhangheng,east,4,14
2019/1/20 12:25:00,wuhe_zhangheng,east,7,23
2019/1/20 12:30:00,wuhe_zhangheng,east,4,16
2019/1/20 12:35:00,wuhe_zhangheng,east,5,14
2019/1/20 12:40:00,wuhe_zhangheng,east,3,20
2019/1/20 12:45:00,wuhe_zhangheng,east,0,23
2019/1/20 12:50:00,wuhe_zhangheng,east,0,20
2019/1/20 12:55:00,wuhe_zhangheng,east,3,12
2019/1/20 13:00:00,wuhe_zhangheng,east,1,17
2019/1/20 13:05:00,wuhe_zhangheng,east,1,14
2019/1/20 13:10:00,wuhe_zhangheng,east,4,29
2019/1/20 13:15:00,wuhe_zhangheng,east,5,23
2019/1/20 13:20:00,wuhe_zhangheng,east,3,26
2019/1/20 13:25:00,wuhe_zhangheng,east,2,22
2019/1/20 13:30:00,wuhe_zhangheng,east,4,25
2019/1/20 13:35:00,wuhe_zhangheng,east,5,29
2019/1/20 13:40:00,wuhe_zhangheng,east,4,31
2019/1/20 13:45:00,wuhe_zhangheng,east,2,16
2019/1/20 13:50:00,wuhe_zhangheng,east,3,18
2019/1/20 13:55:00,wuhe_zhangheng,east,4,15
2019/1/20 14:00:00,wuhe_zhangheng,east,7,15
2019/1/20 14:05:00,wuhe_zhangheng,east,5,22
2019/1/20 14:10:00,wuhe_zhangheng,east,4,21
2019/1/20 14:15:00,wuhe_zhangheng,east,3,21
2019/1/20 14:20:00,wuhe_zhangheng,east,2,15
2019/1/20 14:25:00,wuhe_zhangheng,east,5,22
2019/1/20 14:30:00,wuhe_zhangheng,east,8,15
2019/1/20 14:35:00,wuhe_zhangheng,east,4,15
2019/1/20 14:40:00,wuhe_zhangheng,east,4,24
2019/1/20 14:45:00,wuhe_zhangheng,east,8,23
2019/1/20 14:50:00,wuhe_zhangheng,east,7,13
2019/1/20 14:55:00,wuhe_zhangheng,east,5,4
2019/1/20 15:00:00,wuhe_zhangheng,east,10,11
2019/1/20 15:05:00,wuhe_zhangheng,east,3,14
2019/1/20 15:10:00,wuhe_zhangheng,east,4,13
2019/1/20 15:15:00,wuhe_zhangheng,east,9,9
2019/1/20 15:20:00,wuhe_zhangheng,east,5,7
2019/1/20 15:25:00,wuhe_zhangheng,east,7,8
2019/1/20 15:30:00,wuhe_zhangheng,east,5,6
2019/1/20 15:35:00,wuhe_zhangheng,east,3,11
2019/1/20 15:40:00,wuhe_zhangheng,east,5,6
2019/1/20 15:45:00,wuhe_zhangheng,east,2,14
2019/1/20 15:50:00,wuhe_zhangheng,east,3,15
2019/1/20 15:55:00,wuhe_zhangheng,east,7,12
2019/1/20 16:00:00,wuhe_zhangheng,east,5,13
2019/1/20 16:05:00,wuhe_zhangheng,east,2,17
2019/1/20 16:10:00,wuhe_zhangheng,east,7,24
2019/1/20 16:15:00,wuhe_zhangheng,east,4,15
2019/1/20 16:20:00,wuhe_zhangheng,east,7,21
2019/1/20 16:25:00,wuhe_zhangheng,east,2,12
2019/1/20 16:30:00,wuhe_zhangheng,east,3,22
2019/1/20 16:35:00,wuhe_zhangheng,east,10,20
2019/1/20 16:40:00,wuhe_zhangheng,east,6,11
2019/1/20 16:45:00,wuhe_zhangheng,east,2,15
2019/1/20 16:50:00,wuhe_zhangheng,east,0,18
2019/1/20 16:55:00,wuhe_zhangheng,east,3,13
2019/1/20 17:00:00,wuhe_zhangheng,east,8,17
2019/1/20 17:05:00,wuhe_zhangheng,east,3,16
2019/1/20 17:10:00,wuhe_zhangheng,east,5,22
2019/1/20 17:15:00,wuhe_zhangheng,east,6,14
2019/1/20 17:20:00,wuhe_zhangheng,east,8,16
2019/1/20 17:25:00,wuhe_zhangheng,east,6,19
2019/1/20 17:30:00,wuhe_zhangheng,east,7,18
2019/1/20 17:35:00,wuhe_zhangheng,east,12,14
2019/1/20 17:40:00,wuhe_zhangheng,east,6,10
2019/1/20 17:45:00,wuhe_zhangheng,east,6,17
2019/1/20 17:50:00,wuhe_zhangheng,east,2,14
2019/1/20 17:55:00,wuhe_zhangheng,east,1,27
2019/1/20 18:00:00,wuhe_zhangheng,east,6,26
2019/1/20 18:05:00,wuhe_zhangheng,east,4,24
2019/1/20 18:10:00,wuhe_zhangheng,east,4,27
2019/1/20 18:15:00,wuhe_zhangheng,east,1,8
2019/1/20 18:20:00,wuhe_zhangheng,east,4,18
2019/1/20 18:25:00,wuhe_zhangheng,east,4,7
2019/1/20 18:30:00,wuhe_zhangheng,east,4,17
2019/1/20 18:35:00,wuhe_zhangheng,east,6,18
2019/1/20 18:40:00,wuhe_zhangheng,east,12,16
2019/1/20 18:45:00,wuhe_zhangheng,east,5,12
2019/1/20 18:50:00,wuhe_zhangheng,east,4,8
2019/1/20 18:55:00,wuhe_zhangheng,east,4,16
2019/1/20 19:00:00,wuhe_zhangheng,east,5,9
2019/1/20 19:05:00,wuhe_zhangheng,east,4,11
2019/1/20 19:10:00,wuhe_zhangheng,east,6,17
2019/1/20 19:15:00,wuhe_zhangheng,east,4,13
2019/1/20 19:20:00,wuhe_zhangheng,east,1,14
2019/1/20 19:25:00,wuhe_zhangheng,east,5,10
2019/1/20 19:30:00,wuhe_zhangheng,east,5,6
2019/1/20 19:35:00,wuhe_zhangheng,east,7,25
2019/1/20 19:40:00,wuhe_zhangheng,east,4,12
2019/1/20 19:45:00,wuhe_zhangheng,east,4,13
2019/1/20 19:50:00,wuhe_zhangheng,east,5,10
2019/1/20 19:55:00,wuhe_zhangheng,east,8,12
2019/1/20 20:00:00,wuhe_zhangheng,east,9,18
2019/1/20 20:05:00,wuhe_zhangheng,east,5,14
2019/1/20 20:10:00,wuhe_zhangheng,east,5,8
2019/1/20 20:15:00,wuhe_zhangheng,east,5,15
2019/1/20 20:20:00,wuhe_zhangheng,east,3,12
2019/1/20 20:25:00,wuhe_zhangheng,east,5,23
2019/1/20 20:30:00,wuhe_zhangheng,east,4,18
2019/1/20 20:35:00,wuhe_zhangheng,east,5,14
2019/1/20 20:40:00,wuhe_zhangheng,east,7,15
2019/1/20 20:45:00,wuhe_zhangheng,east,7,18
2019/1/20 20:50:00,wuhe_zhangheng,east,6,15
2019/1/20 20:55:00,wuhe_zhangheng,east,5,11
2019/1/20 21:00:00,wuhe_zhangheng,east,12,15
2019/1/20 21:05:00,wuhe_zhangheng,east,6,7
2019/1/20 21:10:00,wuhe_zhangheng,east,9,21
2019/1/20 21:15:00,wuhe_zhangheng,east,4,8
2019/1/20 21:20:00,wuhe_zhangheng,east,3,11
2019/1/20 21:25:00,wuhe_zhangheng,east,8,10
2019/1/20 21:30:00,wuhe_zhangheng,east,2,11
2019/1/20 21:35:00,wuhe_zhangheng,east,9,14
2019/1/20 21:40:00,wuhe_zhangheng,east,5,7
2019/1/20 21:45:00,wuhe_zhangheng,east,6,13
2019/1/20 21:50:00,wuhe_zhangheng,east,5,10
2019/1/20 21:55:00,wuhe_zhangheng,east,3,7
2019/1/20 22:00:00,wuhe_zhangheng,east,6,18
2019/1/20 22:05:00,wuhe_zhangheng,east,0,6
2019/1/20 22:10:00,wuhe_zhangheng,east,5,13
2019/1/20 22:15:00,wuhe_zhangheng,east,2,12
2019/1/20 22:20:00,wuhe_zhangheng,east,5,13
2019/1/20 22:25:00,wuhe_zhangheng,east,2,5
2019/1/20 22:30:00,wuhe_zhangheng,east,5,15
2019/1/20 22:35:00,wuhe_zhangheng,east,5,9
2019/1/20 22:40:00,wuhe_zhangheng,east,2,16
2019/1/20 22:45:00,wuhe_zhangheng,east,3,7
2019/1/20 22:50:00,wuhe_zhangheng,east,6,5
2019/1/20 22:55:00,wuhe_zhangheng,east,5,4
2019/1/20 23:00:00,wuhe_zhangheng,east,2,3
2019/1/20 23:05:00,wuhe_zhangheng,east,4,5
2019/1/20 23:10:00,wuhe_zhangheng,east,3,3
2019/1/20 23:15:00,wuhe_zhangheng,east,2,14
2019/1/20 23:20:00,wuhe_zhangheng,east,2,7
2019/1/20 23:25:00,wuhe_zhangheng,east,1,9
2019/1/20 23:30:00,wuhe_zhangheng,east,2,6
2019/1/20 23:35:00,wuhe_zhangheng,east,2,6
2019/1/20 23:40:00,wuhe_zhangheng,east,2,10
2019/1/20 23:45:00,wuhe_zhangheng,east,7,3
2019/1/20 23:50:00,wuhe_zhangheng,east,3,3
2019/1/20 23:55:00,wuhe_zhangheng,east,2,3
