2019/1/18 00:00:00,chongzhi_jiaxian,north,8,13
2019/1/18 00:05:00,chongzhi_jiaxian,north,10,15
2019/1/18 00:10:00,chongzhi_jiaxian,north,5,8
2019/1/18 00:15:00,chongzhi_jiaxian,north,3,10
2019/1/18 00:20:00,chongzhi_jiaxian,north,5,6
2019/1/18 00:25:00,chongzhi_jiaxian,north,2,7
2019/1/18 00:30:00,chongzhi_jiaxian,north,5,7
2019/1/18 00:35:00,chongzhi_jiaxian,north,3,7
2019/1/18 00:40:00,chongzhi_jiaxian,north,1,3
2019/1/18 00:45:00,chongzhi_jiaxian,north,3,8
2019/1/18 00:50:00,chongzhi_jiaxian,north,2,1
2019/1/18 00:55:00,chongzhi_jiaxian,north,3,5
2019/1/18 01:00:00,chongzhi_jiaxian,north,0,3
2019/1/18 01:05:00,chongzhi_jiaxian,north,2,9
2019/1/18 01:10:00,chongzhi_jiaxian,north,2,4
2019/1/18 01:15:00,chongzhi_jiaxian,north,2,4
2019/1/18 01:20:00,chongzhi_jiaxian,north,1,6
2019/1/18 01:25:00,chongzhi_jiaxian,north,3,3
2019/1/18 01:30:00,chongzhi_jiaxian,north,2,3
2019/1/18 01:35:00,chongzhi_jiaxian,north,1,6
2019/1/18 01:40:00,chongzhi_jiaxian,north,3,5
2019/1/18 01:45:00,chongzhi_jiaxian,north,4,7
2019/1/18 01:50:00,chongzhi_jiaxian,north,1,1
2019/1/18 01:55:00,chongzhi_jiaxian,north,1,2
2019/1/18 02:00:00,chongzhi_jiaxian,north,0,1
2019/1/18 02:05:00,chongzhi_jiaxian,north,2,2
2019/1/18 02:10:00,chongzhi_jiaxian,north,1,2
2019/1/18 02:15:00,chongzhi_jiaxian,north,0,5
2019/1/18 02:20:00,chongzhi_jiaxian,north,0,3
2019/1/18 02:25:00,chongzhi_jiaxian,north,1,2
2019/1/18 02:30:00,chongzhi_jiaxian,north,2,3
2019/1/18 02:35:00,chongzhi_jiaxian,north,1,2
2019/1/18 02:40:00,chongzhi_jiaxian,north,1,1
2019/1/18 02:45:00,chongzhi_jiaxian,north,0,3
2019/1/18 02:50:00,chongzhi_jiaxian,north,0,1
2019/1/18 02:55:00,chongzhi_jiaxian,north,0,2
2019/1/18 03:00:00,chongzhi_jiaxian,north,4,4
2019/1/18 03:05:00,chongzhi_jiaxian,north,1,4
2019/1/18 03:10:00,chongzhi_jiaxian,north,2,2
2019/1/18 03:15:00,chongzhi_jiaxian,north,0,0
2019/1/18 03:20:00,chongzhi_jiaxian,north,0,3
2019/1/18 03:25:00,chongzhi_jiaxian,north,0,2
2019/1/18 03:30:00,chongzhi_jiaxian,north,1,2
2019/1/18 03:35:00,chongzhi_jiaxian,north,0,3
2019/1/18 03:40:00,chongzhi_jiaxian,north,0,2
2019/1/18 03:45:00,chongzhi_jiaxian,north,0,2
2019/1/18 03:50:00,chongzhi_jiaxian,north,0,3
2019/1/18 03:55:00,chongzhi_jiaxian,north,2,1
2019/1/18 04:00:00,chongzhi_jiaxian,north,1,3
2019/1/18 04:05:00,chongzhi_jiaxian,north,0,1
2019/1/18 04:10:00,chongzhi_jiaxian,north,3,7
2019/1/18 04:15:00,chongzhi_jiaxian,north,0,2
2019/1/18 04:20:00,chongzhi_jiaxian,north,0,1
2019/1/18 04:25:00,chongzhi_jiaxian,north,0,2
2019/1/18 04:30:00,chongzhi_jiaxian,north,0,1
2019/1/18 04:35:00,chongzhi_jiaxian,north,1,5
2019/1/18 04:40:00,chongzhi_jiaxian,north,1,2
2019/1/18 04:45:00,chongzhi_jiaxian,north,0,0
2019/1/18 04:50:00,chongzhi_jiaxian,north,0,0
2019/1/18 04:55:00,chongzhi_jiaxian,north,2,1
2019/1/18 05:00:00,chongzhi_jiaxian,north,0,1
2019/1/18 05:05:00,chongzhi_jiaxian,north,1,0
2019/1/18 05:10:00,chongzhi_jiaxian,north,2,0
2019/1/18 05:15:00,chongzhi_jiaxian,north,1,4
2019/1/18 05:20:00,chongzhi_jiaxian,north,2,2
2019/1/18 05:25:00,chongzhi_jiaxian,north,1,2
2019/1/18 05:30:00,chongzhi_jiaxian,north,3,3
2019/1/18 05:35:00,chongzhi_jiaxian,north,1,1
2019/1/18 05:40:00,chongzhi_jiaxian,north,2,2
2019/1/18 05:45:00,chongzhi_jiaxian,north,6,3
2019/1/18 05:50:00,chongzhi_jiaxian,north,7,1
2019/1/18 05:55:00,chongzhi_jiaxian,north,4,2
2019/1/18 06:00:00,chongzhi_jiaxian,north,3,1
2019/1/18 06:05:00,chongzhi_jiaxian,north,7,1
2019/1/18 06:10:00,chongzhi_jiaxian,north,6,0
2019/1/18 06:15:00,chongzhi_jiaxian,north,9,2
2019/1/18 06:20:00,chongzhi_jiaxian,north,5,5
2019/1/18 06:25:00,chongzhi_jiaxian,north,8,2
2019/1/18 06:30:00,chongzhi_jiaxian,north,13,3
2019/1/18 06:35:00,chongzhi_jiaxian,north,9,6
2019/1/18 06:40:00,chongzhi_jiaxian,north,12,4
2019/1/18 06:45:00,chongzhi_jiaxian,north,12,2
2019/1/18 06:50:00,chongzhi_jiaxian,north,15,3
2019/1/18 06:55:00,chongzhi_jiaxian,north,16,3
2019/1/18 07:00:00,chongzhi_jiaxian,north,18,2
2019/1/18 07:05:00,chongzhi_jiaxian,north,20,9
2019/1/18 07:10:00,chongzhi_jiaxian,north,14,14
2019/1/18 07:15:00,chongzhi_jiaxian,north,17,11
2019/1/18 07:20:00,chongzhi_jiaxian,north,12,8
2019/1/18 07:25:00,chongzhi_jiaxian,north,16,5
2019/1/18 07:30:00,chongzhi_jiaxian,north,19,12
2019/1/18 07:35:00,chongzhi_jiaxian,north,13,11
2019/1/18 07:40:00,chongzhi_jiaxian,north,21,18
2019/1/18 07:45:00,chongzhi_jiaxian,north,17,11
2019/1/18 07:50:00,chongzhi_jiaxian,north,24,14
2019/1/18 07:55:00,chongzhi_jiaxian,north,18,15
2019/1/18 08:00:00,chongzhi_jiaxian,north,23,18
2019/1/18 08:05:00,chongzhi_jiaxian,north,25,30
2019/1/18 08:10:00,chongzhi_jiaxian,north,10,12
2019/1/18 08:15:00,chongzhi_jiaxian,north,26,26
2019/1/18 08:20:00,chongzhi_jiaxian,north,15,16
2019/1/18 08:25:00,chongzhi_jiaxian,north,26,26
2019/1/18 08:30:00,chongzhi_jiaxian,north,16,15
2019/1/18 08:35:00,chongzhi_jiaxian,north,22,27
2019/1/18 08:40:00,chongzhi_jiaxian,north,23,24
2019/1/18 08:45:00,chongzhi_jiaxian,north,16,12
2019/1/18 08:50:00,chongzhi_jiaxian,north,25,26
2019/1/18 08:55:00,chongzhi_jiaxian,north,6,13
2019/1/18 09:00:00,chongzhi_jiaxian,north,24,22
2019/1/18 09:05:00,chongzhi_jiaxian,north,11,22
2019/1/18 09:10:00,chongzhi_jiaxian,north,13,17
2019/1/18 09:15:00,chongzhi_jiaxian,north,19,14
2019/1/18 09:20:00,chongzhi_jiaxian,north,11,18
2019/1/18 09:25:00,chongzhi_jiaxian,north,14,10
2019/1/18 09:30:00,chongzhi_jiaxian,north,12,20
2019/1/18 09:35:00,chongzhi_jiaxian,north,15,19
2019/1/18 09:40:00,chongzhi_jiaxian,north,12,16
2019/1/18 09:45:00,chongzhi_jiaxian,north,12,13
2019/1/18 09:50:00,chongzhi_jiaxian,north,15,14
2019/1/18 09:55:00,chongzhi_jiaxian,north,11,9
2019/1/18 10:00:00,chongzhi_jiaxian,north,13,7
2019/1/18 10:05:00,chongzhi_jiaxian,north,15,14
2019/1/18 10:10:00,chongzhi_jiaxian,north,13,11
2019/1/18 10:15:00,chongzhi_jiaxian,north,13,12
2019/1/18 10:20:00,chongzhi_jiaxian,north,12,13
2019/1/18 10:25:00,chongzhi_jiaxian,north,12,8
2019/1/18 10:30:00,chongzhi_jiaxian,north,12,11
2019/1/18 10:35:00,chongzhi_jiaxian,north,15,15
2019/1/18 10:40:00,chongzhi_jiaxian,north,12,9
2019/1/18 10:45:00,chongzhi_jiaxian,north,11,16
2019/1/18 10:50:00,chongzhi_jiaxian,north,13,7
2019/1/18 10:55:00,chongzhi_jiaxian,north,8,8
2019/1/18 11:00:00,chongzhi_jiaxian,north,10,15
2019/1/18 11:05:00,chongzhi_jiaxian,north,11,12
2019/1/18 11:10:00,chongzhi_jiaxian,north,12,9
2019/1/18 11:15:00,chongzhi_jiaxian,north,15,10
2019/1/18 11:20:00,chongzhi_jiaxian,north,10,11
2019/1/18 11:25:00,chongzhi_jiaxian,north,8,13
2019/1/18 11:30:00,chongzhi_jiaxian,north,12,7
2019/1/18 11:35:00,chongzhi_jiaxian,north,9,10
2019/1/18 11:40:00,chongzhi_jiaxian,north,17,9
2019/1/18 11:45:00,chongzhi_jiaxian,north,11,13
2019/1/18 11:50:00,chongzhi_jiaxian,north,11,15
2019/1/18 11:55:00,chongzhi_jiaxian,north,11,7
2019/1/18 12:00:00,chongzhi_jiaxian,north,14,18
2019/1/18 12:05:00,chongzhi_jiaxian,north,14,29
2019/1/18 12:10:00,chongzhi_jiaxian,north,19,28
2019/1/18 12:15:00,chongzhi_jiaxian,north,13,22
2019/1/18 12:20:00,chongzhi_jiaxian,north,11,13
2019/1/18 12:25:00,chongzhi_jiaxian,north,8,16
2019/1/18 12:30:00,chongzhi_jiaxian,north,17,12
2019/1/18 12:35:00,chongzhi_jiaxian,north,15,13
2019/1/18 12:40:00,chongzhi_jiaxian,north,18,20
2019/1/18 12:45:00,chongzhi_jiaxian,north,12,13
2019/1/18 12:50:00,chongzhi_jiaxian,north,13,18
2019/1/18 12:55:00,chongzhi_jiaxian,north,10,10
2019/1/18 13:00:00,chongzhi_jiaxian,north,12,7
2019/1/18 13:05:00,chongzhi_jiaxian,north,16,10
2019/1/18 13:10:00,chongzhi_jiaxian,north,13,14
2019/1/18 13:15:00,chongzhi_jiaxian,north,12,10
2019/1/18 13:20:00,chongzhi_jiaxian,north,12,10
2019/1/18 13:25:00,chongzhi_jiaxian,north,6,11
2019/1/18 13:30:00,chongzhi_jiaxian,north,14,15
2019/1/18 13:35:00,chongzhi_jiaxian,north,18,22
2019/1/18 13:40:00,chongzhi_jiaxian,north,15,21
2019/1/18 13:45:00,chongzhi_jiaxian,north,8,12
2019/1/18 13:50:00,chongzhi_jiaxian,north,16,18
2019/1/18 13:55:00,chongzhi_jiaxian,north,14,18
2019/1/18 14:00:00,chongzhi_jiaxian,north,10,13
2019/1/18 14:05:00,chongzhi_jiaxian,north,15,16
2019/1/18 14:10:00,chongzhi_jiaxian,north,15,14
2019/1/18 14:15:00,chongzhi_jiaxian,north,16,19
2019/1/18 14:20:00,chongzhi_jiaxian,north,12,18
2019/1/18 14:25:00,chongzhi_jiaxian,north,18,23
2019/1/18 14:30:00,chongzhi_jiaxian,north,8,7
2019/1/18 14:35:00,chongzhi_jiaxian,north,16,19
2019/1/18 14:40:00,chongzhi_jiaxian,north,16,26
2019/1/18 14:45:00,chongzhi_jiaxian,north,12,21
2019/1/18 14:50:00,chongzhi_jiaxian,north,9,11
2019/1/18 14:55:00,chongzhi_jiaxian,north,12,10
2019/1/18 15:00:00,chongzhi_jiaxian,north,7,11
2019/1/18 15:05:00,chongzhi_jiaxian,north,13,10
2019/1/18 15:10:00,chongzhi_jiaxian,north,15,20
2019/1/18 15:15:00,chongzhi_jiaxian,north,12,11
2019/1/18 15:20:00,chongzhi_jiaxian,north,13,13
2019/1/18 15:25:00,chongzhi_jiaxian,north,19,14
2019/1/18 15:30:00,chongzhi_jiaxian,north,13,13
2019/1/18 15:35:00,chongzhi_jiaxian,north,16,10
2019/1/18 15:40:00,chongzhi_jiaxian,north,19,17
2019/1/18 15:45:00,chongzhi_jiaxian,north,14,24
2019/1/18 15:50:00,chongzhi_jiaxian,north,10,9
2019/1/18 15:55:00,chongzhi_jiaxian,north,16,24
2019/1/18 16:00:00,chongzhi_jiaxian,north,16,21
2019/1/18 16:05:00,chongzhi_jiaxian,north,8,15
2019/1/18 16:10:00,chongzhi_jiaxian,north,13,24
2019/1/18 16:15:00,chongzhi_jiaxian,north,18,15
2019/1/18 16:20:00,chongzhi_jiaxian,north,13,19
2019/1/18 16:25:00,chongzhi_jiaxian,north,16,20
2019/1/18 16:30:00,chongzhi_jiaxian,north,17,25
2019/1/18 16:35:00,chongzhi_jiaxian,north,12,16
2019/1/18 16:40:00,chongzhi_jiaxian,north,17,29
2019/1/18 16:45:00,chongzhi_jiaxian,north,14,15
2019/1/18 16:50:00,chongzhi_jiaxian,north,13,16
2019/1/18 16:55:00,chongzhi_jiaxian,north,14,17
2019/1/18 17:00:00,chongzhi_jiaxian,north,10,20
2019/1/18 17:05:00,chongzhi_jiaxian,north,14,30
2019/1/18 17:10:00,chongzhi_jiaxian,north,11,25
2019/1/18 17:15:00,chongzhi_jiaxian,north,15,11
2019/1/18 17:20:00,chongzhi_jiaxian,north,18,26
2019/1/18 17:25:00,chongzhi_jiaxian,north,21,32
2019/1/18 17:30:00,chongzhi_jiaxian,north,17,33
2019/1/18 17:35:00,chongzhi_jiaxian,north,29,53
2019/1/18 17:40:00,chongzhi_jiaxian,north,17,31
2019/1/18 17:45:00,chongzhi_jiaxian,north,21,45
2019/1/18 17:50:00,chongzhi_jiaxian,north,20,25
2019/1/18 17:55:00,chongzhi_jiaxian,north,29,35
2019/1/18 18:00:00,chongzhi_jiaxian,north,22,22
2019/1/18 18:05:00,chongzhi_jiaxian,north,30,40
2019/1/18 18:10:00,chongzhi_jiaxian,north,28,40
2019/1/18 18:15:00,chongzhi_jiaxian,north,20,24
2019/1/18 18:20:00,chongzhi_jiaxian,north,28,42
2019/1/18 18:25:00,chongzhi_jiaxian,north,22,34
2019/1/18 18:30:00,chongzhi_jiaxian,north,32,43
2019/1/18 18:35:00,chongzhi_jiaxian,north,17,27
2019/1/18 18:40:00,chongzhi_jiaxian,north,23,41
2019/1/18 18:45:00,chongzhi_jiaxian,north,17,18
2019/1/18 18:50:00,chongzhi_jiaxian,north,14,25
2019/1/18 18:55:00,chongzhi_jiaxian,north,30,22
2019/1/18 19:00:00,chongzhi_jiaxian,north,16,25
2019/1/18 19:05:00,chongzhi_jiaxian,north,17,22
2019/1/18 19:10:00,chongzhi_jiaxian,north,17,21
2019/1/18 19:15:00,chongzhi_jiaxian,north,15,31
2019/1/18 19:20:00,chongzhi_jiaxian,north,15,22
2019/1/18 19:25:00,chongzhi_jiaxian,north,13,17
2019/1/18 19:30:00,chongzhi_jiaxian,north,16,23
2019/1/18 19:35:00,chongzhi_jiaxian,north,13,25
2019/1/18 19:40:00,chongzhi_jiaxian,north,16,22
2019/1/18 19:45:00,chongzhi_jiaxian,north,12,9
2019/1/18 19:50:00,chongzhi_jiaxian,north,11,15
2019/1/18 19:55:00,chongzhi_jiaxian,north,9,15
2019/1/18 20:00:00,chongzhi_jiaxian,north,20,23
2019/1/18 20:05:00,chongzhi_jiaxian,north,16,16
2019/1/18 20:10:00,chongzhi_jiaxian,north,13,12
2019/1/18 20:15:00,chongzhi_jiaxian,north,12,20
2019/1/18 20:20:00,chongzhi_jiaxian,north,12,15
2019/1/18 20:25:00,chongzhi_jiaxian,north,12,20
2019/1/18 20:30:00,chongzhi_jiaxian,north,12,14
2019/1/18 20:35:00,chongzhi_jiaxian,north,10,12
2019/1/18 20:40:00,chongzhi_jiaxian,north,12,27
2019/1/18 20:45:00,chongzhi_jiaxian,north,14,20
2019/1/18 20:50:00,chongzhi_jiaxian,north,10,18
2019/1/18 20:55:00,chongzhi_jiaxian,north,13,15
2019/1/18 21:00:00,chongzhi_jiaxian,north,18,24
2019/1/18 21:05:00,chongzhi_jiaxian,north,16,26
2019/1/18 21:10:00,chongzhi_jiaxian,north,14,19
2019/1/18 21:15:00,chongzhi_jiaxian,north,14,22
2019/1/18 21:20:00,chongzhi_jiaxian,north,12,17
2019/1/18 21:25:00,chongzhi_jiaxian,north,10,20
2019/1/18 21:30:00,chongzhi_jiaxian,north,15,15
2019/1/18 21:35:00,chongzhi_jiaxian,north,9,20
2019/1/18 21:40:00,chongzhi_jiaxian,north,12,22
2019/1/18 21:45:00,chongzhi_jiaxian,north,12,14
2019/1/18 21:50:00,chongzhi_jiaxian,north,10,11
2019/1/18 21:55:00,chongzhi_jiaxian,north,13,12
2019/1/18 22:00:00,chongzhi_jiaxian,north,15,21
2019/1/18 22:05:00,chongzhi_jiaxian,north,8,13
2019/1/18 22:10:00,chongzhi_jiaxian,north,8,12
2019/1/18 22:15:00,chongzhi_jiaxian,north,12,19
2019/1/18 22:20:00,chongzhi_jiaxian,north,6,9
2019/1/18 22:25:00,chongzhi_jiaxian,north,4,9
2019/1/18 22:30:00,chongzhi_jiaxian,north,18,25
2019/1/18 22:35:00,chongzhi_jiaxian,north,5,13
2019/1/18 22:40:00,chongzhi_jiaxian,north,7,12
2019/1/18 22:45:00,chongzhi_jiaxian,north,8,12
2019/1/18 22:50:00,chongzhi_jiaxian,north,9,14
2019/1/18 22:55:00,chongzhi_jiaxian,north,7,7
2019/1/18 23:00:00,chongzhi_jiaxian,north,14,19
2019/1/18 23:05:00,chongzhi_jiaxian,north,6,7
2019/1/18 23:10:00,chongzhi_jiaxian,north,5,10
2019/1/18 23:15:00,chongzhi_jiaxian,north,10,13
2019/1/18 23:20:00,chongzhi_jiaxian,north,8,14
2019/1/18 23:25:00,chongzhi_jiaxian,north,6,9
2019/1/18 23:30:00,chongzhi_jiaxian,north,7,16
2019/1/18 23:35:00,chongzhi_jiaxian,north,5,12
2019/1/18 23:40:00,chongzhi_jiaxian,north,3,7
2019/1/18 23:45:00,chongzhi_jiaxian,north,6,9
2019/1/18 23:50:00,chongzhi_jiaxian,north,5,9
2019/1/18 23:55:00,chongzhi_jiaxian,north,3,8
