2019/1/18 00:00:00,chongzhi_beier,east,5,26
2019/1/18 00:05:00,chongzhi_beier,east,4,18
2019/1/18 00:10:00,chongzhi_beier,east,2,11
2019/1/18 00:15:00,chongzhi_beier,east,2,17
2019/1/18 00:20:00,chongzhi_beier,east,4,18
2019/1/18 00:25:00,chongzhi_beier,east,0,14
2019/1/18 00:30:00,chongzhi_beier,east,2,15
2019/1/18 00:35:00,chongzhi_beier,east,6,8
2019/1/18 00:40:00,chongzhi_beier,east,7,11
2019/1/18 00:45:00,chongzhi_beier,east,3,17
2019/1/18 00:50:00,chongzhi_beier,east,2,12
2019/1/18 00:55:00,chongzhi_beier,east,6,16
2019/1/18 01:00:00,chongzhi_beier,east,2,16
2019/1/18 01:05:00,chongzhi_beier,east,4,10
2019/1/18 01:10:00,chongzhi_beier,east,4,14
2019/1/18 01:15:00,chongzhi_beier,east,6,7
2019/1/18 01:20:00,chongzhi_beier,east,5,15
2019/1/18 01:25:00,chongzhi_beier,east,5,7
2019/1/18 01:30:00,chongzhi_beier,east,2,12
2019/1/18 01:35:00,chongzhi_beier,east,2,6
2019/1/18 01:40:00,chongzhi_beier,east,3,5
2019/1/18 01:45:00,chongzhi_beier,east,2,11
2019/1/18 01:50:00,chongzhi_beier,east,1,5
2019/1/18 01:55:00,chongzhi_beier,east,0,4
2019/1/18 02:00:00,chongzhi_beier,east,0,6
2019/1/18 02:05:00,chongzhi_beier,east,1,8
2019/1/18 02:10:00,chongzhi_beier,east,2,10
2019/1/18 02:15:00,chongzhi_beier,east,2,8
2019/1/18 02:20:00,chongzhi_beier,east,3,8
2019/1/18 02:25:00,chongzhi_beier,east,2,7
2019/1/18 02:30:00,chongzhi_beier,east,2,7
2019/1/18 02:35:00,chongzhi_beier,east,2,7
2019/1/18 02:40:00,chongzhi_beier,east,1,6
2019/1/18 02:45:00,chongzhi_beier,east,0,4
2019/1/18 02:50:00,chongzhi_beier,east,1,4
2019/1/18 02:55:00,chongzhi_beier,east,0,6
2019/1/18 03:00:00,chongzhi_beier,east,1,3
2019/1/18 03:05:00,chongzhi_beier,east,2,5
2019/1/18 03:10:00,chongzhi_beier,east,0,6
2019/1/18 03:15:00,chongzhi_beier,east,1,5
2019/1/18 03:20:00,chongzhi_beier,east,1,6
2019/1/18 03:25:00,chongzhi_beier,east,1,2
2019/1/18 03:30:00,chongzhi_beier,east,2,6
2019/1/18 03:35:00,chongzhi_beier,east,2,1
2019/1/18 03:40:00,chongzhi_beier,east,0,5
2019/1/18 03:45:00,chongzhi_beier,east,0,3
2019/1/18 03:50:00,chongzhi_beier,east,2,6
2019/1/18 03:55:00,chongzhi_beier,east,1,6
2019/1/18 04:00:00,chongzhi_beier,east,2,4
2019/1/18 04:05:00,chongzhi_beier,east,0,2
2019/1/18 04:10:00,chongzhi_beier,east,0,2
2019/1/18 04:15:00,chongzhi_beier,east,0,4
2019/1/18 04:20:00,chongzhi_beier,east,3,4
2019/1/18 04:25:00,chongzhi_beier,east,0,2
2019/1/18 04:30:00,chongzhi_beier,east,2,1
2019/1/18 04:35:00,chongzhi_beier,east,0,1
2019/1/18 04:40:00,chongzhi_beier,east,1,2
2019/1/18 04:45:00,chongzhi_beier,east,0,4
2019/1/18 04:50:00,chongzhi_beier,east,0,7
2019/1/18 04:55:00,chongzhi_beier,east,2,3
2019/1/18 05:00:00,chongzhi_beier,east,3,2
2019/1/18 05:05:00,chongzhi_beier,east,1,4
2019/1/18 05:10:00,chongzhi_beier,east,1,6
2019/1/18 05:15:00,chongzhi_beier,east,2,7
2019/1/18 05:20:00,chongzhi_beier,east,0,4
2019/1/18 05:25:00,chongzhi_beier,east,0,4
2019/1/18 05:30:00,chongzhi_beier,east,1,6
2019/1/18 05:35:00,chongzhi_beier,east,2,16
2019/1/18 05:40:00,chongzhi_beier,east,1,9
2019/1/18 05:45:00,chongzhi_beier,east,0,10
2019/1/18 05:50:00,chongzhi_beier,east,2,9
2019/1/18 05:55:00,chongzhi_beier,east,0,12
2019/1/18 06:00:00,chongzhi_beier,east,1,11
2019/1/18 06:05:00,chongzhi_beier,east,4,15
2019/1/18 06:10:00,chongzhi_beier,east,0,15
2019/1/18 06:15:00,chongzhi_beier,east,1,18
2019/1/18 06:20:00,chongzhi_beier,east,0,22
2019/1/18 06:25:00,chongzhi_beier,east,1,22
2019/1/18 06:30:00,chongzhi_beier,east,2,19
2019/1/18 06:35:00,chongzhi_beier,east,5,34
2019/1/18 06:40:00,chongzhi_beier,east,0,23
2019/1/18 06:45:00,chongzhi_beier,east,0,30
2019/1/18 06:50:00,chongzhi_beier,east,0,25
2019/1/18 06:55:00,chongzhi_beier,east,2,36
2019/1/18 07:00:00,chongzhi_beier,east,4,38
2019/1/18 07:05:00,chongzhi_beier,east,2,32
2019/1/18 07:10:00,chongzhi_beier,east,1,46
2019/1/18 07:15:00,chongzhi_beier,east,5,61
2019/1/18 07:20:00,chongzhi_beier,east,5,47
2019/1/18 07:25:00,chongzhi_beier,east,6,62
2019/1/18 07:30:00,chongzhi_beier,east,7,55
2019/1/18 07:35:00,chongzhi_beier,east,7,48
2019/1/18 07:40:00,chongzhi_beier,east,11,51
2019/1/18 07:45:00,chongzhi_beier,east,6,49
2019/1/18 07:50:00,chongzhi_beier,east,9,56
2019/1/18 07:55:00,chongzhi_beier,east,7,63
2019/1/18 08:00:00,chongzhi_beier,east,8,90
2019/1/18 08:05:00,chongzhi_beier,east,7,56
2019/1/18 08:10:00,chongzhi_beier,east,7,58
2019/1/18 08:15:00,chongzhi_beier,east,10,84
2019/1/18 08:20:00,chongzhi_beier,east,14,97
2019/1/18 08:25:00,chongzhi_beier,east,14,98
2019/1/18 08:30:00,chongzhi_beier,east,7,53
2019/1/18 08:35:00,chongzhi_beier,east,14,69
2019/1/18 08:40:00,chongzhi_beier,east,16,68
2019/1/18 08:45:00,chongzhi_beier,east,12,78
2019/1/18 08:50:00,chongzhi_beier,east,13,48
2019/1/18 08:55:00,chongzhi_beier,east,15,55
2019/1/18 09:00:00,chongzhi_beier,east,17,64
2019/1/18 09:05:00,chongzhi_beier,east,17,64
2019/1/18 09:10:00,chongzhi_beier,east,13,78
2019/1/18 09:15:00,chongzhi_beier,east,18,62
2019/1/18 09:20:00,chongzhi_beier,east,9,60
2019/1/18 09:25:00,chongzhi_beier,east,11,47
2019/1/18 09:30:00,chongzhi_beier,east,12,68
2019/1/18 09:35:00,chongzhi_beier,east,8,67
2019/1/18 09:40:00,chongzhi_beier,east,16,79
2019/1/18 09:45:00,chongzhi_beier,east,10,51
2019/1/18 09:50:00,chongzhi_beier,east,12,71
2019/1/18 09:55:00,chongzhi_beier,east,11,65
2019/1/18 10:00:00,chongzhi_beier,east,9,76
2019/1/18 10:05:00,chongzhi_beier,east,12,50
2019/1/18 10:10:00,chongzhi_beier,east,9,40
2019/1/18 10:15:00,chongzhi_beier,east,8,39
2019/1/18 10:20:00,chongzhi_beier,east,12,54
2019/1/18 10:25:00,chongzhi_beier,east,13,51
2019/1/18 10:30:00,chongzhi_beier,east,5,52
2019/1/18 10:35:00,chongzhi_beier,east,2,46
2019/1/18 10:40:00,chongzhi_beier,east,6,50
2019/1/18 10:45:00,chongzhi_beier,east,12,75
2019/1/18 10:50:00,chongzhi_beier,east,9,43
2019/1/18 10:55:00,chongzhi_beier,east,11,65
2019/1/18 11:00:00,chongzhi_beier,east,11,50
2019/1/18 11:05:00,chongzhi_beier,east,7,43
2019/1/18 11:10:00,chongzhi_beier,east,7,48
2019/1/18 11:15:00,chongzhi_beier,east,13,63
2019/1/18 11:20:00,chongzhi_beier,east,9,64
2019/1/18 11:25:00,chongzhi_beier,east,9,60
2019/1/18 11:30:00,chongzhi_beier,east,8,42
2019/1/18 11:35:00,chongzhi_beier,east,12,65
2019/1/18 11:40:00,chongzhi_beier,east,11,49
2019/1/18 11:45:00,chongzhi_beier,east,12,47
2019/1/18 11:50:00,chongzhi_beier,east,5,41
2019/1/18 11:55:00,chongzhi_beier,east,11,54
2019/1/18 12:00:00,chongzhi_beier,east,10,66
2019/1/18 12:05:00,chongzhi_beier,east,13,63
2019/1/18 12:10:00,chongzhi_beier,east,6,47
2019/1/18 12:15:00,chongzhi_beier,east,13,60
2019/1/18 12:20:00,chongzhi_beier,east,4,38
2019/1/18 12:25:00,chongzhi_beier,east,8,57
2019/1/18 12:30:00,chongzhi_beier,east,5,45
2019/1/18 12:35:00,chongzhi_beier,east,7,58
2019/1/18 12:40:00,chongzhi_beier,east,7,43
2019/1/18 12:45:00,chongzhi_beier,east,5,30
2019/1/18 12:50:00,chongzhi_beier,east,9,40
2019/1/18 12:55:00,chongzhi_beier,east,13,43
2019/1/18 13:00:00,chongzhi_beier,east,10,52
2019/1/18 13:05:00,chongzhi_beier,east,4,35
2019/1/18 13:10:00,chongzhi_beier,east,9,45
2019/1/18 13:15:00,chongzhi_beier,east,5,55
2019/1/18 13:20:00,chongzhi_beier,east,11,56
2019/1/18 13:25:00,chongzhi_beier,east,11,56
2019/1/18 13:30:00,chongzhi_beier,east,6,60
2019/1/18 13:35:00,chongzhi_beier,east,16,48
2019/1/18 13:40:00,chongzhi_beier,east,7,40
2019/1/18 13:45:00,chongzhi_beier,east,11,57
2019/1/18 13:50:00,chongzhi_beier,east,6,76
2019/1/18 13:55:00,chongzhi_beier,east,11,66
2019/1/18 14:00:00,chongzhi_beier,east,8,78
2019/1/18 14:05:00,chongzhi_beier,east,5,69
2019/1/18 14:10:00,chongzhi_beier,east,9,70
2019/1/18 14:15:00,chongzhi_beier,east,9,60
2019/1/18 14:20:00,chongzhi_beier,east,16,68
2019/1/18 14:25:00,chongzhi_beier,east,11,52
2019/1/18 14:30:00,chongzhi_beier,east,8,62
2019/1/18 14:35:00,chongzhi_beier,east,6,65
2019/1/18 14:40:00,chongzhi_beier,east,11,68
2019/1/18 14:45:00,chongzhi_beier,east,10,48
2019/1/18 14:50:00,chongzhi_beier,east,15,49
2019/1/18 14:55:00,chongzhi_beier,east,12,51
2019/1/18 15:00:00,chongzhi_beier,east,12,58
2019/1/18 15:05:00,chongzhi_beier,east,5,55
2019/1/18 15:10:00,chongzhi_beier,east,10,58
2019/1/18 15:15:00,chongzhi_beier,east,10,66
2019/1/18 15:20:00,chongzhi_beier,east,11,65
2019/1/18 15:25:00,chongzhi_beier,east,5,59
2019/1/18 15:30:00,chongzhi_beier,east,9,52
2019/1/18 15:35:00,chongzhi_beier,east,4,52
2019/1/18 15:40:00,chongzhi_beier,east,9,67
2019/1/18 15:45:00,chongzhi_beier,east,8,49
2019/1/18 15:50:00,chongzhi_beier,east,9,46
2019/1/18 15:55:00,chongzhi_beier,east,9,64
2019/1/18 16:00:00,chongzhi_beier,east,12,72
2019/1/18 16:05:00,chongzhi_beier,east,5,64
2019/1/18 16:10:00,chongzhi_beier,east,11,55
2019/1/18 16:15:00,chongzhi_beier,east,5,47
2019/1/18 16:20:00,chongzhi_beier,east,10,79
2019/1/18 16:25:00,chongzhi_beier,east,16,66
2019/1/18 16:30:00,chongzhi_beier,east,7,71
2019/1/18 16:35:00,chongzhi_beier,east,4,63
2019/1/18 16:40:00,chongzhi_beier,east,5,44
2019/1/18 16:45:00,chongzhi_beier,east,18,68
2019/1/18 16:50:00,chongzhi_beier,east,7,63
2019/1/18 16:55:00,chongzhi_beier,east,8,47
2019/1/18 17:00:00,chongzhi_beier,east,2,70
2019/1/18 17:05:00,chongzhi_beier,east,8,43
2019/1/18 17:10:00,chongzhi_beier,east,19,63
2019/1/18 17:15:00,chongzhi_beier,east,9,58
2019/1/18 17:20:00,chongzhi_beier,east,6,62
2019/1/18 17:25:00,chongzhi_beier,east,8,39
2019/1/18 17:30:00,chongzhi_beier,east,8,49
2019/1/18 17:35:00,chongzhi_beier,east,13,54
2019/1/18 17:40:00,chongzhi_beier,east,14,37
2019/1/18 17:45:00,chongzhi_beier,east,14,41
2019/1/18 17:50:00,chongzhi_beier,east,12,48
2019/1/18 17:55:00,chongzhi_beier,east,4,43
2019/1/18 18:00:00,chongzhi_beier,east,13,66
2019/1/18 18:05:00,chongzhi_beier,east,10,81
2019/1/18 18:10:00,chongzhi_beier,east,7,45
2019/1/18 18:15:00,chongzhi_beier,east,12,62
2019/1/18 18:20:00,chongzhi_beier,east,10,64
2019/1/18 18:25:00,chongzhi_beier,east,14,40
2019/1/18 18:30:00,chongzhi_beier,east,14,62
2019/1/18 18:35:00,chongzhi_beier,east,7,26
2019/1/18 18:40:00,chongzhi_beier,east,17,51
2019/1/18 18:45:00,chongzhi_beier,east,9,45
2019/1/18 18:50:00,chongzhi_beier,east,16,48
2019/1/18 18:55:00,chongzhi_beier,east,2,45
2019/1/18 19:00:00,chongzhi_beier,east,9,16
2019/1/18 19:05:00,chongzhi_beier,east,8,63
2019/1/18 19:10:00,chongzhi_beier,east,7,40
2019/1/18 19:15:00,chongzhi_beier,east,11,46
2019/1/18 19:20:00,chongzhi_beier,east,15,59
2019/1/18 19:25:00,chongzhi_beier,east,7,28
2019/1/18 19:30:00,chongzhi_beier,east,10,47
2019/1/18 19:35:00,chongzhi_beier,east,8,48
2019/1/18 19:40:00,chongzhi_beier,east,10,56
2019/1/18 19:45:00,chongzhi_beier,east,8,66
2019/1/18 19:50:00,chongzhi_beier,east,9,31
2019/1/18 19:55:00,chongzhi_beier,east,17,46
2019/1/18 20:00:00,chongzhi_beier,east,11,61
2019/1/18 20:05:00,chongzhi_beier,east,6,33
2019/1/18 20:10:00,chongzhi_beier,east,9,48
2019/1/18 20:15:00,chongzhi_beier,east,4,31
2019/1/18 20:20:00,chongzhi_beier,east,10,60
2019/1/18 20:25:00,chongzhi_beier,east,10,39
2019/1/18 20:30:00,chongzhi_beier,east,9,45
2019/1/18 20:35:00,chongzhi_beier,east,12,33
2019/1/18 20:40:00,chongzhi_beier,east,8,42
2019/1/18 20:45:00,chongzhi_beier,east,6,37
2019/1/18 20:50:00,chongzhi_beier,east,8,36
2019/1/18 20:55:00,chongzhi_beier,east,13,55
2019/1/18 21:00:00,chongzhi_beier,east,7,36
2019/1/18 21:05:00,chongzhi_beier,east,8,58
2019/1/18 21:10:00,chongzhi_beier,east,4,21
2019/1/18 21:15:00,chongzhi_beier,east,14,56
2019/1/18 21:20:00,chongzhi_beier,east,5,40
2019/1/18 21:25:00,chongzhi_beier,east,11,52
2019/1/18 21:30:00,chongzhi_beier,east,9,34
2019/1/18 21:35:00,chongzhi_beier,east,8,60
2019/1/18 21:40:00,chongzhi_beier,east,8,35
2019/1/18 21:45:00,chongzhi_beier,east,5,38
2019/1/18 21:50:00,chongzhi_beier,east,6,43
2019/1/18 21:55:00,chongzhi_beier,east,6,27
2019/1/18 22:00:00,chongzhi_beier,east,9,34
2019/1/18 22:05:00,chongzhi_beier,east,11,47
2019/1/18 22:10:00,chongzhi_beier,east,8,37
2019/1/18 22:15:00,chongzhi_beier,east,12,39
2019/1/18 22:20:00,chongzhi_beier,east,11,41
2019/1/18 22:25:00,chongzhi_beier,east,7,34
2019/1/18 22:30:00,chongzhi_beier,east,4,46
2019/1/18 22:35:00,chongzhi_beier,east,8,30
2019/1/18 22:40:00,chongzhi_beier,east,8,36
2019/1/18 22:45:00,chongzhi_beier,east,13,35
2019/1/18 22:50:00,chongzhi_beier,east,8,44
2019/1/18 22:55:00,chongzhi_beier,east,10,41
2019/1/18 23:00:00,chongzhi_beier,east,9,42
2019/1/18 23:05:00,chongzhi_beier,east,9,39
2019/1/18 23:10:00,chongzhi_beier,east,7,43
2019/1/18 23:15:00,chongzhi_beier,east,6,29
2019/1/18 23:20:00,chongzhi_beier,east,10,34
2019/1/18 23:25:00,chongzhi_beier,east,10,33
2019/1/18 23:30:00,chongzhi_beier,east,4,23
2019/1/18 23:35:00,chongzhi_beier,east,10,32
2019/1/18 23:40:00,chongzhi_beier,east,8,25
2019/1/18 23:45:00,chongzhi_beier,east,11,26
2019/1/18 23:50:00,chongzhi_beier,east,3,27
2019/1/18 23:55:00,chongzhi_beier,east,7,27
