2019/1/18 00:00:00,chongzhi_longping,south,5,7
2019/1/18 00:05:00,chongzhi_longping,south,4,7
2019/1/18 00:10:00,chongzhi_longping,south,6,8
2019/1/18 00:15:00,chongzhi_longping,south,6,8
2019/1/18 00:20:00,chongzhi_longping,south,5,9
2019/1/18 00:25:00,chongzhi_longping,south,3,8
2019/1/18 00:30:00,chongzhi_longping,south,6,8
2019/1/18 00:35:00,chongzhi_longping,south,1,6
2019/1/18 00:40:00,chongzhi_longping,south,8,3
2019/1/18 00:45:00,chongzhi_longping,south,7,3
2019/1/18 00:50:00,chongzhi_longping,south,5,2
2019/1/18 00:55:00,chongzhi_longping,south,2,5
2019/1/18 01:00:00,chongzhi_longping,south,4,2
2019/1/18 01:05:00,chongzhi_longping,south,6,4
2019/1/18 01:10:00,chongzhi_longping,south,2,8
2019/1/18 01:15:00,chongzhi_longping,south,3,5
2019/1/18 01:20:00,chongzhi_longping,south,4,3
2019/1/18 01:25:00,chongzhi_longping,south,5,3
2019/1/18 01:30:00,chongzhi_longping,south,5,6
2019/1/18 01:35:00,chongzhi_longping,south,4,1
2019/1/18 01:40:00,chongzhi_longping,south,10,3
2019/1/18 01:45:00,chongzhi_longping,south,4,1
2019/1/18 01:50:00,chongzhi_longping,south,4,3
2019/1/18 01:55:00,chongzhi_longping,south,4,3
2019/1/18 02:00:00,chongzhi_longping,south,3,4
2019/1/18 02:05:00,chongzhi_longping,south,4,4
2019/1/18 02:10:00,chongzhi_longping,south,3,2
2019/1/18 02:15:00,chongzhi_longping,south,2,2
2019/1/18 02:20:00,chongzhi_longping,south,6,1
2019/1/18 02:25:00,chongzhi_longping,south,8,2
2019/1/18 02:30:00,chongzhi_longping,south,2,3
2019/1/18 02:35:00,chongzhi_longping,south,7,2
2019/1/18 02:40:00,chongzhi_longping,south,0,1
2019/1/18 02:45:00,chongzhi_longping,south,2,2
2019/1/18 02:50:00,chongzhi_longping,south,3,5
2019/1/18 02:55:00,chongzhi_longping,south,5,4
2019/1/18 03:00:00,chongzhi_longping,south,5,4
2019/1/18 03:05:00,chongzhi_longping,south,1,6
2019/1/18 03:10:00,chongzhi_longping,south,7,0
2019/1/18 03:15:00,chongzhi_longping,south,1,2
2019/1/18 03:20:00,chongzhi_longping,south,4,2
2019/1/18 03:25:00,chongzhi_longping,south,8,5
2019/1/18 03:30:00,chongzhi_longping,south,6,3
2019/1/18 03:35:00,chongzhi_longping,south,9,5
2019/1/18 03:40:00,chongzhi_longping,south,5,2
2019/1/18 03:45:00,chongzhi_longping,south,5,3
2019/1/18 03:50:00,chongzhi_longping,south,7,1
2019/1/18 03:55:00,chongzhi_longping,south,2,2
2019/1/18 04:00:00,chongzhi_longping,south,4,2
2019/1/18 04:05:00,chongzhi_longping,south,3,4
2019/1/18 04:10:00,chongzhi_longping,south,10,4
2019/1/18 04:15:00,chongzhi_longping,south,2,3
2019/1/18 04:20:00,chongzhi_longping,south,8,5
2019/1/18 04:25:00,chongzhi_longping,south,5,5
2019/1/18 04:30:00,chongzhi_longping,south,4,2
2019/1/18 04:35:00,chongzhi_longping,south,11,2
2019/1/18 04:40:00,chongzhi_longping,south,7,2
2019/1/18 04:45:00,chongzhi_longping,south,7,5
2019/1/18 04:50:00,chongzhi_longping,south,3,5
2019/1/18 04:55:00,chongzhi_longping,south,3,3
2019/1/18 05:00:00,chongzhi_longping,south,2,4
2019/1/18 05:05:00,chongzhi_longping,south,4,3
2019/1/18 05:10:00,chongzhi_longping,south,10,3
2019/1/18 05:15:00,chongzhi_longping,south,1,5
2019/1/18 05:20:00,chongzhi_longping,south,2,1
2019/1/18 05:25:00,chongzhi_longping,south,2,2
2019/1/18 05:30:00,chongzhi_longping,south,3,1
2019/1/18 05:35:00,chongzhi_longping,south,2,1
2019/1/18 05:40:00,chongzhi_longping,south,3,3
2019/1/18 05:45:00,chongzhi_longping,south,0,1
2019/1/18 05:50:00,chongzhi_longping,south,0,2
2019/1/18 05:55:00,chongzhi_longping,south,0,3
2019/1/18 06:00:00,chongzhi_longping,south,1,0
2019/1/18 06:05:00,chongzhi_longping,south,0,3
2019/1/18 06:10:00,chongzhi_longping,south,0,3
2019/1/18 06:15:00,chongzhi_longping,south,1,2
2019/1/18 06:20:00,chongzhi_longping,south,1,0
2019/1/18 06:25:00,chongzhi_longping,south,0,2
2019/1/18 06:30:00,chongzhi_longping,south,2,2
2019/1/18 06:35:00,chongzhi_longping,south,2,2
2019/1/18 06:40:00,chongzhi_longping,south,1,6
2019/1/18 06:45:00,chongzhi_longping,south,2,6
2019/1/18 06:50:00,chongzhi_longping,south,1,4
2019/1/18 06:55:00,chongzhi_longping,south,3,6
2019/1/18 07:00:00,chongzhi_longping,south,0,5
2019/1/18 07:05:00,chongzhi_longping,south,3,6
2019/1/18 07:10:00,chongzhi_longping,south,2,5
2019/1/18 07:15:00,chongzhi_longping,south,6,6
2019/1/18 07:20:00,chongzhi_longping,south,7,14
2019/1/18 07:25:00,chongzhi_longping,south,2,9
2019/1/18 07:30:00,chongzhi_longping,south,4,23
2019/1/18 07:35:00,chongzhi_longping,south,6,27
2019/1/18 07:40:00,chongzhi_longping,south,5,27
2019/1/18 07:45:00,chongzhi_longping,south,8,38
2019/1/18 07:50:00,chongzhi_longping,south,7,41
2019/1/18 07:55:00,chongzhi_longping,south,11,62
2019/1/18 08:00:00,chongzhi_longping,south,7,56
2019/1/18 08:05:00,chongzhi_longping,south,10,45
2019/1/18 08:10:00,chongzhi_longping,south,5,48
2019/1/18 08:15:00,chongzhi_longping,south,5,79
2019/1/18 08:20:00,chongzhi_longping,south,12,47
2019/1/18 08:25:00,chongzhi_longping,south,14,51
2019/1/18 08:30:00,chongzhi_longping,south,18,74
2019/1/18 08:35:00,chongzhi_longping,south,10,48
2019/1/18 08:40:00,chongzhi_longping,south,15,49
2019/1/18 08:45:00,chongzhi_longping,south,10,48
2019/1/18 08:50:00,chongzhi_longping,south,14,43
2019/1/18 08:55:00,chongzhi_longping,south,13,47
2019/1/18 09:00:00,chongzhi_longping,south,13,51
2019/1/18 09:05:00,chongzhi_longping,south,7,45
2019/1/18 09:10:00,chongzhi_longping,south,7,21
2019/1/18 09:15:00,chongzhi_longping,south,10,35
2019/1/18 09:20:00,chongzhi_longping,south,10,37
2019/1/18 09:25:00,chongzhi_longping,south,5,33
2019/1/18 09:30:00,chongzhi_longping,south,4,23
2019/1/18 09:35:00,chongzhi_longping,south,7,11
2019/1/18 09:40:00,chongzhi_longping,south,5,21
2019/1/18 09:45:00,chongzhi_longping,south,1,17
2019/1/18 09:50:00,chongzhi_longping,south,7,18
2019/1/18 09:55:00,chongzhi_longping,south,4,19
2019/1/18 10:00:00,chongzhi_longping,south,1,16
2019/1/18 10:05:00,chongzhi_longping,south,5,17
2019/1/18 10:10:00,chongzhi_longping,south,8,16
2019/1/18 10:15:00,chongzhi_longping,south,1,16
2019/1/18 10:20:00,chongzhi_longping,south,3,15
2019/1/18 10:25:00,chongzhi_longping,south,1,21
2019/1/18 10:30:00,chongzhi_longping,south,5,13
2019/1/18 10:35:00,chongzhi_longping,south,5,8
2019/1/18 10:40:00,chongzhi_longping,south,12,11
2019/1/18 10:45:00,chongzhi_longping,south,5,10
2019/1/18 10:50:00,chongzhi_longping,south,0,7
2019/1/18 10:55:00,chongzhi_longping,south,6,13
2019/1/18 11:00:00,chongzhi_longping,south,6,16
2019/1/18 11:05:00,chongzhi_longping,south,6,15
2019/1/18 11:10:00,chongzhi_longping,south,1,24
2019/1/18 11:15:00,chongzhi_longping,south,8,17
2019/1/18 11:20:00,chongzhi_longping,south,3,12
2019/1/18 11:25:00,chongzhi_longping,south,4,15
2019/1/18 11:30:00,chongzhi_longping,south,7,11
2019/1/18 11:35:00,chongzhi_longping,south,7,12
2019/1/18 11:40:00,chongzhi_longping,south,3,12
2019/1/18 11:45:00,chongzhi_longping,south,3,16
2019/1/18 11:50:00,chongzhi_longping,south,3,10
2019/1/18 11:55:00,chongzhi_longping,south,5,12
2019/1/18 12:00:00,chongzhi_longping,south,3,19
2019/1/18 12:05:00,chongzhi_longping,south,7,10
2019/1/18 12:10:00,chongzhi_longping,south,5,11
2019/1/18 12:15:00,chongzhi_longping,south,3,18
2019/1/18 12:20:00,chongzhi_longping,south,3,17
2019/1/18 12:25:00,chongzhi_longping,south,7,14
2019/1/18 12:30:00,chongzhi_longping,south,5,15
2019/1/18 12:35:00,chongzhi_longping,south,5,13
2019/1/18 12:40:00,chongzhi_longping,south,3,15
2019/1/18 12:45:00,chongzhi_longping,south,5,12
2019/1/18 12:50:00,chongzhi_longping,south,5,10
2019/1/18 12:55:00,chongzhi_longping,south,7,12
2019/1/18 13:00:00,chongzhi_longping,south,4,20
2019/1/18 13:05:00,chongzhi_longping,south,7,11
2019/1/18 13:10:00,chongzhi_longping,south,6,20
2019/1/18 13:15:00,chongzhi_longping,south,4,12
2019/1/18 13:20:00,chongzhi_longping,south,4,12
2019/1/18 13:25:00,chongzhi_longping,south,3,21
2019/1/18 13:30:00,chongzhi_longping,south,8,16
2019/1/18 13:35:00,chongzhi_longping,south,3,15
2019/1/18 13:40:00,chongzhi_longping,south,9,15
2019/1/18 13:45:00,chongzhi_longping,south,9,17
2019/1/18 13:50:00,chongzhi_longping,south,13,19
2019/1/18 13:55:00,chongzhi_longping,south,4,19
2019/1/18 14:00:00,chongzhi_longping,south,4,19
2019/1/18 14:05:00,chongzhi_longping,south,8,17
2019/1/18 14:10:00,chongzhi_longping,south,7,17
2019/1/18 14:15:00,chongzhi_longping,south,7,11
2019/1/18 14:20:00,chongzhi_longping,south,1,23
2019/1/18 14:25:00,chongzhi_longping,south,3,22
2019/1/18 14:30:00,chongzhi_longping,south,7,22
2019/1/18 14:35:00,chongzhi_longping,south,5,14
2019/1/18 14:40:00,chongzhi_longping,south,7,13
2019/1/18 14:45:00,chongzhi_longping,south,5,12
2019/1/18 14:50:00,chongzhi_longping,south,5,17
2019/1/18 14:55:00,chongzhi_longping,south,5,16
2019/1/18 15:00:00,chongzhi_longping,south,6,16
2019/1/18 15:05:00,chongzhi_longping,south,10,16
2019/1/18 15:10:00,chongzhi_longping,south,2,16
2019/1/18 15:15:00,chongzhi_longping,south,9,16
2019/1/18 15:20:00,chongzhi_longping,south,0,15
2019/1/18 15:25:00,chongzhi_longping,south,4,10
2019/1/18 15:30:00,chongzhi_longping,south,6,13
2019/1/18 15:35:00,chongzhi_longping,south,6,12
2019/1/18 15:40:00,chongzhi_longping,south,7,16
2019/1/18 15:45:00,chongzhi_longping,south,5,18
2019/1/18 15:50:00,chongzhi_longping,south,9,16
2019/1/18 15:55:00,chongzhi_longping,south,6,10
2019/1/18 16:00:00,chongzhi_longping,south,5,14
2019/1/18 16:05:00,chongzhi_longping,south,6,17
2019/1/18 16:10:00,chongzhi_longping,south,8,11
2019/1/18 16:15:00,chongzhi_longping,south,6,28
2019/1/18 16:20:00,chongzhi_longping,south,4,10
2019/1/18 16:25:00,chongzhi_longping,south,8,13
2019/1/18 16:30:00,chongzhi_longping,south,6,12
2019/1/18 16:35:00,chongzhi_longping,south,4,23
2019/1/18 16:40:00,chongzhi_longping,south,3,9
2019/1/18 16:45:00,chongzhi_longping,south,8,13
2019/1/18 16:50:00,chongzhi_longping,south,3,18
2019/1/18 16:55:00,chongzhi_longping,south,6,9
2019/1/18 17:00:00,chongzhi_longping,south,6,12
2019/1/18 17:05:00,chongzhi_longping,south,6,14
2019/1/18 17:10:00,chongzhi_longping,south,4,13
2019/1/18 17:15:00,chongzhi_longping,south,11,17
2019/1/18 17:20:00,chongzhi_longping,south,11,22
2019/1/18 17:25:00,chongzhi_longping,south,3,11
2019/1/18 17:30:00,chongzhi_longping,south,3,9
2019/1/18 17:35:00,chongzhi_longping,south,6,10
2019/1/18 17:40:00,chongzhi_longping,south,10,17
2019/1/18 17:45:00,chongzhi_longping,south,7,12
2019/1/18 17:50:00,chongzhi_longping,south,6,21
2019/1/18 17:55:00,chongzhi_longping,south,6,13
2019/1/18 18:00:00,chongzhi_longping,south,7,17
2019/1/18 18:05:00,chongzhi_longping,south,8,19
2019/1/18 18:10:00,chongzhi_longping,south,9,18
2019/1/18 18:15:00,chongzhi_longping,south,9,19
2019/1/18 18:20:00,chongzhi_longping,south,8,10
2019/1/18 18:25:00,chongzhi_longping,south,5,14
2019/1/18 18:30:00,chongzhi_longping,south,9,16
2019/1/18 18:35:00,chongzhi_longping,south,10,15
2019/1/18 18:40:00,chongzhi_longping,south,4,10
2019/1/18 18:45:00,chongzhi_longping,south,5,21
2019/1/18 18:50:00,chongzhi_longping,south,5,7
2019/1/18 18:55:00,chongzhi_longping,south,9,14
2019/1/18 19:00:00,chongzhi_longping,south,5,10
2019/1/18 19:05:00,chongzhi_longping,south,11,16
2019/1/18 19:10:00,chongzhi_longping,south,7,15
2019/1/18 19:15:00,chongzhi_longping,south,7,15
2019/1/18 19:20:00,chongzhi_longping,south,4,14
2019/1/18 19:25:00,chongzhi_longping,south,4,17
2019/1/18 19:30:00,chongzhi_longping,south,4,14
2019/1/18 19:35:00,chongzhi_longping,south,8,11
2019/1/18 19:40:00,chongzhi_longping,south,3,7
2019/1/18 19:45:00,chongzhi_longping,south,3,15
2019/1/18 19:50:00,chongzhi_longping,south,6,8
2019/1/18 19:55:00,chongzhi_longping,south,5,14
2019/1/18 20:00:00,chongzhi_longping,south,5,7
2019/1/18 20:05:00,chongzhi_longping,south,8,9
2019/1/18 20:10:00,chongzhi_longping,south,5,12
2019/1/18 20:15:00,chongzhi_longping,south,5,16
2019/1/18 20:20:00,chongzhi_longping,south,1,12
2019/1/18 20:25:00,chongzhi_longping,south,6,13
2019/1/18 20:30:00,chongzhi_longping,south,2,15
2019/1/18 20:35:00,chongzhi_longping,south,7,17
2019/1/18 20:40:00,chongzhi_longping,south,1,9
2019/1/18 20:45:00,chongzhi_longping,south,4,13
2019/1/18 20:50:00,chongzhi_longping,south,5,10
2019/1/18 20:55:00,chongzhi_longping,south,13,6
2019/1/18 21:00:00,chongzhi_longping,south,1,15
2019/1/18 21:05:00,chongzhi_longping,south,4,17
2019/1/18 21:10:00,chongzhi_longping,south,4,22
2019/1/18 21:15:00,chongzhi_longping,south,6,18
2019/1/18 21:20:00,chongzhi_longping,south,7,13
2019/1/18 21:25:00,chongzhi_longping,south,10,15
2019/1/18 21:30:00,chongzhi_longping,south,7,13
2019/1/18 21:35:00,chongzhi_longping,south,3,15
2019/1/18 21:40:00,chongzhi_longping,south,8,16
2019/1/18 21:45:00,chongzhi_longping,south,8,14
2019/1/18 21:50:00,chongzhi_longping,south,8,15
2019/1/18 21:55:00,chongzhi_longping,south,7,9
2019/1/18 22:00:00,chongzhi_longping,south,5,17
2019/1/18 22:05:00,chongzhi_longping,south,5,16
2019/1/18 22:10:00,chongzhi_longping,south,4,17
2019/1/18 22:15:00,chongzhi_longping,south,5,15
2019/1/18 22:20:00,chongzhi_longping,south,8,10
2019/1/18 22:25:00,chongzhi_longping,south,4,11
2019/1/18 22:30:00,chongzhi_longping,south,8,17
2019/1/18 22:35:00,chongzhi_longping,south,8,23
2019/1/18 22:40:00,chongzhi_longping,south,6,7
2019/1/18 22:45:00,chongzhi_longping,south,13,16
2019/1/18 22:50:00,chongzhi_longping,south,2,22
2019/1/18 22:55:00,chongzhi_longping,south,6,9
2019/1/18 23:00:00,chongzhi_longping,south,11,19
2019/1/18 23:05:00,chongzhi_longping,south,9,15
2019/1/18 23:10:00,chongzhi_longping,south,7,14
2019/1/18 23:15:00,chongzhi_longping,south,7,17
2019/1/18 23:20:00,chongzhi_longping,south,5,11
2019/1/18 23:25:00,chongzhi_longping,south,10,6
2019/1/18 23:30:00,chongzhi_longping,south,5,12
2019/1/18 23:35:00,chongzhi_longping,south,3,15
2019/1/18 23:40:00,chongzhi_longping,south,7,8
2019/1/18 23:45:00,chongzhi_longping,south,5,9
2019/1/18 23:50:00,chongzhi_longping,south,9,12
2019/1/18 23:55:00,chongzhi_longping,south,7,7
