2019/1/18 00:00:00,wuhe_longping,north,1,24
2019/1/18 00:05:00,wuhe_longping,north,0,24
2019/1/18 00:10:00,wuhe_longping,north,1,25
2019/1/18 00:15:00,wuhe_longping,north,0,22
2019/1/18 00:20:00,wuhe_longping,north,1,21
2019/1/18 00:25:00,wuhe_longping,north,1,27
2019/1/18 00:30:00,wuhe_longping,north,0,17
2019/1/18 00:35:00,wuhe_longping,north,1,13
2019/1/18 00:40:00,wuhe_longping,north,0,23
2019/1/18 00:45:00,wuhe_longping,north,0,23
2019/1/18 00:50:00,wuhe_longping,north,3,12
2019/1/18 00:55:00,wuhe_longping,north,1,14
2019/1/18 01:00:00,wuhe_longping,north,1,12
2019/1/18 01:05:00,wuhe_longping,north,0,13
2019/1/18 01:10:00,wuhe_longping,north,2,16
2019/1/18 01:15:00,wuhe_longping,north,1,20
2019/1/18 01:20:00,wuhe_longping,north,0,7
2019/1/18 01:25:00,wuhe_longping,north,0,11
2019/1/18 01:30:00,wuhe_longping,north,0,10
2019/1/18 01:35:00,wuhe_longping,north,0,7
2019/1/18 01:40:00,wuhe_longping,north,0,8
2019/1/18 01:45:00,wuhe_longping,north,0,5
2019/1/18 01:50:00,wuhe_longping,north,0,5
2019/1/18 01:55:00,wuhe_longping,north,1,4
2019/1/18 02:00:00,wuhe_longping,north,0,6
2019/1/18 02:05:00,wuhe_longping,north,1,3
2019/1/18 02:10:00,wuhe_longping,north,0,8
2019/1/18 02:15:00,wuhe_longping,north,1,11
2019/1/18 02:20:00,wuhe_longping,north,1,1
2019/1/18 02:25:00,wuhe_longping,north,1,7
2019/1/18 02:30:00,wuhe_longping,north,0,7
2019/1/18 02:35:00,wuhe_longping,north,0,10
2019/1/18 02:40:00,wuhe_longping,north,0,5
2019/1/18 02:45:00,wuhe_longping,north,0,8
2019/1/18 02:50:00,wuhe_longping,north,0,4
2019/1/18 02:55:00,wuhe_longping,north,0,3
2019/1/18 03:00:00,wuhe_longping,north,0,1
2019/1/18 03:05:00,wuhe_longping,north,0,7
2019/1/18 03:10:00,wuhe_longping,north,0,4
2019/1/18 03:15:00,wuhe_longping,north,1,3
2019/1/18 03:20:00,wuhe_longping,north,0,4
2019/1/18 03:25:00,wuhe_longping,north,0,3
2019/1/18 03:30:00,wuhe_longping,north,1,4
2019/1/18 03:35:00,wuhe_longping,north,0,3
2019/1/18 03:40:00,wuhe_longping,north,0,3
2019/1/18 03:45:00,wuhe_longping,north,0,3
2019/1/18 03:50:00,wuhe_longping,north,1,8
2019/1/18 03:55:00,wuhe_longping,north,0,6
2019/1/18 04:00:00,wuhe_longping,north,0,2
2019/1/18 04:05:00,wuhe_longping,north,0,4
2019/1/18 04:10:00,wuhe_longping,north,0,2
2019/1/18 04:15:00,wuhe_longping,north,0,1
2019/1/18 04:20:00,wuhe_longping,north,0,2
2019/1/18 04:25:00,wuhe_longping,north,0,0
2019/1/18 04:30:00,wuhe_longping,north,0,2
2019/1/18 04:35:00,wuhe_longping,north,0,2
2019/1/18 04:40:00,wuhe_longping,north,0,2
2019/1/18 04:45:00,wuhe_longping,north,0,3
2019/1/18 04:50:00,wuhe_longping,north,0,1
2019/1/18 04:55:00,wuhe_longping,north,0,3
2019/1/18 05:00:00,wuhe_longping,north,0,3
2019/1/18 05:05:00,wuhe_longping,north,0,7
2019/1/18 05:10:00,wuhe_longping,north,0,3
2019/1/18 05:15:00,wuhe_longping,north,1,0
2019/1/18 05:20:00,wuhe_longping,north,1,3
2019/1/18 05:25:00,wuhe_longping,north,0,7
2019/1/18 05:30:00,wuhe_longping,north,1,2
2019/1/18 05:35:00,wuhe_longping,north,0,6
2019/1/18 05:40:00,wuhe_longping,north,0,2
2019/1/18 05:45:00,wuhe_longping,north,1,5
2019/1/18 05:50:00,wuhe_longping,north,0,3
2019/1/18 05:55:00,wuhe_longping,north,0,3
2019/1/18 06:00:00,wuhe_longping,north,0,10
2019/1/18 06:05:00,wuhe_longping,north,0,5
2019/1/18 06:10:00,wuhe_longping,north,0,4
2019/1/18 06:15:00,wuhe_longping,north,0,10
2019/1/18 06:20:00,wuhe_longping,north,2,10
2019/1/18 06:25:00,wuhe_longping,north,0,14
2019/1/18 06:30:00,wuhe_longping,north,0,17
2019/1/18 06:35:00,wuhe_longping,north,0,14
2019/1/18 06:40:00,wuhe_longping,north,0,24
2019/1/18 06:45:00,wuhe_longping,north,1,19
2019/1/18 06:50:00,wuhe_longping,north,0,13
2019/1/18 06:55:00,wuhe_longping,north,0,28
2019/1/18 07:00:00,wuhe_longping,north,3,33
2019/1/18 07:05:00,wuhe_longping,north,0,30
2019/1/18 07:10:00,wuhe_longping,north,4,32
2019/1/18 07:15:00,wuhe_longping,north,4,22
2019/1/18 07:20:00,wuhe_longping,north,3,32
2019/1/18 07:25:00,wuhe_longping,north,6,48
2019/1/18 07:30:00,wuhe_longping,north,5,24
2019/1/18 07:35:00,wuhe_longping,north,3,42
2019/1/18 07:40:00,wuhe_longping,north,10,51
2019/1/18 07:45:00,wuhe_longping,north,8,43
2019/1/18 07:50:00,wuhe_longping,north,20,39
2019/1/18 07:55:00,wuhe_longping,north,14,72
2019/1/18 08:00:00,wuhe_longping,north,22,69
2019/1/18 08:05:00,wuhe_longping,north,28,75
2019/1/18 08:10:00,wuhe_longping,north,19,67
2019/1/18 08:15:00,wuhe_longping,north,23,63
2019/1/18 08:20:00,wuhe_longping,north,28,67
2019/1/18 08:25:00,wuhe_longping,north,26,75
2019/1/18 08:30:00,wuhe_longping,north,28,56
2019/1/18 08:35:00,wuhe_longping,north,21,86
2019/1/18 08:40:00,wuhe_longping,north,29,68
2019/1/18 08:45:00,wuhe_longping,north,18,52
2019/1/18 08:50:00,wuhe_longping,north,17,69
2019/1/18 08:55:00,wuhe_longping,north,17,53
2019/1/18 09:00:00,wuhe_longping,north,21,84
2019/1/18 09:05:00,wuhe_longping,north,14,78
2019/1/18 09:10:00,wuhe_longping,north,21,68
2019/1/18 09:15:00,wuhe_longping,north,17,46
2019/1/18 09:20:00,wuhe_longping,north,15,66
2019/1/18 09:25:00,wuhe_longping,north,13,64
2019/1/18 09:30:00,wuhe_longping,north,13,53
2019/1/18 09:35:00,wuhe_longping,north,15,60
2019/1/18 09:40:00,wuhe_longping,north,12,74
2019/1/18 09:45:00,wuhe_longping,north,8,56
2019/1/18 09:50:00,wuhe_longping,north,17,52
2019/1/18 09:55:00,wuhe_longping,north,12,71
2019/1/18 10:00:00,wuhe_longping,north,15,49
2019/1/18 10:05:00,wuhe_longping,north,10,47
2019/1/18 10:10:00,wuhe_longping,north,10,63
2019/1/18 10:15:00,wuhe_longping,north,9,53
2019/1/18 10:20:00,wuhe_longping,north,14,51
2019/1/18 10:25:00,wuhe_longping,north,12,67
2019/1/18 10:30:00,wuhe_longping,north,14,41
2019/1/18 10:35:00,wuhe_longping,north,17,48
2019/1/18 10:40:00,wuhe_longping,north,6,46
2019/1/18 10:45:00,wuhe_longping,north,16,60
2019/1/18 10:50:00,wuhe_longping,north,20,51
2019/1/18 10:55:00,wuhe_longping,north,15,68
2019/1/18 11:00:00,wuhe_longping,north,12,59
2019/1/18 11:05:00,wuhe_longping,north,17,48
2019/1/18 11:10:00,wuhe_longping,north,11,56
2019/1/18 11:15:00,wuhe_longping,north,5,53
2019/1/18 11:20:00,wuhe_longping,north,13,41
2019/1/18 11:25:00,wuhe_longping,north,14,59
2019/1/18 11:30:00,wuhe_longping,north,5,48
2019/1/18 11:35:00,wuhe_longping,north,18,40
2019/1/18 11:40:00,wuhe_longping,north,6,61
2019/1/18 11:45:00,wuhe_longping,north,14,54
2019/1/18 11:50:00,wuhe_longping,north,22,60
2019/1/18 11:55:00,wuhe_longping,north,17,87
2019/1/18 12:00:00,wuhe_longping,north,18,64
2019/1/18 12:05:00,wuhe_longping,north,26,69
2019/1/18 12:10:00,wuhe_longping,north,23,61
2019/1/18 12:15:00,wuhe_longping,north,23,77
2019/1/18 12:20:00,wuhe_longping,north,13,44
2019/1/18 12:25:00,wuhe_longping,north,15,70
2019/1/18 12:30:00,wuhe_longping,north,13,59
2019/1/18 12:35:00,wuhe_longping,north,18,64
2019/1/18 12:40:00,wuhe_longping,north,9,42
2019/1/18 12:45:00,wuhe_longping,north,14,45
2019/1/18 12:50:00,wuhe_longping,north,13,34
2019/1/18 12:55:00,wuhe_longping,north,17,44
2019/1/18 13:00:00,wuhe_longping,north,5,60
2019/1/18 13:05:00,wuhe_longping,north,11,34
2019/1/18 13:10:00,wuhe_longping,north,10,38
2019/1/18 13:15:00,wuhe_longping,north,12,49
2019/1/18 13:20:00,wuhe_longping,north,9,53
2019/1/18 13:25:00,wuhe_longping,north,12,53
2019/1/18 13:30:00,wuhe_longping,north,12,39
2019/1/18 13:35:00,wuhe_longping,north,14,65
2019/1/18 13:40:00,wuhe_longping,north,9,40
2019/1/18 13:45:00,wuhe_longping,north,17,66
2019/1/18 13:50:00,wuhe_longping,north,23,64
2019/1/18 13:55:00,wuhe_longping,north,26,51
2019/1/18 14:00:00,wuhe_longping,north,12,70
2019/1/18 14:05:00,wuhe_longping,north,19,74
2019/1/18 14:10:00,wuhe_longping,north,15,61
2019/1/18 14:15:00,wuhe_longping,north,13,66
2019/1/18 14:20:00,wuhe_longping,north,12,60
2019/1/18 14:25:00,wuhe_longping,north,18,79
2019/1/18 14:30:00,wuhe_longping,north,11,61
2019/1/18 14:35:00,wuhe_longping,north,12,88
2019/1/18 14:40:00,wuhe_longping,north,7,79
2019/1/18 14:45:00,wuhe_longping,north,13,65
2019/1/18 14:50:00,wuhe_longping,north,10,92
2019/1/18 14:55:00,wuhe_longping,north,10,77
2019/1/18 15:00:00,wuhe_longping,north,14,85
2019/1/18 15:05:00,wuhe_longping,north,9,60
2019/1/18 15:10:00,wuhe_longping,north,10,55
2019/1/18 15:15:00,wuhe_longping,north,11,59
2019/1/18 15:20:00,wuhe_longping,north,20,89
2019/1/18 15:25:00,wuhe_longping,north,13,46
2019/1/18 15:30:00,wuhe_longping,north,12,87
2019/1/18 15:35:00,wuhe_longping,north,14,72
2019/1/18 15:40:00,wuhe_longping,north,9,46
2019/1/18 15:45:00,wuhe_longping,north,18,66
2019/1/18 15:50:00,wuhe_longping,north,14,49
2019/1/18 15:55:00,wuhe_longping,north,16,73
2019/1/18 16:00:00,wuhe_longping,north,10,74
2019/1/18 16:05:00,wuhe_longping,north,10,69
2019/1/18 16:10:00,wuhe_longping,north,19,59
2019/1/18 16:15:00,wuhe_longping,north,19,78
2019/1/18 16:20:00,wuhe_longping,north,10,63
2019/1/18 16:25:00,wuhe_longping,north,20,79
2019/1/18 16:30:00,wuhe_longping,north,15,68
2019/1/18 16:35:00,wuhe_longping,north,18,70
2019/1/18 16:40:00,wuhe_longping,north,18,88
2019/1/18 16:45:00,wuhe_longping,north,12,99
2019/1/18 16:50:00,wuhe_longping,north,12,81
2019/1/18 16:55:00,wuhe_longping,north,19,105
2019/1/18 17:00:00,wuhe_longping,north,18,116
2019/1/18 17:05:00,wuhe_longping,north,21,118
2019/1/18 17:10:00,wuhe_longping,north,15,113
2019/1/18 17:15:00,wuhe_longping,north,16,116
2019/1/18 17:20:00,wuhe_longping,north,20,123
2019/1/18 17:25:00,wuhe_longping,north,23,175
2019/1/18 17:30:00,wuhe_longping,north,6,98
2019/1/18 17:35:00,wuhe_longping,north,28,141
2019/1/18 17:40:00,wuhe_longping,north,35,142
2019/1/18 17:45:00,wuhe_longping,north,21,111
2019/1/18 17:50:00,wuhe_longping,north,26,146
2019/1/18 17:55:00,wuhe_longping,north,26,116
2019/1/18 18:00:00,wuhe_longping,north,21,111
2019/1/18 18:05:00,wuhe_longping,north,16,134
2019/1/18 18:10:00,wuhe_longping,north,17,130
2019/1/18 18:15:00,wuhe_longping,north,24,116
2019/1/18 18:20:00,wuhe_longping,north,19,125
2019/1/18 18:25:00,wuhe_longping,north,23,99
2019/1/18 18:30:00,wuhe_longping,north,13,83
2019/1/18 18:35:00,wuhe_longping,north,20,120
2019/1/18 18:40:00,wuhe_longping,north,14,95
2019/1/18 18:45:00,wuhe_longping,north,11,100
2019/1/18 18:50:00,wuhe_longping,north,16,85
2019/1/18 18:55:00,wuhe_longping,north,7,85
2019/1/18 19:00:00,wuhe_longping,north,10,114
2019/1/18 19:05:00,wuhe_longping,north,20,75
2019/1/18 19:10:00,wuhe_longping,north,13,66
2019/1/18 19:15:00,wuhe_longping,north,9,81
2019/1/18 19:20:00,wuhe_longping,north,10,69
2019/1/18 19:25:00,wuhe_longping,north,5,80
2019/1/18 19:30:00,wuhe_longping,north,8,99
2019/1/18 19:35:00,wuhe_longping,north,7,76
2019/1/18 19:40:00,wuhe_longping,north,12,82
2019/1/18 19:45:00,wuhe_longping,north,11,78
2019/1/18 19:50:00,wuhe_longping,north,13,67
2019/1/18 19:55:00,wuhe_longping,north,14,64
2019/1/18 20:00:00,wuhe_longping,north,7,92
2019/1/18 20:05:00,wuhe_longping,north,9,70
2019/1/18 20:10:00,wuhe_longping,north,4,36
2019/1/18 20:15:00,wuhe_longping,north,7,81
2019/1/18 20:20:00,wuhe_longping,north,6,72
2019/1/18 20:25:00,wuhe_longping,north,7,61
2019/1/18 20:30:00,wuhe_longping,north,8,94
2019/1/18 20:35:00,wuhe_longping,north,5,124
2019/1/18 20:40:00,wuhe_longping,north,9,99
2019/1/18 20:45:00,wuhe_longping,north,15,108
2019/1/18 20:50:00,wuhe_longping,north,7,154
2019/1/18 20:55:00,wuhe_longping,north,12,120
2019/1/18 21:00:00,wuhe_longping,north,5,99
2019/1/18 21:05:00,wuhe_longping,north,11,81
2019/1/18 21:10:00,wuhe_longping,north,8,75
2019/1/18 21:15:00,wuhe_longping,north,10,69
2019/1/18 21:20:00,wuhe_longping,north,11,63
2019/1/18 21:25:00,wuhe_longping,north,3,96
2019/1/18 21:30:00,wuhe_longping,north,7,47
2019/1/18 21:35:00,wuhe_longping,north,7,47
2019/1/18 21:40:00,wuhe_longping,north,5,77
2019/1/18 21:45:00,wuhe_longping,north,7,62
2019/1/18 21:50:00,wuhe_longping,north,3,60
2019/1/18 21:55:00,wuhe_longping,north,5,62
2019/1/18 22:00:00,wuhe_longping,north,4,44
2019/1/18 22:05:00,wuhe_longping,north,5,50
2019/1/18 22:10:00,wuhe_longping,north,5,41
2019/1/18 22:15:00,wuhe_longping,north,8,55
2019/1/18 22:20:00,wuhe_longping,north,5,47
2019/1/18 22:25:00,wuhe_longping,north,6,50
2019/1/18 22:30:00,wuhe_longping,north,5,46
2019/1/18 22:35:00,wuhe_longping,north,7,43
2019/1/18 22:40:00,wuhe_longping,north,4,35
2019/1/18 22:45:00,wuhe_longping,north,4,42
2019/1/18 22:50:00,wuhe_longping,north,6,34
2019/1/18 22:55:00,wuhe_longping,north,3,33
2019/1/18 23:00:00,wuhe_longping,north,4,42
2019/1/18 23:05:00,wuhe_longping,north,5,54
2019/1/18 23:10:00,wuhe_longping,north,2,37
2019/1/18 23:15:00,wuhe_longping,north,4,54
2019/1/18 23:20:00,wuhe_longping,north,5,39
2019/1/18 23:25:00,wuhe_longping,north,4,50
2019/1/18 23:30:00,wuhe_longping,north,5,39
2019/1/18 23:35:00,wuhe_longping,north,0,30
2019/1/18 23:40:00,wuhe_longping,north,2,26
2019/1/18 23:45:00,wuhe_longping,north,0,24
2019/1/18 23:50:00,wuhe_longping,north,2,32
2019/1/18 23:55:00,wuhe_longping,north,1,29
