2019/1/18 00:00:00,wuhe_zhangheng,south,1,27
2019/1/18 00:05:00,wuhe_zhangheng,south,0,9
2019/1/18 00:10:00,wuhe_zhangheng,south,2,18
2019/1/18 00:15:00,wuhe_zhangheng,south,2,12
2019/1/18 00:20:00,wuhe_zhangheng,south,3,18
2019/1/18 00:25:00,wuhe_zhangheng,south,2,18
2019/1/18 00:30:00,wuhe_zhangheng,south,0,8
2019/1/18 00:35:00,wuhe_zhangheng,south,3,13
2019/1/18 00:40:00,wuhe_zhangheng,south,0,6
2019/1/18 00:45:00,wuhe_zhangheng,south,0,9
2019/1/18 00:50:00,wuhe_zhangheng,south,0,9
2019/1/18 00:55:00,wuhe_zhangheng,south,1,10
2019/1/18 01:00:00,wuhe_zhangheng,south,1,5
2019/1/18 01:05:00,wuhe_zhangheng,south,0,11
2019/1/18 01:10:00,wuhe_zhangheng,south,1,5
2019/1/18 01:15:00,wuhe_zhangheng,south,2,5
2019/1/18 01:20:00,wuhe_zhangheng,south,1,10
2019/1/18 01:25:00,wuhe_zhangheng,south,1,7
2019/1/18 01:30:00,wuhe_zhangheng,south,0,6
2019/1/18 01:35:00,wuhe_zhangheng,south,0,7
2019/1/18 01:40:00,wuhe_zhangheng,south,0,9
2019/1/18 01:45:00,wuhe_zhangheng,south,0,4
2019/1/18 01:50:00,wuhe_zhangheng,south,0,7
2019/1/18 01:55:00,wuhe_zhangheng,south,0,4
2019/1/18 02:00:00,wuhe_zhangheng,south,0,4
2019/1/18 02:05:00,wuhe_zhangheng,south,0,6
2019/1/18 02:10:00,wuhe_zhangheng,south,0,8
2019/1/18 02:15:00,wuhe_zhangheng,south,1,5
2019/1/18 02:20:00,wuhe_zhangheng,south,0,3
2019/1/18 02:25:00,wuhe_zhangheng,south,0,6
2019/1/18 02:30:00,wuhe_zhangheng,south,0,2
2019/1/18 02:35:00,wuhe_zhangheng,south,0,5
2019/1/18 02:40:00,wuhe_zhangheng,south,0,8
2019/1/18 02:45:00,wuhe_zhangheng,south,0,3
2019/1/18 02:50:00,wuhe_zhangheng,south,0,10
2019/1/18 02:55:00,wuhe_zhangheng,south,1,4
2019/1/18 03:00:00,wuhe_zhangheng,south,1,2
2019/1/18 03:05:00,wuhe_zhangheng,south,0,3
2019/1/18 03:10:00,wuhe_zhangheng,south,0,4
2019/1/18 03:15:00,wuhe_zhangheng,south,0,5
2019/1/18 03:20:00,wuhe_zhangheng,south,0,4
2019/1/18 03:25:00,wuhe_zhangheng,south,0,4
2019/1/18 03:30:00,wuhe_zhangheng,south,0,5
2019/1/18 03:35:00,wuhe_zhangheng,south,0,7
2019/1/18 03:40:00,wuhe_zhangheng,south,0,3
2019/1/18 03:45:00,wuhe_zhangheng,south,0,1
2019/1/18 03:50:00,wuhe_zhangheng,south,0,2
2019/1/18 03:55:00,wuhe_zhangheng,south,0,6
2019/1/18 04:00:00,wuhe_zhangheng,south,0,1
2019/1/18 04:05:00,wuhe_zhangheng,south,0,5
2019/1/18 04:10:00,wuhe_zhangheng,south,0,2
2019/1/18 04:15:00,wuhe_zhangheng,south,0,3
2019/1/18 04:20:00,wuhe_zhangheng,south,0,1
2019/1/18 04:25:00,wuhe_zhangheng,south,0,6
2019/1/18 04:30:00,wuhe_zhangheng,south,0,4
2019/1/18 04:35:00,wuhe_zhangheng,south,0,2
2019/1/18 04:40:00,wuhe_zhangheng,south,1,6
2019/1/18 04:45:00,wuhe_zhangheng,south,0,5
2019/1/18 04:50:00,wuhe_zhangheng,south,0,3
2019/1/18 04:55:00,wuhe_zhangheng,south,0,3
2019/1/18 05:00:00,wuhe_zhangheng,south,0,6
2019/1/18 05:05:00,wuhe_zhangheng,south,0,3
2019/1/18 05:10:00,wuhe_zhangheng,south,1,7
2019/1/18 05:15:00,wuhe_zhangheng,south,0,5
2019/1/18 05:20:00,wuhe_zhangheng,south,0,5
2019/1/18 05:25:00,wuhe_zhangheng,south,0,3
2019/1/18 05:30:00,wuhe_zhangheng,south,0,6
2019/1/18 05:35:00,wuhe_zhangheng,south,0,7
2019/1/18 05:40:00,wuhe_zhangheng,south,0,9
2019/1/18 05:45:00,wuhe_zhangheng,south,0,6
2019/1/18 05:50:00,wuhe_zhangheng,south,0,5
2019/1/18 05:55:00,wuhe_zhangheng,south,1,8
2019/1/18 06:00:00,wuhe_zhangheng,south,0,4
2019/1/18 06:05:00,wuhe_zhangheng,south,0,6
2019/1/18 06:10:00,wuhe_zhangheng,south,2,7
2019/1/18 06:15:00,wuhe_zhangheng,south,0,9
2019/1/18 06:20:00,wuhe_zhangheng,south,0,9
2019/1/18 06:25:00,wuhe_zhangheng,south,1,7
2019/1/18 06:30:00,wuhe_zhangheng,south,0,9
2019/1/18 06:35:00,wuhe_zhangheng,south,0,17
2019/1/18 06:40:00,wuhe_zhangheng,south,1,9
2019/1/18 06:45:00,wuhe_zhangheng,south,4,18
2019/1/18 06:50:00,wuhe_zhangheng,south,3,12
2019/1/18 06:55:00,wuhe_zhangheng,south,4,17
2019/1/18 07:00:00,wuhe_zhangheng,south,2,16
2019/1/18 07:05:00,wuhe_zhangheng,south,4,13
2019/1/18 07:10:00,wuhe_zhangheng,south,6,24
2019/1/18 07:15:00,wuhe_zhangheng,south,3,18
2019/1/18 07:20:00,wuhe_zhangheng,south,8,40
2019/1/18 07:25:00,wuhe_zhangheng,south,12,20
2019/1/18 07:30:00,wuhe_zhangheng,south,11,45
2019/1/18 07:35:00,wuhe_zhangheng,south,8,42
2019/1/18 07:40:00,wuhe_zhangheng,south,16,30
2019/1/18 07:45:00,wuhe_zhangheng,south,7,32
2019/1/18 07:50:00,wuhe_zhangheng,south,9,66
2019/1/18 07:55:00,wuhe_zhangheng,south,7,30
2019/1/18 08:00:00,wuhe_zhangheng,south,9,62
2019/1/18 08:05:00,wuhe_zhangheng,south,7,28
2019/1/18 08:10:00,wuhe_zhangheng,south,8,77
2019/1/18 08:15:00,wuhe_zhangheng,south,10,43
2019/1/18 08:20:00,wuhe_zhangheng,south,4,39
2019/1/18 08:25:00,wuhe_zhangheng,south,5,76
2019/1/18 08:30:00,wuhe_zhangheng,south,5,29
2019/1/18 08:35:00,wuhe_zhangheng,south,7,57
2019/1/18 08:40:00,wuhe_zhangheng,south,4,28
2019/1/18 08:45:00,wuhe_zhangheng,south,10,61
2019/1/18 08:50:00,wuhe_zhangheng,south,2,42
2019/1/18 08:55:00,wuhe_zhangheng,south,8,67
2019/1/18 09:00:00,wuhe_zhangheng,south,7,66
2019/1/18 09:05:00,wuhe_zhangheng,south,2,51
2019/1/18 09:10:00,wuhe_zhangheng,south,4,57
2019/1/18 09:15:00,wuhe_zhangheng,south,5,54
2019/1/18 09:20:00,wuhe_zhangheng,south,6,48
2019/1/18 09:25:00,wuhe_zhangheng,south,5,63
2019/1/18 09:30:00,wuhe_zhangheng,south,7,51
2019/1/18 09:35:00,wuhe_zhangheng,south,5,38
2019/1/18 09:40:00,wuhe_zhangheng,south,6,57
2019/1/18 09:45:00,wuhe_zhangheng,south,3,57
2019/1/18 09:50:00,wuhe_zhangheng,south,3,53
2019/1/18 09:55:00,wuhe_zhangheng,south,3,50
2019/1/18 10:00:00,wuhe_zhangheng,south,4,52
2019/1/18 10:05:00,wuhe_zhangheng,south,4,50
2019/1/18 10:10:00,wuhe_zhangheng,south,4,46
2019/1/18 10:15:00,wuhe_zhangheng,south,2,33
2019/1/18 10:20:00,wuhe_zhangheng,south,1,36
2019/1/18 10:25:00,wuhe_zhangheng,south,4,21
2019/1/18 10:30:00,wuhe_zhangheng,south,4,39
2019/1/18 10:35:00,wuhe_zhangheng,south,2,52
2019/1/18 10:40:00,wuhe_zhangheng,south,3,52
2019/1/18 10:45:00,wuhe_zhangheng,south,3,49
2019/1/18 10:50:00,wuhe_zhangheng,south,5,49
2019/1/18 10:55:00,wuhe_zhangheng,south,1,32
2019/1/18 11:00:00,wuhe_zhangheng,south,7,51
2019/1/18 11:05:00,wuhe_zhangheng,south,3,57
2019/1/18 11:10:00,wuhe_zhangheng,south,4,43
2019/1/18 11:15:00,wuhe_zhangheng,south,3,38
2019/1/18 11:20:00,wuhe_zhangheng,south,2,48
2019/1/18 11:25:00,wuhe_zhangheng,south,0,43
2019/1/18 11:30:00,wuhe_zhangheng,south,1,39
2019/1/18 11:35:00,wuhe_zhangheng,south,4,34
2019/1/18 11:40:00,wuhe_zhangheng,south,3,41
2019/1/18 11:45:00,wuhe_zhangheng,south,0,35
2019/1/18 11:50:00,wuhe_zhangheng,south,0,28
2019/1/18 11:55:00,wuhe_zhangheng,south,7,35
2019/1/18 12:00:00,wuhe_zhangheng,south,12,41
2019/1/18 12:05:00,wuhe_zhangheng,south,6,41
2019/1/18 12:10:00,wuhe_zhangheng,south,13,34
2019/1/18 12:15:00,wuhe_zhangheng,south,4,45
2019/1/18 12:20:00,wuhe_zhangheng,south,3,32
2019/1/18 12:25:00,wuhe_zhangheng,south,4,25
2019/1/18 12:30:00,wuhe_zhangheng,south,5,32
2019/1/18 12:35:00,wuhe_zhangheng,south,4,42
2019/1/18 12:40:00,wuhe_zhangheng,south,4,50
2019/1/18 12:45:00,wuhe_zhangheng,south,5,39
2019/1/18 12:50:00,wuhe_zhangheng,south,2,44
2019/1/18 12:55:00,wuhe_zhangheng,south,3,44
2019/1/18 13:00:00,wuhe_zhangheng,south,3,45
2019/1/18 13:05:00,wuhe_zhangheng,south,4,31
2019/1/18 13:10:00,wuhe_zhangheng,south,5,33
2019/1/18 13:15:00,wuhe_zhangheng,south,5,32
2019/1/18 13:20:00,wuhe_zhangheng,south,3,49
2019/1/18 13:25:00,wuhe_zhangheng,south,4,46
2019/1/18 13:30:00,wuhe_zhangheng,south,5,42
2019/1/18 13:35:00,wuhe_zhangheng,south,5,43
2019/1/18 13:40:00,wuhe_zhangheng,south,4,47
2019/1/18 13:45:00,wuhe_zhangheng,south,6,38
2019/1/18 13:50:00,wuhe_zhangheng,south,3,30
2019/1/18 13:55:00,wuhe_zhangheng,south,6,30
2019/1/18 14:00:00,wuhe_zhangheng,south,3,42
2019/1/18 14:05:00,wuhe_zhangheng,south,2,37
2019/1/18 14:10:00,wuhe_zhangheng,south,5,50
2019/1/18 14:15:00,wuhe_zhangheng,south,4,56
2019/1/18 14:20:00,wuhe_zhangheng,south,2,52
2019/1/18 14:25:00,wuhe_zhangheng,south,5,44
2019/1/18 14:30:00,wuhe_zhangheng,south,5,40
2019/1/18 14:35:00,wuhe_zhangheng,south,5,44
2019/1/18 14:40:00,wuhe_zhangheng,south,8,59
2019/1/18 14:45:00,wuhe_zhangheng,south,4,32
2019/1/18 14:50:00,wuhe_zhangheng,south,4,48
2019/1/18 14:55:00,wuhe_zhangheng,south,8,39
2019/1/18 15:00:00,wuhe_zhangheng,south,1,43
2019/1/18 15:05:00,wuhe_zhangheng,south,3,42
2019/1/18 15:10:00,wuhe_zhangheng,south,3,40
2019/1/18 15:15:00,wuhe_zhangheng,south,5,45
2019/1/18 15:20:00,wuhe_zhangheng,south,2,53
2019/1/18 15:25:00,wuhe_zhangheng,south,4,42
2019/1/18 15:30:00,wuhe_zhangheng,south,0,42
2019/1/18 15:35:00,wuhe_zhangheng,south,6,52
2019/1/18 15:40:00,wuhe_zhangheng,south,5,45
2019/1/18 15:45:00,wuhe_zhangheng,south,4,44
2019/1/18 15:50:00,wuhe_zhangheng,south,9,41
2019/1/18 15:55:00,wuhe_zhangheng,south,3,55
2019/1/18 16:00:00,wuhe_zhangheng,south,3,48
2019/1/18 16:05:00,wuhe_zhangheng,south,5,36
2019/1/18 16:10:00,wuhe_zhangheng,south,5,42
2019/1/18 16:15:00,wuhe_zhangheng,south,5,49
2019/1/18 16:20:00,wuhe_zhangheng,south,1,50
2019/1/18 16:25:00,wuhe_zhangheng,south,1,37
2019/1/18 16:30:00,wuhe_zhangheng,south,5,49
2019/1/18 16:35:00,wuhe_zhangheng,south,3,35
2019/1/18 16:40:00,wuhe_zhangheng,south,4,51
2019/1/18 16:45:00,wuhe_zhangheng,south,2,40
2019/1/18 16:50:00,wuhe_zhangheng,south,4,36
2019/1/18 16:55:00,wuhe_zhangheng,south,2,40
2019/1/18 17:00:00,wuhe_zhangheng,south,4,38
2019/1/18 17:05:00,wuhe_zhangheng,south,8,45
2019/1/18 17:10:00,wuhe_zhangheng,south,7,55
2019/1/18 17:15:00,wuhe_zhangheng,south,5,47
2019/1/18 17:20:00,wuhe_zhangheng,south,2,47
2019/1/18 17:25:00,wuhe_zhangheng,south,2,39
2019/1/18 17:30:00,wuhe_zhangheng,south,10,34
2019/1/18 17:35:00,wuhe_zhangheng,south,9,48
2019/1/18 17:40:00,wuhe_zhangheng,south,14,46
2019/1/18 17:45:00,wuhe_zhangheng,south,8,47
2019/1/18 17:50:00,wuhe_zhangheng,south,6,33
2019/1/18 17:55:00,wuhe_zhangheng,south,7,37
2019/1/18 18:00:00,wuhe_zhangheng,south,11,60
2019/1/18 18:05:00,wuhe_zhangheng,south,10,62
2019/1/18 18:10:00,wuhe_zhangheng,south,7,63
2019/1/18 18:15:00,wuhe_zhangheng,south,12,56
2019/1/18 18:20:00,wuhe_zhangheng,south,7,61
2019/1/18 18:25:00,wuhe_zhangheng,south,6,49
2019/1/18 18:30:00,wuhe_zhangheng,south,9,80
2019/1/18 18:35:00,wuhe_zhangheng,south,8,74
2019/1/18 18:40:00,wuhe_zhangheng,south,7,45
2019/1/18 18:45:00,wuhe_zhangheng,south,4,42
2019/1/18 18:50:00,wuhe_zhangheng,south,3,47
2019/1/18 18:55:00,wuhe_zhangheng,south,8,48
2019/1/18 19:00:00,wuhe_zhangheng,south,4,38
2019/1/18 19:05:00,wuhe_zhangheng,south,4,42
2019/1/18 19:10:00,wuhe_zhangheng,south,6,54
2019/1/18 19:15:00,wuhe_zhangheng,south,5,45
2019/1/18 19:20:00,wuhe_zhangheng,south,3,39
2019/1/18 19:25:00,wuhe_zhangheng,south,6,46
2019/1/18 19:30:00,wuhe_zhangheng,south,3,38
2019/1/18 19:35:00,wuhe_zhangheng,south,2,55
2019/1/18 19:40:00,wuhe_zhangheng,south,3,53
2019/1/18 19:45:00,wuhe_zhangheng,south,2,55
2019/1/18 19:50:00,wuhe_zhangheng,south,5,42
2019/1/18 19:55:00,wuhe_zhangheng,south,7,33
2019/1/18 20:00:00,wuhe_zhangheng,south,4,48
2019/1/18 20:05:00,wuhe_zhangheng,south,3,31
2019/1/18 20:10:00,wuhe_zhangheng,south,4,45
2019/1/18 20:15:00,wuhe_zhangheng,south,3,30
2019/1/18 20:20:00,wuhe_zhangheng,south,3,25
2019/1/18 20:25:00,wuhe_zhangheng,south,2,34
2019/1/18 20:30:00,wuhe_zhangheng,south,3,33
2019/1/18 20:35:00,wuhe_zhangheng,south,6,62
2019/1/18 20:40:00,wuhe_zhangheng,south,8,33
2019/1/18 20:45:00,wuhe_zhangheng,south,8,45
2019/1/18 20:50:00,wuhe_zhangheng,south,9,47
2019/1/18 20:55:00,wuhe_zhangheng,south,9,55
2019/1/18 21:00:00,wuhe_zhangheng,south,5,45
2019/1/18 21:05:00,wuhe_zhangheng,south,4,45
2019/1/18 21:10:00,wuhe_zhangheng,south,2,32
2019/1/18 21:15:00,wuhe_zhangheng,south,9,69
2019/1/18 21:20:00,wuhe_zhangheng,south,6,28
2019/1/18 21:25:00,wuhe_zhangheng,south,6,34
2019/1/18 21:30:00,wuhe_zhangheng,south,5,35
2019/1/18 21:35:00,wuhe_zhangheng,south,7,50
2019/1/18 21:40:00,wuhe_zhangheng,south,7,48
2019/1/18 21:45:00,wuhe_zhangheng,south,2,32
2019/1/18 21:50:00,wuhe_zhangheng,south,2,39
2019/1/18 21:55:00,wuhe_zhangheng,south,5,46
2019/1/18 22:00:00,wuhe_zhangheng,south,5,39
2019/1/18 22:05:00,wuhe_zhangheng,south,3,54
2019/1/18 22:10:00,wuhe_zhangheng,south,4,35
2019/1/18 22:15:00,wuhe_zhangheng,south,6,35
2019/1/18 22:20:00,wuhe_zhangheng,south,4,34
2019/1/18 22:25:00,wuhe_zhangheng,south,2,38
2019/1/18 22:30:00,wuhe_zhangheng,south,7,30
2019/1/18 22:35:00,wuhe_zhangheng,south,3,31
2019/1/18 22:40:00,wuhe_zhangheng,south,3,31
2019/1/18 22:45:00,wuhe_zhangheng,south,4,44
2019/1/18 22:50:00,wuhe_zhangheng,south,3,35
2019/1/18 22:55:00,wuhe_zhangheng,south,1,24
2019/1/18 23:00:00,wuhe_zhangheng,south,1,25
2019/1/18 23:05:00,wuhe_zhangheng,south,1,28
2019/1/18 23:10:00,wuhe_zhangheng,south,2,25
2019/1/18 23:15:00,wuhe_zhangheng,south,0,37
2019/1/18 23:20:00,wuhe_zhangheng,south,2,30
2019/1/18 23:25:00,wuhe_zhangheng,south,1,35
2019/1/18 23:30:00,wuhe_zhangheng,south,2,11
2019/1/18 23:35:00,wuhe_zhangheng,south,5,20
2019/1/18 23:40:00,wuhe_zhangheng,south,0,18
2019/1/18 23:45:00,wuhe_zhangheng,south,2,11
2019/1/18 23:50:00,wuhe_zhangheng,south,1,24
2019/1/18 23:55:00,wuhe_zhangheng,south,0,25
