2019/1/18 00:00:00,wuhe_jiaxian,north,4,14
2019/1/18 00:05:00,wuhe_jiaxian,north,1,19
2019/1/18 00:10:00,wuhe_jiaxian,north,4,12
2019/1/18 00:15:00,wuhe_jiaxian,north,3,17
2019/1/18 00:20:00,wuhe_jiaxian,north,2,15
2019/1/18 00:25:00,wuhe_jiaxian,north,2,19
2019/1/18 00:30:00,wuhe_jiaxian,north,4,12
2019/1/18 00:35:00,wuhe_jiaxian,north,0,15
2019/1/18 00:40:00,wuhe_jiaxian,north,2,12
2019/1/18 00:45:00,wuhe_jiaxian,north,0,15
2019/1/18 00:50:00,wuhe_jiaxian,north,1,8
2019/1/18 00:55:00,wuhe_jiaxian,north,1,15
2019/1/18 01:00:00,wuhe_jiaxian,north,1,9
2019/1/18 01:05:00,wuhe_jiaxian,north,1,12
2019/1/18 01:10:00,wuhe_jiaxian,north,1,10
2019/1/18 01:15:00,wuhe_jiaxian,north,1,19
2019/1/18 01:20:00,wuhe_jiaxian,north,1,6
2019/1/18 01:25:00,wuhe_jiaxian,north,2,9
2019/1/18 01:30:00,wuhe_jiaxian,north,2,10
2019/1/18 01:35:00,wuhe_jiaxian,north,1,6
2019/1/18 01:40:00,wuhe_jiaxian,north,1,6
2019/1/18 01:45:00,wuhe_jiaxian,north,0,3
2019/1/18 01:50:00,wuhe_jiaxian,north,0,3
2019/1/18 01:55:00,wuhe_jiaxian,north,0,6
2019/1/18 02:00:00,wuhe_jiaxian,north,1,2
2019/1/18 02:05:00,wuhe_jiaxian,north,0,5
2019/1/18 02:10:00,wuhe_jiaxian,north,3,8
2019/1/18 02:15:00,wuhe_jiaxian,north,0,8
2019/1/18 02:20:00,wuhe_jiaxian,north,1,3
2019/1/18 02:25:00,wuhe_jiaxian,north,0,6
2019/1/18 02:30:00,wuhe_jiaxian,north,0,7
2019/1/18 02:35:00,wuhe_jiaxian,north,0,10
2019/1/18 02:40:00,wuhe_jiaxian,north,1,6
2019/1/18 02:45:00,wuhe_jiaxian,north,0,7
2019/1/18 02:50:00,wuhe_jiaxian,north,0,5
2019/1/18 02:55:00,wuhe_jiaxian,north,0,2
2019/1/18 03:00:00,wuhe_jiaxian,north,0,4
2019/1/18 03:05:00,wuhe_jiaxian,north,2,4
2019/1/18 03:10:00,wuhe_jiaxian,north,0,5
2019/1/18 03:15:00,wuhe_jiaxian,north,0,6
2019/1/18 03:20:00,wuhe_jiaxian,north,2,4
2019/1/18 03:25:00,wuhe_jiaxian,north,0,2
2019/1/18 03:30:00,wuhe_jiaxian,north,0,3
2019/1/18 03:35:00,wuhe_jiaxian,north,0,4
2019/1/18 03:40:00,wuhe_jiaxian,north,0,4
2019/1/18 03:45:00,wuhe_jiaxian,north,1,5
2019/1/18 03:50:00,wuhe_jiaxian,north,0,5
2019/1/18 03:55:00,wuhe_jiaxian,north,0,4
2019/1/18 04:00:00,wuhe_jiaxian,north,0,2
2019/1/18 04:05:00,wuhe_jiaxian,north,1,2
2019/1/18 04:10:00,wuhe_jiaxian,north,0,1
2019/1/18 04:15:00,wuhe_jiaxian,north,1,0
2019/1/18 04:20:00,wuhe_jiaxian,north,0,1
2019/1/18 04:25:00,wuhe_jiaxian,north,0,0
2019/1/18 04:30:00,wuhe_jiaxian,north,1,2
2019/1/18 04:35:00,wuhe_jiaxian,north,0,1
2019/1/18 04:40:00,wuhe_jiaxian,north,0,2
2019/1/18 04:45:00,wuhe_jiaxian,north,0,4
2019/1/18 04:50:00,wuhe_jiaxian,north,1,1
2019/1/18 04:55:00,wuhe_jiaxian,north,0,2
2019/1/18 05:00:00,wuhe_jiaxian,north,0,3
2019/1/18 05:05:00,wuhe_jiaxian,north,0,6
2019/1/18 05:10:00,wuhe_jiaxian,north,0,3
2019/1/18 05:15:00,wuhe_jiaxian,north,1,1
2019/1/18 05:20:00,wuhe_jiaxian,north,0,3
2019/1/18 05:25:00,wuhe_jiaxian,north,0,3
2019/1/18 05:30:00,wuhe_jiaxian,north,0,2
2019/1/18 05:35:00,wuhe_jiaxian,north,0,4
2019/1/18 05:40:00,wuhe_jiaxian,north,1,4
2019/1/18 05:45:00,wuhe_jiaxian,north,0,8
2019/1/18 05:50:00,wuhe_jiaxian,north,0,3
2019/1/18 05:55:00,wuhe_jiaxian,north,1,4
2019/1/18 06:00:00,wuhe_jiaxian,north,0,12
2019/1/18 06:05:00,wuhe_jiaxian,north,2,2
2019/1/18 06:10:00,wuhe_jiaxian,north,4,5
2019/1/18 06:15:00,wuhe_jiaxian,north,1,8
2019/1/18 06:20:00,wuhe_jiaxian,north,0,11
2019/1/18 06:25:00,wuhe_jiaxian,north,3,15
2019/1/18 06:30:00,wuhe_jiaxian,north,0,14
2019/1/18 06:35:00,wuhe_jiaxian,north,1,15
2019/1/18 06:40:00,wuhe_jiaxian,north,3,24
2019/1/18 06:45:00,wuhe_jiaxian,north,3,16
2019/1/18 06:50:00,wuhe_jiaxian,north,3,15
2019/1/18 06:55:00,wuhe_jiaxian,north,7,26
2019/1/18 07:00:00,wuhe_jiaxian,north,5,21
2019/1/18 07:05:00,wuhe_jiaxian,north,5,11
2019/1/18 07:10:00,wuhe_jiaxian,north,2,24
2019/1/18 07:15:00,wuhe_jiaxian,north,4,21
2019/1/18 07:20:00,wuhe_jiaxian,north,9,31
2019/1/18 07:25:00,wuhe_jiaxian,north,12,33
2019/1/18 07:30:00,wuhe_jiaxian,north,15,27
2019/1/18 07:35:00,wuhe_jiaxian,north,9,36
2019/1/18 07:40:00,wuhe_jiaxian,north,18,59
2019/1/18 07:45:00,wuhe_jiaxian,north,17,56
2019/1/18 07:50:00,wuhe_jiaxian,north,21,54
2019/1/18 07:55:00,wuhe_jiaxian,north,25,47
2019/1/18 08:00:00,wuhe_jiaxian,north,26,76
2019/1/18 08:05:00,wuhe_jiaxian,north,14,64
2019/1/18 08:10:00,wuhe_jiaxian,north,27,58
2019/1/18 08:15:00,wuhe_jiaxian,north,29,88
2019/1/18 08:20:00,wuhe_jiaxian,north,18,67
2019/1/18 08:25:00,wuhe_jiaxian,north,27,59
2019/1/18 08:30:00,wuhe_jiaxian,north,18,64
2019/1/18 08:35:00,wuhe_jiaxian,north,16,79
2019/1/18 08:40:00,wuhe_jiaxian,north,18,75
2019/1/18 08:45:00,wuhe_jiaxian,north,9,46
2019/1/18 08:50:00,wuhe_jiaxian,north,23,71
2019/1/18 08:55:00,wuhe_jiaxian,north,11,48
2019/1/18 09:00:00,wuhe_jiaxian,north,12,58
2019/1/18 09:05:00,wuhe_jiaxian,north,10,65
2019/1/18 09:10:00,wuhe_jiaxian,north,16,45
2019/1/18 09:15:00,wuhe_jiaxian,north,4,36
2019/1/18 09:20:00,wuhe_jiaxian,north,8,55
2019/1/18 09:25:00,wuhe_jiaxian,north,7,53
2019/1/18 09:30:00,wuhe_jiaxian,north,10,47
2019/1/18 09:35:00,wuhe_jiaxian,north,9,56
2019/1/18 09:40:00,wuhe_jiaxian,north,7,55
2019/1/18 09:45:00,wuhe_jiaxian,north,7,63
2019/1/18 09:50:00,wuhe_jiaxian,north,18,48
2019/1/18 09:55:00,wuhe_jiaxian,north,8,59
2019/1/18 10:00:00,wuhe_jiaxian,north,8,58
2019/1/18 10:05:00,wuhe_jiaxian,north,15,44
2019/1/18 10:10:00,wuhe_jiaxian,north,12,54
2019/1/18 10:15:00,wuhe_jiaxian,north,9,55
2019/1/18 10:20:00,wuhe_jiaxian,north,9,51
2019/1/18 10:25:00,wuhe_jiaxian,north,6,47
2019/1/18 10:30:00,wuhe_jiaxian,north,9,37
2019/1/18 10:35:00,wuhe_jiaxian,north,8,42
2019/1/18 10:40:00,wuhe_jiaxian,north,5,36
2019/1/18 10:45:00,wuhe_jiaxian,north,13,49
2019/1/18 10:50:00,wuhe_jiaxian,north,11,49
2019/1/18 10:55:00,wuhe_jiaxian,north,11,54
2019/1/18 11:00:00,wuhe_jiaxian,north,10,48
2019/1/18 11:05:00,wuhe_jiaxian,north,12,35
2019/1/18 11:10:00,wuhe_jiaxian,north,10,42
2019/1/18 11:15:00,wuhe_jiaxian,north,7,40
2019/1/18 11:20:00,wuhe_jiaxian,north,16,40
2019/1/18 11:25:00,wuhe_jiaxian,north,17,40
2019/1/18 11:30:00,wuhe_jiaxian,north,8,47
2019/1/18 11:35:00,wuhe_jiaxian,north,10,38
2019/1/18 11:40:00,wuhe_jiaxian,north,11,37
2019/1/18 11:45:00,wuhe_jiaxian,north,6,51
2019/1/18 11:50:00,wuhe_jiaxian,north,8,48
2019/1/18 11:55:00,wuhe_jiaxian,north,9,58
2019/1/18 12:00:00,wuhe_jiaxian,north,8,37
2019/1/18 12:05:00,wuhe_jiaxian,north,5,46
2019/1/18 12:10:00,wuhe_jiaxian,north,7,45
2019/1/18 12:15:00,wuhe_jiaxian,north,9,31
2019/1/18 12:20:00,wuhe_jiaxian,north,7,23
2019/1/18 12:25:00,wuhe_jiaxian,north,7,46
2019/1/18 12:30:00,wuhe_jiaxian,north,7,38
2019/1/18 12:35:00,wuhe_jiaxian,north,5,49
2019/1/18 12:40:00,wuhe_jiaxian,north,4,31
2019/1/18 12:45:00,wuhe_jiaxian,north,7,38
2019/1/18 12:50:00,wuhe_jiaxian,north,15,29
2019/1/18 12:55:00,wuhe_jiaxian,north,7,44
2019/1/18 13:00:00,wuhe_jiaxian,north,6,30
2019/1/18 13:05:00,wuhe_jiaxian,north,12,42
2019/1/18 13:10:00,wuhe_jiaxian,north,9,34
2019/1/18 13:15:00,wuhe_jiaxian,north,11,25
2019/1/18 13:20:00,wuhe_jiaxian,north,14,44
2019/1/18 13:25:00,wuhe_jiaxian,north,4,37
2019/1/18 13:30:00,wuhe_jiaxian,north,12,40
2019/1/18 13:35:00,wuhe_jiaxian,north,7,30
2019/1/18 13:40:00,wuhe_jiaxian,north,9,44
2019/1/18 13:45:00,wuhe_jiaxian,north,9,49
2019/1/18 13:50:00,wuhe_jiaxian,north,13,49
2019/1/18 13:55:00,wuhe_jiaxian,north,11,44
2019/1/18 14:00:00,wuhe_jiaxian,north,15,60
2019/1/18 14:05:00,wuhe_jiaxian,north,8,52
2019/1/18 14:10:00,wuhe_jiaxian,north,14,27
2019/1/18 14:15:00,wuhe_jiaxian,north,8,52
2019/1/18 14:20:00,wuhe_jiaxian,north,7,62
2019/1/18 14:25:00,wuhe_jiaxian,north,9,50
2019/1/18 14:30:00,wuhe_jiaxian,north,8,49
2019/1/18 14:35:00,wuhe_jiaxian,north,13,68
2019/1/18 14:40:00,wuhe_jiaxian,north,8,52
2019/1/18 14:45:00,wuhe_jiaxian,north,14,63
2019/1/18 14:50:00,wuhe_jiaxian,north,7,72
2019/1/18 14:55:00,wuhe_jiaxian,north,9,63
2019/1/18 15:00:00,wuhe_jiaxian,north,9,68
2019/1/18 15:05:00,wuhe_jiaxian,north,10,43
2019/1/18 15:10:00,wuhe_jiaxian,north,9,53
2019/1/18 15:15:00,wuhe_jiaxian,north,9,55
2019/1/18 15:20:00,wuhe_jiaxian,north,15,71
2019/1/18 15:25:00,wuhe_jiaxian,north,10,51
2019/1/18 15:30:00,wuhe_jiaxian,north,10,63
2019/1/18 15:35:00,wuhe_jiaxian,north,8,45
2019/1/18 15:40:00,wuhe_jiaxian,north,9,38
2019/1/18 15:45:00,wuhe_jiaxian,north,12,44
2019/1/18 15:50:00,wuhe_jiaxian,north,10,55
2019/1/18 15:55:00,wuhe_jiaxian,north,8,63
2019/1/18 16:00:00,wuhe_jiaxian,north,6,54
2019/1/18 16:05:00,wuhe_jiaxian,north,9,45
2019/1/18 16:10:00,wuhe_jiaxian,north,9,39
2019/1/18 16:15:00,wuhe_jiaxian,north,10,88
2019/1/18 16:20:00,wuhe_jiaxian,north,6,54
2019/1/18 16:25:00,wuhe_jiaxian,north,8,64
2019/1/18 16:30:00,wuhe_jiaxian,north,7,64
2019/1/18 16:35:00,wuhe_jiaxian,north,6,53
2019/1/18 16:40:00,wuhe_jiaxian,north,9,77
2019/1/18 16:45:00,wuhe_jiaxian,north,11,89
2019/1/18 16:50:00,wuhe_jiaxian,north,14,80
2019/1/18 16:55:00,wuhe_jiaxian,north,6,106
2019/1/18 17:00:00,wuhe_jiaxian,north,4,90
2019/1/18 17:05:00,wuhe_jiaxian,north,12,85
2019/1/18 17:10:00,wuhe_jiaxian,north,10,115
2019/1/18 17:15:00,wuhe_jiaxian,north,12,142
2019/1/18 17:20:00,wuhe_jiaxian,north,12,102
2019/1/18 17:25:00,wuhe_jiaxian,north,12,104
2019/1/18 17:30:00,wuhe_jiaxian,north,17,88
2019/1/18 17:35:00,wuhe_jiaxian,north,22,88
2019/1/18 17:40:00,wuhe_jiaxian,north,26,88
2019/1/18 17:45:00,wuhe_jiaxian,north,13,102
2019/1/18 17:50:00,wuhe_jiaxian,north,11,97
2019/1/18 17:55:00,wuhe_jiaxian,north,16,105
2019/1/18 18:00:00,wuhe_jiaxian,north,25,84
2019/1/18 18:05:00,wuhe_jiaxian,north,28,86
2019/1/18 18:10:00,wuhe_jiaxian,north,17,67
2019/1/18 18:15:00,wuhe_jiaxian,north,22,72
2019/1/18 18:20:00,wuhe_jiaxian,north,14,69
2019/1/18 18:25:00,wuhe_jiaxian,north,23,82
2019/1/18 18:30:00,wuhe_jiaxian,north,27,66
2019/1/18 18:35:00,wuhe_jiaxian,north,22,58
2019/1/18 18:40:00,wuhe_jiaxian,north,17,60
2019/1/18 18:45:00,wuhe_jiaxian,north,14,59
2019/1/18 18:50:00,wuhe_jiaxian,north,10,77
2019/1/18 18:55:00,wuhe_jiaxian,north,24,65
2019/1/18 19:00:00,wuhe_jiaxian,north,16,85
2019/1/18 19:05:00,wuhe_jiaxian,north,14,64
2019/1/18 19:10:00,wuhe_jiaxian,north,11,57
2019/1/18 19:15:00,wuhe_jiaxian,north,20,68
2019/1/18 19:20:00,wuhe_jiaxian,north,14,57
2019/1/18 19:25:00,wuhe_jiaxian,north,10,52
2019/1/18 19:30:00,wuhe_jiaxian,north,16,79
2019/1/18 19:35:00,wuhe_jiaxian,north,20,61
2019/1/18 19:40:00,wuhe_jiaxian,north,13,66
2019/1/18 19:45:00,wuhe_jiaxian,north,10,75
2019/1/18 19:50:00,wuhe_jiaxian,north,13,71
2019/1/18 19:55:00,wuhe_jiaxian,north,8,47
2019/1/18 20:00:00,wuhe_jiaxian,north,10,72
2019/1/18 20:05:00,wuhe_jiaxian,north,11,49
2019/1/18 20:10:00,wuhe_jiaxian,north,6,49
2019/1/18 20:15:00,wuhe_jiaxian,north,9,57
2019/1/18 20:20:00,wuhe_jiaxian,north,18,61
2019/1/18 20:25:00,wuhe_jiaxian,north,13,70
2019/1/18 20:30:00,wuhe_jiaxian,north,12,97
2019/1/18 20:35:00,wuhe_jiaxian,north,15,105
2019/1/18 20:40:00,wuhe_jiaxian,north,9,101
2019/1/18 20:45:00,wuhe_jiaxian,north,6,134
2019/1/18 20:50:00,wuhe_jiaxian,north,10,107
2019/1/18 20:55:00,wuhe_jiaxian,north,11,68
2019/1/18 21:00:00,wuhe_jiaxian,north,15,76
2019/1/18 21:05:00,wuhe_jiaxian,north,12,69
2019/1/18 21:10:00,wuhe_jiaxian,north,13,72
2019/1/18 21:15:00,wuhe_jiaxian,north,10,54
2019/1/18 21:20:00,wuhe_jiaxian,north,10,67
2019/1/18 21:25:00,wuhe_jiaxian,north,13,59
2019/1/18 21:30:00,wuhe_jiaxian,north,12,54
2019/1/18 21:35:00,wuhe_jiaxian,north,7,43
2019/1/18 21:40:00,wuhe_jiaxian,north,14,67
2019/1/18 21:45:00,wuhe_jiaxian,north,9,46
2019/1/18 21:50:00,wuhe_jiaxian,north,9,54
2019/1/18 21:55:00,wuhe_jiaxian,north,12,47
2019/1/18 22:00:00,wuhe_jiaxian,north,7,24
2019/1/18 22:05:00,wuhe_jiaxian,north,13,46
2019/1/18 22:10:00,wuhe_jiaxian,north,4,37
2019/1/18 22:15:00,wuhe_jiaxian,north,7,45
2019/1/18 22:20:00,wuhe_jiaxian,north,5,41
2019/1/18 22:25:00,wuhe_jiaxian,north,10,39
2019/1/18 22:30:00,wuhe_jiaxian,north,6,35
2019/1/18 22:35:00,wuhe_jiaxian,north,4,33
2019/1/18 22:40:00,wuhe_jiaxian,north,7,36
2019/1/18 22:45:00,wuhe_jiaxian,north,4,37
2019/1/18 22:50:00,wuhe_jiaxian,north,4,31
2019/1/18 22:55:00,wuhe_jiaxian,north,5,26
2019/1/18 23:00:00,wuhe_jiaxian,north,9,30
2019/1/18 23:05:00,wuhe_jiaxian,north,7,31
2019/1/18 23:10:00,wuhe_jiaxian,north,8,26
2019/1/18 23:15:00,wuhe_jiaxian,north,6,49
2019/1/18 23:20:00,wuhe_jiaxian,north,8,43
2019/1/18 23:25:00,wuhe_jiaxian,north,7,25
2019/1/18 23:30:00,wuhe_jiaxian,north,6,31
2019/1/18 23:35:00,wuhe_jiaxian,north,4,21
2019/1/18 23:40:00,wuhe_jiaxian,north,8,29
2019/1/18 23:45:00,wuhe_jiaxian,north,4,24
2019/1/18 23:50:00,wuhe_jiaxian,north,4,24
2019/1/18 23:55:00,wuhe_jiaxian,north,3,23
