2019/1/24 00:00:00,chongzhi_longping,south,3,5
2019/1/24 00:05:00,chongzhi_longping,south,1,7
2019/1/24 00:10:00,chongzhi_longping,south,3,9
2019/1/24 00:15:00,chongzhi_longping,south,4,2
2019/1/24 00:20:00,chongzhi_longping,south,5,6
2019/1/24 00:25:00,chongzhi_longping,south,5,2
2019/1/24 00:30:00,chongzhi_longping,south,2,4
2019/1/24 00:35:00,chongzhi_longping,south,6,6
2019/1/24 00:40:00,chongzhi_longping,south,4,4
2019/1/24 00:45:00,chongzhi_longping,south,7,2
2019/1/24 00:50:00,chongzhi_longping,south,3,2
2019/1/24 00:55:00,chongzhi_longping,south,6,5
2019/1/24 01:00:00,chongzhi_longping,south,5,6
2019/1/24 01:05:00,chongzhi_longping,south,4,8
2019/1/24 01:10:00,chongzhi_longping,south,7,1
2019/1/24 01:15:00,chongzhi_longping,south,1,1
2019/1/24 01:20:00,chongzhi_longping,south,6,4
2019/1/24 01:25:00,chongzhi_longping,south,3,3
2019/1/24 01:30:00,chongzhi_longping,south,11,4
2019/1/24 01:35:00,chongzhi_longping,south,8,5
2019/1/24 01:40:00,chongzhi_longping,south,5,4
2019/1/24 01:45:00,chongzhi_longping,south,4,3
2019/1/24 01:50:00,chongzhi_longping,south,2,0
2019/1/24 01:55:00,chongzhi_longping,south,6,1
2019/1/24 02:00:00,chongzhi_longping,south,1,0
2019/1/24 02:05:00,chongzhi_longping,south,4,4
2019/1/24 02:10:00,chongzhi_longping,south,2,7
2019/1/24 02:15:00,chongzhi_longping,south,1,4
2019/1/24 02:20:00,chongzhi_longping,south,4,7
2019/1/24 02:25:00,chongzhi_longping,south,2,3
2019/1/24 02:30:00,chongzhi_longping,south,5,2
2019/1/24 02:35:00,chongzhi_longping,south,4,1
2019/1/24 02:40:00,chongzhi_longping,south,6,5
2019/1/24 02:45:00,chongzhi_longping,south,6,0
2019/1/24 02:50:00,chongzhi_longping,south,11,3
2019/1/24 02:55:00,chongzhi_longping,south,3,7
2019/1/24 03:00:00,chongzhi_longping,south,1,0
2019/1/24 03:05:00,chongzhi_longping,south,6,2
2019/1/24 03:10:00,chongzhi_longping,south,1,2
2019/1/24 03:15:00,chongzhi_longping,south,2,3
2019/1/24 03:20:00,chongzhi_longping,south,7,3
2019/1/24 03:25:00,chongzhi_longping,south,5,1
2019/1/24 03:30:00,chongzhi_longping,south,5,1
2019/1/24 03:35:00,chongzhi_longping,south,2,1
2019/1/24 03:40:00,chongzhi_longping,south,3,3
2019/1/24 03:45:00,chongzhi_longping,south,2,2
2019/1/24 03:50:00,chongzhi_longping,south,6,1
2019/1/24 03:55:00,chongzhi_longping,south,1,1
2019/1/24 04:00:00,chongzhi_longping,south,4,3
2019/1/24 04:05:00,chongzhi_longping,south,7,0
2019/1/24 04:10:00,chongzhi_longping,south,3,4
2019/1/24 04:15:00,chongzhi_longping,south,8,3
2019/1/24 04:20:00,chongzhi_longping,south,5,0
2019/1/24 04:25:00,chongzhi_longping,south,14,1
2019/1/24 04:30:00,chongzhi_longping,south,5,2
2019/1/24 04:35:00,chongzhi_longping,south,6,1
2019/1/24 04:40:00,chongzhi_longping,south,4,1
2019/1/24 04:45:00,chongzhi_longping,south,4,1
2019/1/24 04:50:00,chongzhi_longping,south,0,0
2019/1/24 04:55:00,chongzhi_longping,south,0,1
2019/1/24 05:00:00,chongzhi_longping,south,1,1
2019/1/24 05:05:00,chongzhi_longping,south,5,4
2019/1/24 05:10:00,chongzhi_longping,south,1,0
2019/1/24 05:15:00,chongzhi_longping,south,1,4
2019/1/24 05:20:00,chongzhi_longping,south,3,1
2019/1/24 05:25:00,chongzhi_longping,south,0,6
2019/1/24 05:30:00,chongzhi_longping,south,1,1
2019/1/24 05:35:00,chongzhi_longping,south,2,3
2019/1/24 05:40:00,chongzhi_longping,south,2,1
2019/1/24 05:45:00,chongzhi_longping,south,1,3
2019/1/24 05:50:00,chongzhi_longping,south,0,3
2019/1/24 05:55:00,chongzhi_longping,south,1,0
2019/1/24 06:00:00,chongzhi_longping,south,1,0
2019/1/24 06:05:00,chongzhi_longping,south,0,0
2019/1/24 06:10:00,chongzhi_longping,south,0,3
2019/1/24 06:15:00,chongzhi_longping,south,2,1
2019/1/24 06:20:00,chongzhi_longping,south,2,0
2019/1/24 06:25:00,chongzhi_longping,south,1,1
2019/1/24 06:30:00,chongzhi_longping,south,0,2
2019/1/24 06:35:00,chongzhi_longping,south,0,1
2019/1/24 06:40:00,chongzhi_longping,south,0,2
2019/1/24 06:45:00,chongzhi_longping,south,0,3
2019/1/24 06:50:00,chongzhi_longping,south,1,6
2019/1/24 06:55:00,chongzhi_longping,south,0,1
2019/1/24 07:00:00,chongzhi_longping,south,0,4
2019/1/24 07:05:00,chongzhi_longping,south,2,6
2019/1/24 07:10:00,chongzhi_longping,south,2,5
2019/1/24 07:15:00,chongzhi_longping,south,2,6
2019/1/24 07:20:00,chongzhi_longping,south,1,7
2019/1/24 07:25:00,chongzhi_longping,south,2,5
2019/1/24 07:30:00,chongzhi_longping,south,4,16
2019/1/24 07:35:00,chongzhi_longping,south,3,14
2019/1/24 07:40:00,chongzhi_longping,south,6,27
2019/1/24 07:45:00,chongzhi_longping,south,8,25
2019/1/24 07:50:00,chongzhi_longping,south,5,38
2019/1/24 07:55:00,chongzhi_longping,south,6,66
2019/1/24 08:00:00,chongzhi_longping,south,12,52
2019/1/24 08:05:00,chongzhi_longping,south,9,57
2019/1/24 08:10:00,chongzhi_longping,south,6,60
2019/1/24 08:15:00,chongzhi_longping,south,9,47
2019/1/24 08:20:00,chongzhi_longping,south,12,63
2019/1/24 08:25:00,chongzhi_longping,south,16,65
2019/1/24 08:30:00,chongzhi_longping,south,12,62
2019/1/24 08:35:00,chongzhi_longping,south,13,43
2019/1/24 08:40:00,chongzhi_longping,south,10,33
2019/1/24 08:45:00,chongzhi_longping,south,18,52
2019/1/24 08:50:00,chongzhi_longping,south,15,40
2019/1/24 08:55:00,chongzhi_longping,south,11,41
2019/1/24 09:00:00,chongzhi_longping,south,8,41
2019/1/24 09:05:00,chongzhi_longping,south,9,34
2019/1/24 09:10:00,chongzhi_longping,south,8,21
2019/1/24 09:15:00,chongzhi_longping,south,1,22
2019/1/24 09:20:00,chongzhi_longping,south,11,32
2019/1/24 09:25:00,chongzhi_longping,south,8,23
2019/1/24 09:30:00,chongzhi_longping,south,1,18
2019/1/24 09:35:00,chongzhi_longping,south,4,15
2019/1/24 09:40:00,chongzhi_longping,south,4,28
2019/1/24 09:45:00,chongzhi_longping,south,4,14
2019/1/24 09:50:00,chongzhi_longping,south,3,5
2019/1/24 09:55:00,chongzhi_longping,south,4,14
2019/1/24 10:00:00,chongzhi_longping,south,4,15
2019/1/24 10:05:00,chongzhi_longping,south,2,16
2019/1/24 10:10:00,chongzhi_longping,south,1,12
2019/1/24 10:15:00,chongzhi_longping,south,3,16
2019/1/24 10:20:00,chongzhi_longping,south,4,18
2019/1/24 10:25:00,chongzhi_longping,south,6,12
2019/1/24 10:30:00,chongzhi_longping,south,5,12
2019/1/24 10:35:00,chongzhi_longping,south,3,12
2019/1/24 10:40:00,chongzhi_longping,south,6,15
2019/1/24 10:45:00,chongzhi_longping,south,4,21
2019/1/24 10:50:00,chongzhi_longping,south,6,13
2019/1/24 10:55:00,chongzhi_longping,south,6,10
2019/1/24 11:00:00,chongzhi_longping,south,5,13
2019/1/24 11:05:00,chongzhi_longping,south,5,13
2019/1/24 11:10:00,chongzhi_longping,south,5,16
2019/1/24 11:15:00,chongzhi_longping,south,7,7
2019/1/24 11:20:00,chongzhi_longping,south,4,11
2019/1/24 11:25:00,chongzhi_longping,south,3,12
2019/1/24 11:30:00,chongzhi_longping,south,8,19
2019/1/24 11:35:00,chongzhi_longping,south,5,7
2019/1/24 11:40:00,chongzhi_longping,south,4,12
2019/1/24 11:45:00,chongzhi_longping,south,4,10
2019/1/24 11:50:00,chongzhi_longping,south,9,18
2019/1/24 11:55:00,chongzhi_longping,south,5,14
2019/1/24 12:00:00,chongzhi_longping,south,7,12
2019/1/24 12:05:00,chongzhi_longping,south,1,15
2019/1/24 12:10:00,chongzhi_longping,south,9,15
2019/1/24 12:15:00,chongzhi_longping,south,3,8
2019/1/24 12:20:00,chongzhi_longping,south,6,8
2019/1/24 12:25:00,chongzhi_longping,south,6,13
2019/1/24 12:30:00,chongzhi_longping,south,5,15
2019/1/24 12:35:00,chongzhi_longping,south,2,7
2019/1/24 12:40:00,chongzhi_longping,south,3,7
2019/1/24 12:45:00,chongzhi_longping,south,3,16
2019/1/24 12:50:00,chongzhi_longping,south,6,11
2019/1/24 12:55:00,chongzhi_longping,south,4,8
2019/1/24 13:00:00,chongzhi_longping,south,4,21
2019/1/24 13:05:00,chongzhi_longping,south,5,13
2019/1/24 13:10:00,chongzhi_longping,south,3,9
2019/1/24 13:15:00,chongzhi_longping,south,6,14
2019/1/24 13:20:00,chongzhi_longping,south,7,10
2019/1/24 13:25:00,chongzhi_longping,south,4,9
2019/1/24 13:30:00,chongzhi_longping,south,3,14
2019/1/24 13:35:00,chongzhi_longping,south,6,20
2019/1/24 13:40:00,chongzhi_longping,south,6,12
2019/1/24 13:45:00,chongzhi_longping,south,6,16
2019/1/24 13:50:00,chongzhi_longping,south,10,17
2019/1/24 13:55:00,chongzhi_longping,south,4,27
2019/1/24 14:00:00,chongzhi_longping,south,5,16
2019/1/24 14:05:00,chongzhi_longping,south,4,20
2019/1/24 14:10:00,chongzhi_longping,south,5,9
2019/1/24 14:15:00,chongzhi_longping,south,7,22
2019/1/24 14:20:00,chongzhi_longping,south,5,14
2019/1/24 14:25:00,chongzhi_longping,south,5,22
2019/1/24 14:30:00,chongzhi_longping,south,7,16
2019/1/24 14:35:00,chongzhi_longping,south,5,20
2019/1/24 14:40:00,chongzhi_longping,south,3,10
2019/1/24 14:45:00,chongzhi_longping,south,5,18
2019/1/24 14:50:00,chongzhi_longping,south,5,7
2019/1/24 14:55:00,chongzhi_longping,south,4,21
2019/1/24 15:00:00,chongzhi_longping,south,6,8
2019/1/24 15:05:00,chongzhi_longping,south,4,18
2019/1/24 15:10:00,chongzhi_longping,south,3,10
2019/1/24 15:15:00,chongzhi_longping,south,5,16
2019/1/24 15:20:00,chongzhi_longping,south,3,6
2019/1/24 15:25:00,chongzhi_longping,south,4,11
2019/1/24 15:30:00,chongzhi_longping,south,4,15
2019/1/24 15:35:00,chongzhi_longping,south,6,10
2019/1/24 15:40:00,chongzhi_longping,south,3,8
2019/1/24 15:45:00,chongzhi_longping,south,7,17
2019/1/24 15:50:00,chongzhi_longping,south,5,8
2019/1/24 15:55:00,chongzhi_longping,south,5,13
2019/1/24 16:00:00,chongzhi_longping,south,5,10
2019/1/24 16:05:00,chongzhi_longping,south,6,12
2019/1/24 16:10:00,chongzhi_longping,south,11,27
2019/1/24 16:15:00,chongzhi_longping,south,6,12
2019/1/24 16:20:00,chongzhi_longping,south,3,8
2019/1/24 16:25:00,chongzhi_longping,south,2,18
2019/1/24 16:30:00,chongzhi_longping,south,5,13
2019/1/24 16:35:00,chongzhi_longping,south,6,11
2019/1/24 16:40:00,chongzhi_longping,south,4,5
2019/1/24 16:45:00,chongzhi_longping,south,9,24
2019/1/24 16:50:00,chongzhi_longping,south,3,8
2019/1/24 16:55:00,chongzhi_longping,south,4,20
2019/1/24 17:00:00,chongzhi_longping,south,4,11
2019/1/24 17:05:00,chongzhi_longping,south,7,15
2019/1/24 17:10:00,chongzhi_longping,south,6,11
2019/1/24 17:15:00,chongzhi_longping,south,6,13
2019/1/24 17:20:00,chongzhi_longping,south,6,14
2019/1/24 17:25:00,chongzhi_longping,south,9,12
2019/1/24 17:30:00,chongzhi_longping,south,3,12
2019/1/24 17:35:00,chongzhi_longping,south,3,15
2019/1/24 17:40:00,chongzhi_longping,south,11,21
2019/1/24 17:45:00,chongzhi_longping,south,5,18
2019/1/24 17:50:00,chongzhi_longping,south,4,23
2019/1/24 17:55:00,chongzhi_longping,south,4,16
2019/1/24 18:00:00,chongzhi_longping,south,8,21
2019/1/24 18:05:00,chongzhi_longping,south,6,19
2019/1/24 18:10:00,chongzhi_longping,south,9,22
2019/1/24 18:15:00,chongzhi_longping,south,10,18
2019/1/24 18:20:00,chongzhi_longping,south,7,17
2019/1/24 18:25:00,chongzhi_longping,south,3,15
2019/1/24 18:30:00,chongzhi_longping,south,0,16
2019/1/24 18:35:00,chongzhi_longping,south,12,14
2019/1/24 18:40:00,chongzhi_longping,south,10,9
2019/1/24 18:45:00,chongzhi_longping,south,3,18
2019/1/24 18:50:00,chongzhi_longping,south,6,12
2019/1/24 18:55:00,chongzhi_longping,south,8,16
2019/1/24 19:00:00,chongzhi_longping,south,4,12
2019/1/24 19:05:00,chongzhi_longping,south,5,7
2019/1/24 19:10:00,chongzhi_longping,south,4,21
2019/1/24 19:15:00,chongzhi_longping,south,7,13
2019/1/24 19:20:00,chongzhi_longping,south,7,18
2019/1/24 19:25:00,chongzhi_longping,south,3,9
2019/1/24 19:30:00,chongzhi_longping,south,8,14
2019/1/24 19:35:00,chongzhi_longping,south,4,5
2019/1/24 19:40:00,chongzhi_longping,south,6,10
2019/1/24 19:45:00,chongzhi_longping,south,8,9
2019/1/24 19:50:00,chongzhi_longping,south,9,5
2019/1/24 19:55:00,chongzhi_longping,south,9,15
2019/1/24 20:00:00,chongzhi_longping,south,8,11
2019/1/24 20:05:00,chongzhi_longping,south,4,13
2019/1/24 20:10:00,chongzhi_longping,south,3,7
2019/1/24 20:15:00,chongzhi_longping,south,4,7
2019/1/24 20:20:00,chongzhi_longping,south,5,18
2019/1/24 20:25:00,chongzhi_longping,south,3,15
2019/1/24 20:30:00,chongzhi_longping,south,2,15
2019/1/24 20:35:00,chongzhi_longping,south,5,22
2019/1/24 20:40:00,chongzhi_longping,south,5,12
2019/1/24 20:45:00,chongzhi_longping,south,4,17
2019/1/24 20:50:00,chongzhi_longping,south,9,23
2019/1/24 20:55:00,chongzhi_longping,south,8,26
2019/1/24 21:00:00,chongzhi_longping,south,8,18
2019/1/24 21:05:00,chongzhi_longping,south,8,10
2019/1/24 21:10:00,chongzhi_longping,south,11,20
2019/1/24 21:15:00,chongzhi_longping,south,2,13
2019/1/24 21:20:00,chongzhi_longping,south,5,12
2019/1/24 21:25:00,chongzhi_longping,south,9,11
2019/1/24 21:30:00,chongzhi_longping,south,3,9
2019/1/24 21:35:00,chongzhi_longping,south,13,13
2019/1/24 21:40:00,chongzhi_longping,south,6,16
2019/1/24 21:45:00,chongzhi_longping,south,5,15
2019/1/24 21:50:00,chongzhi_longping,south,5,11
2019/1/24 21:55:00,chongzhi_longping,south,3,23
2019/1/24 22:00:00,chongzhi_longping,south,4,7
2019/1/24 22:05:00,chongzhi_longping,south,3,18
2019/1/24 22:10:00,chongzhi_longping,south,13,10
2019/1/24 22:15:00,chongzhi_longping,south,6,12
2019/1/24 22:20:00,chongzhi_longping,south,4,17
2019/1/24 22:25:00,chongzhi_longping,south,7,17
2019/1/24 22:30:00,chongzhi_longping,south,4,8
2019/1/24 22:35:00,chongzhi_longping,south,4,8
2019/1/24 22:40:00,chongzhi_longping,south,4,10
2019/1/24 22:45:00,chongzhi_longping,south,9,18
2019/1/24 22:50:00,chongzhi_longping,south,5,15
2019/1/24 22:55:00,chongzhi_longping,south,4,13
2019/1/24 23:00:00,chongzhi_longping,south,10,17
2019/1/24 23:05:00,chongzhi_longping,south,13,16
2019/1/24 23:10:00,chongzhi_longping,south,8,18
2019/1/24 23:15:00,chongzhi_longping,south,8,11
2019/1/24 23:20:00,chongzhi_longping,south,4,16
2019/1/24 23:25:00,chongzhi_longping,south,10,11
2019/1/24 23:30:00,chongzhi_longping,south,3,11
2019/1/24 23:35:00,chongzhi_longping,south,2,10
2019/1/24 23:40:00,chongzhi_longping,south,8,6
2019/1/24 23:45:00,chongzhi_longping,south,8,12
2019/1/24 23:50:00,chongzhi_longping,south,9,7
2019/1/24 23:55:00,chongzhi_longping,south,7,9
