2019/1/24 00:00:00,wuhe_zhangheng,east,0,16
2019/1/24 00:05:00,wuhe_zhangheng,east,0,9
2019/1/24 00:10:00,wuhe_zhangheng,east,2,12
2019/1/24 00:15:00,wuhe_zhangheng,east,0,8
2019/1/24 00:20:00,wuhe_zhangheng,east,0,5
2019/1/24 00:25:00,wuhe_zhangheng,east,1,7
2019/1/24 00:30:00,wuhe_zhangheng,east,0,12
2019/1/24 00:35:00,wuhe_zhangheng,east,0,8
2019/1/24 00:40:00,wuhe_zhangheng,east,0,6
2019/1/24 00:45:00,wuhe_zhangheng,east,0,10
2019/1/24 00:50:00,wuhe_zhangheng,east,0,9
2019/1/24 00:55:00,wuhe_zhangheng,east,0,3
2019/1/24 01:00:00,wuhe_zhangheng,east,0,8
2019/1/24 01:05:00,wuhe_zhangheng,east,0,7
2019/1/24 01:10:00,wuhe_zhangheng,east,0,4
2019/1/24 01:15:00,wuhe_zhangheng,east,0,7
2019/1/24 01:20:00,wuhe_zhangheng,east,0,7
2019/1/24 01:25:00,wuhe_zhangheng,east,0,3
2019/1/24 01:30:00,wuhe_zhangheng,east,0,2
2019/1/24 01:35:00,wuhe_zhangheng,east,0,8
2019/1/24 01:40:00,wuhe_zhangheng,east,0,1
2019/1/24 01:45:00,wuhe_zhangheng,east,0,5
2019/1/24 01:50:00,wuhe_zhangheng,east,0,3
2019/1/24 01:55:00,wuhe_zhangheng,east,0,4
2019/1/24 02:00:00,wuhe_zhangheng,east,0,5
2019/1/24 02:05:00,wuhe_zhangheng,east,0,1
2019/1/24 02:10:00,wuhe_zhangheng,east,0,1
2019/1/24 02:15:00,wuhe_zhangheng,east,0,5
2019/1/24 02:20:00,wuhe_zhangheng,east,1,5
2019/1/24 02:25:00,wuhe_zhangheng,east,0,1
2019/1/24 02:30:00,wuhe_zhangheng,east,0,0
2019/1/24 02:35:00,wuhe_zhangheng,east,0,1
2019/1/24 02:40:00,wuhe_zhangheng,east,0,3
2019/1/24 02:45:00,wuhe_zhangheng,east,0,4
2019/1/24 02:50:00,wuhe_zhangheng,east,0,2
2019/1/24 02:55:00,wuhe_zhangheng,east,0,2
2019/1/24 03:00:00,wuhe_zhangheng,east,0,0
2019/1/24 03:05:00,wuhe_zhangheng,east,0,4
2019/1/24 03:10:00,wuhe_zhangheng,east,0,2
2019/1/24 03:15:00,wuhe_zhangheng,east,0,1
2019/1/24 03:20:00,wuhe_zhangheng,east,0,2
2019/1/24 03:25:00,wuhe_zhangheng,east,0,1
2019/1/24 03:30:00,wuhe_zhangheng,east,0,1
2019/1/24 03:35:00,wuhe_zhangheng,east,0,0
2019/1/24 03:40:00,wuhe_zhangheng,east,0,1
2019/1/24 03:45:00,wuhe_zhangheng,east,0,0
2019/1/24 03:50:00,wuhe_zhangheng,east,0,1
2019/1/24 03:55:00,wuhe_zhangheng,east,0,5
2019/1/24 04:00:00,wuhe_zhangheng,east,0,1
2019/1/24 04:05:00,wuhe_zhangheng,east,0,1
2019/1/24 04:10:00,wuhe_zhangheng,east,0,0
2019/1/24 04:15:00,wuhe_zhangheng,east,0,3
2019/1/24 04:20:00,wuhe_zhangheng,east,0,2
2019/1/24 04:25:00,wuhe_zhangheng,east,0,4
2019/1/24 04:30:00,wuhe_zhangheng,east,0,1
2019/1/24 04:35:00,wuhe_zhangheng,east,0,2
2019/1/24 04:40:00,wuhe_zhangheng,east,0,2
2019/1/24 04:45:00,wuhe_zhangheng,east,0,0
2019/1/24 04:50:00,wuhe_zhangheng,east,0,2
2019/1/24 04:55:00,wuhe_zhangheng,east,0,5
2019/1/24 05:00:00,wuhe_zhangheng,east,0,2
2019/1/24 05:05:00,wuhe_zhangheng,east,0,0
2019/1/24 05:10:00,wuhe_zhangheng,east,0,3
2019/1/24 05:15:00,wuhe_zhangheng,east,0,3
2019/1/24 05:20:00,wuhe_zhangheng,east,0,2
2019/1/24 05:25:00,wuhe_zhangheng,east,0,1
2019/1/24 05:30:00,wuhe_zhangheng,east,0,1
2019/1/24 05:35:00,wuhe_zhangheng,east,0,9
2019/1/24 05:40:00,wuhe_zhangheng,east,0,3
2019/1/24 05:45:00,wuhe_zhangheng,east,0,2
2019/1/24 05:50:00,wuhe_zhangheng,east,0,7
2019/1/24 05:55:00,wuhe_zhangheng,east,0,8
2019/1/24 06:00:00,wuhe_zhangheng,east,0,4
2019/1/24 06:05:00,wuhe_zhangheng,east,1,15
2019/1/24 06:10:00,wuhe_zhangheng,east,0,15
2019/1/24 06:15:00,wuhe_zhangheng,east,1,12
2019/1/24 06:20:00,wuhe_zhangheng,east,0,9
2019/1/24 06:25:00,wuhe_zhangheng,east,0,15
2019/1/24 06:30:00,wuhe_zhangheng,east,0,17
2019/1/24 06:35:00,wuhe_zhangheng,east,0,15
2019/1/24 06:40:00,wuhe_zhangheng,east,0,35
2019/1/24 06:45:00,wuhe_zhangheng,east,0,32
2019/1/24 06:50:00,wuhe_zhangheng,east,0,19
2019/1/24 06:55:00,wuhe_zhangheng,east,0,18
2019/1/24 07:00:00,wuhe_zhangheng,east,1,28
2019/1/24 07:05:00,wuhe_zhangheng,east,3,32
2019/1/24 07:10:00,wuhe_zhangheng,east,1,23
2019/1/24 07:15:00,wuhe_zhangheng,east,1,30
2019/1/24 07:20:00,wuhe_zhangheng,east,0,36
2019/1/24 07:25:00,wuhe_zhangheng,east,1,36
2019/1/24 07:30:00,wuhe_zhangheng,east,2,41
2019/1/24 07:35:00,wuhe_zhangheng,east,6,34
2019/1/24 07:40:00,wuhe_zhangheng,east,1,34
2019/1/24 07:45:00,wuhe_zhangheng,east,2,35
2019/1/24 07:50:00,wuhe_zhangheng,east,3,38
2019/1/24 07:55:00,wuhe_zhangheng,east,5,22
2019/1/24 08:00:00,wuhe_zhangheng,east,6,38
2019/1/24 08:05:00,wuhe_zhangheng,east,4,18
2019/1/24 08:10:00,wuhe_zhangheng,east,4,31
2019/1/24 08:15:00,wuhe_zhangheng,east,8,11
2019/1/24 08:20:00,wuhe_zhangheng,east,11,39
2019/1/24 08:25:00,wuhe_zhangheng,east,5,15
2019/1/24 08:30:00,wuhe_zhangheng,east,10,33
2019/1/24 08:35:00,wuhe_zhangheng,east,3,15
2019/1/24 08:40:00,wuhe_zhangheng,east,8,38
2019/1/24 08:45:00,wuhe_zhangheng,east,6,24
2019/1/24 08:50:00,wuhe_zhangheng,east,3,27
2019/1/24 08:55:00,wuhe_zhangheng,east,3,22
2019/1/24 09:00:00,wuhe_zhangheng,east,4,27
2019/1/24 09:05:00,wuhe_zhangheng,east,2,4
2019/1/24 09:10:00,wuhe_zhangheng,east,11,28
2019/1/24 09:15:00,wuhe_zhangheng,east,4,22
2019/1/24 09:20:00,wuhe_zhangheng,east,9,29
2019/1/24 09:25:00,wuhe_zhangheng,east,7,32
2019/1/24 09:30:00,wuhe_zhangheng,east,8,20
2019/1/24 09:35:00,wuhe_zhangheng,east,4,15
2019/1/24 09:40:00,wuhe_zhangheng,east,7,22
2019/1/24 09:45:00,wuhe_zhangheng,east,3,25
2019/1/24 09:50:00,wuhe_zhangheng,east,5,17
2019/1/24 09:55:00,wuhe_zhangheng,east,5,15
2019/1/24 10:00:00,wuhe_zhangheng,east,6,17
2019/1/24 10:05:00,wuhe_zhangheng,east,2,9
2019/1/24 10:10:00,wuhe_zhangheng,east,6,13
2019/1/24 10:15:00,wuhe_zhangheng,east,6,24
2019/1/24 10:20:00,wuhe_zhangheng,east,4,21
2019/1/24 10:25:00,wuhe_zhangheng,east,4,18
2019/1/24 10:30:00,wuhe_zhangheng,east,1,20
2019/1/24 10:35:00,wuhe_zhangheng,east,1,9
2019/1/24 10:40:00,wuhe_zhangheng,east,6,21
2019/1/24 10:45:00,wuhe_zhangheng,east,6,20
2019/1/24 10:50:00,wuhe_zhangheng,east,2,12
2019/1/24 10:55:00,wuhe_zhangheng,east,2,17
2019/1/24 11:00:00,wuhe_zhangheng,east,3,19
2019/1/24 11:05:00,wuhe_zhangheng,east,3,10
2019/1/24 11:10:00,wuhe_zhangheng,east,4,23
2019/1/24 11:15:00,wuhe_zhangheng,east,4,23
2019/1/24 11:20:00,wuhe_zhangheng,east,0,13
2019/1/24 11:25:00,wuhe_zhangheng,east,5,13
2019/1/24 11:30:00,wuhe_zhangheng,east,3,13
2019/1/24 11:35:00,wuhe_zhangheng,east,4,25
2019/1/24 11:40:00,wuhe_zhangheng,east,3,22
2019/1/24 11:45:00,wuhe_zhangheng,east,4,13
2019/1/24 11:50:00,wuhe_zhangheng,east,5,15
2019/1/24 11:55:00,wuhe_zhangheng,east,3,19
2019/1/24 12:00:00,wuhe_zhangheng,east,3,18
2019/1/24 12:05:00,wuhe_zhangheng,east,6,21
2019/1/24 12:10:00,wuhe_zhangheng,east,2,20
2019/1/24 12:15:00,wuhe_zhangheng,east,0,17
2019/1/24 12:20:00,wuhe_zhangheng,east,5,10
2019/1/24 12:25:00,wuhe_zhangheng,east,6,17
2019/1/24 12:30:00,wuhe_zhangheng,east,6,5
2019/1/24 12:35:00,wuhe_zhangheng,east,2,21
2019/1/24 12:40:00,wuhe_zhangheng,east,3,10
2019/1/24 12:45:00,wuhe_zhangheng,east,3,12
2019/1/24 12:50:00,wuhe_zhangheng,east,3,13
2019/1/24 12:55:00,wuhe_zhangheng,east,2,15
2019/1/24 13:00:00,wuhe_zhangheng,east,3,17
2019/1/24 13:05:00,wuhe_zhangheng,east,3,28
2019/1/24 13:10:00,wuhe_zhangheng,east,4,20
2019/1/24 13:15:00,wuhe_zhangheng,east,5,30
2019/1/24 13:20:00,wuhe_zhangheng,east,2,23
2019/1/24 13:25:00,wuhe_zhangheng,east,5,18
2019/1/24 13:30:00,wuhe_zhangheng,east,4,19
2019/1/24 13:35:00,wuhe_zhangheng,east,3,18
2019/1/24 13:40:00,wuhe_zhangheng,east,5,15
2019/1/24 13:45:00,wuhe_zhangheng,east,5,18
2019/1/24 13:50:00,wuhe_zhangheng,east,4,19
2019/1/24 13:55:00,wuhe_zhangheng,east,4,21
2019/1/24 14:00:00,wuhe_zhangheng,east,5,20
2019/1/24 14:05:00,wuhe_zhangheng,east,2,24
2019/1/24 14:10:00,wuhe_zhangheng,east,2,25
2019/1/24 14:15:00,wuhe_zhangheng,east,3,21
2019/1/24 14:20:00,wuhe_zhangheng,east,4,19
2019/1/24 14:25:00,wuhe_zhangheng,east,5,18
2019/1/24 14:30:00,wuhe_zhangheng,east,3,16
2019/1/24 14:35:00,wuhe_zhangheng,east,4,14
2019/1/24 14:40:00,wuhe_zhangheng,east,3,17
2019/1/24 14:45:00,wuhe_zhangheng,east,4,24
2019/1/24 14:50:00,wuhe_zhangheng,east,3,12
2019/1/24 14:55:00,wuhe_zhangheng,east,7,17
2019/1/24 15:00:00,wuhe_zhangheng,east,2,17
2019/1/24 15:05:00,wuhe_zhangheng,east,3,24
2019/1/24 15:10:00,wuhe_zhangheng,east,1,29
2019/1/24 15:15:00,wuhe_zhangheng,east,9,26
2019/1/24 15:20:00,wuhe_zhangheng,east,2,17
2019/1/24 15:25:00,wuhe_zhangheng,east,2,20
2019/1/24 15:30:00,wuhe_zhangheng,east,2,18
2019/1/24 15:35:00,wuhe_zhangheng,east,5,9
2019/1/24 15:40:00,wuhe_zhangheng,east,5,14
2019/1/24 15:45:00,wuhe_zhangheng,east,4,14
2019/1/24 15:50:00,wuhe_zhangheng,east,2,11
2019/1/24 15:55:00,wuhe_zhangheng,east,4,16
2019/1/24 16:00:00,wuhe_zhangheng,east,4,21
2019/1/24 16:05:00,wuhe_zhangheng,east,3,24
2019/1/24 16:10:00,wuhe_zhangheng,east,2,18
2019/1/24 16:15:00,wuhe_zhangheng,east,6,22
2019/1/24 16:20:00,wuhe_zhangheng,east,0,8
2019/1/24 16:25:00,wuhe_zhangheng,east,5,15
2019/1/24 16:30:00,wuhe_zhangheng,east,6,27
2019/1/24 16:35:00,wuhe_zhangheng,east,3,26
2019/1/24 16:40:00,wuhe_zhangheng,east,3,23
2019/1/24 16:45:00,wuhe_zhangheng,east,4,22
2019/1/24 16:50:00,wuhe_zhangheng,east,3,18
2019/1/24 16:55:00,wuhe_zhangheng,east,2,14
2019/1/24 17:00:00,wuhe_zhangheng,east,5,18
2019/1/24 17:05:00,wuhe_zhangheng,east,6,19
2019/1/24 17:10:00,wuhe_zhangheng,east,8,21
2019/1/24 17:15:00,wuhe_zhangheng,east,10,21
2019/1/24 17:20:00,wuhe_zhangheng,east,2,23
2019/1/24 17:25:00,wuhe_zhangheng,east,4,5
2019/1/24 17:30:00,wuhe_zhangheng,east,7,26
2019/1/24 17:35:00,wuhe_zhangheng,east,3,33
2019/1/24 17:40:00,wuhe_zhangheng,east,3,35
2019/1/24 17:45:00,wuhe_zhangheng,east,2,22
2019/1/24 17:50:00,wuhe_zhangheng,east,6,14
2019/1/24 17:55:00,wuhe_zhangheng,east,8,17
2019/1/24 18:00:00,wuhe_zhangheng,east,8,14
2019/1/24 18:05:00,wuhe_zhangheng,east,7,28
2019/1/24 18:10:00,wuhe_zhangheng,east,3,21
2019/1/24 18:15:00,wuhe_zhangheng,east,6,27
2019/1/24 18:20:00,wuhe_zhangheng,east,2,29
2019/1/24 18:25:00,wuhe_zhangheng,east,3,38
2019/1/24 18:30:00,wuhe_zhangheng,east,0,20
2019/1/24 18:35:00,wuhe_zhangheng,east,2,29
2019/1/24 18:40:00,wuhe_zhangheng,east,1,21
2019/1/24 18:45:00,wuhe_zhangheng,east,1,24
2019/1/24 18:50:00,wuhe_zhangheng,east,0,22
2019/1/24 18:55:00,wuhe_zhangheng,east,2,26
2019/1/24 19:00:00,wuhe_zhangheng,east,0,27
2019/1/24 19:05:00,wuhe_zhangheng,east,0,34
2019/1/24 19:10:00,wuhe_zhangheng,east,0,23
2019/1/24 19:15:00,wuhe_zhangheng,east,0,27
2019/1/24 19:20:00,wuhe_zhangheng,east,2,24
2019/1/24 19:25:00,wuhe_zhangheng,east,1,26
2019/1/24 19:30:00,wuhe_zhangheng,east,2,21
2019/1/24 19:35:00,wuhe_zhangheng,east,1,26
2019/1/24 19:40:00,wuhe_zhangheng,east,0,24
2019/1/24 19:45:00,wuhe_zhangheng,east,3,30
2019/1/24 19:50:00,wuhe_zhangheng,east,0,32
2019/1/24 19:55:00,wuhe_zhangheng,east,1,27
2019/1/24 20:00:00,wuhe_zhangheng,east,0,28
2019/1/24 20:05:00,wuhe_zhangheng,east,1,27
2019/1/24 20:10:00,wuhe_zhangheng,east,2,27
2019/1/24 20:15:00,wuhe_zhangheng,east,2,28
2019/1/24 20:20:00,wuhe_zhangheng,east,2,24
2019/1/24 20:25:00,wuhe_zhangheng,east,2,35
2019/1/24 20:30:00,wuhe_zhangheng,east,1,29
2019/1/24 20:35:00,wuhe_zhangheng,east,2,24
2019/1/24 20:40:00,wuhe_zhangheng,east,0,27
2019/1/24 20:45:00,wuhe_zhangheng,east,1,25
2019/1/24 20:50:00,wuhe_zhangheng,east,1,28
2019/1/24 20:55:00,wuhe_zhangheng,east,1,34
2019/1/24 21:00:00,wuhe_zhangheng,east,3,33
2019/1/24 21:05:00,wuhe_zhangheng,east,3,39
2019/1/24 21:10:00,wuhe_zhangheng,east,0,39
2019/1/24 21:15:00,wuhe_zhangheng,east,1,30
2019/1/24 21:20:00,wuhe_zhangheng,east,0,28
2019/1/24 21:25:00,wuhe_zhangheng,east,1,27
2019/1/24 21:30:00,wuhe_zhangheng,east,5,27
2019/1/24 21:35:00,wuhe_zhangheng,east,4,29
2019/1/24 21:40:00,wuhe_zhangheng,east,1,37
2019/1/24 21:45:00,wuhe_zhangheng,east,1,32
2019/1/24 21:50:00,wuhe_zhangheng,east,1,28
2019/1/24 21:55:00,wuhe_zhangheng,east,2,25
2019/1/24 22:00:00,wuhe_zhangheng,east,1,20
2019/1/24 22:05:00,wuhe_zhangheng,east,1,24
2019/1/24 22:10:00,wuhe_zhangheng,east,1,27
2019/1/24 22:15:00,wuhe_zhangheng,east,1,18
2019/1/24 22:20:00,wuhe_zhangheng,east,1,12
2019/1/24 22:25:00,wuhe_zhangheng,east,2,38
2019/1/24 22:30:00,wuhe_zhangheng,east,1,12
2019/1/24 22:35:00,wuhe_zhangheng,east,2,16
2019/1/24 22:40:00,wuhe_zhangheng,east,0,25
2019/1/24 22:45:00,wuhe_zhangheng,east,0,15
2019/1/24 22:50:00,wuhe_zhangheng,east,1,24
2019/1/24 22:55:00,wuhe_zhangheng,east,2,20
2019/1/24 23:00:00,wuhe_zhangheng,east,2,19
2019/1/24 23:05:00,wuhe_zhangheng,east,0,21
2019/1/24 23:10:00,wuhe_zhangheng,east,2,16
2019/1/24 23:15:00,wuhe_zhangheng,east,2,30
2019/1/24 23:20:00,wuhe_zhangheng,east,1,20
2019/1/24 23:25:00,wuhe_zhangheng,east,1,21
2019/1/24 23:30:00,wuhe_zhangheng,east,0,23
2019/1/24 23:35:00,wuhe_zhangheng,east,0,6
2019/1/24 23:40:00,wuhe_zhangheng,east,1,15
2019/1/24 23:45:00,wuhe_zhangheng,east,0,16
2019/1/24 23:50:00,wuhe_zhangheng,east,2,5
2019/1/24 23:55:00,wuhe_zhangheng,east,0,10
