2019/1/24 00:00:00,wuhe_zhangheng,north,1,5
2019/1/24 00:05:00,wuhe_zhangheng,north,6,2
2019/1/24 00:10:00,wuhe_zhangheng,north,0,5
2019/1/24 00:15:00,wuhe_zhangheng,north,1,4
2019/1/24 00:20:00,wuhe_zhangheng,north,1,2
2019/1/24 00:25:00,wuhe_zhangheng,north,0,1
2019/1/24 00:30:00,wuhe_zhangheng,north,0,3
2019/1/24 00:35:00,wuhe_zhangheng,north,2,1
2019/1/24 00:40:00,wuhe_zhangheng,north,4,3
2019/1/24 00:45:00,wuhe_zhangheng,north,2,2
2019/1/24 00:50:00,wuhe_zhangheng,north,1,2
2019/1/24 00:55:00,wuhe_zhangheng,north,1,4
2019/1/24 01:00:00,wuhe_zhangheng,north,1,4
2019/1/24 01:05:00,wuhe_zhangheng,north,1,0
2019/1/24 01:10:00,wuhe_zhangheng,north,1,1
2019/1/24 01:15:00,wuhe_zhangheng,north,1,1
2019/1/24 01:20:00,wuhe_zhangheng,north,1,3
2019/1/24 01:25:00,wuhe_zhangheng,north,0,1
2019/1/24 01:30:00,wuhe_zhangheng,north,1,2
2019/1/24 01:35:00,wuhe_zhangheng,north,0,1
2019/1/24 01:40:00,wuhe_zhangheng,north,0,1
2019/1/24 01:45:00,wuhe_zhangheng,north,0,1
2019/1/24 01:50:00,wuhe_zhangheng,north,1,1
2019/1/24 01:55:00,wuhe_zhangheng,north,2,6
2019/1/24 02:00:00,wuhe_zhangheng,north,1,2
2019/1/24 02:05:00,wuhe_zhangheng,north,0,8
2019/1/24 02:10:00,wuhe_zhangheng,north,0,11
2019/1/24 02:15:00,wuhe_zhangheng,north,0,9
2019/1/24 02:20:00,wuhe_zhangheng,north,0,2
2019/1/24 02:25:00,wuhe_zhangheng,north,4,11
2019/1/24 02:30:00,wuhe_zhangheng,north,3,8
2019/1/24 02:35:00,wuhe_zhangheng,north,1,2
2019/1/24 02:40:00,wuhe_zhangheng,north,0,7
2019/1/24 02:45:00,wuhe_zhangheng,north,0,5
2019/1/24 02:50:00,wuhe_zhangheng,north,0,5
2019/1/24 02:55:00,wuhe_zhangheng,north,0,2
2019/1/24 03:00:00,wuhe_zhangheng,north,0,3
2019/1/24 03:05:00,wuhe_zhangheng,north,1,3
2019/1/24 03:10:00,wuhe_zhangheng,north,1,2
2019/1/24 03:15:00,wuhe_zhangheng,north,0,4
2019/1/24 03:20:00,wuhe_zhangheng,north,0,6
2019/1/24 03:25:00,wuhe_zhangheng,north,0,3
2019/1/24 03:30:00,wuhe_zhangheng,north,0,3
2019/1/24 03:35:00,wuhe_zhangheng,north,1,8
2019/1/24 03:40:00,wuhe_zhangheng,north,1,2
2019/1/24 03:45:00,wuhe_zhangheng,north,0,1
2019/1/24 03:50:00,wuhe_zhangheng,north,0,1
2019/1/24 03:55:00,wuhe_zhangheng,north,0,2
2019/1/24 04:00:00,wuhe_zhangheng,north,0,9
2019/1/24 04:05:00,wuhe_zhangheng,north,1,7
2019/1/24 04:10:00,wuhe_zhangheng,north,0,1
2019/1/24 04:15:00,wuhe_zhangheng,north,1,2
2019/1/24 04:20:00,wuhe_zhangheng,north,0,2
2019/1/24 04:25:00,wuhe_zhangheng,north,0,2
2019/1/24 04:30:00,wuhe_zhangheng,north,0,2
2019/1/24 04:35:00,wuhe_zhangheng,north,0,0
2019/1/24 04:40:00,wuhe_zhangheng,north,0,2
2019/1/24 04:45:00,wuhe_zhangheng,north,1,4
2019/1/24 04:50:00,wuhe_zhangheng,north,0,3
2019/1/24 04:55:00,wuhe_zhangheng,north,1,6
2019/1/24 05:00:00,wuhe_zhangheng,north,1,2
2019/1/24 05:05:00,wuhe_zhangheng,north,0,4
2019/1/24 05:10:00,wuhe_zhangheng,north,0,3
2019/1/24 05:15:00,wuhe_zhangheng,north,1,3
2019/1/24 05:20:00,wuhe_zhangheng,north,1,4
2019/1/24 05:25:00,wuhe_zhangheng,north,1,3
2019/1/24 05:30:00,wuhe_zhangheng,north,1,2
2019/1/24 05:35:00,wuhe_zhangheng,north,0,8
2019/1/24 05:40:00,wuhe_zhangheng,north,0,5
2019/1/24 05:45:00,wuhe_zhangheng,north,0,2
2019/1/24 05:50:00,wuhe_zhangheng,north,1,6
2019/1/24 05:55:00,wuhe_zhangheng,north,1,6
2019/1/24 06:00:00,wuhe_zhangheng,north,0,5
2019/1/24 06:05:00,wuhe_zhangheng,north,0,7
2019/1/24 06:10:00,wuhe_zhangheng,north,0,5
2019/1/24 06:15:00,wuhe_zhangheng,north,1,10
2019/1/24 06:20:00,wuhe_zhangheng,north,0,7
2019/1/24 06:25:00,wuhe_zhangheng,north,0,6
2019/1/24 06:30:00,wuhe_zhangheng,north,0,8
2019/1/24 06:35:00,wuhe_zhangheng,north,2,23
2019/1/24 06:40:00,wuhe_zhangheng,north,0,29
2019/1/24 06:45:00,wuhe_zhangheng,north,3,23
2019/1/24 06:50:00,wuhe_zhangheng,north,2,21
2019/1/24 06:55:00,wuhe_zhangheng,north,1,13
2019/1/24 07:00:00,wuhe_zhangheng,north,1,24
2019/1/24 07:05:00,wuhe_zhangheng,north,1,14
2019/1/24 07:10:00,wuhe_zhangheng,north,1,23
2019/1/24 07:15:00,wuhe_zhangheng,north,2,13
2019/1/24 07:20:00,wuhe_zhangheng,north,2,31
2019/1/24 07:25:00,wuhe_zhangheng,north,3,25
2019/1/24 07:30:00,wuhe_zhangheng,north,4,37
2019/1/24 07:35:00,wuhe_zhangheng,north,2,34
2019/1/24 07:40:00,wuhe_zhangheng,north,1,48
2019/1/24 07:45:00,wuhe_zhangheng,north,20,75
2019/1/24 07:50:00,wuhe_zhangheng,north,9,40
2019/1/24 07:55:00,wuhe_zhangheng,north,11,104
2019/1/24 08:00:00,wuhe_zhangheng,north,9,54
2019/1/24 08:05:00,wuhe_zhangheng,north,21,134
2019/1/24 08:10:00,wuhe_zhangheng,north,9,73
2019/1/24 08:15:00,wuhe_zhangheng,north,18,99
2019/1/24 08:20:00,wuhe_zhangheng,north,14,96
2019/1/24 08:25:00,wuhe_zhangheng,north,26,90
2019/1/24 08:30:00,wuhe_zhangheng,north,14,65
2019/1/24 08:35:00,wuhe_zhangheng,north,19,82
2019/1/24 08:40:00,wuhe_zhangheng,north,9,40
2019/1/24 08:45:00,wuhe_zhangheng,north,14,80
2019/1/24 08:50:00,wuhe_zhangheng,north,9,29
2019/1/24 08:55:00,wuhe_zhangheng,north,12,66
2019/1/24 09:00:00,wuhe_zhangheng,north,19,63
2019/1/24 09:05:00,wuhe_zhangheng,north,5,43
2019/1/24 09:10:00,wuhe_zhangheng,north,10,44
2019/1/24 09:15:00,wuhe_zhangheng,north,12,61
2019/1/24 09:20:00,wuhe_zhangheng,north,17,47
2019/1/24 09:25:00,wuhe_zhangheng,north,6,39
2019/1/24 09:30:00,wuhe_zhangheng,north,16,45
2019/1/24 09:35:00,wuhe_zhangheng,north,9,45
2019/1/24 09:40:00,wuhe_zhangheng,north,3,37
2019/1/24 09:45:00,wuhe_zhangheng,north,10,38
2019/1/24 09:50:00,wuhe_zhangheng,north,4,44
2019/1/24 09:55:00,wuhe_zhangheng,north,6,60
2019/1/24 10:00:00,wuhe_zhangheng,north,4,54
2019/1/24 10:05:00,wuhe_zhangheng,north,4,66
2019/1/24 10:10:00,wuhe_zhangheng,north,9,50
2019/1/24 10:15:00,wuhe_zhangheng,north,6,42
2019/1/24 10:20:00,wuhe_zhangheng,north,4,41
2019/1/24 10:25:00,wuhe_zhangheng,north,7,56
2019/1/24 10:30:00,wuhe_zhangheng,north,4,40
2019/1/24 10:35:00,wuhe_zhangheng,north,9,39
2019/1/24 10:40:00,wuhe_zhangheng,north,3,39
2019/1/24 10:45:00,wuhe_zhangheng,north,5,42
2019/1/24 10:50:00,wuhe_zhangheng,north,6,44
2019/1/24 10:55:00,wuhe_zhangheng,north,4,39
2019/1/24 11:00:00,wuhe_zhangheng,north,5,40
2019/1/24 11:05:00,wuhe_zhangheng,north,5,49
2019/1/24 11:10:00,wuhe_zhangheng,north,2,40
2019/1/24 11:15:00,wuhe_zhangheng,north,2,39
2019/1/24 11:20:00,wuhe_zhangheng,north,0,40
2019/1/24 11:25:00,wuhe_zhangheng,north,6,45
2019/1/24 11:30:00,wuhe_zhangheng,north,6,44
2019/1/24 11:35:00,wuhe_zhangheng,north,4,56
2019/1/24 11:40:00,wuhe_zhangheng,north,7,48
2019/1/24 11:45:00,wuhe_zhangheng,north,4,40
2019/1/24 11:50:00,wuhe_zhangheng,north,6,32
2019/1/24 11:55:00,wuhe_zhangheng,north,3,36
2019/1/24 12:00:00,wuhe_zhangheng,north,2,28
2019/1/24 12:05:00,wuhe_zhangheng,north,4,54
2019/1/24 12:10:00,wuhe_zhangheng,north,6,37
2019/1/24 12:15:00,wuhe_zhangheng,north,5,35
2019/1/24 12:20:00,wuhe_zhangheng,north,11,37
2019/1/24 12:25:00,wuhe_zhangheng,north,5,40
2019/1/24 12:30:00,wuhe_zhangheng,north,4,37
2019/1/24 12:35:00,wuhe_zhangheng,north,5,16
2019/1/24 12:40:00,wuhe_zhangheng,north,6,28
2019/1/24 12:45:00,wuhe_zhangheng,north,2,22
2019/1/24 12:50:00,wuhe_zhangheng,north,6,26
2019/1/24 12:55:00,wuhe_zhangheng,north,5,46
2019/1/24 13:00:00,wuhe_zhangheng,north,8,38
2019/1/24 13:05:00,wuhe_zhangheng,north,5,26
2019/1/24 13:10:00,wuhe_zhangheng,north,2,46
2019/1/24 13:15:00,wuhe_zhangheng,north,3,29
2019/1/24 13:20:00,wuhe_zhangheng,north,5,44
2019/1/24 13:25:00,wuhe_zhangheng,north,2,46
2019/1/24 13:30:00,wuhe_zhangheng,north,5,31
2019/1/24 13:35:00,wuhe_zhangheng,north,8,41
2019/1/24 13:40:00,wuhe_zhangheng,north,6,48
2019/1/24 13:45:00,wuhe_zhangheng,north,2,45
2019/1/24 13:50:00,wuhe_zhangheng,north,3,43
2019/1/24 13:55:00,wuhe_zhangheng,north,7,43
2019/1/24 14:00:00,wuhe_zhangheng,north,6,47
2019/1/24 14:05:00,wuhe_zhangheng,north,4,33
2019/1/24 14:10:00,wuhe_zhangheng,north,3,36
2019/1/24 14:15:00,wuhe_zhangheng,north,4,47
2019/1/24 14:20:00,wuhe_zhangheng,north,4,45
2019/1/24 14:25:00,wuhe_zhangheng,north,7,45
2019/1/24 14:30:00,wuhe_zhangheng,north,5,40
2019/1/24 14:35:00,wuhe_zhangheng,north,5,43
2019/1/24 14:40:00,wuhe_zhangheng,north,4,48
2019/1/24 14:45:00,wuhe_zhangheng,north,8,51
2019/1/24 14:50:00,wuhe_zhangheng,north,8,43
2019/1/24 14:55:00,wuhe_zhangheng,north,7,45
2019/1/24 15:00:00,wuhe_zhangheng,north,10,45
2019/1/24 15:05:00,wuhe_zhangheng,north,5,59
2019/1/24 15:10:00,wuhe_zhangheng,north,9,56
2019/1/24 15:15:00,wuhe_zhangheng,north,7,40
2019/1/24 15:20:00,wuhe_zhangheng,north,6,54
2019/1/24 15:25:00,wuhe_zhangheng,north,3,39
2019/1/24 15:30:00,wuhe_zhangheng,north,5,40
2019/1/24 15:35:00,wuhe_zhangheng,north,4,45
2019/1/24 15:40:00,wuhe_zhangheng,north,13,58
2019/1/24 15:45:00,wuhe_zhangheng,north,6,60
2019/1/24 15:50:00,wuhe_zhangheng,north,5,45
2019/1/24 15:55:00,wuhe_zhangheng,north,4,59
2019/1/24 16:00:00,wuhe_zhangheng,north,7,53
2019/1/24 16:05:00,wuhe_zhangheng,north,1,47
2019/1/24 16:10:00,wuhe_zhangheng,north,6,38
2019/1/24 16:15:00,wuhe_zhangheng,north,7,62
2019/1/24 16:20:00,wuhe_zhangheng,north,3,60
2019/1/24 16:25:00,wuhe_zhangheng,north,8,48
2019/1/24 16:30:00,wuhe_zhangheng,north,9,67
2019/1/24 16:35:00,wuhe_zhangheng,north,5,46
2019/1/24 16:40:00,wuhe_zhangheng,north,4,32
2019/1/24 16:45:00,wuhe_zhangheng,north,10,41
2019/1/24 16:50:00,wuhe_zhangheng,north,10,57
2019/1/24 16:55:00,wuhe_zhangheng,north,7,64
2019/1/24 17:00:00,wuhe_zhangheng,north,6,46
2019/1/24 17:05:00,wuhe_zhangheng,north,7,51
2019/1/24 17:10:00,wuhe_zhangheng,north,6,49
2019/1/24 17:15:00,wuhe_zhangheng,north,4,48
2019/1/24 17:20:00,wuhe_zhangheng,north,8,60
2019/1/24 17:25:00,wuhe_zhangheng,north,4,69
2019/1/24 17:30:00,wuhe_zhangheng,north,6,69
2019/1/24 17:35:00,wuhe_zhangheng,north,9,58
2019/1/24 17:40:00,wuhe_zhangheng,north,7,42
2019/1/24 17:45:00,wuhe_zhangheng,north,8,76
2019/1/24 17:50:00,wuhe_zhangheng,north,17,77
2019/1/24 17:55:00,wuhe_zhangheng,north,9,89
2019/1/24 18:00:00,wuhe_zhangheng,north,10,64
2019/1/24 18:05:00,wuhe_zhangheng,north,12,66
2019/1/24 18:10:00,wuhe_zhangheng,north,11,80
2019/1/24 18:15:00,wuhe_zhangheng,north,9,78
2019/1/24 18:20:00,wuhe_zhangheng,north,6,58
2019/1/24 18:25:00,wuhe_zhangheng,north,14,51
2019/1/24 18:30:00,wuhe_zhangheng,north,11,99
2019/1/24 18:35:00,wuhe_zhangheng,north,9,89
2019/1/24 18:40:00,wuhe_zhangheng,north,10,91
2019/1/24 18:45:00,wuhe_zhangheng,north,10,90
2019/1/24 18:50:00,wuhe_zhangheng,north,13,94
2019/1/24 18:55:00,wuhe_zhangheng,north,9,74
2019/1/24 19:00:00,wuhe_zhangheng,north,11,64
2019/1/24 19:05:00,wuhe_zhangheng,north,6,52
2019/1/24 19:10:00,wuhe_zhangheng,north,5,51
2019/1/24 19:15:00,wuhe_zhangheng,north,9,38
2019/1/24 19:20:00,wuhe_zhangheng,north,2,52
2019/1/24 19:25:00,wuhe_zhangheng,north,5,53
2019/1/24 19:30:00,wuhe_zhangheng,north,10,79
2019/1/24 19:35:00,wuhe_zhangheng,north,11,69
2019/1/24 19:40:00,wuhe_zhangheng,north,1,48
2019/1/24 19:45:00,wuhe_zhangheng,north,3,66
2019/1/24 19:50:00,wuhe_zhangheng,north,9,57
2019/1/24 19:55:00,wuhe_zhangheng,north,6,55
2019/1/24 20:00:00,wuhe_zhangheng,north,12,46
2019/1/24 20:05:00,wuhe_zhangheng,north,8,35
2019/1/24 20:10:00,wuhe_zhangheng,north,4,43
2019/1/24 20:15:00,wuhe_zhangheng,north,4,40
2019/1/24 20:20:00,wuhe_zhangheng,north,3,58
2019/1/24 20:25:00,wuhe_zhangheng,north,5,45
2019/1/24 20:30:00,wuhe_zhangheng,north,6,51
2019/1/24 20:35:00,wuhe_zhangheng,north,4,44
2019/1/24 20:40:00,wuhe_zhangheng,north,7,37
2019/1/24 20:45:00,wuhe_zhangheng,north,3,51
2019/1/24 20:50:00,wuhe_zhangheng,north,7,47
2019/1/24 20:55:00,wuhe_zhangheng,north,6,49
2019/1/24 21:00:00,wuhe_zhangheng,north,4,45
2019/1/24 21:05:00,wuhe_zhangheng,north,4,53
2019/1/24 21:10:00,wuhe_zhangheng,north,4,52
2019/1/24 21:15:00,wuhe_zhangheng,north,7,58
2019/1/24 21:20:00,wuhe_zhangheng,north,2,41
2019/1/24 21:25:00,wuhe_zhangheng,north,8,42
2019/1/24 21:30:00,wuhe_zhangheng,north,6,43
2019/1/24 21:35:00,wuhe_zhangheng,north,9,48
2019/1/24 21:40:00,wuhe_zhangheng,north,5,49
2019/1/24 21:45:00,wuhe_zhangheng,north,3,35
2019/1/24 21:50:00,wuhe_zhangheng,north,7,55
2019/1/24 21:55:00,wuhe_zhangheng,north,5,31
2019/1/24 22:00:00,wuhe_zhangheng,north,5,51
2019/1/24 22:05:00,wuhe_zhangheng,north,8,41
2019/1/24 22:10:00,wuhe_zhangheng,north,6,41
2019/1/24 22:15:00,wuhe_zhangheng,north,7,52
2019/1/24 22:20:00,wuhe_zhangheng,north,6,36
2019/1/24 22:25:00,wuhe_zhangheng,north,2,40
2019/1/24 22:30:00,wuhe_zhangheng,north,4,39
2019/1/24 22:35:00,wuhe_zhangheng,north,4,22
2019/1/24 22:40:00,wuhe_zhangheng,north,4,30
2019/1/24 22:45:00,wuhe_zhangheng,north,2,36
2019/1/24 22:50:00,wuhe_zhangheng,north,5,37
2019/1/24 22:55:00,wuhe_zhangheng,north,4,28
2019/1/24 23:00:00,wuhe_zhangheng,north,5,22
2019/1/24 23:05:00,wuhe_zhangheng,north,9,44
2019/1/24 23:10:00,wuhe_zhangheng,north,5,26
2019/1/24 23:15:00,wuhe_zhangheng,north,2,26
2019/1/24 23:20:00,wuhe_zhangheng,north,4,34
2019/1/24 23:25:00,wuhe_zhangheng,north,3,30
2019/1/24 23:30:00,wuhe_zhangheng,north,4,23
2019/1/24 23:35:00,wuhe_zhangheng,north,2,20
2019/1/24 23:40:00,wuhe_zhangheng,north,2,22
2019/1/24 23:45:00,wuhe_zhangheng,north,2,15
2019/1/24 23:50:00,wuhe_zhangheng,north,1,16
2019/1/24 23:55:00,wuhe_zhangheng,north,2,18
