2019/1/17 00:00:00,chongzhi_beier,east,7,23
2019/1/17 00:05:00,chongzhi_beier,east,6,12
2019/1/17 00:10:00,chongzhi_beier,east,4,13
2019/1/17 00:15:00,chongzhi_beier,east,3,20
2019/1/17 00:20:00,chongzhi_beier,east,6,17
2019/1/17 00:25:00,chongzhi_beier,east,2,8
2019/1/17 00:30:00,chongzhi_beier,east,8,21
2019/1/17 00:35:00,chongzhi_beier,east,4,10
2019/1/17 00:40:00,chongzhi_beier,east,5,12
2019/1/17 00:45:00,chongzhi_beier,east,3,11
2019/1/17 00:50:00,chongzhi_beier,east,1,17
2019/1/17 00:55:00,chongzhi_beier,east,3,12
2019/1/17 01:00:00,chongzhi_beier,east,6,12
2019/1/17 01:05:00,chongzhi_beier,east,1,4
2019/1/17 01:10:00,chongzhi_beier,east,0,16
2019/1/17 01:15:00,chongzhi_beier,east,1,5
2019/1/17 01:20:00,chongzhi_beier,east,2,11
2019/1/17 01:25:00,chongzhi_beier,east,2,10
2019/1/17 01:30:00,chongzhi_beier,east,4,20
2019/1/17 01:35:00,chongzhi_beier,east,2,6
2019/1/17 01:40:00,chongzhi_beier,east,1,6
2019/1/17 01:45:00,chongzhi_beier,east,2,6
2019/1/17 01:50:00,chongzhi_beier,east,1,5
2019/1/17 01:55:00,chongzhi_beier,east,0,3
2019/1/17 02:00:00,chongzhi_beier,east,2,9
2019/1/17 02:05:00,chongzhi_beier,east,2,4
2019/1/17 02:10:00,chongzhi_beier,east,0,10
2019/1/17 02:15:00,chongzhi_beier,east,1,8
2019/1/17 02:20:00,chongzhi_beier,east,2,8
2019/1/17 02:25:00,chongzhi_beier,east,3,4
2019/1/17 02:30:00,chongzhi_beier,east,4,8
2019/1/17 02:35:00,chongzhi_beier,east,2,3
2019/1/17 02:40:00,chongzhi_beier,east,3,7
2019/1/17 02:45:00,chongzhi_beier,east,4,3
2019/1/17 02:50:00,chongzhi_beier,east,2,6
2019/1/17 02:55:00,chongzhi_beier,east,1,10
2019/1/17 03:00:00,chongzhi_beier,east,3,4
2019/1/17 03:05:00,chongzhi_beier,east,2,9
2019/1/17 03:10:00,chongzhi_beier,east,2,3
2019/1/17 03:15:00,chongzhi_beier,east,1,8
2019/1/17 03:20:00,chongzhi_beier,east,1,14
2019/1/17 03:25:00,chongzhi_beier,east,0,1
2019/1/17 03:30:00,chongzhi_beier,east,0,1
2019/1/17 03:35:00,chongzhi_beier,east,1,0
2019/1/17 03:40:00,chongzhi_beier,east,0,7
2019/1/17 03:45:00,chongzhi_beier,east,0,4
2019/1/17 03:50:00,chongzhi_beier,east,1,0
2019/1/17 03:55:00,chongzhi_beier,east,0,5
2019/1/17 04:00:00,chongzhi_beier,east,2,2
2019/1/17 04:05:00,chongzhi_beier,east,0,2
2019/1/17 04:10:00,chongzhi_beier,east,0,2
2019/1/17 04:15:00,chongzhi_beier,east,1,2
2019/1/17 04:20:00,chongzhi_beier,east,0,3
2019/1/17 04:25:00,chongzhi_beier,east,0,2
2019/1/17 04:30:00,chongzhi_beier,east,1,10
2019/1/17 04:35:00,chongzhi_beier,east,1,2
2019/1/17 04:40:00,chongzhi_beier,east,1,3
2019/1/17 04:45:00,chongzhi_beier,east,1,1
2019/1/17 04:50:00,chongzhi_beier,east,1,2
2019/1/17 04:55:00,chongzhi_beier,east,0,3
2019/1/17 05:00:00,chongzhi_beier,east,2,8
2019/1/17 05:05:00,chongzhi_beier,east,1,5
2019/1/17 05:10:00,chongzhi_beier,east,1,7
2019/1/17 05:15:00,chongzhi_beier,east,1,7
2019/1/17 05:20:00,chongzhi_beier,east,0,3
2019/1/17 05:25:00,chongzhi_beier,east,0,7
2019/1/17 05:30:00,chongzhi_beier,east,0,9
2019/1/17 05:35:00,chongzhi_beier,east,1,7
2019/1/17 05:40:00,chongzhi_beier,east,0,3
2019/1/17 05:45:00,chongzhi_beier,east,0,9
2019/1/17 05:50:00,chongzhi_beier,east,1,2
2019/1/17 05:55:00,chongzhi_beier,east,2,9
2019/1/17 06:00:00,chongzhi_beier,east,0,13
2019/1/17 06:05:00,chongzhi_beier,east,1,22
2019/1/17 06:10:00,chongzhi_beier,east,2,22
2019/1/17 06:15:00,chongzhi_beier,east,1,17
2019/1/17 06:20:00,chongzhi_beier,east,1,17
2019/1/17 06:25:00,chongzhi_beier,east,1,15
2019/1/17 06:30:00,chongzhi_beier,east,2,18
2019/1/17 06:35:00,chongzhi_beier,east,3,28
2019/1/17 06:40:00,chongzhi_beier,east,1,33
2019/1/17 06:45:00,chongzhi_beier,east,4,33
2019/1/17 06:50:00,chongzhi_beier,east,1,20
2019/1/17 06:55:00,chongzhi_beier,east,1,26
2019/1/17 07:00:00,chongzhi_beier,east,4,30
2019/1/17 07:05:00,chongzhi_beier,east,1,36
2019/1/17 07:10:00,chongzhi_beier,east,0,51
2019/1/17 07:15:00,chongzhi_beier,east,0,40
2019/1/17 07:20:00,chongzhi_beier,east,4,54
2019/1/17 07:25:00,chongzhi_beier,east,0,56
2019/1/17 07:30:00,chongzhi_beier,east,5,61
2019/1/17 07:35:00,chongzhi_beier,east,5,56
2019/1/17 07:40:00,chongzhi_beier,east,9,39
2019/1/17 07:45:00,chongzhi_beier,east,6,76
2019/1/17 07:50:00,chongzhi_beier,east,3,49
2019/1/17 07:55:00,chongzhi_beier,east,5,79
2019/1/17 08:00:00,chongzhi_beier,east,13,73
2019/1/17 08:05:00,chongzhi_beier,east,10,72
2019/1/17 08:10:00,chongzhi_beier,east,10,86
2019/1/17 08:15:00,chongzhi_beier,east,3,54
2019/1/17 08:20:00,chongzhi_beier,east,12,91
2019/1/17 08:25:00,chongzhi_beier,east,13,77
2019/1/17 08:30:00,chongzhi_beier,east,5,60
2019/1/17 08:35:00,chongzhi_beier,east,22,64
2019/1/17 08:40:00,chongzhi_beier,east,11,72
2019/1/17 08:45:00,chongzhi_beier,east,9,76
2019/1/17 08:50:00,chongzhi_beier,east,15,60
2019/1/17 08:55:00,chongzhi_beier,east,9,66
2019/1/17 09:00:00,chongzhi_beier,east,17,53
2019/1/17 09:05:00,chongzhi_beier,east,13,69
2019/1/17 09:10:00,chongzhi_beier,east,9,60
2019/1/17 09:15:00,chongzhi_beier,east,9,87
2019/1/17 09:20:00,chongzhi_beier,east,11,49
2019/1/17 09:25:00,chongzhi_beier,east,14,60
2019/1/17 09:30:00,chongzhi_beier,east,11,43
2019/1/17 09:35:00,chongzhi_beier,east,7,63
2019/1/17 09:40:00,chongzhi_beier,east,16,67
2019/1/17 09:45:00,chongzhi_beier,east,6,65
2019/1/17 09:50:00,chongzhi_beier,east,7,48
2019/1/17 09:55:00,chongzhi_beier,east,14,82
2019/1/17 10:00:00,chongzhi_beier,east,9,47
2019/1/17 10:05:00,chongzhi_beier,east,5,56
2019/1/17 10:10:00,chongzhi_beier,east,10,78
2019/1/17 10:15:00,chongzhi_beier,east,7,46
2019/1/17 10:20:00,chongzhi_beier,east,8,38
2019/1/17 10:25:00,chongzhi_beier,east,11,79
2019/1/17 10:30:00,chongzhi_beier,east,9,35
2019/1/17 10:35:00,chongzhi_beier,east,8,50
2019/1/17 10:40:00,chongzhi_beier,east,13,70
2019/1/17 10:45:00,chongzhi_beier,east,9,53
2019/1/17 10:50:00,chongzhi_beier,east,6,42
2019/1/17 10:55:00,chongzhi_beier,east,14,65
2019/1/17 11:00:00,chongzhi_beier,east,1,43
2019/1/17 11:05:00,chongzhi_beier,east,9,53
2019/1/17 11:10:00,chongzhi_beier,east,6,58
2019/1/17 11:15:00,chongzhi_beier,east,7,60
2019/1/17 11:20:00,chongzhi_beier,east,3,28
2019/1/17 11:25:00,chongzhi_beier,east,12,68
2019/1/17 11:30:00,chongzhi_beier,east,10,50
2019/1/17 11:35:00,chongzhi_beier,east,7,54
2019/1/17 11:40:00,chongzhi_beier,east,2,58
2019/1/17 11:45:00,chongzhi_beier,east,7,48
2019/1/17 11:50:00,chongzhi_beier,east,7,60
2019/1/17 11:55:00,chongzhi_beier,east,2,36
2019/1/17 12:00:00,chongzhi_beier,east,4,49
2019/1/17 12:05:00,chongzhi_beier,east,7,51
2019/1/17 12:10:00,chongzhi_beier,east,10,41
2019/1/17 12:15:00,chongzhi_beier,east,6,35
2019/1/17 12:20:00,chongzhi_beier,east,14,39
2019/1/17 12:25:00,chongzhi_beier,east,8,67
2019/1/17 12:30:00,chongzhi_beier,east,5,21
2019/1/17 12:35:00,chongzhi_beier,east,10,48
2019/1/17 12:40:00,chongzhi_beier,east,6,50
2019/1/17 12:45:00,chongzhi_beier,east,8,55
2019/1/17 12:50:00,chongzhi_beier,east,14,50
2019/1/17 12:55:00,chongzhi_beier,east,5,32
2019/1/17 13:00:00,chongzhi_beier,east,4,46
2019/1/17 13:05:00,chongzhi_beier,east,11,55
2019/1/17 13:10:00,chongzhi_beier,east,5,53
2019/1/17 13:15:00,chongzhi_beier,east,6,51
2019/1/17 13:20:00,chongzhi_beier,east,7,43
2019/1/17 13:25:00,chongzhi_beier,east,6,65
2019/1/17 13:30:00,chongzhi_beier,east,7,68
2019/1/17 13:35:00,chongzhi_beier,east,6,52
2019/1/17 13:40:00,chongzhi_beier,east,11,61
2019/1/17 13:45:00,chongzhi_beier,east,9,51
2019/1/17 13:50:00,chongzhi_beier,east,4,55
2019/1/17 13:55:00,chongzhi_beier,east,3,70
2019/1/17 14:00:00,chongzhi_beier,east,14,44
2019/1/17 14:05:00,chongzhi_beier,east,1,67
2019/1/17 14:10:00,chongzhi_beier,east,4,61
2019/1/17 14:15:00,chongzhi_beier,east,8,61
2019/1/17 14:20:00,chongzhi_beier,east,13,78
2019/1/17 14:25:00,chongzhi_beier,east,8,46
2019/1/17 14:30:00,chongzhi_beier,east,7,58
2019/1/17 14:35:00,chongzhi_beier,east,6,51
2019/1/17 14:40:00,chongzhi_beier,east,5,50
2019/1/17 14:45:00,chongzhi_beier,east,13,63
2019/1/17 14:50:00,chongzhi_beier,east,6,34
2019/1/17 14:55:00,chongzhi_beier,east,2,48
2019/1/17 15:00:00,chongzhi_beier,east,8,52
2019/1/17 15:05:00,chongzhi_beier,east,7,55
2019/1/17 15:10:00,chongzhi_beier,east,6,62
2019/1/17 15:15:00,chongzhi_beier,east,6,55
2019/1/17 15:20:00,chongzhi_beier,east,12,47
2019/1/17 15:25:00,chongzhi_beier,east,5,52
2019/1/17 15:30:00,chongzhi_beier,east,6,60
2019/1/17 15:35:00,chongzhi_beier,east,9,63
2019/1/17 15:40:00,chongzhi_beier,east,5,45
2019/1/17 15:45:00,chongzhi_beier,east,9,39
2019/1/17 15:50:00,chongzhi_beier,east,10,47
2019/1/17 15:55:00,chongzhi_beier,east,10,73
2019/1/17 16:00:00,chongzhi_beier,east,13,63
2019/1/17 16:05:00,chongzhi_beier,east,8,51
2019/1/17 16:10:00,chongzhi_beier,east,5,60
2019/1/17 16:15:00,chongzhi_beier,east,7,61
2019/1/17 16:20:00,chongzhi_beier,east,5,44
2019/1/17 16:25:00,chongzhi_beier,east,10,61
2019/1/17 16:30:00,chongzhi_beier,east,10,61
2019/1/17 16:35:00,chongzhi_beier,east,12,78
2019/1/17 16:40:00,chongzhi_beier,east,8,51
2019/1/17 16:45:00,chongzhi_beier,east,10,65
2019/1/17 16:50:00,chongzhi_beier,east,12,55
2019/1/17 16:55:00,chongzhi_beier,east,7,50
2019/1/17 17:00:00,chongzhi_beier,east,12,53
2019/1/17 17:05:00,chongzhi_beier,east,7,63
2019/1/17 17:10:00,chongzhi_beier,east,7,41
2019/1/17 17:15:00,chongzhi_beier,east,5,75
2019/1/17 17:20:00,chongzhi_beier,east,11,72
2019/1/17 17:25:00,chongzhi_beier,east,15,65
2019/1/17 17:30:00,chongzhi_beier,east,11,38
2019/1/17 17:35:00,chongzhi_beier,east,7,59
2019/1/17 17:40:00,chongzhi_beier,east,9,37
2019/1/17 17:45:00,chongzhi_beier,east,7,67
2019/1/17 17:50:00,chongzhi_beier,east,3,63
2019/1/17 17:55:00,chongzhi_beier,east,10,54
2019/1/17 18:00:00,chongzhi_beier,east,12,57
2019/1/17 18:05:00,chongzhi_beier,east,5,31
2019/1/17 18:10:00,chongzhi_beier,east,16,69
2019/1/17 18:15:00,chongzhi_beier,east,6,41
2019/1/17 18:20:00,chongzhi_beier,east,13,65
2019/1/17 18:25:00,chongzhi_beier,east,5,24
2019/1/17 18:30:00,chongzhi_beier,east,11,50
2019/1/17 18:35:00,chongzhi_beier,east,11,70
2019/1/17 18:40:00,chongzhi_beier,east,8,29
2019/1/17 18:45:00,chongzhi_beier,east,14,75
2019/1/17 18:50:00,chongzhi_beier,east,13,45
2019/1/17 18:55:00,chongzhi_beier,east,9,39
2019/1/17 19:00:00,chongzhi_beier,east,6,41
2019/1/17 19:05:00,chongzhi_beier,east,13,54
2019/1/17 19:10:00,chongzhi_beier,east,4,42
2019/1/17 19:15:00,chongzhi_beier,east,8,31
2019/1/17 19:20:00,chongzhi_beier,east,9,48
2019/1/17 19:25:00,chongzhi_beier,east,10,33
2019/1/17 19:30:00,chongzhi_beier,east,11,52
2019/1/17 19:35:00,chongzhi_beier,east,9,49
2019/1/17 19:40:00,chongzhi_beier,east,11,44
2019/1/17 19:45:00,chongzhi_beier,east,12,47
2019/1/17 19:50:00,chongzhi_beier,east,6,50
2019/1/17 19:55:00,chongzhi_beier,east,6,36
2019/1/17 20:00:00,chongzhi_beier,east,10,40
2019/1/17 20:05:00,chongzhi_beier,east,5,48
2019/1/17 20:10:00,chongzhi_beier,east,4,29
2019/1/17 20:15:00,chongzhi_beier,east,8,50
2019/1/17 20:20:00,chongzhi_beier,east,5,29
2019/1/17 20:25:00,chongzhi_beier,east,15,43
2019/1/17 20:30:00,chongzhi_beier,east,6,36
2019/1/17 20:35:00,chongzhi_beier,east,16,52
2019/1/17 20:40:00,chongzhi_beier,east,10,41
2019/1/17 20:45:00,chongzhi_beier,east,11,43
2019/1/17 20:50:00,chongzhi_beier,east,5,19
2019/1/17 20:55:00,chongzhi_beier,east,11,40
2019/1/17 21:00:00,chongzhi_beier,east,8,35
2019/1/17 21:05:00,chongzhi_beier,east,14,52
2019/1/17 21:10:00,chongzhi_beier,east,10,37
2019/1/17 21:15:00,chongzhi_beier,east,17,54
2019/1/17 21:20:00,chongzhi_beier,east,6,39
2019/1/17 21:25:00,chongzhi_beier,east,7,53
2019/1/17 21:30:00,chongzhi_beier,east,15,46
2019/1/17 21:35:00,chongzhi_beier,east,6,17
2019/1/17 21:40:00,chongzhi_beier,east,10,51
2019/1/17 21:45:00,chongzhi_beier,east,7,31
2019/1/17 21:50:00,chongzhi_beier,east,10,44
2019/1/17 21:55:00,chongzhi_beier,east,18,64
2019/1/17 22:00:00,chongzhi_beier,east,6,40
2019/1/17 22:05:00,chongzhi_beier,east,4,30
2019/1/17 22:10:00,chongzhi_beier,east,5,41
2019/1/17 22:15:00,chongzhi_beier,east,7,34
2019/1/17 22:20:00,chongzhi_beier,east,11,35
2019/1/17 22:25:00,chongzhi_beier,east,7,29
2019/1/17 22:30:00,chongzhi_beier,east,8,34
2019/1/17 22:35:00,chongzhi_beier,east,3,41
2019/1/17 22:40:00,chongzhi_beier,east,3,35
2019/1/17 22:45:00,chongzhi_beier,east,9,30
2019/1/17 22:50:00,chongzhi_beier,east,5,35
2019/1/17 22:55:00,chongzhi_beier,east,6,27
2019/1/17 23:00:00,chongzhi_beier,east,4,27
2019/1/17 23:05:00,chongzhi_beier,east,6,36
2019/1/17 23:10:00,chongzhi_beier,east,10,42
2019/1/17 23:15:00,chongzhi_beier,east,8,29
2019/1/17 23:20:00,chongzhi_beier,east,7,20
2019/1/17 23:25:00,chongzhi_beier,east,7,33
2019/1/17 23:30:00,chongzhi_beier,east,5,21
2019/1/17 23:35:00,chongzhi_beier,east,7,23
2019/1/17 23:40:00,chongzhi_beier,east,11,18
2019/1/17 23:45:00,chongzhi_beier,east,8,20
2019/1/17 23:50:00,chongzhi_beier,east,7,13
2019/1/17 23:55:00,chongzhi_beier,east,10,21
