2019/1/17 00:00:00,chongzhi_longping,west,5,6
2019/1/17 00:05:00,chongzhi_longping,west,4,4
2019/1/17 00:10:00,chongzhi_longping,west,6,1
2019/1/17 00:15:00,chongzhi_longping,west,3,4
2019/1/17 00:20:00,chongzhi_longping,west,2,1
2019/1/17 00:25:00,chongzhi_longping,west,3,1
2019/1/17 00:30:00,chongzhi_longping,west,1,3
2019/1/17 00:35:00,chongzhi_longping,west,6,2
2019/1/17 00:40:00,chongzhi_longping,west,1,2
2019/1/17 00:45:00,chongzhi_longping,west,3,1
2019/1/17 00:50:00,chongzhi_longping,west,1,2
2019/1/17 00:55:00,chongzhi_longping,west,3,6
2019/1/17 01:00:00,chongzhi_longping,west,1,1
2019/1/17 01:05:00,chongzhi_longping,west,4,1
2019/1/17 01:10:00,chongzhi_longping,west,0,4
2019/1/17 01:15:00,chongzhi_longping,west,0,4
2019/1/17 01:20:00,chongzhi_longping,west,0,1
2019/1/17 01:25:00,chongzhi_longping,west,2,2
2019/1/17 01:30:00,chongzhi_longping,west,2,1
2019/1/17 01:35:00,chongzhi_longping,west,1,0
2019/1/17 01:40:00,chongzhi_longping,west,1,1
2019/1/17 01:45:00,chongzhi_longping,west,1,0
2019/1/17 01:50:00,chongzhi_longping,west,0,2
2019/1/17 01:55:00,chongzhi_longping,west,0,0
2019/1/17 02:00:00,chongzhi_longping,west,0,1
2019/1/17 02:05:00,chongzhi_longping,west,1,0
2019/1/17 02:10:00,chongzhi_longping,west,1,0
2019/1/17 02:15:00,chongzhi_longping,west,1,0
2019/1/17 02:20:00,chongzhi_longping,west,1,0
2019/1/17 02:25:00,chongzhi_longping,west,0,0
2019/1/17 02:30:00,chongzhi_longping,west,1,0
2019/1/17 02:35:00,chongzhi_longping,west,0,1
2019/1/17 02:40:00,chongzhi_longping,west,1,2
2019/1/17 02:45:00,chongzhi_longping,west,0,0
2019/1/17 02:50:00,chongzhi_longping,west,1,1
2019/1/17 02:55:00,chongzhi_longping,west,0,2
2019/1/17 03:00:00,chongzhi_longping,west,0,0
2019/1/17 03:05:00,chongzhi_longping,west,0,0
2019/1/17 03:10:00,chongzhi_longping,west,1,1
2019/1/17 03:15:00,chongzhi_longping,west,0,0
2019/1/17 03:20:00,chongzhi_longping,west,0,0
2019/1/17 03:25:00,chongzhi_longping,west,0,0
2019/1/17 03:30:00,chongzhi_longping,west,0,0
2019/1/17 03:35:00,chongzhi_longping,west,0,1
2019/1/17 03:40:00,chongzhi_longping,west,0,0
2019/1/17 03:45:00,chongzhi_longping,west,0,0
2019/1/17 03:50:00,chongzhi_longping,west,0,1
2019/1/17 03:55:00,chongzhi_longping,west,1,0
2019/1/17 04:00:00,chongzhi_longping,west,1,0
2019/1/17 04:05:00,chongzhi_longping,west,0,0
2019/1/17 04:10:00,chongzhi_longping,west,0,1
2019/1/17 04:15:00,chongzhi_longping,west,1,1
2019/1/17 04:20:00,chongzhi_longping,west,1,0
2019/1/17 04:25:00,chongzhi_longping,west,0,0
2019/1/17 04:30:00,chongzhi_longping,west,0,0
2019/1/17 04:35:00,chongzhi_longping,west,0,0
2019/1/17 04:40:00,chongzhi_longping,west,0,2
2019/1/17 04:45:00,chongzhi_longping,west,0,0
2019/1/17 04:50:00,chongzhi_longping,west,0,1
2019/1/17 04:55:00,chongzhi_longping,west,0,1
2019/1/17 05:00:00,chongzhi_longping,west,1,0
2019/1/17 05:05:00,chongzhi_longping,west,1,1
2019/1/17 05:10:00,chongzhi_longping,west,1,0
2019/1/17 05:15:00,chongzhi_longping,west,1,0
2019/1/17 05:20:00,chongzhi_longping,west,0,2
2019/1/17 05:25:00,chongzhi_longping,west,0,2
2019/1/17 05:30:00,chongzhi_longping,west,0,0
2019/1/17 05:35:00,chongzhi_longping,west,0,0
2019/1/17 05:40:00,chongzhi_longping,west,1,0
2019/1/17 05:45:00,chongzhi_longping,west,1,1
2019/1/17 05:50:00,chongzhi_longping,west,0,0
2019/1/17 05:55:00,chongzhi_longping,west,0,1
2019/1/17 06:00:00,chongzhi_longping,west,1,1
2019/1/17 06:05:00,chongzhi_longping,west,1,0
2019/1/17 06:10:00,chongzhi_longping,west,1,3
2019/1/17 06:15:00,chongzhi_longping,west,2,0
2019/1/17 06:20:00,chongzhi_longping,west,0,0
2019/1/17 06:25:00,chongzhi_longping,west,3,0
2019/1/17 06:30:00,chongzhi_longping,west,0,2
2019/1/17 06:35:00,chongzhi_longping,west,0,2
2019/1/17 06:40:00,chongzhi_longping,west,0,0
2019/1/17 06:45:00,chongzhi_longping,west,1,6
2019/1/17 06:50:00,chongzhi_longping,west,0,2
2019/1/17 06:55:00,chongzhi_longping,west,1,1
2019/1/17 07:00:00,chongzhi_longping,west,2,4
2019/1/17 07:05:00,chongzhi_longping,west,4,3
2019/1/17 07:10:00,chongzhi_longping,west,1,0
2019/1/17 07:15:00,chongzhi_longping,west,2,3
2019/1/17 07:20:00,chongzhi_longping,west,4,1
2019/1/17 07:25:00,chongzhi_longping,west,4,4
2019/1/17 07:30:00,chongzhi_longping,west,3,3
2019/1/17 07:35:00,chongzhi_longping,west,9,4
2019/1/17 07:40:00,chongzhi_longping,west,7,4
2019/1/17 07:45:00,chongzhi_longping,west,17,6
2019/1/17 07:50:00,chongzhi_longping,west,9,3
2019/1/17 07:55:00,chongzhi_longping,west,16,12
2019/1/17 08:00:00,chongzhi_longping,west,14,9
2019/1/17 08:05:00,chongzhi_longping,west,21,11
2019/1/17 08:10:00,chongzhi_longping,west,14,10
2019/1/17 08:15:00,chongzhi_longping,west,16,6
2019/1/17 08:20:00,chongzhi_longping,west,20,14
2019/1/17 08:25:00,chongzhi_longping,west,17,17
2019/1/17 08:30:00,chongzhi_longping,west,12,10
2019/1/17 08:35:00,chongzhi_longping,west,20,21
2019/1/17 08:40:00,chongzhi_longping,west,14,12
2019/1/17 08:45:00,chongzhi_longping,west,20,14
2019/1/17 08:50:00,chongzhi_longping,west,13,16
2019/1/17 08:55:00,chongzhi_longping,west,16,14
2019/1/17 09:00:00,chongzhi_longping,west,12,15
2019/1/17 09:05:00,chongzhi_longping,west,4,11
2019/1/17 09:10:00,chongzhi_longping,west,12,15
2019/1/17 09:15:00,chongzhi_longping,west,10,9
2019/1/17 09:20:00,chongzhi_longping,west,10,9
2019/1/17 09:25:00,chongzhi_longping,west,7,14
2019/1/17 09:30:00,chongzhi_longping,west,6,11
2019/1/17 09:35:00,chongzhi_longping,west,10,8
2019/1/17 09:40:00,chongzhi_longping,west,10,7
2019/1/17 09:45:00,chongzhi_longping,west,8,9
2019/1/17 09:50:00,chongzhi_longping,west,10,10
2019/1/17 09:55:00,chongzhi_longping,west,4,6
2019/1/17 10:00:00,chongzhi_longping,west,4,9
2019/1/17 10:05:00,chongzhi_longping,west,9,11
2019/1/17 10:10:00,chongzhi_longping,west,7,7
2019/1/17 10:15:00,chongzhi_longping,west,9,8
2019/1/17 10:20:00,chongzhi_longping,west,9,7
2019/1/17 10:25:00,chongzhi_longping,west,17,7
2019/1/17 10:30:00,chongzhi_longping,west,4,6
2019/1/17 10:35:00,chongzhi_longping,west,6,5
2019/1/17 10:40:00,chongzhi_longping,west,8,4
2019/1/17 10:45:00,chongzhi_longping,west,5,5
2019/1/17 10:50:00,chongzhi_longping,west,9,5
2019/1/17 10:55:00,chongzhi_longping,west,5,6
2019/1/17 11:00:00,chongzhi_longping,west,5,6
2019/1/17 11:05:00,chongzhi_longping,west,10,6
2019/1/17 11:10:00,chongzhi_longping,west,8,10
2019/1/17 11:15:00,chongzhi_longping,west,5,5
2019/1/17 11:20:00,chongzhi_longping,west,6,1
2019/1/17 11:25:00,chongzhi_longping,west,9,6
2019/1/17 11:30:00,chongzhi_longping,west,8,5
2019/1/17 11:35:00,chongzhi_longping,west,8,9
2019/1/17 11:40:00,chongzhi_longping,west,9,1
2019/1/17 11:45:00,chongzhi_longping,west,12,11
2019/1/17 11:50:00,chongzhi_longping,west,10,7
2019/1/17 11:55:00,chongzhi_longping,west,19,15
2019/1/17 12:00:00,chongzhi_longping,west,10,11
2019/1/17 12:05:00,chongzhi_longping,west,6,15
2019/1/17 12:10:00,chongzhi_longping,west,14,9
2019/1/17 12:15:00,chongzhi_longping,west,9,11
2019/1/17 12:20:00,chongzhi_longping,west,8,7
2019/1/17 12:25:00,chongzhi_longping,west,8,10
2019/1/17 12:30:00,chongzhi_longping,west,2,10
2019/1/17 12:35:00,chongzhi_longping,west,7,4
2019/1/17 12:40:00,chongzhi_longping,west,10,8
2019/1/17 12:45:00,chongzhi_longping,west,5,7
2019/1/17 12:50:00,chongzhi_longping,west,6,6
2019/1/17 12:55:00,chongzhi_longping,west,3,7
2019/1/17 13:00:00,chongzhi_longping,west,6,4
2019/1/17 13:05:00,chongzhi_longping,west,4,9
2019/1/17 13:10:00,chongzhi_longping,west,9,5
2019/1/17 13:15:00,chongzhi_longping,west,2,7
2019/1/17 13:20:00,chongzhi_longping,west,3,8
2019/1/17 13:25:00,chongzhi_longping,west,9,5
2019/1/17 13:30:00,chongzhi_longping,west,14,10
2019/1/17 13:35:00,chongzhi_longping,west,6,3
2019/1/17 13:40:00,chongzhi_longping,west,11,2
2019/1/17 13:45:00,chongzhi_longping,west,12,12
2019/1/17 13:50:00,chongzhi_longping,west,8,7
2019/1/17 13:55:00,chongzhi_longping,west,7,6
2019/1/17 14:00:00,chongzhi_longping,west,9,8
2019/1/17 14:05:00,chongzhi_longping,west,7,1
2019/1/17 14:10:00,chongzhi_longping,west,10,3
2019/1/17 14:15:00,chongzhi_longping,west,5,9
2019/1/17 14:20:00,chongzhi_longping,west,5,5
2019/1/17 14:25:00,chongzhi_longping,west,3,12
2019/1/17 14:30:00,chongzhi_longping,west,8,9
2019/1/17 14:35:00,chongzhi_longping,west,9,11
2019/1/17 14:40:00,chongzhi_longping,west,3,8
2019/1/17 14:45:00,chongzhi_longping,west,9,10
2019/1/17 14:50:00,chongzhi_longping,west,6,10
2019/1/17 14:55:00,chongzhi_longping,west,7,7
2019/1/17 15:00:00,chongzhi_longping,west,5,6
2019/1/17 15:05:00,chongzhi_longping,west,6,9
2019/1/17 15:10:00,chongzhi_longping,west,7,7
2019/1/17 15:15:00,chongzhi_longping,west,5,5
2019/1/17 15:20:00,chongzhi_longping,west,5,6
2019/1/17 15:25:00,chongzhi_longping,west,3,3
2019/1/17 15:30:00,chongzhi_longping,west,9,6
2019/1/17 15:35:00,chongzhi_longping,west,12,12
2019/1/17 15:40:00,chongzhi_longping,west,5,8
2019/1/17 15:45:00,chongzhi_longping,west,10,9
2019/1/17 15:50:00,chongzhi_longping,west,9,6
2019/1/17 15:55:00,chongzhi_longping,west,10,7
2019/1/17 16:00:00,chongzhi_longping,west,5,4
2019/1/17 16:05:00,chongzhi_longping,west,6,9
2019/1/17 16:10:00,chongzhi_longping,west,9,7
2019/1/17 16:15:00,chongzhi_longping,west,9,11
2019/1/17 16:20:00,chongzhi_longping,west,8,12
2019/1/17 16:25:00,chongzhi_longping,west,4,5
2019/1/17 16:30:00,chongzhi_longping,west,11,18
2019/1/17 16:35:00,chongzhi_longping,west,9,7
2019/1/17 16:40:00,chongzhi_longping,west,5,9
2019/1/17 16:45:00,chongzhi_longping,west,15,14
2019/1/17 16:50:00,chongzhi_longping,west,9,9
2019/1/17 16:55:00,chongzhi_longping,west,8,6
2019/1/17 17:00:00,chongzhi_longping,west,6,7
2019/1/17 17:05:00,chongzhi_longping,west,5,6
2019/1/17 17:10:00,chongzhi_longping,west,6,4
2019/1/17 17:15:00,chongzhi_longping,west,5,13
2019/1/17 17:20:00,chongzhi_longping,west,9,15
2019/1/17 17:25:00,chongzhi_longping,west,6,5
2019/1/17 17:30:00,chongzhi_longping,west,7,10
2019/1/17 17:35:00,chongzhi_longping,west,12,9
2019/1/17 17:40:00,chongzhi_longping,west,10,11
2019/1/17 17:45:00,chongzhi_longping,west,12,10
2019/1/17 17:50:00,chongzhi_longping,west,4,13
2019/1/17 17:55:00,chongzhi_longping,west,16,7
2019/1/17 18:00:00,chongzhi_longping,west,11,10
2019/1/17 18:05:00,chongzhi_longping,west,21,21
2019/1/17 18:10:00,chongzhi_longping,west,18,19
2019/1/17 18:15:00,chongzhi_longping,west,14,14
2019/1/17 18:20:00,chongzhi_longping,west,20,26
2019/1/17 18:25:00,chongzhi_longping,west,10,13
2019/1/17 18:30:00,chongzhi_longping,west,23,23
2019/1/17 18:35:00,chongzhi_longping,west,12,19
2019/1/17 18:40:00,chongzhi_longping,west,9,21
2019/1/17 18:45:00,chongzhi_longping,west,20,22
2019/1/17 18:50:00,chongzhi_longping,west,14,18
2019/1/17 18:55:00,chongzhi_longping,west,10,17
2019/1/17 19:00:00,chongzhi_longping,west,6,16
2019/1/17 19:05:00,chongzhi_longping,west,12,20
2019/1/17 19:10:00,chongzhi_longping,west,14,14
2019/1/17 19:15:00,chongzhi_longping,west,6,15
2019/1/17 19:20:00,chongzhi_longping,west,7,8
2019/1/17 19:25:00,chongzhi_longping,west,5,7
2019/1/17 19:30:00,chongzhi_longping,west,4,10
2019/1/17 19:35:00,chongzhi_longping,west,6,4
2019/1/17 19:40:00,chongzhi_longping,west,8,13
2019/1/17 19:45:00,chongzhi_longping,west,5,7
2019/1/17 19:50:00,chongzhi_longping,west,7,5
2019/1/17 19:55:00,chongzhi_longping,west,4,8
2019/1/17 20:00:00,chongzhi_longping,west,7,8
2019/1/17 20:05:00,chongzhi_longping,west,2,13
2019/1/17 20:10:00,chongzhi_longping,west,6,13
2019/1/17 20:15:00,chongzhi_longping,west,6,9
2019/1/17 20:20:00,chongzhi_longping,west,5,10
2019/1/17 20:25:00,chongzhi_longping,west,5,7
2019/1/17 20:30:00,chongzhi_longping,west,4,8
2019/1/17 20:35:00,chongzhi_longping,west,10,15
2019/1/17 20:40:00,chongzhi_longping,west,16,8
2019/1/17 20:45:00,chongzhi_longping,west,9,12
2019/1/17 20:50:00,chongzhi_longping,west,8,13
2019/1/17 20:55:00,chongzhi_longping,west,12,21
2019/1/17 21:00:00,chongzhi_longping,west,11,18
2019/1/17 21:05:00,chongzhi_longping,west,14,8
2019/1/17 21:10:00,chongzhi_longping,west,8,14
2019/1/17 21:15:00,chongzhi_longping,west,16,12
2019/1/17 21:20:00,chongzhi_longping,west,3,17
2019/1/17 21:25:00,chongzhi_longping,west,11,11
2019/1/17 21:30:00,chongzhi_longping,west,6,13
2019/1/17 21:35:00,chongzhi_longping,west,10,13
2019/1/17 21:40:00,chongzhi_longping,west,12,12
2019/1/17 21:45:00,chongzhi_longping,west,8,9
2019/1/17 21:50:00,chongzhi_longping,west,7,8
2019/1/17 21:55:00,chongzhi_longping,west,17,21
2019/1/17 22:00:00,chongzhi_longping,west,12,17
2019/1/17 22:05:00,chongzhi_longping,west,7,9
2019/1/17 22:10:00,chongzhi_longping,west,2,6
2019/1/17 22:15:00,chongzhi_longping,west,8,14
2019/1/17 22:20:00,chongzhi_longping,west,8,9
2019/1/17 22:25:00,chongzhi_longping,west,5,16
2019/1/17 22:30:00,chongzhi_longping,west,5,8
2019/1/17 22:35:00,chongzhi_longping,west,6,14
2019/1/17 22:40:00,chongzhi_longping,west,2,7
2019/1/17 22:45:00,chongzhi_longping,west,4,5
2019/1/17 22:50:00,chongzhi_longping,west,4,8
2019/1/17 22:55:00,chongzhi_longping,west,6,6
2019/1/17 23:00:00,chongzhi_longping,west,15,12
2019/1/17 23:05:00,chongzhi_longping,west,4,9
2019/1/17 23:10:00,chongzhi_longping,west,4,9
2019/1/17 23:15:00,chongzhi_longping,west,9,7
2019/1/17 23:20:00,chongzhi_longping,west,5,6
2019/1/17 23:25:00,chongzhi_longping,west,4,7
2019/1/17 23:30:00,chongzhi_longping,west,4,6
2019/1/17 23:35:00,chongzhi_longping,west,2,9
2019/1/17 23:40:00,chongzhi_longping,west,5,1
2019/1/17 23:45:00,chongzhi_longping,west,5,7
2019/1/17 23:50:00,chongzhi_longping,west,7,6
2019/1/17 23:55:00,chongzhi_longping,west,5,3
