2019/1/17 00:00:00,chongzhi_longping,north,3,13
2019/1/17 00:05:00,chongzhi_longping,north,1,6
2019/1/17 00:10:00,chongzhi_longping,north,0,15
2019/1/17 00:15:00,chongzhi_longping,north,1,8
2019/1/17 00:20:00,chongzhi_longping,north,4,10
2019/1/17 00:25:00,chongzhi_longping,north,5,5
2019/1/17 00:30:00,chongzhi_longping,north,1,8
2019/1/17 00:35:00,chongzhi_longping,north,3,8
2019/1/17 00:40:00,chongzhi_longping,north,4,7
2019/1/17 00:45:00,chongzhi_longping,north,3,7
2019/1/17 00:50:00,chongzhi_longping,north,2,3
2019/1/17 00:55:00,chongzhi_longping,north,1,3
2019/1/17 01:00:00,chongzhi_longping,north,1,8
2019/1/17 01:05:00,chongzhi_longping,north,0,5
2019/1/17 01:10:00,chongzhi_longping,north,3,4
2019/1/17 01:15:00,chongzhi_longping,north,0,2
2019/1/17 01:20:00,chongzhi_longping,north,1,4
2019/1/17 01:25:00,chongzhi_longping,north,1,4
2019/1/17 01:30:00,chongzhi_longping,north,0,2
2019/1/17 01:35:00,chongzhi_longping,north,2,1
2019/1/17 01:40:00,chongzhi_longping,north,0,1
2019/1/17 01:45:00,chongzhi_longping,north,4,4
2019/1/17 01:50:00,chongzhi_longping,north,0,1
2019/1/17 01:55:00,chongzhi_longping,north,0,0
2019/1/17 02:00:00,chongzhi_longping,north,1,2
2019/1/17 02:05:00,chongzhi_longping,north,0,0
2019/1/17 02:10:00,chongzhi_longping,north,0,1
2019/1/17 02:15:00,chongzhi_longping,north,0,4
2019/1/17 02:20:00,chongzhi_longping,north,1,1
2019/1/17 02:25:00,chongzhi_longping,north,1,2
2019/1/17 02:30:00,chongzhi_longping,north,1,3
2019/1/17 02:35:00,chongzhi_longping,north,0,2
2019/1/17 02:40:00,chongzhi_longping,north,0,2
2019/1/17 02:45:00,chongzhi_longping,north,1,3
2019/1/17 02:50:00,chongzhi_longping,north,0,1
2019/1/17 02:55:00,chongzhi_longping,north,1,3
2019/1/17 03:00:00,chongzhi_longping,north,0,4
2019/1/17 03:05:00,chongzhi_longping,north,0,0
2019/1/17 03:10:00,chongzhi_longping,north,0,2
2019/1/17 03:15:00,chongzhi_longping,north,0,1
2019/1/17 03:20:00,chongzhi_longping,north,1,1
2019/1/17 03:25:00,chongzhi_longping,north,0,4
2019/1/17 03:30:00,chongzhi_longping,north,0,1
2019/1/17 03:35:00,chongzhi_longping,north,1,1
2019/1/17 03:40:00,chongzhi_longping,north,0,2
2019/1/17 03:45:00,chongzhi_longping,north,0,3
2019/1/17 03:50:00,chongzhi_longping,north,1,2
2019/1/17 03:55:00,chongzhi_longping,north,0,1
2019/1/17 04:00:00,chongzhi_longping,north,1,1
2019/1/17 04:05:00,chongzhi_longping,north,0,1
2019/1/17 04:10:00,chongzhi_longping,north,1,2
2019/1/17 04:15:00,chongzhi_longping,north,1,2
2019/1/17 04:20:00,chongzhi_longping,north,1,3
2019/1/17 04:25:00,chongzhi_longping,north,2,2
2019/1/17 04:30:00,chongzhi_longping,north,0,6
2019/1/17 04:35:00,chongzhi_longping,north,0,1
2019/1/17 04:40:00,chongzhi_longping,north,0,0
2019/1/17 04:45:00,chongzhi_longping,north,0,1
2019/1/17 04:50:00,chongzhi_longping,north,1,1
2019/1/17 04:55:00,chongzhi_longping,north,1,3
2019/1/17 05:00:00,chongzhi_longping,north,1,0
2019/1/17 05:05:00,chongzhi_longping,north,0,3
2019/1/17 05:10:00,chongzhi_longping,north,0,0
2019/1/17 05:15:00,chongzhi_longping,north,0,3
2019/1/17 05:20:00,chongzhi_longping,north,1,1
2019/1/17 05:25:00,chongzhi_longping,north,0,0
2019/1/17 05:30:00,chongzhi_longping,north,0,3
2019/1/17 05:35:00,chongzhi_longping,north,0,1
2019/1/17 05:40:00,chongzhi_longping,north,1,1
2019/1/17 05:45:00,chongzhi_longping,north,0,0
2019/1/17 05:50:00,chongzhi_longping,north,1,0
2019/1/17 05:55:00,chongzhi_longping,north,0,0
2019/1/17 06:00:00,chongzhi_longping,north,1,1
2019/1/17 06:05:00,chongzhi_longping,north,0,0
2019/1/17 06:10:00,chongzhi_longping,north,1,0
2019/1/17 06:15:00,chongzhi_longping,north,0,2
2019/1/17 06:20:00,chongzhi_longping,north,0,1
2019/1/17 06:25:00,chongzhi_longping,north,0,1
2019/1/17 06:30:00,chongzhi_longping,north,0,2
2019/1/17 06:35:00,chongzhi_longping,north,0,1
2019/1/17 06:40:00,chongzhi_longping,north,1,4
2019/1/17 06:45:00,chongzhi_longping,north,1,4
2019/1/17 06:50:00,chongzhi_longping,north,0,0
2019/1/17 06:55:00,chongzhi_longping,north,0,3
2019/1/17 07:00:00,chongzhi_longping,north,1,4
2019/1/17 07:05:00,chongzhi_longping,north,0,4
2019/1/17 07:10:00,chongzhi_longping,north,0,8
2019/1/17 07:15:00,chongzhi_longping,north,1,8
2019/1/17 07:20:00,chongzhi_longping,north,4,4
2019/1/17 07:25:00,chongzhi_longping,north,1,5
2019/1/17 07:30:00,chongzhi_longping,north,3,6
2019/1/17 07:35:00,chongzhi_longping,north,5,10
2019/1/17 07:40:00,chongzhi_longping,north,4,9
2019/1/17 07:45:00,chongzhi_longping,north,3,15
2019/1/17 07:50:00,chongzhi_longping,north,3,8
2019/1/17 07:55:00,chongzhi_longping,north,6,12
2019/1/17 08:00:00,chongzhi_longping,north,5,18
2019/1/17 08:05:00,chongzhi_longping,north,8,12
2019/1/17 08:10:00,chongzhi_longping,north,5,22
2019/1/17 08:15:00,chongzhi_longping,north,10,14
2019/1/17 08:20:00,chongzhi_longping,north,9,18
2019/1/17 08:25:00,chongzhi_longping,north,9,19
2019/1/17 08:30:00,chongzhi_longping,north,11,21
2019/1/17 08:35:00,chongzhi_longping,north,10,21
2019/1/17 08:40:00,chongzhi_longping,north,11,24
2019/1/17 08:45:00,chongzhi_longping,north,13,20
2019/1/17 08:50:00,chongzhi_longping,north,7,17
2019/1/17 08:55:00,chongzhi_longping,north,7,14
2019/1/17 09:00:00,chongzhi_longping,north,11,11
2019/1/17 09:05:00,chongzhi_longping,north,9,21
2019/1/17 09:10:00,chongzhi_longping,north,7,23
2019/1/17 09:15:00,chongzhi_longping,north,9,19
2019/1/17 09:20:00,chongzhi_longping,north,4,17
2019/1/17 09:25:00,chongzhi_longping,north,4,13
2019/1/17 09:30:00,chongzhi_longping,north,3,16
2019/1/17 09:35:00,chongzhi_longping,north,1,18
2019/1/17 09:40:00,chongzhi_longping,north,1,10
2019/1/17 09:45:00,chongzhi_longping,north,3,23
2019/1/17 09:50:00,chongzhi_longping,north,6,11
2019/1/17 09:55:00,chongzhi_longping,north,6,11
2019/1/17 10:00:00,chongzhi_longping,north,1,24
2019/1/17 10:05:00,chongzhi_longping,north,4,17
2019/1/17 10:10:00,chongzhi_longping,north,5,23
2019/1/17 10:15:00,chongzhi_longping,north,6,12
2019/1/17 10:20:00,chongzhi_longping,north,4,16
2019/1/17 10:25:00,chongzhi_longping,north,7,11
2019/1/17 10:30:00,chongzhi_longping,north,10,21
2019/1/17 10:35:00,chongzhi_longping,north,8,19
2019/1/17 10:40:00,chongzhi_longping,north,4,8
2019/1/17 10:45:00,chongzhi_longping,north,2,11
2019/1/17 10:50:00,chongzhi_longping,north,6,8
2019/1/17 10:55:00,chongzhi_longping,north,3,11
2019/1/17 11:00:00,chongzhi_longping,north,4,11
2019/1/17 11:05:00,chongzhi_longping,north,1,9
2019/1/17 11:10:00,chongzhi_longping,north,2,8
2019/1/17 11:15:00,chongzhi_longping,north,1,8
2019/1/17 11:20:00,chongzhi_longping,north,5,12
2019/1/17 11:25:00,chongzhi_longping,north,3,9
2019/1/17 11:30:00,chongzhi_longping,north,4,18
2019/1/17 11:35:00,chongzhi_longping,north,2,11
2019/1/17 11:40:00,chongzhi_longping,north,6,14
2019/1/17 11:45:00,chongzhi_longping,north,5,14
2019/1/17 11:50:00,chongzhi_longping,north,5,15
2019/1/17 11:55:00,chongzhi_longping,north,5,14
2019/1/17 12:00:00,chongzhi_longping,north,10,20
2019/1/17 12:05:00,chongzhi_longping,north,11,16
2019/1/17 12:10:00,chongzhi_longping,north,10,21
2019/1/17 12:15:00,chongzhi_longping,north,8,14
2019/1/17 12:20:00,chongzhi_longping,north,6,17
2019/1/17 12:25:00,chongzhi_longping,north,7,21
2019/1/17 12:30:00,chongzhi_longping,north,5,16
2019/1/17 12:35:00,chongzhi_longping,north,12,18
2019/1/17 12:40:00,chongzhi_longping,north,3,16
2019/1/17 12:45:00,chongzhi_longping,north,7,14
2019/1/17 12:50:00,chongzhi_longping,north,2,10
2019/1/17 12:55:00,chongzhi_longping,north,5,14
2019/1/17 13:00:00,chongzhi_longping,north,5,10
2019/1/17 13:05:00,chongzhi_longping,north,2,13
2019/1/17 13:10:00,chongzhi_longping,north,6,10
2019/1/17 13:15:00,chongzhi_longping,north,3,4
2019/1/17 13:20:00,chongzhi_longping,north,4,15
2019/1/17 13:25:00,chongzhi_longping,north,7,17
2019/1/17 13:30:00,chongzhi_longping,north,5,15
2019/1/17 13:35:00,chongzhi_longping,north,4,16
2019/1/17 13:40:00,chongzhi_longping,north,8,17
2019/1/17 13:45:00,chongzhi_longping,north,6,16
2019/1/17 13:50:00,chongzhi_longping,north,6,19
2019/1/17 13:55:00,chongzhi_longping,north,5,17
2019/1/17 14:00:00,chongzhi_longping,north,8,14
2019/1/17 14:05:00,chongzhi_longping,north,5,14
2019/1/17 14:10:00,chongzhi_longping,north,6,18
2019/1/17 14:15:00,chongzhi_longping,north,5,16
2019/1/17 14:20:00,chongzhi_longping,north,9,21
2019/1/17 14:25:00,chongzhi_longping,north,4,12
2019/1/17 14:30:00,chongzhi_longping,north,4,18
2019/1/17 14:35:00,chongzhi_longping,north,3,12
2019/1/17 14:40:00,chongzhi_longping,north,5,14
2019/1/17 14:45:00,chongzhi_longping,north,0,10
2019/1/17 14:50:00,chongzhi_longping,north,4,8
2019/1/17 14:55:00,chongzhi_longping,north,5,15
2019/1/17 15:00:00,chongzhi_longping,north,6,19
2019/1/17 15:05:00,chongzhi_longping,north,6,20
2019/1/17 15:10:00,chongzhi_longping,north,4,14
2019/1/17 15:15:00,chongzhi_longping,north,6,8
2019/1/17 15:20:00,chongzhi_longping,north,5,24
2019/1/17 15:25:00,chongzhi_longping,north,5,14
2019/1/17 15:30:00,chongzhi_longping,north,4,16
2019/1/17 15:35:00,chongzhi_longping,north,4,12
2019/1/17 15:40:00,chongzhi_longping,north,5,17
2019/1/17 15:45:00,chongzhi_longping,north,3,17
2019/1/17 15:50:00,chongzhi_longping,north,5,16
2019/1/17 15:55:00,chongzhi_longping,north,1,15
2019/1/17 16:00:00,chongzhi_longping,north,6,20
2019/1/17 16:05:00,chongzhi_longping,north,6,7
2019/1/17 16:10:00,chongzhi_longping,north,5,17
2019/1/17 16:15:00,chongzhi_longping,north,4,17
2019/1/17 16:20:00,chongzhi_longping,north,7,21
2019/1/17 16:25:00,chongzhi_longping,north,6,17
2019/1/17 16:30:00,chongzhi_longping,north,3,23
2019/1/17 16:35:00,chongzhi_longping,north,3,18
2019/1/17 16:40:00,chongzhi_longping,north,3,12
2019/1/17 16:45:00,chongzhi_longping,north,4,20
2019/1/17 16:50:00,chongzhi_longping,north,7,22
2019/1/17 16:55:00,chongzhi_longping,north,5,18
2019/1/17 17:00:00,chongzhi_longping,north,2,14
2019/1/17 17:05:00,chongzhi_longping,north,3,12
2019/1/17 17:10:00,chongzhi_longping,north,3,20
2019/1/17 17:15:00,chongzhi_longping,north,3,16
2019/1/17 17:20:00,chongzhi_longping,north,3,14
2019/1/17 17:25:00,chongzhi_longping,north,7,20
2019/1/17 17:30:00,chongzhi_longping,north,2,28
2019/1/17 17:35:00,chongzhi_longping,north,4,23
2019/1/17 17:40:00,chongzhi_longping,north,14,33
2019/1/17 17:45:00,chongzhi_longping,north,7,33
2019/1/17 17:50:00,chongzhi_longping,north,7,37
2019/1/17 17:55:00,chongzhi_longping,north,10,59
2019/1/17 18:00:00,chongzhi_longping,north,5,53
2019/1/17 18:05:00,chongzhi_longping,north,4,56
2019/1/17 18:10:00,chongzhi_longping,north,5,86
2019/1/17 18:15:00,chongzhi_longping,north,1,67
2019/1/17 18:20:00,chongzhi_longping,north,15,60
2019/1/17 18:25:00,chongzhi_longping,north,10,68
2019/1/17 18:30:00,chongzhi_longping,north,1,54
2019/1/17 18:35:00,chongzhi_longping,north,12,63
2019/1/17 18:40:00,chongzhi_longping,north,2,49
2019/1/17 18:45:00,chongzhi_longping,north,8,35
2019/1/17 18:50:00,chongzhi_longping,north,8,42
2019/1/17 18:55:00,chongzhi_longping,north,1,29
2019/1/17 19:00:00,chongzhi_longping,north,7,51
2019/1/17 19:05:00,chongzhi_longping,north,7,39
2019/1/17 19:10:00,chongzhi_longping,north,3,38
2019/1/17 19:15:00,chongzhi_longping,north,6,30
2019/1/17 19:20:00,chongzhi_longping,north,3,34
2019/1/17 19:25:00,chongzhi_longping,north,2,30
2019/1/17 19:30:00,chongzhi_longping,north,4,24
2019/1/17 19:35:00,chongzhi_longping,north,7,31
2019/1/17 19:40:00,chongzhi_longping,north,4,30
2019/1/17 19:45:00,chongzhi_longping,north,4,31
2019/1/17 19:50:00,chongzhi_longping,north,8,16
2019/1/17 19:55:00,chongzhi_longping,north,3,27
2019/1/17 20:00:00,chongzhi_longping,north,3,26
2019/1/17 20:05:00,chongzhi_longping,north,2,17
2019/1/17 20:10:00,chongzhi_longping,north,2,19
2019/1/17 20:15:00,chongzhi_longping,north,2,34
2019/1/17 20:20:00,chongzhi_longping,north,2,19
2019/1/17 20:25:00,chongzhi_longping,north,2,21
2019/1/17 20:30:00,chongzhi_longping,north,3,24
2019/1/17 20:35:00,chongzhi_longping,north,4,21
2019/1/17 20:40:00,chongzhi_longping,north,5,42
2019/1/17 20:45:00,chongzhi_longping,north,4,25
2019/1/17 20:50:00,chongzhi_longping,north,2,31
2019/1/17 20:55:00,chongzhi_longping,north,6,34
2019/1/17 21:00:00,chongzhi_longping,north,2,43
2019/1/17 21:05:00,chongzhi_longping,north,2,31
2019/1/17 21:10:00,chongzhi_longping,north,6,29
2019/1/17 21:15:00,chongzhi_longping,north,5,27
2019/1/17 21:20:00,chongzhi_longping,north,3,33
2019/1/17 21:25:00,chongzhi_longping,north,6,37
2019/1/17 21:30:00,chongzhi_longping,north,6,29
2019/1/17 21:35:00,chongzhi_longping,north,7,29
2019/1/17 21:40:00,chongzhi_longping,north,2,23
2019/1/17 21:45:00,chongzhi_longping,north,8,39
2019/1/17 21:50:00,chongzhi_longping,north,8,20
2019/1/17 21:55:00,chongzhi_longping,north,4,36
2019/1/17 22:00:00,chongzhi_longping,north,5,35
2019/1/17 22:05:00,chongzhi_longping,north,4,22
2019/1/17 22:10:00,chongzhi_longping,north,3,39
2019/1/17 22:15:00,chongzhi_longping,north,2,25
2019/1/17 22:20:00,chongzhi_longping,north,5,23
2019/1/17 22:25:00,chongzhi_longping,north,6,19
2019/1/17 22:30:00,chongzhi_longping,north,4,15
2019/1/17 22:35:00,chongzhi_longping,north,3,27
2019/1/17 22:40:00,chongzhi_longping,north,3,14
2019/1/17 22:45:00,chongzhi_longping,north,0,18
2019/1/17 22:50:00,chongzhi_longping,north,0,17
2019/1/17 22:55:00,chongzhi_longping,north,0,11
2019/1/17 23:00:00,chongzhi_longping,north,3,25
2019/1/17 23:05:00,chongzhi_longping,north,2,22
2019/1/17 23:10:00,chongzhi_longping,north,2,29
2019/1/17 23:15:00,chongzhi_longping,north,1,25
2019/1/17 23:20:00,chongzhi_longping,north,3,34
2019/1/17 23:25:00,chongzhi_longping,north,0,20
2019/1/17 23:30:00,chongzhi_longping,north,1,13
2019/1/17 23:35:00,chongzhi_longping,north,1,16
2019/1/17 23:40:00,chongzhi_longping,north,0,7
2019/1/17 23:45:00,chongzhi_longping,north,3,10
2019/1/17 23:50:00,chongzhi_longping,north,4,14
2019/1/17 23:55:00,chongzhi_longping,north,3,20
