2019/1/17 00:00:00,chongzhi_beier,west,6,24
2019/1/17 00:05:00,chongzhi_beier,west,14,25
2019/1/17 00:10:00,chongzhi_beier,west,7,22
2019/1/17 00:15:00,chongzhi_beier,west,6,19
2019/1/17 00:20:00,chongzhi_beier,west,4,20
2019/1/17 00:25:00,chongzhi_beier,west,9,19
2019/1/17 00:30:00,chongzhi_beier,west,4,19
2019/1/17 00:35:00,chongzhi_beier,west,6,12
2019/1/17 00:40:00,chongzhi_beier,west,8,22
2019/1/17 00:45:00,chongzhi_beier,west,2,20
2019/1/17 00:50:00,chongzhi_beier,west,3,11
2019/1/17 00:55:00,chongzhi_beier,west,12,14
2019/1/17 01:00:00,chongzhi_beier,west,5,13
2019/1/17 01:05:00,chongzhi_beier,west,5,13
2019/1/17 01:10:00,chongzhi_beier,west,4,16
2019/1/17 01:15:00,chongzhi_beier,west,3,11
2019/1/17 01:20:00,chongzhi_beier,west,9,15
2019/1/17 01:25:00,chongzhi_beier,west,5,14
2019/1/17 01:30:00,chongzhi_beier,west,0,9
2019/1/17 01:35:00,chongzhi_beier,west,4,11
2019/1/17 01:40:00,chongzhi_beier,west,4,7
2019/1/17 01:45:00,chongzhi_beier,west,6,13
2019/1/17 01:50:00,chongzhi_beier,west,5,8
2019/1/17 01:55:00,chongzhi_beier,west,0,6
2019/1/17 02:00:00,chongzhi_beier,west,0,7
2019/1/17 02:05:00,chongzhi_beier,west,2,8
2019/1/17 02:10:00,chongzhi_beier,west,4,13
2019/1/17 02:15:00,chongzhi_beier,west,6,19
2019/1/17 02:20:00,chongzhi_beier,west,2,11
2019/1/17 02:25:00,chongzhi_beier,west,5,4
2019/1/17 02:30:00,chongzhi_beier,west,0,7
2019/1/17 02:35:00,chongzhi_beier,west,2,5
2019/1/17 02:40:00,chongzhi_beier,west,3,8
2019/1/17 02:45:00,chongzhi_beier,west,3,4
2019/1/17 02:50:00,chongzhi_beier,west,11,14
2019/1/17 02:55:00,chongzhi_beier,west,2,2
2019/1/17 03:00:00,chongzhi_beier,west,4,6
2019/1/17 03:05:00,chongzhi_beier,west,3,6
2019/1/17 03:10:00,chongzhi_beier,west,3,8
2019/1/17 03:15:00,chongzhi_beier,west,5,5
2019/1/17 03:20:00,chongzhi_beier,west,1,5
2019/1/17 03:25:00,chongzhi_beier,west,2,3
2019/1/17 03:30:00,chongzhi_beier,west,4,5
2019/1/17 03:35:00,chongzhi_beier,west,3,5
2019/1/17 03:40:00,chongzhi_beier,west,2,5
2019/1/17 03:45:00,chongzhi_beier,west,2,11
2019/1/17 03:50:00,chongzhi_beier,west,5,6
2019/1/17 03:55:00,chongzhi_beier,west,1,2
2019/1/17 04:00:00,chongzhi_beier,west,4,1
2019/1/17 04:05:00,chongzhi_beier,west,3,4
2019/1/17 04:10:00,chongzhi_beier,west,5,2
2019/1/17 04:15:00,chongzhi_beier,west,1,2
2019/1/17 04:20:00,chongzhi_beier,west,3,2
2019/1/17 04:25:00,chongzhi_beier,west,3,6
2019/1/17 04:30:00,chongzhi_beier,west,1,6
2019/1/17 04:35:00,chongzhi_beier,west,2,3
2019/1/17 04:40:00,chongzhi_beier,west,2,4
2019/1/17 04:45:00,chongzhi_beier,west,3,2
2019/1/17 04:50:00,chongzhi_beier,west,1,1
2019/1/17 04:55:00,chongzhi_beier,west,4,6
2019/1/17 05:00:00,chongzhi_beier,west,2,5
2019/1/17 05:05:00,chongzhi_beier,west,2,3
2019/1/17 05:10:00,chongzhi_beier,west,0,1
2019/1/17 05:15:00,chongzhi_beier,west,0,6
2019/1/17 05:20:00,chongzhi_beier,west,2,4
2019/1/17 05:25:00,chongzhi_beier,west,1,5
2019/1/17 05:30:00,chongzhi_beier,west,1,5
2019/1/17 05:35:00,chongzhi_beier,west,4,2
2019/1/17 05:40:00,chongzhi_beier,west,1,5
2019/1/17 05:45:00,chongzhi_beier,west,1,8
2019/1/17 05:50:00,chongzhi_beier,west,1,5
2019/1/17 05:55:00,chongzhi_beier,west,2,7
2019/1/17 06:00:00,chongzhi_beier,west,1,9
2019/1/17 06:05:00,chongzhi_beier,west,2,7
2019/1/17 06:10:00,chongzhi_beier,west,1,7
2019/1/17 06:15:00,chongzhi_beier,west,2,9
2019/1/17 06:20:00,chongzhi_beier,west,2,5
2019/1/17 06:25:00,chongzhi_beier,west,2,10
2019/1/17 06:30:00,chongzhi_beier,west,4,12
2019/1/17 06:35:00,chongzhi_beier,west,2,16
2019/1/17 06:40:00,chongzhi_beier,west,5,15
2019/1/17 06:45:00,chongzhi_beier,west,5,11
2019/1/17 06:50:00,chongzhi_beier,west,4,13
2019/1/17 06:55:00,chongzhi_beier,west,4,12
2019/1/17 07:00:00,chongzhi_beier,west,3,13
2019/1/17 07:05:00,chongzhi_beier,west,3,14
2019/1/17 07:10:00,chongzhi_beier,west,6,15
2019/1/17 07:15:00,chongzhi_beier,west,7,23
2019/1/17 07:20:00,chongzhi_beier,west,9,21
2019/1/17 07:25:00,chongzhi_beier,west,12,21
2019/1/17 07:30:00,chongzhi_beier,west,7,19
2019/1/17 07:35:00,chongzhi_beier,west,18,35
2019/1/17 07:40:00,chongzhi_beier,west,13,32
2019/1/17 07:45:00,chongzhi_beier,west,29,22
2019/1/17 07:50:00,chongzhi_beier,west,26,31
2019/1/17 07:55:00,chongzhi_beier,west,29,25
2019/1/17 08:00:00,chongzhi_beier,west,47,35
2019/1/17 08:05:00,chongzhi_beier,west,45,30
2019/1/17 08:10:00,chongzhi_beier,west,57,47
2019/1/17 08:15:00,chongzhi_beier,west,66,48
2019/1/17 08:20:00,chongzhi_beier,west,25,28
2019/1/17 08:25:00,chongzhi_beier,west,50,52
2019/1/17 08:30:00,chongzhi_beier,west,63,62
2019/1/17 08:35:00,chongzhi_beier,west,28,30
2019/1/17 08:40:00,chongzhi_beier,west,44,40
2019/1/17 08:45:00,chongzhi_beier,west,31,55
2019/1/17 08:50:00,chongzhi_beier,west,29,48
2019/1/17 08:55:00,chongzhi_beier,west,29,38
2019/1/17 09:00:00,chongzhi_beier,west,24,46
2019/1/17 09:05:00,chongzhi_beier,west,25,51
2019/1/17 09:10:00,chongzhi_beier,west,28,58
2019/1/17 09:15:00,chongzhi_beier,west,17,52
2019/1/17 09:20:00,chongzhi_beier,west,21,40
2019/1/17 09:25:00,chongzhi_beier,west,16,36
2019/1/17 09:30:00,chongzhi_beier,west,21,42
2019/1/17 09:35:00,chongzhi_beier,west,20,50
2019/1/17 09:40:00,chongzhi_beier,west,14,33
2019/1/17 09:45:00,chongzhi_beier,west,12,39
2019/1/17 09:50:00,chongzhi_beier,west,7,54
2019/1/17 09:55:00,chongzhi_beier,west,8,39
2019/1/17 10:00:00,chongzhi_beier,west,11,57
2019/1/17 10:05:00,chongzhi_beier,west,23,48
2019/1/17 10:10:00,chongzhi_beier,west,17,50
2019/1/17 10:15:00,chongzhi_beier,west,16,53
2019/1/17 10:20:00,chongzhi_beier,west,18,58
2019/1/17 10:25:00,chongzhi_beier,west,12,57
2019/1/17 10:30:00,chongzhi_beier,west,13,32
2019/1/17 10:35:00,chongzhi_beier,west,19,70
2019/1/17 10:40:00,chongzhi_beier,west,4,39
2019/1/17 10:45:00,chongzhi_beier,west,9,47
2019/1/17 10:50:00,chongzhi_beier,west,13,39
2019/1/17 10:55:00,chongzhi_beier,west,6,46
2019/1/17 11:00:00,chongzhi_beier,west,11,36
2019/1/17 11:05:00,chongzhi_beier,west,6,41
2019/1/17 11:10:00,chongzhi_beier,west,8,48
2019/1/17 11:15:00,chongzhi_beier,west,8,38
2019/1/17 11:20:00,chongzhi_beier,west,7,38
2019/1/17 11:25:00,chongzhi_beier,west,10,25
2019/1/17 11:30:00,chongzhi_beier,west,13,64
2019/1/17 11:35:00,chongzhi_beier,west,5,42
2019/1/17 11:40:00,chongzhi_beier,west,8,49
2019/1/17 11:45:00,chongzhi_beier,west,6,42
2019/1/17 11:50:00,chongzhi_beier,west,12,63
2019/1/17 11:55:00,chongzhi_beier,west,14,54
2019/1/17 12:00:00,chongzhi_beier,west,4,36
2019/1/17 12:05:00,chongzhi_beier,west,4,47
2019/1/17 12:10:00,chongzhi_beier,west,16,47
2019/1/17 12:15:00,chongzhi_beier,west,4,37
2019/1/17 12:20:00,chongzhi_beier,west,8,30
2019/1/17 12:25:00,chongzhi_beier,west,6,42
2019/1/17 12:30:00,chongzhi_beier,west,8,47
2019/1/17 12:35:00,chongzhi_beier,west,5,28
2019/1/17 12:40:00,chongzhi_beier,west,11,51
2019/1/17 12:45:00,chongzhi_beier,west,3,21
2019/1/17 12:50:00,chongzhi_beier,west,11,40
2019/1/17 12:55:00,chongzhi_beier,west,5,42
2019/1/17 13:00:00,chongzhi_beier,west,7,40
2019/1/17 13:05:00,chongzhi_beier,west,11,43
2019/1/17 13:10:00,chongzhi_beier,west,7,32
2019/1/17 13:15:00,chongzhi_beier,west,13,24
2019/1/17 13:20:00,chongzhi_beier,west,15,34
2019/1/17 13:25:00,chongzhi_beier,west,8,33
2019/1/17 13:30:00,chongzhi_beier,west,18,46
2019/1/17 13:35:00,chongzhi_beier,west,12,39
2019/1/17 13:40:00,chongzhi_beier,west,18,45
2019/1/17 13:45:00,chongzhi_beier,west,14,45
2019/1/17 13:50:00,chongzhi_beier,west,6,33
2019/1/17 13:55:00,chongzhi_beier,west,11,54
2019/1/17 14:00:00,chongzhi_beier,west,12,44
2019/1/17 14:05:00,chongzhi_beier,west,10,48
2019/1/17 14:10:00,chongzhi_beier,west,14,60
2019/1/17 14:15:00,chongzhi_beier,west,12,48
2019/1/17 14:20:00,chongzhi_beier,west,4,54
2019/1/17 14:25:00,chongzhi_beier,west,4,46
2019/1/17 14:30:00,chongzhi_beier,west,7,34
2019/1/17 14:35:00,chongzhi_beier,west,10,51
2019/1/17 14:40:00,chongzhi_beier,west,13,64
2019/1/17 14:45:00,chongzhi_beier,west,9,48
2019/1/17 14:50:00,chongzhi_beier,west,7,45
2019/1/17 14:55:00,chongzhi_beier,west,10,50
2019/1/17 15:00:00,chongzhi_beier,west,10,46
2019/1/17 15:05:00,chongzhi_beier,west,7,45
2019/1/17 15:10:00,chongzhi_beier,west,8,44
2019/1/17 15:15:00,chongzhi_beier,west,10,41
2019/1/17 15:20:00,chongzhi_beier,west,9,39
2019/1/17 15:25:00,chongzhi_beier,west,9,61
2019/1/17 15:30:00,chongzhi_beier,west,4,49
2019/1/17 15:35:00,chongzhi_beier,west,9,49
2019/1/17 15:40:00,chongzhi_beier,west,14,36
2019/1/17 15:45:00,chongzhi_beier,west,12,40
2019/1/17 15:50:00,chongzhi_beier,west,11,64
2019/1/17 15:55:00,chongzhi_beier,west,3,55
2019/1/17 16:00:00,chongzhi_beier,west,7,45
2019/1/17 16:05:00,chongzhi_beier,west,8,41
2019/1/17 16:10:00,chongzhi_beier,west,10,40
2019/1/17 16:15:00,chongzhi_beier,west,12,44
2019/1/17 16:20:00,chongzhi_beier,west,11,53
2019/1/17 16:25:00,chongzhi_beier,west,7,55
2019/1/17 16:30:00,chongzhi_beier,west,14,56
2019/1/17 16:35:00,chongzhi_beier,west,14,56
2019/1/17 16:40:00,chongzhi_beier,west,9,51
2019/1/17 16:45:00,chongzhi_beier,west,8,60
2019/1/17 16:50:00,chongzhi_beier,west,8,61
2019/1/17 16:55:00,chongzhi_beier,west,12,42
2019/1/17 17:00:00,chongzhi_beier,west,16,54
2019/1/17 17:05:00,chongzhi_beier,west,15,56
2019/1/17 17:10:00,chongzhi_beier,west,11,46
2019/1/17 17:15:00,chongzhi_beier,west,4,46
2019/1/17 17:20:00,chongzhi_beier,west,9,29
2019/1/17 17:25:00,chongzhi_beier,west,7,57
2019/1/17 17:30:00,chongzhi_beier,west,4,41
2019/1/17 17:35:00,chongzhi_beier,west,16,80
2019/1/17 17:40:00,chongzhi_beier,west,18,52
2019/1/17 17:45:00,chongzhi_beier,west,12,49
2019/1/17 17:50:00,chongzhi_beier,west,6,36
2019/1/17 17:55:00,chongzhi_beier,west,8,56
2019/1/17 18:00:00,chongzhi_beier,west,14,66
2019/1/17 18:05:00,chongzhi_beier,west,8,40
2019/1/17 18:10:00,chongzhi_beier,west,14,76
2019/1/17 18:15:00,chongzhi_beier,west,7,49
2019/1/17 18:20:00,chongzhi_beier,west,16,88
2019/1/17 18:25:00,chongzhi_beier,west,15,49
2019/1/17 18:30:00,chongzhi_beier,west,8,56
2019/1/17 18:35:00,chongzhi_beier,west,14,81
2019/1/17 18:40:00,chongzhi_beier,west,17,64
2019/1/17 18:45:00,chongzhi_beier,west,6,40
2019/1/17 18:50:00,chongzhi_beier,west,11,67
2019/1/17 18:55:00,chongzhi_beier,west,10,56
2019/1/17 19:00:00,chongzhi_beier,west,6,33
2019/1/17 19:05:00,chongzhi_beier,west,11,70
2019/1/17 19:10:00,chongzhi_beier,west,14,68
2019/1/17 19:15:00,chongzhi_beier,west,8,49
2019/1/17 19:20:00,chongzhi_beier,west,5,42
2019/1/17 19:25:00,chongzhi_beier,west,10,51
2019/1/17 19:30:00,chongzhi_beier,west,4,45
2019/1/17 19:35:00,chongzhi_beier,west,5,54
2019/1/17 19:40:00,chongzhi_beier,west,8,47
2019/1/17 19:45:00,chongzhi_beier,west,5,44
2019/1/17 19:50:00,chongzhi_beier,west,5,41
2019/1/17 19:55:00,chongzhi_beier,west,7,53
2019/1/17 20:00:00,chongzhi_beier,west,13,62
2019/1/17 20:05:00,chongzhi_beier,west,15,38
2019/1/17 20:10:00,chongzhi_beier,west,10,50
2019/1/17 20:15:00,chongzhi_beier,west,13,54
2019/1/17 20:20:00,chongzhi_beier,west,11,47
2019/1/17 20:25:00,chongzhi_beier,west,13,55
2019/1/17 20:30:00,chongzhi_beier,west,9,61
2019/1/17 20:35:00,chongzhi_beier,west,8,72
2019/1/17 20:40:00,chongzhi_beier,west,10,50
2019/1/17 20:45:00,chongzhi_beier,west,12,83
2019/1/17 20:50:00,chongzhi_beier,west,6,43
2019/1/17 20:55:00,chongzhi_beier,west,13,73
2019/1/17 21:00:00,chongzhi_beier,west,13,47
2019/1/17 21:05:00,chongzhi_beier,west,13,68
2019/1/17 21:10:00,chongzhi_beier,west,12,46
2019/1/17 21:15:00,chongzhi_beier,west,11,70
2019/1/17 21:20:00,chongzhi_beier,west,10,53
2019/1/17 21:25:00,chongzhi_beier,west,13,64
2019/1/17 21:30:00,chongzhi_beier,west,4,45
2019/1/17 21:35:00,chongzhi_beier,west,12,64
2019/1/17 21:40:00,chongzhi_beier,west,8,41
2019/1/17 21:45:00,chongzhi_beier,west,12,50
2019/1/17 21:50:00,chongzhi_beier,west,11,34
2019/1/17 21:55:00,chongzhi_beier,west,24,89
2019/1/17 22:00:00,chongzhi_beier,west,18,54
2019/1/17 22:05:00,chongzhi_beier,west,9,50
2019/1/17 22:10:00,chongzhi_beier,west,8,43
2019/1/17 22:15:00,chongzhi_beier,west,9,40
2019/1/17 22:20:00,chongzhi_beier,west,10,43
2019/1/17 22:25:00,chongzhi_beier,west,13,57
2019/1/17 22:30:00,chongzhi_beier,west,9,45
2019/1/17 22:35:00,chongzhi_beier,west,17,47
2019/1/17 22:40:00,chongzhi_beier,west,24,47
2019/1/17 22:45:00,chongzhi_beier,west,17,41
2019/1/17 22:50:00,chongzhi_beier,west,15,40
2019/1/17 22:55:00,chongzhi_beier,west,14,39
2019/1/17 23:00:00,chongzhi_beier,west,10,31
2019/1/17 23:05:00,chongzhi_beier,west,9,32
2019/1/17 23:10:00,chongzhi_beier,west,17,41
2019/1/17 23:15:00,chongzhi_beier,west,9,28
2019/1/17 23:20:00,chongzhi_beier,west,12,40
2019/1/17 23:25:00,chongzhi_beier,west,18,35
2019/1/17 23:30:00,chongzhi_beier,west,9,39
2019/1/17 23:35:00,chongzhi_beier,west,8,45
2019/1/17 23:40:00,chongzhi_beier,west,7,26
2019/1/17 23:45:00,chongzhi_beier,west,11,31
2019/1/17 23:50:00,chongzhi_beier,west,10,23
2019/1/17 23:55:00,chongzhi_beier,west,8,34
