2019/1/17 00:00:00,chongzhi_jiaxian,south,0,7
2019/1/17 00:05:00,chongzhi_jiaxian,south,0,8
2019/1/17 00:10:00,chongzhi_jiaxian,south,3,7
2019/1/17 00:15:00,chongzhi_jiaxian,south,3,3
2019/1/17 00:20:00,chongzhi_jiaxian,south,1,8
2019/1/17 00:25:00,chongzhi_jiaxian,south,3,4
2019/1/17 00:30:00,chongzhi_jiaxian,south,1,3
2019/1/17 00:35:00,chongzhi_jiaxian,south,4,6
2019/1/17 00:40:00,chongzhi_jiaxian,south,1,3
2019/1/17 00:45:00,chongzhi_jiaxian,south,1,2
2019/1/17 00:50:00,chongzhi_jiaxian,south,0,5
2019/1/17 00:55:00,chongzhi_jiaxian,south,2,4
2019/1/17 01:00:00,chongzhi_jiaxian,south,1,5
2019/1/17 01:05:00,chongzhi_jiaxian,south,0,2
2019/1/17 01:10:00,chongzhi_jiaxian,south,0,0
2019/1/17 01:15:00,chongzhi_jiaxian,south,1,1
2019/1/17 01:20:00,chongzhi_jiaxian,south,1,1
2019/1/17 01:25:00,chongzhi_jiaxian,south,0,1
2019/1/17 01:30:00,chongzhi_jiaxian,south,2,3
2019/1/17 01:35:00,chongzhi_jiaxian,south,0,0
2019/1/17 01:40:00,chongzhi_jiaxian,south,0,2
2019/1/17 01:45:00,chongzhi_jiaxian,south,0,4
2019/1/17 01:50:00,chongzhi_jiaxian,south,0,3
2019/1/17 01:55:00,chongzhi_jiaxian,south,0,0
2019/1/17 02:00:00,chongzhi_jiaxian,south,0,1
2019/1/17 02:05:00,chongzhi_jiaxian,south,0,6
2019/1/17 02:10:00,chongzhi_jiaxian,south,0,4
2019/1/17 02:15:00,chongzhi_jiaxian,south,0,3
2019/1/17 02:20:00,chongzhi_jiaxian,south,0,0
2019/1/17 02:25:00,chongzhi_jiaxian,south,0,0
2019/1/17 02:30:00,chongzhi_jiaxian,south,0,2
2019/1/17 02:35:00,chongzhi_jiaxian,south,0,2
2019/1/17 02:40:00,chongzhi_jiaxian,south,1,3
2019/1/17 02:45:00,chongzhi_jiaxian,south,0,2
2019/1/17 02:50:00,chongzhi_jiaxian,south,2,2
2019/1/17 02:55:00,chongzhi_jiaxian,south,0,1
2019/1/17 03:00:00,chongzhi_jiaxian,south,0,1
2019/1/17 03:05:00,chongzhi_jiaxian,south,2,4
2019/1/17 03:10:00,chongzhi_jiaxian,south,0,7
2019/1/17 03:15:00,chongzhi_jiaxian,south,1,0
2019/1/17 03:20:00,chongzhi_jiaxian,south,1,3
2019/1/17 03:25:00,chongzhi_jiaxian,south,0,1
2019/1/17 03:30:00,chongzhi_jiaxian,south,2,2
2019/1/17 03:35:00,chongzhi_jiaxian,south,0,2
2019/1/17 03:40:00,chongzhi_jiaxian,south,0,1
2019/1/17 03:45:00,chongzhi_jiaxian,south,0,3
2019/1/17 03:50:00,chongzhi_jiaxian,south,0,3
2019/1/17 03:55:00,chongzhi_jiaxian,south,0,4
2019/1/17 04:00:00,chongzhi_jiaxian,south,0,1
2019/1/17 04:05:00,chongzhi_jiaxian,south,0,1
2019/1/17 04:10:00,chongzhi_jiaxian,south,1,3
2019/1/17 04:15:00,chongzhi_jiaxian,south,0,2
2019/1/17 04:20:00,chongzhi_jiaxian,south,1,5
2019/1/17 04:25:00,chongzhi_jiaxian,south,0,3
2019/1/17 04:30:00,chongzhi_jiaxian,south,0,1
2019/1/17 04:35:00,chongzhi_jiaxian,south,0,0
2019/1/17 04:40:00,chongzhi_jiaxian,south,1,0
2019/1/17 04:45:00,chongzhi_jiaxian,south,1,3
2019/1/17 04:50:00,chongzhi_jiaxian,south,0,2
2019/1/17 04:55:00,chongzhi_jiaxian,south,1,1
2019/1/17 05:00:00,chongzhi_jiaxian,south,1,3
2019/1/17 05:05:00,chongzhi_jiaxian,south,0,4
2019/1/17 05:10:00,chongzhi_jiaxian,south,1,2
2019/1/17 05:15:00,chongzhi_jiaxian,south,0,2
2019/1/17 05:20:00,chongzhi_jiaxian,south,0,2
2019/1/17 05:25:00,chongzhi_jiaxian,south,1,3
2019/1/17 05:30:00,chongzhi_jiaxian,south,0,4
2019/1/17 05:35:00,chongzhi_jiaxian,south,0,4
2019/1/17 05:40:00,chongzhi_jiaxian,south,0,2
2019/1/17 05:45:00,chongzhi_jiaxian,south,0,2
2019/1/17 05:50:00,chongzhi_jiaxian,south,0,2
2019/1/17 05:55:00,chongzhi_jiaxian,south,0,2
2019/1/17 06:00:00,chongzhi_jiaxian,south,0,2
2019/1/17 06:05:00,chongzhi_jiaxian,south,0,2
2019/1/17 06:10:00,chongzhi_jiaxian,south,0,1
2019/1/17 06:15:00,chongzhi_jiaxian,south,0,4
2019/1/17 06:20:00,chongzhi_jiaxian,south,0,0
2019/1/17 06:25:00,chongzhi_jiaxian,south,0,0
2019/1/17 06:30:00,chongzhi_jiaxian,south,0,3
2019/1/17 06:35:00,chongzhi_jiaxian,south,1,2
2019/1/17 06:40:00,chongzhi_jiaxian,south,1,0
2019/1/17 06:45:00,chongzhi_jiaxian,south,1,1
2019/1/17 06:50:00,chongzhi_jiaxian,south,3,5
2019/1/17 06:55:00,chongzhi_jiaxian,south,2,0
2019/1/17 07:00:00,chongzhi_jiaxian,south,6,3
2019/1/17 07:05:00,chongzhi_jiaxian,south,4,5
2019/1/17 07:10:00,chongzhi_jiaxian,south,2,6
2019/1/17 07:15:00,chongzhi_jiaxian,south,4,6
2019/1/17 07:20:00,chongzhi_jiaxian,south,9,8
2019/1/17 07:25:00,chongzhi_jiaxian,south,3,6
2019/1/17 07:30:00,chongzhi_jiaxian,south,5,10
2019/1/17 07:35:00,chongzhi_jiaxian,south,8,12
2019/1/17 07:40:00,chongzhi_jiaxian,south,11,19
2019/1/17 07:45:00,chongzhi_jiaxian,south,14,18
2019/1/17 07:50:00,chongzhi_jiaxian,south,12,25
2019/1/17 07:55:00,chongzhi_jiaxian,south,15,30
2019/1/17 08:00:00,chongzhi_jiaxian,south,24,31
2019/1/17 08:05:00,chongzhi_jiaxian,south,32,38
2019/1/17 08:10:00,chongzhi_jiaxian,south,25,40
2019/1/17 08:15:00,chongzhi_jiaxian,south,24,26
2019/1/17 08:20:00,chongzhi_jiaxian,south,23,22
2019/1/17 08:25:00,chongzhi_jiaxian,south,29,31
2019/1/17 08:30:00,chongzhi_jiaxian,south,31,36
2019/1/17 08:35:00,chongzhi_jiaxian,south,19,17
2019/1/17 08:40:00,chongzhi_jiaxian,south,26,34
2019/1/17 08:45:00,chongzhi_jiaxian,south,36,50
2019/1/17 08:50:00,chongzhi_jiaxian,south,25,29
2019/1/17 08:55:00,chongzhi_jiaxian,south,36,36
2019/1/17 09:00:00,chongzhi_jiaxian,south,15,21
2019/1/17 09:05:00,chongzhi_jiaxian,south,21,24
2019/1/17 09:10:00,chongzhi_jiaxian,south,13,20
2019/1/17 09:15:00,chongzhi_jiaxian,south,13,21
2019/1/17 09:20:00,chongzhi_jiaxian,south,17,18
2019/1/17 09:25:00,chongzhi_jiaxian,south,15,21
2019/1/17 09:30:00,chongzhi_jiaxian,south,8,12
2019/1/17 09:35:00,chongzhi_jiaxian,south,8,18
2019/1/17 09:40:00,chongzhi_jiaxian,south,10,20
2019/1/17 09:45:00,chongzhi_jiaxian,south,8,23
2019/1/17 09:50:00,chongzhi_jiaxian,south,8,11
2019/1/17 09:55:00,chongzhi_jiaxian,south,8,12
2019/1/17 10:00:00,chongzhi_jiaxian,south,6,9
2019/1/17 10:05:00,chongzhi_jiaxian,south,3,19
2019/1/17 10:10:00,chongzhi_jiaxian,south,3,21
2019/1/17 10:15:00,chongzhi_jiaxian,south,9,21
2019/1/17 10:20:00,chongzhi_jiaxian,south,9,13
2019/1/17 10:25:00,chongzhi_jiaxian,south,10,17
2019/1/17 10:30:00,chongzhi_jiaxian,south,5,14
2019/1/17 10:35:00,chongzhi_jiaxian,south,2,13
2019/1/17 10:40:00,chongzhi_jiaxian,south,5,17
2019/1/17 10:45:00,chongzhi_jiaxian,south,3,11
2019/1/17 10:50:00,chongzhi_jiaxian,south,7,20
2019/1/17 10:55:00,chongzhi_jiaxian,south,6,18
2019/1/17 11:00:00,chongzhi_jiaxian,south,7,14
2019/1/17 11:05:00,chongzhi_jiaxian,south,2,10
2019/1/17 11:10:00,chongzhi_jiaxian,south,1,12
2019/1/17 11:15:00,chongzhi_jiaxian,south,3,10
2019/1/17 11:20:00,chongzhi_jiaxian,south,8,6
2019/1/17 11:25:00,chongzhi_jiaxian,south,7,12
2019/1/17 11:30:00,chongzhi_jiaxian,south,6,7
2019/1/17 11:35:00,chongzhi_jiaxian,south,5,10
2019/1/17 11:40:00,chongzhi_jiaxian,south,4,15
2019/1/17 11:45:00,chongzhi_jiaxian,south,4,9
2019/1/17 11:50:00,chongzhi_jiaxian,south,3,13
2019/1/17 11:55:00,chongzhi_jiaxian,south,10,9
2019/1/17 12:00:00,chongzhi_jiaxian,south,2,12
2019/1/17 12:05:00,chongzhi_jiaxian,south,0,8
2019/1/17 12:10:00,chongzhi_jiaxian,south,12,10
2019/1/17 12:15:00,chongzhi_jiaxian,south,7,10
2019/1/17 12:20:00,chongzhi_jiaxian,south,5,12
2019/1/17 12:25:00,chongzhi_jiaxian,south,3,4
2019/1/17 12:30:00,chongzhi_jiaxian,south,3,8
2019/1/17 12:35:00,chongzhi_jiaxian,south,3,13
2019/1/17 12:40:00,chongzhi_jiaxian,south,7,10
2019/1/17 12:45:00,chongzhi_jiaxian,south,6,6
2019/1/17 12:50:00,chongzhi_jiaxian,south,1,7
2019/1/17 12:55:00,chongzhi_jiaxian,south,3,11
2019/1/17 13:00:00,chongzhi_jiaxian,south,1,5
2019/1/17 13:05:00,chongzhi_jiaxian,south,6,10
2019/1/17 13:10:00,chongzhi_jiaxian,south,4,14
2019/1/17 13:15:00,chongzhi_jiaxian,south,1,3
2019/1/17 13:20:00,chongzhi_jiaxian,south,9,11
2019/1/17 13:25:00,chongzhi_jiaxian,south,10,7
2019/1/17 13:30:00,chongzhi_jiaxian,south,6,10
2019/1/17 13:35:00,chongzhi_jiaxian,south,9,10
2019/1/17 13:40:00,chongzhi_jiaxian,south,3,15
2019/1/17 13:45:00,chongzhi_jiaxian,south,4,14
2019/1/17 13:50:00,chongzhi_jiaxian,south,7,15
2019/1/17 13:55:00,chongzhi_jiaxian,south,13,19
2019/1/17 14:00:00,chongzhi_jiaxian,south,3,13
2019/1/17 14:05:00,chongzhi_jiaxian,south,8,15
2019/1/17 14:10:00,chongzhi_jiaxian,south,6,20
2019/1/17 14:15:00,chongzhi_jiaxian,south,8,13
2019/1/17 14:20:00,chongzhi_jiaxian,south,10,8
2019/1/17 14:25:00,chongzhi_jiaxian,south,3,8
2019/1/17 14:30:00,chongzhi_jiaxian,south,4,7
2019/1/17 14:35:00,chongzhi_jiaxian,south,4,5
2019/1/17 14:40:00,chongzhi_jiaxian,south,1,14
2019/1/17 14:45:00,chongzhi_jiaxian,south,7,13
2019/1/17 14:50:00,chongzhi_jiaxian,south,5,17
2019/1/17 14:55:00,chongzhi_jiaxian,south,3,11
2019/1/17 15:00:00,chongzhi_jiaxian,south,3,10
2019/1/17 15:05:00,chongzhi_jiaxian,south,5,11
2019/1/17 15:10:00,chongzhi_jiaxian,south,5,12
2019/1/17 15:15:00,chongzhi_jiaxian,south,3,8
2019/1/17 15:20:00,chongzhi_jiaxian,south,13,10
2019/1/17 15:25:00,chongzhi_jiaxian,south,7,14
2019/1/17 15:30:00,chongzhi_jiaxian,south,8,5
2019/1/17 15:35:00,chongzhi_jiaxian,south,2,6
2019/1/17 15:40:00,chongzhi_jiaxian,south,5,14
2019/1/17 15:45:00,chongzhi_jiaxian,south,7,13
2019/1/17 15:50:00,chongzhi_jiaxian,south,5,7
2019/1/17 15:55:00,chongzhi_jiaxian,south,7,11
2019/1/17 16:00:00,chongzhi_jiaxian,south,7,8
2019/1/17 16:05:00,chongzhi_jiaxian,south,2,11
2019/1/17 16:10:00,chongzhi_jiaxian,south,5,7
2019/1/17 16:15:00,chongzhi_jiaxian,south,7,8
2019/1/17 16:20:00,chongzhi_jiaxian,south,7,14
2019/1/17 16:25:00,chongzhi_jiaxian,south,3,7
2019/1/17 16:30:00,chongzhi_jiaxian,south,5,13
2019/1/17 16:35:00,chongzhi_jiaxian,south,3,12
2019/1/17 16:40:00,chongzhi_jiaxian,south,11,14
2019/1/17 16:45:00,chongzhi_jiaxian,south,1,7
2019/1/17 16:50:00,chongzhi_jiaxian,south,7,13
2019/1/17 16:55:00,chongzhi_jiaxian,south,4,10
2019/1/17 17:00:00,chongzhi_jiaxian,south,4,8
2019/1/17 17:05:00,chongzhi_jiaxian,south,4,11
2019/1/17 17:10:00,chongzhi_jiaxian,south,2,11
2019/1/17 17:15:00,chongzhi_jiaxian,south,3,18
2019/1/17 17:20:00,chongzhi_jiaxian,south,4,15
2019/1/17 17:25:00,chongzhi_jiaxian,south,3,8
2019/1/17 17:30:00,chongzhi_jiaxian,south,5,17
2019/1/17 17:35:00,chongzhi_jiaxian,south,6,10
2019/1/17 17:40:00,chongzhi_jiaxian,south,7,11
2019/1/17 17:45:00,chongzhi_jiaxian,south,3,17
2019/1/17 17:50:00,chongzhi_jiaxian,south,3,13
2019/1/17 17:55:00,chongzhi_jiaxian,south,3,22
2019/1/17 18:00:00,chongzhi_jiaxian,south,4,15
2019/1/17 18:05:00,chongzhi_jiaxian,south,1,17
2019/1/17 18:10:00,chongzhi_jiaxian,south,9,26
2019/1/17 18:15:00,chongzhi_jiaxian,south,11,22
2019/1/17 18:20:00,chongzhi_jiaxian,south,10,30
2019/1/17 18:25:00,chongzhi_jiaxian,south,9,17
2019/1/17 18:30:00,chongzhi_jiaxian,south,6,19
2019/1/17 18:35:00,chongzhi_jiaxian,south,7,16
2019/1/17 18:40:00,chongzhi_jiaxian,south,10,18
2019/1/17 18:45:00,chongzhi_jiaxian,south,5,14
2019/1/17 18:50:00,chongzhi_jiaxian,south,14,19
2019/1/17 18:55:00,chongzhi_jiaxian,south,4,7
2019/1/17 19:00:00,chongzhi_jiaxian,south,4,19
2019/1/17 19:05:00,chongzhi_jiaxian,south,3,8
2019/1/17 19:10:00,chongzhi_jiaxian,south,5,11
2019/1/17 19:15:00,chongzhi_jiaxian,south,4,16
2019/1/17 19:20:00,chongzhi_jiaxian,south,9,8
2019/1/17 19:25:00,chongzhi_jiaxian,south,6,11
2019/1/17 19:30:00,chongzhi_jiaxian,south,6,7
2019/1/17 19:35:00,chongzhi_jiaxian,south,4,4
2019/1/17 19:40:00,chongzhi_jiaxian,south,4,8
2019/1/17 19:45:00,chongzhi_jiaxian,south,8,12
2019/1/17 19:50:00,chongzhi_jiaxian,south,4,12
2019/1/17 19:55:00,chongzhi_jiaxian,south,7,15
2019/1/17 20:00:00,chongzhi_jiaxian,south,4,5
2019/1/17 20:05:00,chongzhi_jiaxian,south,2,14
2019/1/17 20:10:00,chongzhi_jiaxian,south,5,15
2019/1/17 20:15:00,chongzhi_jiaxian,south,5,11
2019/1/17 20:20:00,chongzhi_jiaxian,south,4,15
2019/1/17 20:25:00,chongzhi_jiaxian,south,9,11
2019/1/17 20:30:00,chongzhi_jiaxian,south,6,6
2019/1/17 20:35:00,chongzhi_jiaxian,south,5,10
2019/1/17 20:40:00,chongzhi_jiaxian,south,8,14
2019/1/17 20:45:00,chongzhi_jiaxian,south,4,18
2019/1/17 20:50:00,chongzhi_jiaxian,south,12,17
2019/1/17 20:55:00,chongzhi_jiaxian,south,8,10
2019/1/17 21:00:00,chongzhi_jiaxian,south,4,12
2019/1/17 21:05:00,chongzhi_jiaxian,south,5,17
2019/1/17 21:10:00,chongzhi_jiaxian,south,9,11
2019/1/17 21:15:00,chongzhi_jiaxian,south,10,18
2019/1/17 21:20:00,chongzhi_jiaxian,south,10,13
2019/1/17 21:25:00,chongzhi_jiaxian,south,10,9
2019/1/17 21:30:00,chongzhi_jiaxian,south,5,6
2019/1/17 21:35:00,chongzhi_jiaxian,south,7,14
2019/1/17 21:40:00,chongzhi_jiaxian,south,6,12
2019/1/17 21:45:00,chongzhi_jiaxian,south,5,10
2019/1/17 21:50:00,chongzhi_jiaxian,south,8,12
2019/1/17 21:55:00,chongzhi_jiaxian,south,14,21
2019/1/17 22:00:00,chongzhi_jiaxian,south,4,13
2019/1/17 22:05:00,chongzhi_jiaxian,south,6,10
2019/1/17 22:10:00,chongzhi_jiaxian,south,5,11
2019/1/17 22:15:00,chongzhi_jiaxian,south,4,3
2019/1/17 22:20:00,chongzhi_jiaxian,south,6,10
2019/1/17 22:25:00,chongzhi_jiaxian,south,6,18
2019/1/17 22:30:00,chongzhi_jiaxian,south,5,5
2019/1/17 22:35:00,chongzhi_jiaxian,south,4,8
2019/1/17 22:40:00,chongzhi_jiaxian,south,3,13
2019/1/17 22:45:00,chongzhi_jiaxian,south,2,7
2019/1/17 22:50:00,chongzhi_jiaxian,south,3,7
2019/1/17 22:55:00,chongzhi_jiaxian,south,7,7
2019/1/17 23:00:00,chongzhi_jiaxian,south,7,10
2019/1/17 23:05:00,chongzhi_jiaxian,south,9,9
2019/1/17 23:10:00,chongzhi_jiaxian,south,6,12
2019/1/17 23:15:00,chongzhi_jiaxian,south,7,14
2019/1/17 23:20:00,chongzhi_jiaxian,south,2,5
2019/1/17 23:25:00,chongzhi_jiaxian,south,9,15
2019/1/17 23:30:00,chongzhi_jiaxian,south,1,6
2019/1/17 23:35:00,chongzhi_jiaxian,south,4,4
2019/1/17 23:40:00,chongzhi_jiaxian,south,3,10
2019/1/17 23:45:00,chongzhi_jiaxian,south,4,9
2019/1/17 23:50:00,chongzhi_jiaxian,south,2,8
2019/1/17 23:55:00,chongzhi_jiaxian,south,6,12
