2019/1/17 00:00:00,wuhe_zhangheng,north,1,23
2019/1/17 00:05:00,wuhe_zhangheng,north,2,12
2019/1/17 00:10:00,wuhe_zhangheng,north,5,16
2019/1/17 00:15:00,wuhe_zhangheng,north,1,21
2019/1/17 00:20:00,wuhe_zhangheng,north,2,22
2019/1/17 00:25:00,wuhe_zhangheng,north,0,10
2019/1/17 00:30:00,wuhe_zhangheng,north,0,16
2019/1/17 00:35:00,wuhe_zhangheng,north,2,17
2019/1/17 00:40:00,wuhe_zhangheng,north,2,14
2019/1/17 00:45:00,wuhe_zhangheng,north,2,22
2019/1/17 00:50:00,wuhe_zhangheng,north,0,9
2019/1/17 00:55:00,wuhe_zhangheng,north,0,11
2019/1/17 01:00:00,wuhe_zhangheng,north,2,10
2019/1/17 01:05:00,wuhe_zhangheng,north,1,12
2019/1/17 01:10:00,wuhe_zhangheng,north,1,15
2019/1/17 01:15:00,wuhe_zhangheng,north,0,11
2019/1/17 01:20:00,wuhe_zhangheng,north,0,9
2019/1/17 01:25:00,wuhe_zhangheng,north,1,15
2019/1/17 01:30:00,wuhe_zhangheng,north,0,6
2019/1/17 01:35:00,wuhe_zhangheng,north,1,5
2019/1/17 01:40:00,wuhe_zhangheng,north,0,3
2019/1/17 01:45:00,wuhe_zhangheng,north,0,5
2019/1/17 01:50:00,wuhe_zhangheng,north,0,10
2019/1/17 01:55:00,wuhe_zhangheng,north,0,1
2019/1/17 02:00:00,wuhe_zhangheng,north,0,7
2019/1/17 02:05:00,wuhe_zhangheng,north,0,6
2019/1/17 02:10:00,wuhe_zhangheng,north,0,5
2019/1/17 02:15:00,wuhe_zhangheng,north,0,7
2019/1/17 02:20:00,wuhe_zhangheng,north,0,3
2019/1/17 02:25:00,wuhe_zhangheng,north,0,7
2019/1/17 02:30:00,wuhe_zhangheng,north,0,4
2019/1/17 02:35:00,wuhe_zhangheng,north,0,5
2019/1/17 02:40:00,wuhe_zhangheng,north,0,5
2019/1/17 02:45:00,wuhe_zhangheng,north,0,9
2019/1/17 02:50:00,wuhe_zhangheng,north,0,2
2019/1/17 02:55:00,wuhe_zhangheng,north,0,3
2019/1/17 03:00:00,wuhe_zhangheng,north,0,4
2019/1/17 03:05:00,wuhe_zhangheng,north,0,3
2019/1/17 03:10:00,wuhe_zhangheng,north,0,4
2019/1/17 03:15:00,wuhe_zhangheng,north,0,2
2019/1/17 03:20:00,wuhe_zhangheng,north,0,5
2019/1/17 03:25:00,wuhe_zhangheng,north,0,3
2019/1/17 03:30:00,wuhe_zhangheng,north,0,2
2019/1/17 03:35:00,wuhe_zhangheng,north,0,5
2019/1/17 03:40:00,wuhe_zhangheng,north,0,0
2019/1/17 03:45:00,wuhe_zhangheng,north,0,3
2019/1/17 03:50:00,wuhe_zhangheng,north,0,2
2019/1/17 03:55:00,wuhe_zhangheng,north,0,2
2019/1/17 04:00:00,wuhe_zhangheng,north,0,0
2019/1/17 04:05:00,wuhe_zhangheng,north,0,2
2019/1/17 04:10:00,wuhe_zhangheng,north,0,2
2019/1/17 04:15:00,wuhe_zhangheng,north,0,4
2019/1/17 04:20:00,wuhe_zhangheng,north,0,5
2019/1/17 04:25:00,wuhe_zhangheng,north,0,4
2019/1/17 04:30:00,wuhe_zhangheng,north,0,2
2019/1/17 04:35:00,wuhe_zhangheng,north,0,4
2019/1/17 04:40:00,wuhe_zhangheng,north,0,0
2019/1/17 04:45:00,wuhe_zhangheng,north,0,1
2019/1/17 04:50:00,wuhe_zhangheng,north,0,0
2019/1/17 04:55:00,wuhe_zhangheng,north,0,4
2019/1/17 05:00:00,wuhe_zhangheng,north,0,3
2019/1/17 05:05:00,wuhe_zhangheng,north,0,2
2019/1/17 05:10:00,wuhe_zhangheng,north,0,5
2019/1/17 05:15:00,wuhe_zhangheng,north,0,2
2019/1/17 05:20:00,wuhe_zhangheng,north,0,0
2019/1/17 05:25:00,wuhe_zhangheng,north,0,1
2019/1/17 05:30:00,wuhe_zhangheng,north,0,1
2019/1/17 05:35:00,wuhe_zhangheng,north,0,5
2019/1/17 05:40:00,wuhe_zhangheng,north,0,6
2019/1/17 05:45:00,wuhe_zhangheng,north,0,6
2019/1/17 05:50:00,wuhe_zhangheng,north,0,6
2019/1/17 05:55:00,wuhe_zhangheng,north,0,3
2019/1/17 06:00:00,wuhe_zhangheng,north,0,8
2019/1/17 06:05:00,wuhe_zhangheng,north,0,4
2019/1/17 06:10:00,wuhe_zhangheng,north,0,6
2019/1/17 06:15:00,wuhe_zhangheng,north,0,6
2019/1/17 06:20:00,wuhe_zhangheng,north,0,7
2019/1/17 06:25:00,wuhe_zhangheng,north,0,11
2019/1/17 06:30:00,wuhe_zhangheng,north,0,14
2019/1/17 06:35:00,wuhe_zhangheng,north,0,10
2019/1/17 06:40:00,wuhe_zhangheng,north,0,15
2019/1/17 06:45:00,wuhe_zhangheng,north,0,12
2019/1/17 06:50:00,wuhe_zhangheng,north,0,14
2019/1/17 06:55:00,wuhe_zhangheng,north,0,11
2019/1/17 07:00:00,wuhe_zhangheng,north,0,17
2019/1/17 07:05:00,wuhe_zhangheng,north,0,8
2019/1/17 07:10:00,wuhe_zhangheng,north,1,20
2019/1/17 07:15:00,wuhe_zhangheng,north,0,15
2019/1/17 07:20:00,wuhe_zhangheng,north,0,23
2019/1/17 07:25:00,wuhe_zhangheng,north,1,20
2019/1/17 07:30:00,wuhe_zhangheng,north,0,22
2019/1/17 07:35:00,wuhe_zhangheng,north,0,26
2019/1/17 07:40:00,wuhe_zhangheng,north,0,29
2019/1/17 07:45:00,wuhe_zhangheng,north,0,45
2019/1/17 07:50:00,wuhe_zhangheng,north,1,36
2019/1/17 07:55:00,wuhe_zhangheng,north,1,52
2019/1/17 08:00:00,wuhe_zhangheng,north,2,66
2019/1/17 08:05:00,wuhe_zhangheng,north,2,49
2019/1/17 08:10:00,wuhe_zhangheng,north,1,50
2019/1/17 08:15:00,wuhe_zhangheng,north,1,79
2019/1/17 08:20:00,wuhe_zhangheng,north,0,69
2019/1/17 08:25:00,wuhe_zhangheng,north,1,73
2019/1/17 08:30:00,wuhe_zhangheng,north,0,77
2019/1/17 08:35:00,wuhe_zhangheng,north,0,23
2019/1/17 08:40:00,wuhe_zhangheng,north,1,68
2019/1/17 08:45:00,wuhe_zhangheng,north,0,34
2019/1/17 08:50:00,wuhe_zhangheng,north,0,76
2019/1/17 08:55:00,wuhe_zhangheng,north,0,43
2019/1/17 09:00:00,wuhe_zhangheng,north,0,32
2019/1/17 09:05:00,wuhe_zhangheng,north,0,40
2019/1/17 09:10:00,wuhe_zhangheng,north,0,36
2019/1/17 09:15:00,wuhe_zhangheng,north,0,39
2019/1/17 09:20:00,wuhe_zhangheng,north,0,38
2019/1/17 09:25:00,wuhe_zhangheng,north,1,45
2019/1/17 09:30:00,wuhe_zhangheng,north,0,48
2019/1/17 09:35:00,wuhe_zhangheng,north,0,30
2019/1/17 09:40:00,wuhe_zhangheng,north,0,38
2019/1/17 09:45:00,wuhe_zhangheng,north,0,33
2019/1/17 09:50:00,wuhe_zhangheng,north,0,32
2019/1/17 09:55:00,wuhe_zhangheng,north,0,32
2019/1/17 10:00:00,wuhe_zhangheng,north,0,26
2019/1/17 10:05:00,wuhe_zhangheng,north,0,24
2019/1/17 10:10:00,wuhe_zhangheng,north,0,37
2019/1/17 10:15:00,wuhe_zhangheng,north,0,29
2019/1/17 10:20:00,wuhe_zhangheng,north,0,25
2019/1/17 10:25:00,wuhe_zhangheng,north,0,39
2019/1/17 10:30:00,wuhe_zhangheng,north,0,33
2019/1/17 10:35:00,wuhe_zhangheng,north,0,36
2019/1/17 10:40:00,wuhe_zhangheng,north,0,29
2019/1/17 10:45:00,wuhe_zhangheng,north,1,28
2019/1/17 10:50:00,wuhe_zhangheng,north,0,28
2019/1/17 10:55:00,wuhe_zhangheng,north,0,27
2019/1/17 11:00:00,wuhe_zhangheng,north,0,27
2019/1/17 11:05:00,wuhe_zhangheng,north,0,29
2019/1/17 11:10:00,wuhe_zhangheng,north,0,32
2019/1/17 11:15:00,wuhe_zhangheng,north,1,38
2019/1/17 11:20:00,wuhe_zhangheng,north,0,34
2019/1/17 11:25:00,wuhe_zhangheng,north,0,32
2019/1/17 11:30:00,wuhe_zhangheng,north,1,30
2019/1/17 11:35:00,wuhe_zhangheng,north,0,31
2019/1/17 11:40:00,wuhe_zhangheng,north,1,41
2019/1/17 11:45:00,wuhe_zhangheng,north,1,29
2019/1/17 11:50:00,wuhe_zhangheng,north,0,30
2019/1/17 11:55:00,wuhe_zhangheng,north,0,26
2019/1/17 12:00:00,wuhe_zhangheng,north,0,27
2019/1/17 12:05:00,wuhe_zhangheng,north,0,37
2019/1/17 12:10:00,wuhe_zhangheng,north,0,24
2019/1/17 12:15:00,wuhe_zhangheng,north,1,21
2019/1/17 12:20:00,wuhe_zhangheng,north,0,28
2019/1/17 12:25:00,wuhe_zhangheng,north,0,17
2019/1/17 12:30:00,wuhe_zhangheng,north,0,29
2019/1/17 12:35:00,wuhe_zhangheng,north,0,23
2019/1/17 12:40:00,wuhe_zhangheng,north,0,29
2019/1/17 12:45:00,wuhe_zhangheng,north,0,33
2019/1/17 12:50:00,wuhe_zhangheng,north,0,28
2019/1/17 12:55:00,wuhe_zhangheng,north,0,19
2019/1/17 13:00:00,wuhe_zhangheng,north,0,16
2019/1/17 13:05:00,wuhe_zhangheng,north,1,32
2019/1/17 13:10:00,wuhe_zhangheng,north,0,27
2019/1/17 13:15:00,wuhe_zhangheng,north,1,30
2019/1/17 13:20:00,wuhe_zhangheng,north,0,31
2019/1/17 13:25:00,wuhe_zhangheng,north,1,18
2019/1/17 13:30:00,wuhe_zhangheng,north,0,35
2019/1/17 13:35:00,wuhe_zhangheng,north,0,34
2019/1/17 13:40:00,wuhe_zhangheng,north,2,39
2019/1/17 13:45:00,wuhe_zhangheng,north,1,33
2019/1/17 13:50:00,wuhe_zhangheng,north,0,36
2019/1/17 13:55:00,wuhe_zhangheng,north,1,24
2019/1/17 14:00:00,wuhe_zhangheng,north,0,31
2019/1/17 14:05:00,wuhe_zhangheng,north,0,33
2019/1/17 14:10:00,wuhe_zhangheng,north,0,30
2019/1/17 14:15:00,wuhe_zhangheng,north,1,37
2019/1/17 14:20:00,wuhe_zhangheng,north,0,37
2019/1/17 14:25:00,wuhe_zhangheng,north,0,29
2019/1/17 14:30:00,wuhe_zhangheng,north,0,32
2019/1/17 14:35:00,wuhe_zhangheng,north,0,40
2019/1/17 14:40:00,wuhe_zhangheng,north,0,41
2019/1/17 14:45:00,wuhe_zhangheng,north,0,42
2019/1/17 14:50:00,wuhe_zhangheng,north,0,38
2019/1/17 14:55:00,wuhe_zhangheng,north,0,19
2019/1/17 15:00:00,wuhe_zhangheng,north,0,44
2019/1/17 15:05:00,wuhe_zhangheng,north,0,31
2019/1/17 15:10:00,wuhe_zhangheng,north,0,31
2019/1/17 15:15:00,wuhe_zhangheng,north,0,37
2019/1/17 15:20:00,wuhe_zhangheng,north,0,33
2019/1/17 15:25:00,wuhe_zhangheng,north,0,33
2019/1/17 15:30:00,wuhe_zhangheng,north,1,41
2019/1/17 15:35:00,wuhe_zhangheng,north,0,33
2019/1/17 15:40:00,wuhe_zhangheng,north,0,37
2019/1/17 15:45:00,wuhe_zhangheng,north,1,39
2019/1/17 15:50:00,wuhe_zhangheng,north,0,39
2019/1/17 15:55:00,wuhe_zhangheng,north,0,43
2019/1/17 16:00:00,wuhe_zhangheng,north,1,46
2019/1/17 16:05:00,wuhe_zhangheng,north,0,58
2019/1/17 16:10:00,wuhe_zhangheng,north,0,51
2019/1/17 16:15:00,wuhe_zhangheng,north,0,22
2019/1/17 16:20:00,wuhe_zhangheng,north,0,56
2019/1/17 16:25:00,wuhe_zhangheng,north,0,49
2019/1/17 16:30:00,wuhe_zhangheng,north,0,47
2019/1/17 16:35:00,wuhe_zhangheng,north,0,48
2019/1/17 16:40:00,wuhe_zhangheng,north,0,60
2019/1/17 16:45:00,wuhe_zhangheng,north,0,63
2019/1/17 16:50:00,wuhe_zhangheng,north,0,51
2019/1/17 16:55:00,wuhe_zhangheng,north,1,55
2019/1/17 17:00:00,wuhe_zhangheng,north,0,50
2019/1/17 17:05:00,wuhe_zhangheng,north,0,62
2019/1/17 17:10:00,wuhe_zhangheng,north,0,63
2019/1/17 17:15:00,wuhe_zhangheng,north,0,42
2019/1/17 17:20:00,wuhe_zhangheng,north,2,65
2019/1/17 17:25:00,wuhe_zhangheng,north,0,63
2019/1/17 17:30:00,wuhe_zhangheng,north,0,61
2019/1/17 17:35:00,wuhe_zhangheng,north,0,42
2019/1/17 17:40:00,wuhe_zhangheng,north,0,50
2019/1/17 17:45:00,wuhe_zhangheng,north,1,54
2019/1/17 17:50:00,wuhe_zhangheng,north,0,69
2019/1/17 17:55:00,wuhe_zhangheng,north,0,64
2019/1/17 18:00:00,wuhe_zhangheng,north,2,64
2019/1/17 18:05:00,wuhe_zhangheng,north,0,64
2019/1/17 18:10:00,wuhe_zhangheng,north,0,64
2019/1/17 18:15:00,wuhe_zhangheng,north,0,58
2019/1/17 18:20:00,wuhe_zhangheng,north,0,55
2019/1/17 18:25:00,wuhe_zhangheng,north,0,52
2019/1/17 18:30:00,wuhe_zhangheng,north,0,59
2019/1/17 18:35:00,wuhe_zhangheng,north,0,59
2019/1/17 18:40:00,wuhe_zhangheng,north,0,66
2019/1/17 18:45:00,wuhe_zhangheng,north,0,63
2019/1/17 18:50:00,wuhe_zhangheng,north,1,60
2019/1/17 18:55:00,wuhe_zhangheng,north,2,64
2019/1/17 19:00:00,wuhe_zhangheng,north,2,54
2019/1/17 19:05:00,wuhe_zhangheng,north,0,49
2019/1/17 19:10:00,wuhe_zhangheng,north,1,54
2019/1/17 19:15:00,wuhe_zhangheng,north,0,56
2019/1/17 19:20:00,wuhe_zhangheng,north,0,47
2019/1/17 19:25:00,wuhe_zhangheng,north,0,35
2019/1/17 19:30:00,wuhe_zhangheng,north,0,47
2019/1/17 19:35:00,wuhe_zhangheng,north,0,38
2019/1/17 19:40:00,wuhe_zhangheng,north,0,63
2019/1/17 19:45:00,wuhe_zhangheng,north,0,35
2019/1/17 19:50:00,wuhe_zhangheng,north,0,34
2019/1/17 19:55:00,wuhe_zhangheng,north,0,45
2019/1/17 20:00:00,wuhe_zhangheng,north,0,33
2019/1/17 20:05:00,wuhe_zhangheng,north,0,39
2019/1/17 20:10:00,wuhe_zhangheng,north,1,45
2019/1/17 20:15:00,wuhe_zhangheng,north,0,31
2019/1/17 20:20:00,wuhe_zhangheng,north,1,44
2019/1/17 20:25:00,wuhe_zhangheng,north,1,42
2019/1/17 20:30:00,wuhe_zhangheng,north,0,62
2019/1/17 20:35:00,wuhe_zhangheng,north,0,53
2019/1/17 20:40:00,wuhe_zhangheng,north,0,40
2019/1/17 20:45:00,wuhe_zhangheng,north,0,43
2019/1/17 20:50:00,wuhe_zhangheng,north,1,38
2019/1/17 20:55:00,wuhe_zhangheng,north,0,49
2019/1/17 21:00:00,wuhe_zhangheng,north,0,42
2019/1/17 21:05:00,wuhe_zhangheng,north,0,32
2019/1/17 21:10:00,wuhe_zhangheng,north,0,34
2019/1/17 21:15:00,wuhe_zhangheng,north,0,35
2019/1/17 21:20:00,wuhe_zhangheng,north,0,32
2019/1/17 21:25:00,wuhe_zhangheng,north,0,53
2019/1/17 21:30:00,wuhe_zhangheng,north,0,38
2019/1/17 21:35:00,wuhe_zhangheng,north,0,34
2019/1/17 21:40:00,wuhe_zhangheng,north,0,24
2019/1/17 21:45:00,wuhe_zhangheng,north,0,26
2019/1/17 21:50:00,wuhe_zhangheng,north,0,41
2019/1/17 21:55:00,wuhe_zhangheng,north,0,43
2019/1/17 22:00:00,wuhe_zhangheng,north,0,35
2019/1/17 22:05:00,wuhe_zhangheng,north,1,25
2019/1/17 22:10:00,wuhe_zhangheng,north,0,19
2019/1/17 22:15:00,wuhe_zhangheng,north,0,24
2019/1/17 22:20:00,wuhe_zhangheng,north,0,33
2019/1/17 22:25:00,wuhe_zhangheng,north,0,27
2019/1/17 22:30:00,wuhe_zhangheng,north,0,30
2019/1/17 22:35:00,wuhe_zhangheng,north,0,30
2019/1/17 22:40:00,wuhe_zhangheng,north,0,25
2019/1/17 22:45:00,wuhe_zhangheng,north,0,37
2019/1/17 22:50:00,wuhe_zhangheng,north,0,23
2019/1/17 22:55:00,wuhe_zhangheng,north,0,23
2019/1/17 23:00:00,wuhe_zhangheng,north,0,24
2019/1/17 23:05:00,wuhe_zhangheng,north,0,28
2019/1/17 23:10:00,wuhe_zhangheng,north,0,20
2019/1/17 23:15:00,wuhe_zhangheng,north,0,19
2019/1/17 23:20:00,wuhe_zhangheng,north,0,13
2019/1/17 23:25:00,wuhe_zhangheng,north,0,20
2019/1/17 23:30:00,wuhe_zhangheng,north,0,14
2019/1/17 23:35:00,wuhe_zhangheng,north,0,19
2019/1/17 23:40:00,wuhe_zhangheng,north,0,22
2019/1/17 23:45:00,wuhe_zhangheng,north,0,20
2019/1/17 23:50:00,wuhe_zhangheng,north,0,14
2019/1/17 23:55:00,wuhe_zhangheng,north,0,10
