2019/1/17 00:00:00,wuhe_zhangheng,west,13,13
2019/1/17 00:05:00,wuhe_zhangheng,west,10,9
2019/1/17 00:10:00,wuhe_zhangheng,west,12,11
2019/1/17 00:15:00,wuhe_zhangheng,west,5,12
2019/1/17 00:20:00,wuhe_zhangheng,west,9,5
2019/1/17 00:25:00,wuhe_zhangheng,west,7,5
2019/1/17 00:30:00,wuhe_zhangheng,west,12,8
2019/1/17 00:35:00,wuhe_zhangheng,west,6,9
2019/1/17 00:40:00,wuhe_zhangheng,west,6,3
2019/1/17 00:45:00,wuhe_zhangheng,west,10,8
2019/1/17 00:50:00,wuhe_zhangheng,west,3,6
2019/1/17 00:55:00,wuhe_zhangheng,west,10,7
2019/1/17 01:00:00,wuhe_zhangheng,west,10,1
2019/1/17 01:05:00,wuhe_zhangheng,west,6,6
2019/1/17 01:10:00,wuhe_zhangheng,west,5,6
2019/1/17 01:15:00,wuhe_zhangheng,west,9,3
2019/1/17 01:20:00,wuhe_zhangheng,west,2,7
2019/1/17 01:25:00,wuhe_zhangheng,west,7,3
2019/1/17 01:30:00,wuhe_zhangheng,west,5,4
2019/1/17 01:35:00,wuhe_zhangheng,west,4,4
2019/1/17 01:40:00,wuhe_zhangheng,west,5,3
2019/1/17 01:45:00,wuhe_zhangheng,west,7,3
2019/1/17 01:50:00,wuhe_zhangheng,west,6,1
2019/1/17 01:55:00,wuhe_zhangheng,west,3,1
2019/1/17 02:00:00,wuhe_zhangheng,west,1,4
2019/1/17 02:05:00,wuhe_zhangheng,west,1,3
2019/1/17 02:10:00,wuhe_zhangheng,west,0,5
2019/1/17 02:15:00,wuhe_zhangheng,west,3,2
2019/1/17 02:20:00,wuhe_zhangheng,west,16,1
2019/1/17 02:25:00,wuhe_zhangheng,west,5,6
2019/1/17 02:30:00,wuhe_zhangheng,west,6,4
2019/1/17 02:35:00,wuhe_zhangheng,west,2,8
2019/1/17 02:40:00,wuhe_zhangheng,west,3,1
2019/1/17 02:45:00,wuhe_zhangheng,west,3,3
2019/1/17 02:50:00,wuhe_zhangheng,west,1,2
2019/1/17 02:55:00,wuhe_zhangheng,west,2,2
2019/1/17 03:00:00,wuhe_zhangheng,west,2,3
2019/1/17 03:05:00,wuhe_zhangheng,west,1,3
2019/1/17 03:10:00,wuhe_zhangheng,west,4,0
2019/1/17 03:15:00,wuhe_zhangheng,west,0,1
2019/1/17 03:20:00,wuhe_zhangheng,west,3,0
2019/1/17 03:25:00,wuhe_zhangheng,west,3,2
2019/1/17 03:30:00,wuhe_zhangheng,west,4,1
2019/1/17 03:35:00,wuhe_zhangheng,west,2,1
2019/1/17 03:40:00,wuhe_zhangheng,west,0,3
2019/1/17 03:45:00,wuhe_zhangheng,west,4,5
2019/1/17 03:50:00,wuhe_zhangheng,west,2,4
2019/1/17 03:55:00,wuhe_zhangheng,west,2,2
2019/1/17 04:00:00,wuhe_zhangheng,west,3,0
2019/1/17 04:05:00,wuhe_zhangheng,west,4,2
2019/1/17 04:10:00,wuhe_zhangheng,west,5,2
2019/1/17 04:15:00,wuhe_zhangheng,west,2,2
2019/1/17 04:20:00,wuhe_zhangheng,west,2,2
2019/1/17 04:25:00,wuhe_zhangheng,west,1,2
2019/1/17 04:30:00,wuhe_zhangheng,west,5,1
2019/1/17 04:35:00,wuhe_zhangheng,west,2,2
2019/1/17 04:40:00,wuhe_zhangheng,west,6,2
2019/1/17 04:45:00,wuhe_zhangheng,west,2,1
2019/1/17 04:50:00,wuhe_zhangheng,west,2,1
2019/1/17 04:55:00,wuhe_zhangheng,west,0,1
2019/1/17 05:00:00,wuhe_zhangheng,west,4,2
2019/1/17 05:05:00,wuhe_zhangheng,west,1,2
2019/1/17 05:10:00,wuhe_zhangheng,west,2,2
2019/1/17 05:15:00,wuhe_zhangheng,west,4,2
2019/1/17 05:20:00,wuhe_zhangheng,west,2,2
2019/1/17 05:25:00,wuhe_zhangheng,west,3,3
2019/1/17 05:30:00,wuhe_zhangheng,west,2,3
2019/1/17 05:35:00,wuhe_zhangheng,west,5,1
2019/1/17 05:40:00,wuhe_zhangheng,west,4,0
2019/1/17 05:45:00,wuhe_zhangheng,west,6,1
2019/1/17 05:50:00,wuhe_zhangheng,west,3,3
2019/1/17 05:55:00,wuhe_zhangheng,west,1,2
2019/1/17 06:00:00,wuhe_zhangheng,west,5,1
2019/1/17 06:05:00,wuhe_zhangheng,west,5,2
2019/1/17 06:10:00,wuhe_zhangheng,west,5,1
2019/1/17 06:15:00,wuhe_zhangheng,west,6,2
2019/1/17 06:20:00,wuhe_zhangheng,west,4,6
2019/1/17 06:25:00,wuhe_zhangheng,west,6,4
2019/1/17 06:30:00,wuhe_zhangheng,west,4,2
2019/1/17 06:35:00,wuhe_zhangheng,west,7,4
2019/1/17 06:40:00,wuhe_zhangheng,west,13,8
2019/1/17 06:45:00,wuhe_zhangheng,west,10,4
2019/1/17 06:50:00,wuhe_zhangheng,west,8,12
2019/1/17 06:55:00,wuhe_zhangheng,west,8,8
2019/1/17 07:00:00,wuhe_zhangheng,west,12,7
2019/1/17 07:05:00,wuhe_zhangheng,west,14,6
2019/1/17 07:10:00,wuhe_zhangheng,west,14,11
2019/1/17 07:15:00,wuhe_zhangheng,west,29,15
2019/1/17 07:20:00,wuhe_zhangheng,west,27,16
2019/1/17 07:25:00,wuhe_zhangheng,west,24,16
2019/1/17 07:30:00,wuhe_zhangheng,west,30,32
2019/1/17 07:35:00,wuhe_zhangheng,west,51,34
2019/1/17 07:40:00,wuhe_zhangheng,west,58,46
2019/1/17 07:45:00,wuhe_zhangheng,west,25,32
2019/1/17 07:50:00,wuhe_zhangheng,west,60,48
2019/1/17 07:55:00,wuhe_zhangheng,west,68,52
2019/1/17 08:00:00,wuhe_zhangheng,west,32,29
2019/1/17 08:05:00,wuhe_zhangheng,west,45,42
2019/1/17 08:10:00,wuhe_zhangheng,west,64,49
2019/1/17 08:15:00,wuhe_zhangheng,west,60,40
2019/1/17 08:20:00,wuhe_zhangheng,west,45,41
2019/1/17 08:25:00,wuhe_zhangheng,west,63,46
2019/1/17 08:30:00,wuhe_zhangheng,west,39,26
2019/1/17 08:35:00,wuhe_zhangheng,west,81,49
2019/1/17 08:40:00,wuhe_zhangheng,west,57,33
2019/1/17 08:45:00,wuhe_zhangheng,west,72,54
2019/1/17 08:50:00,wuhe_zhangheng,west,54,32
2019/1/17 08:55:00,wuhe_zhangheng,west,31,27
2019/1/17 09:00:00,wuhe_zhangheng,west,44,33
2019/1/17 09:05:00,wuhe_zhangheng,west,48,37
2019/1/17 09:10:00,wuhe_zhangheng,west,46,35
2019/1/17 09:15:00,wuhe_zhangheng,west,53,32
2019/1/17 09:20:00,wuhe_zhangheng,west,34,22
2019/1/17 09:25:00,wuhe_zhangheng,west,43,35
2019/1/17 09:30:00,wuhe_zhangheng,west,50,27
2019/1/17 09:35:00,wuhe_zhangheng,west,49,21
2019/1/17 09:40:00,wuhe_zhangheng,west,39,16
2019/1/17 09:45:00,wuhe_zhangheng,west,49,24
2019/1/17 09:50:00,wuhe_zhangheng,west,41,24
2019/1/17 09:55:00,wuhe_zhangheng,west,65,14
2019/1/17 10:00:00,wuhe_zhangheng,west,42,8
2019/1/17 10:05:00,wuhe_zhangheng,west,51,27
2019/1/17 10:10:00,wuhe_zhangheng,west,63,23
2019/1/17 10:15:00,wuhe_zhangheng,west,47,24
2019/1/17 10:20:00,wuhe_zhangheng,west,43,24
2019/1/17 10:25:00,wuhe_zhangheng,west,39,14
2019/1/17 10:30:00,wuhe_zhangheng,west,16,7
2019/1/17 10:35:00,wuhe_zhangheng,west,22,4
2019/1/17 10:40:00,wuhe_zhangheng,west,13,2
2019/1/17 10:45:00,wuhe_zhangheng,west,13,5
2019/1/17 10:50:00,wuhe_zhangheng,west,26,14
2019/1/17 10:55:00,wuhe_zhangheng,west,38,16
2019/1/17 11:00:00,wuhe_zhangheng,west,29,8
2019/1/17 11:05:00,wuhe_zhangheng,west,31,14
2019/1/17 11:10:00,wuhe_zhangheng,west,43,17
2019/1/17 11:15:00,wuhe_zhangheng,west,35,28
2019/1/17 11:20:00,wuhe_zhangheng,west,29,18
2019/1/17 11:25:00,wuhe_zhangheng,west,27,14
2019/1/17 11:30:00,wuhe_zhangheng,west,32,20
2019/1/17 11:35:00,wuhe_zhangheng,west,16,16
2019/1/17 11:40:00,wuhe_zhangheng,west,26,19
2019/1/17 11:45:00,wuhe_zhangheng,west,24,20
2019/1/17 11:50:00,wuhe_zhangheng,west,39,22
2019/1/17 11:55:00,wuhe_zhangheng,west,31,17
2019/1/17 12:00:00,wuhe_zhangheng,west,22,18
2019/1/17 12:05:00,wuhe_zhangheng,west,35,17
2019/1/17 12:10:00,wuhe_zhangheng,west,24,13
2019/1/17 12:15:00,wuhe_zhangheng,west,34,19
2019/1/17 12:20:00,wuhe_zhangheng,west,23,16
2019/1/17 12:25:00,wuhe_zhangheng,west,22,14
2019/1/17 12:30:00,wuhe_zhangheng,west,21,16
2019/1/17 12:35:00,wuhe_zhangheng,west,28,19
2019/1/17 12:40:00,wuhe_zhangheng,west,22,17
2019/1/17 12:45:00,wuhe_zhangheng,west,26,9
2019/1/17 12:50:00,wuhe_zhangheng,west,20,8
2019/1/17 12:55:00,wuhe_zhangheng,west,25,15
2019/1/17 13:00:00,wuhe_zhangheng,west,26,21
2019/1/17 13:05:00,wuhe_zhangheng,west,27,16
2019/1/17 13:10:00,wuhe_zhangheng,west,28,19
2019/1/17 13:15:00,wuhe_zhangheng,west,18,18
2019/1/17 13:20:00,wuhe_zhangheng,west,24,15
2019/1/17 13:25:00,wuhe_zhangheng,west,18,25
2019/1/17 13:30:00,wuhe_zhangheng,west,19,24
2019/1/17 13:35:00,wuhe_zhangheng,west,32,20
2019/1/17 13:40:00,wuhe_zhangheng,west,26,17
2019/1/17 13:45:00,wuhe_zhangheng,west,30,16
2019/1/17 13:50:00,wuhe_zhangheng,west,23,17
2019/1/17 13:55:00,wuhe_zhangheng,west,32,21
2019/1/17 14:00:00,wuhe_zhangheng,west,24,15
2019/1/17 14:05:00,wuhe_zhangheng,west,45,28
2019/1/17 14:10:00,wuhe_zhangheng,west,33,20
2019/1/17 14:15:00,wuhe_zhangheng,west,41,23
2019/1/17 14:20:00,wuhe_zhangheng,west,39,18
2019/1/17 14:25:00,wuhe_zhangheng,west,34,20
2019/1/17 14:30:00,wuhe_zhangheng,west,28,13
2019/1/17 14:35:00,wuhe_zhangheng,west,25,20
2019/1/17 14:40:00,wuhe_zhangheng,west,33,19
2019/1/17 14:45:00,wuhe_zhangheng,west,38,18
2019/1/17 14:50:00,wuhe_zhangheng,west,20,16
2019/1/17 14:55:00,wuhe_zhangheng,west,26,16
2019/1/17 15:00:00,wuhe_zhangheng,west,20,14
2019/1/17 15:05:00,wuhe_zhangheng,west,26,20
2019/1/17 15:10:00,wuhe_zhangheng,west,20,21
2019/1/17 15:15:00,wuhe_zhangheng,west,34,18
2019/1/17 15:20:00,wuhe_zhangheng,west,36,16
2019/1/17 15:25:00,wuhe_zhangheng,west,23,14
2019/1/17 15:30:00,wuhe_zhangheng,west,34,23
2019/1/17 15:35:00,wuhe_zhangheng,west,32,22
2019/1/17 15:40:00,wuhe_zhangheng,west,34,19
2019/1/17 15:45:00,wuhe_zhangheng,west,23,17
2019/1/17 15:50:00,wuhe_zhangheng,west,24,21
2019/1/17 15:55:00,wuhe_zhangheng,west,28,14
2019/1/17 16:00:00,wuhe_zhangheng,west,28,18
2019/1/17 16:05:00,wuhe_zhangheng,west,30,17
2019/1/17 16:10:00,wuhe_zhangheng,west,32,23
2019/1/17 16:15:00,wuhe_zhangheng,west,6,1
2019/1/17 16:20:00,wuhe_zhangheng,west,3,0
2019/1/17 16:25:00,wuhe_zhangheng,west,4,2
2019/1/17 16:30:00,wuhe_zhangheng,west,1,0
2019/1/17 16:35:00,wuhe_zhangheng,west,2,2
2019/1/17 16:40:00,wuhe_zhangheng,west,1,0
2019/1/17 16:45:00,wuhe_zhangheng,west,0,0
2019/1/17 16:50:00,wuhe_zhangheng,west,1,0
2019/1/17 16:55:00,wuhe_zhangheng,west,1,1
2019/1/17 17:00:00,wuhe_zhangheng,west,2,1
2019/1/17 17:05:00,wuhe_zhangheng,west,3,0
2019/1/17 17:10:00,wuhe_zhangheng,west,3,2
2019/1/17 17:15:00,wuhe_zhangheng,west,2,0
2019/1/17 17:20:00,wuhe_zhangheng,west,1,0
2019/1/17 17:25:00,wuhe_zhangheng,west,3,1
2019/1/17 17:30:00,wuhe_zhangheng,west,1,1
2019/1/17 17:35:00,wuhe_zhangheng,west,0,2
2019/1/17 17:40:00,wuhe_zhangheng,west,5,5
2019/1/17 17:45:00,wuhe_zhangheng,west,5,2
2019/1/17 17:50:00,wuhe_zhangheng,west,7,3
2019/1/17 17:55:00,wuhe_zhangheng,west,9,3
2019/1/17 18:00:00,wuhe_zhangheng,west,0,0
2019/1/17 18:05:00,wuhe_zhangheng,west,1,1
2019/1/17 18:10:00,wuhe_zhangheng,west,3,3
2019/1/17 18:15:00,wuhe_zhangheng,west,10,2
2019/1/17 18:20:00,wuhe_zhangheng,west,4,5
2019/1/17 18:25:00,wuhe_zhangheng,west,5,1
2019/1/17 18:30:00,wuhe_zhangheng,west,2,2
2019/1/17 18:35:00,wuhe_zhangheng,west,4,2
2019/1/17 18:40:00,wuhe_zhangheng,west,3,0
2019/1/17 18:45:00,wuhe_zhangheng,west,4,1
2019/1/17 18:50:00,wuhe_zhangheng,west,9,2
2019/1/17 18:55:00,wuhe_zhangheng,west,2,2
2019/1/17 19:00:00,wuhe_zhangheng,west,2,0
2019/1/17 19:05:00,wuhe_zhangheng,west,4,1
2019/1/17 19:10:00,wuhe_zhangheng,west,0,2
2019/1/17 19:15:00,wuhe_zhangheng,west,0,2
2019/1/17 19:20:00,wuhe_zhangheng,west,2,3
2019/1/17 19:25:00,wuhe_zhangheng,west,1,3
2019/1/17 19:30:00,wuhe_zhangheng,west,1,5
2019/1/17 19:35:00,wuhe_zhangheng,west,3,2
2019/1/17 19:40:00,wuhe_zhangheng,west,0,0
2019/1/17 19:45:00,wuhe_zhangheng,west,2,1
2019/1/17 19:50:00,wuhe_zhangheng,west,4,0
2019/1/17 19:55:00,wuhe_zhangheng,west,2,4
2019/1/17 20:00:00,wuhe_zhangheng,west,2,0
2019/1/17 20:05:00,wuhe_zhangheng,west,6,1
2019/1/17 20:10:00,wuhe_zhangheng,west,5,1
2019/1/17 20:15:00,wuhe_zhangheng,west,4,2
2019/1/17 20:20:00,wuhe_zhangheng,west,5,2
2019/1/17 20:25:00,wuhe_zhangheng,west,0,0
2019/1/17 20:30:00,wuhe_zhangheng,west,0,0
2019/1/17 20:35:00,wuhe_zhangheng,west,1,1
2019/1/17 20:40:00,wuhe_zhangheng,west,2,1
2019/1/17 20:45:00,wuhe_zhangheng,west,1,0
2019/1/17 20:50:00,wuhe_zhangheng,west,4,2
2019/1/17 20:55:00,wuhe_zhangheng,west,2,1
2019/1/17 21:00:00,wuhe_zhangheng,west,4,1
2019/1/17 21:05:00,wuhe_zhangheng,west,3,1
2019/1/17 21:10:00,wuhe_zhangheng,west,1,2
2019/1/17 21:15:00,wuhe_zhangheng,west,0,3
2019/1/17 21:20:00,wuhe_zhangheng,west,2,1
2019/1/17 21:25:00,wuhe_zhangheng,west,0,0
2019/1/17 21:30:00,wuhe_zhangheng,west,1,0
2019/1/17 21:35:00,wuhe_zhangheng,west,4,4
2019/1/17 21:40:00,wuhe_zhangheng,west,2,2
2019/1/17 21:45:00,wuhe_zhangheng,west,1,1
2019/1/17 21:50:00,wuhe_zhangheng,west,3,1
2019/1/17 21:55:00,wuhe_zhangheng,west,0,2
2019/1/17 22:00:00,wuhe_zhangheng,west,2,1
2019/1/17 22:05:00,wuhe_zhangheng,west,0,1
2019/1/17 22:10:00,wuhe_zhangheng,west,0,2
2019/1/17 22:15:00,wuhe_zhangheng,west,2,1
2019/1/17 22:20:00,wuhe_zhangheng,west,3,1
2019/1/17 22:25:00,wuhe_zhangheng,west,1,0
2019/1/17 22:30:00,wuhe_zhangheng,west,0,2
2019/1/17 22:35:00,wuhe_zhangheng,west,0,1
2019/1/17 22:40:00,wuhe_zhangheng,west,0,1
2019/1/17 22:45:00,wuhe_zhangheng,west,2,0
2019/1/17 22:50:00,wuhe_zhangheng,west,1,1
2019/1/17 22:55:00,wuhe_zhangheng,west,1,1
2019/1/17 23:00:00,wuhe_zhangheng,west,0,0
2019/1/17 23:05:00,wuhe_zhangheng,west,0,0
2019/1/17 23:10:00,wuhe_zhangheng,west,1,0
2019/1/17 23:15:00,wuhe_zhangheng,west,2,1
2019/1/17 23:20:00,wuhe_zhangheng,west,2,0
2019/1/17 23:25:00,wuhe_zhangheng,west,1,0
2019/1/17 23:30:00,wuhe_zhangheng,west,0,0
2019/1/17 23:35:00,wuhe_zhangheng,west,0,1
2019/1/17 23:40:00,wuhe_zhangheng,west,0,0
2019/1/17 23:45:00,wuhe_zhangheng,west,1,1
2019/1/17 23:50:00,wuhe_zhangheng,west,1,1
2019/1/17 23:55:00,wuhe_zhangheng,west,0,1
