2019/2/1 00:00:00,chongzhi_beier,north,3,0
2019/2/1 00:05:00,chongzhi_beier,north,3,2
2019/2/1 00:10:00,chongzhi_beier,north,0,2
2019/2/1 00:15:00,chongzhi_beier,north,4,1
2019/2/1 00:20:00,chongzhi_beier,north,4,3
2019/2/1 00:25:00,chongzhi_beier,north,5,0
2019/2/1 00:30:00,chongzhi_beier,north,7,2
2019/2/1 00:35:00,chongzhi_beier,north,3,3
2019/2/1 00:40:00,chongzhi_beier,north,4,1
2019/2/1 00:45:00,chongzhi_beier,north,1,0
2019/2/1 00:50:00,chongzhi_beier,north,1,3
2019/2/1 00:55:00,chongzhi_beier,north,4,0
2019/2/1 01:00:00,chongzhi_beier,north,2,1
2019/2/1 01:05:00,chongzhi_beier,north,0,1
2019/2/1 01:10:00,chongzhi_beier,north,4,0
2019/2/1 01:15:00,chongzhi_beier,north,3,2
2019/2/1 01:20:00,chongzhi_beier,north,4,1
2019/2/1 01:25:00,chongzhi_beier,north,1,0
2019/2/1 01:30:00,chongzhi_beier,north,0,0
2019/2/1 01:35:00,chongzhi_beier,north,1,0
2019/2/1 01:40:00,chongzhi_beier,north,2,1
2019/2/1 01:45:00,chongzhi_beier,north,5,0
2019/2/1 01:50:00,chongzhi_beier,north,0,3
2019/2/1 01:55:00,chongzhi_beier,north,1,0
2019/2/1 02:00:00,chongzhi_beier,north,1,0
2019/2/1 02:05:00,chongzhi_beier,north,1,0
2019/2/1 02:10:00,chongzhi_beier,north,2,1
2019/2/1 02:15:00,chongzhi_beier,north,2,0
2019/2/1 02:20:00,chongzhi_beier,north,0,0
2019/2/1 02:25:00,chongzhi_beier,north,1,0
2019/2/1 02:30:00,chongzhi_beier,north,1,0
2019/2/1 02:35:00,chongzhi_beier,north,1,1
2019/2/1 02:40:00,chongzhi_beier,north,1,0
2019/2/1 02:45:00,chongzhi_beier,north,2,0
2019/2/1 02:50:00,chongzhi_beier,north,0,0
2019/2/1 02:55:00,chongzhi_beier,north,0,0
2019/2/1 03:00:00,chongzhi_beier,north,0,0
2019/2/1 03:05:00,chongzhi_beier,north,0,0
2019/2/1 03:10:00,chongzhi_beier,north,0,1
2019/2/1 03:15:00,chongzhi_beier,north,0,0
2019/2/1 03:20:00,chongzhi_beier,north,1,0
2019/2/1 03:25:00,chongzhi_beier,north,2,0
2019/2/1 03:30:00,chongzhi_beier,north,1,1
2019/2/1 03:35:00,chongzhi_beier,north,1,0
2019/2/1 03:40:00,chongzhi_beier,north,1,0
2019/2/1 03:45:00,chongzhi_beier,north,0,1
2019/2/1 03:50:00,chongzhi_beier,north,0,0
2019/2/1 03:55:00,chongzhi_beier,north,0,0
2019/2/1 04:00:00,chongzhi_beier,north,1,0
2019/2/1 04:05:00,chongzhi_beier,north,2,1
2019/2/1 04:10:00,chongzhi_beier,north,0,0
2019/2/1 04:15:00,chongzhi_beier,north,0,0
2019/2/1 04:20:00,chongzhi_beier,north,1,0
2019/2/1 04:25:00,chongzhi_beier,north,2,1
2019/2/1 04:30:00,chongzhi_beier,north,0,0
2019/2/1 04:35:00,chongzhi_beier,north,1,0
2019/2/1 04:40:00,chongzhi_beier,north,0,1
2019/2/1 04:45:00,chongzhi_beier,north,0,0
2019/2/1 04:50:00,chongzhi_beier,north,0,0
2019/2/1 04:55:00,chongzhi_beier,north,0,1
2019/2/1 05:00:00,chongzhi_beier,north,0,0
2019/2/1 05:05:00,chongzhi_beier,north,0,0
2019/2/1 05:10:00,chongzhi_beier,north,0,0
2019/2/1 05:15:00,chongzhi_beier,north,1,0
2019/2/1 05:20:00,chongzhi_beier,north,0,0
2019/2/1 05:25:00,chongzhi_beier,north,1,0
2019/2/1 05:30:00,chongzhi_beier,north,2,0
2019/2/1 05:35:00,chongzhi_beier,north,0,1
2019/2/1 05:40:00,chongzhi_beier,north,0,0
2019/2/1 05:45:00,chongzhi_beier,north,2,1
2019/2/1 05:50:00,chongzhi_beier,north,0,0
2019/2/1 05:55:00,chongzhi_beier,north,0,0
2019/2/1 06:00:00,chongzhi_beier,north,0,0
2019/2/1 06:05:00,chongzhi_beier,north,0,0
2019/2/1 06:10:00,chongzhi_beier,north,1,0
2019/2/1 06:15:00,chongzhi_beier,north,0,0
2019/2/1 06:20:00,chongzhi_beier,north,2,1
2019/2/1 06:25:00,chongzhi_beier,north,1,0
2019/2/1 06:30:00,chongzhi_beier,north,0,0
2019/2/1 06:35:00,chongzhi_beier,north,1,0
2019/2/1 06:40:00,chongzhi_beier,north,3,0
2019/2/1 06:45:00,chongzhi_beier,north,4,0
2019/2/1 06:50:00,chongzhi_beier,north,1,1
2019/2/1 06:55:00,chongzhi_beier,north,1,0
2019/2/1 07:00:00,chongzhi_beier,north,2,0
2019/2/1 07:05:00,chongzhi_beier,north,0,1
2019/2/1 07:10:00,chongzhi_beier,north,5,1
2019/2/1 07:15:00,chongzhi_beier,north,9,1
2019/2/1 07:20:00,chongzhi_beier,north,2,0
2019/2/1 07:25:00,chongzhi_beier,north,2,0
2019/2/1 07:30:00,chongzhi_beier,north,3,0
2019/2/1 07:35:00,chongzhi_beier,north,5,0
2019/2/1 07:40:00,chongzhi_beier,north,6,1
2019/2/1 07:45:00,chongzhi_beier,north,5,1
2019/2/1 07:50:00,chongzhi_beier,north,6,2
2019/2/1 07:55:00,chongzhi_beier,north,8,2
2019/2/1 08:00:00,chongzhi_beier,north,13,4
2019/2/1 08:05:00,chongzhi_beier,north,6,2
2019/2/1 08:10:00,chongzhi_beier,north,12,0
2019/2/1 08:15:00,chongzhi_beier,north,16,2
2019/2/1 08:20:00,chongzhi_beier,north,17,4
2019/2/1 08:25:00,chongzhi_beier,north,18,2
2019/2/1 08:30:00,chongzhi_beier,north,20,2
2019/2/1 08:35:00,chongzhi_beier,north,7,5
2019/2/1 08:40:00,chongzhi_beier,north,5,3
2019/2/1 08:45:00,chongzhi_beier,north,18,1
2019/2/1 08:50:00,chongzhi_beier,north,13,3
2019/2/1 08:55:00,chongzhi_beier,north,12,3
2019/2/1 09:00:00,chongzhi_beier,north,16,2
2019/2/1 09:05:00,chongzhi_beier,north,3,1
2019/2/1 09:10:00,chongzhi_beier,north,5,3
2019/2/1 09:15:00,chongzhi_beier,north,8,1
2019/2/1 09:20:00,chongzhi_beier,north,4,1
2019/2/1 09:25:00,chongzhi_beier,north,3,2
2019/2/1 09:30:00,chongzhi_beier,north,11,3
2019/2/1 09:35:00,chongzhi_beier,north,3,1
2019/2/1 09:40:00,chongzhi_beier,north,4,1
2019/2/1 09:45:00,chongzhi_beier,north,7,3
2019/2/1 09:50:00,chongzhi_beier,north,11,1
2019/2/1 09:55:00,chongzhi_beier,north,3,2
2019/2/1 10:00:00,chongzhi_beier,north,5,0
2019/2/1 10:05:00,chongzhi_beier,north,2,4
2019/2/1 10:10:00,chongzhi_beier,north,3,3
2019/2/1 10:15:00,chongzhi_beier,north,4,0
2019/2/1 10:20:00,chongzhi_beier,north,2,3
2019/2/1 10:25:00,chongzhi_beier,north,7,2
2019/2/1 10:30:00,chongzhi_beier,north,6,3
2019/2/1 10:35:00,chongzhi_beier,north,7,0
2019/2/1 10:40:00,chongzhi_beier,north,5,2
2019/2/1 10:45:00,chongzhi_beier,north,1,2
2019/2/1 10:50:00,chongzhi_beier,north,6,0
2019/2/1 10:55:00,chongzhi_beier,north,8,2
2019/2/1 11:00:00,chongzhi_beier,north,2,0
2019/2/1 11:05:00,chongzhi_beier,north,3,2
2019/2/1 11:10:00,chongzhi_beier,north,6,3
2019/2/1 11:15:00,chongzhi_beier,north,4,1
2019/2/1 11:20:00,chongzhi_beier,north,6,0
2019/2/1 11:25:00,chongzhi_beier,north,5,2
2019/2/1 11:30:00,chongzhi_beier,north,6,1
2019/2/1 11:35:00,chongzhi_beier,north,4,2
2019/2/1 11:40:00,chongzhi_beier,north,5,0
2019/2/1 11:45:00,chongzhi_beier,north,8,3
2019/2/1 11:50:00,chongzhi_beier,north,9,3
2019/2/1 11:55:00,chongzhi_beier,north,9,4
2019/2/1 12:00:00,chongzhi_beier,north,7,3
2019/2/1 12:05:00,chongzhi_beier,north,13,6
2019/2/1 12:10:00,chongzhi_beier,north,14,7
2019/2/1 12:15:00,chongzhi_beier,north,9,5
2019/2/1 12:20:00,chongzhi_beier,north,5,1
2019/2/1 12:25:00,chongzhi_beier,north,7,2
2019/2/1 12:30:00,chongzhi_beier,north,8,4
2019/2/1 12:35:00,chongzhi_beier,north,10,2
2019/2/1 12:40:00,chongzhi_beier,north,9,1
2019/2/1 12:45:00,chongzhi_beier,north,4,1
2019/2/1 12:50:00,chongzhi_beier,north,6,1
2019/2/1 12:55:00,chongzhi_beier,north,10,4
2019/2/1 13:00:00,chongzhi_beier,north,7,1
2019/2/1 13:05:00,chongzhi_beier,north,7,2
2019/2/1 13:10:00,chongzhi_beier,north,7,1
2019/2/1 13:15:00,chongzhi_beier,north,7,2
2019/2/1 13:20:00,chongzhi_beier,north,5,3
2019/2/1 13:25:00,chongzhi_beier,north,6,0
2019/2/1 13:30:00,chongzhi_beier,north,4,1
2019/2/1 13:35:00,chongzhi_beier,north,7,2
2019/2/1 13:40:00,chongzhi_beier,north,6,2
2019/2/1 13:45:00,chongzhi_beier,north,5,1
2019/2/1 13:50:00,chongzhi_beier,north,5,3
2019/2/1 13:55:00,chongzhi_beier,north,6,3
2019/2/1 14:00:00,chongzhi_beier,north,6,1
2019/2/1 14:05:00,chongzhi_beier,north,6,1
2019/2/1 14:10:00,chongzhi_beier,north,6,2
2019/2/1 14:15:00,chongzhi_beier,north,1,1
2019/2/1 14:20:00,chongzhi_beier,north,6,1
2019/2/1 14:25:00,chongzhi_beier,north,3,1
2019/2/1 14:30:00,chongzhi_beier,north,12,3
2019/2/1 14:35:00,chongzhi_beier,north,11,1
2019/2/1 14:40:00,chongzhi_beier,north,5,3
2019/2/1 14:45:00,chongzhi_beier,north,5,0
2019/2/1 14:50:00,chongzhi_beier,north,7,3
2019/2/1 14:55:00,chongzhi_beier,north,6,3
2019/2/1 15:00:00,chongzhi_beier,north,8,4
2019/2/1 15:05:00,chongzhi_beier,north,5,0
2019/2/1 15:10:00,chongzhi_beier,north,8,1
2019/2/1 15:15:00,chongzhi_beier,north,3,1
2019/2/1 15:20:00,chongzhi_beier,north,4,0
2019/2/1 15:25:00,chongzhi_beier,north,7,1
2019/2/1 15:30:00,chongzhi_beier,north,12,2
2019/2/1 15:35:00,chongzhi_beier,north,4,1
2019/2/1 15:40:00,chongzhi_beier,north,8,2
2019/2/1 15:45:00,chongzhi_beier,north,11,1
2019/2/1 15:50:00,chongzhi_beier,north,10,3
2019/2/1 15:55:00,chongzhi_beier,north,4,1
2019/2/1 16:00:00,chongzhi_beier,north,11,1
2019/2/1 16:05:00,chongzhi_beier,north,6,4
2019/2/1 16:10:00,chongzhi_beier,north,7,1
2019/2/1 16:15:00,chongzhi_beier,north,4,1
2019/2/1 16:20:00,chongzhi_beier,north,6,2
2019/2/1 16:25:00,chongzhi_beier,north,4,0
2019/2/1 16:30:00,chongzhi_beier,north,5,1
2019/2/1 16:35:00,chongzhi_beier,north,4,2
2019/2/1 16:40:00,chongzhi_beier,north,11,0
2019/2/1 16:45:00,chongzhi_beier,north,7,0
2019/2/1 16:50:00,chongzhi_beier,north,5,2
2019/2/1 16:55:00,chongzhi_beier,north,9,3
2019/2/1 17:00:00,chongzhi_beier,north,13,3
2019/2/1 17:05:00,chongzhi_beier,north,7,2
2019/2/1 17:10:00,chongzhi_beier,north,11,3
2019/2/1 17:15:00,chongzhi_beier,north,8,2
2019/2/1 17:20:00,chongzhi_beier,north,7,0
2019/2/1 17:25:00,chongzhi_beier,north,5,0
2019/2/1 17:30:00,chongzhi_beier,north,12,3
2019/2/1 17:35:00,chongzhi_beier,north,21,3
2019/2/1 17:40:00,chongzhi_beier,north,12,0
2019/2/1 17:45:00,chongzhi_beier,north,21,4
2019/2/1 17:50:00,chongzhi_beier,north,21,6
2019/2/1 17:55:00,chongzhi_beier,north,7,2
2019/2/1 18:00:00,chongzhi_beier,north,28,3
2019/2/1 18:05:00,chongzhi_beier,north,47,4
2019/2/1 18:10:00,chongzhi_beier,north,30,3
2019/2/1 18:15:00,chongzhi_beier,north,33,4
2019/2/1 18:20:00,chongzhi_beier,north,46,13
2019/2/1 18:25:00,chongzhi_beier,north,17,6
2019/2/1 18:30:00,chongzhi_beier,north,22,5
2019/2/1 18:35:00,chongzhi_beier,north,20,2
2019/2/1 18:40:00,chongzhi_beier,north,24,7
2019/2/1 18:45:00,chongzhi_beier,north,11,3
2019/2/1 18:50:00,chongzhi_beier,north,15,5
2019/2/1 18:55:00,chongzhi_beier,north,21,1
2019/2/1 19:00:00,chongzhi_beier,north,30,4
2019/2/1 19:05:00,chongzhi_beier,north,14,1
2019/2/1 19:10:00,chongzhi_beier,north,11,1
2019/2/1 19:15:00,chongzhi_beier,north,14,3
2019/2/1 19:20:00,chongzhi_beier,north,18,6
2019/2/1 19:25:00,chongzhi_beier,north,13,0
2019/2/1 19:30:00,chongzhi_beier,north,7,1
2019/2/1 19:35:00,chongzhi_beier,north,7,2
2019/2/1 19:40:00,chongzhi_beier,north,5,0
2019/2/1 19:45:00,chongzhi_beier,north,11,4
2019/2/1 19:50:00,chongzhi_beier,north,5,2
2019/2/1 19:55:00,chongzhi_beier,north,9,2
2019/2/1 20:00:00,chongzhi_beier,north,6,2
2019/2/1 20:05:00,chongzhi_beier,north,5,1
2019/2/1 20:10:00,chongzhi_beier,north,10,0
2019/2/1 20:15:00,chongzhi_beier,north,7,4
2019/2/1 20:20:00,chongzhi_beier,north,5,1
2019/2/1 20:25:00,chongzhi_beier,north,7,4
2019/2/1 20:30:00,chongzhi_beier,north,7,2
2019/2/1 20:35:00,chongzhi_beier,north,10,0
2019/2/1 20:40:00,chongzhi_beier,north,19,3
2019/2/1 20:45:00,chongzhi_beier,north,20,7
2019/2/1 20:50:00,chongzhi_beier,north,21,5
2019/2/1 20:55:00,chongzhi_beier,north,14,4
2019/2/1 21:00:00,chongzhi_beier,north,13,4
2019/2/1 21:05:00,chongzhi_beier,north,16,5
2019/2/1 21:10:00,chongzhi_beier,north,13,2
2019/2/1 21:15:00,chongzhi_beier,north,10,2
2019/2/1 21:20:00,chongzhi_beier,north,5,0
2019/2/1 21:25:00,chongzhi_beier,north,14,2
2019/2/1 21:30:00,chongzhi_beier,north,14,2
2019/2/1 21:35:00,chongzhi_beier,north,10,0
2019/2/1 21:40:00,chongzhi_beier,north,19,2
2019/2/1 21:45:00,chongzhi_beier,north,8,4
2019/2/1 21:50:00,chongzhi_beier,north,6,0
2019/2/1 21:55:00,chongzhi_beier,north,6,2
2019/2/1 22:00:00,chongzhi_beier,north,9,1
2019/2/1 22:05:00,chongzhi_beier,north,4,2
2019/2/1 22:10:00,chongzhi_beier,north,6,3
2019/2/1 22:15:00,chongzhi_beier,north,5,2
2019/2/1 22:20:00,chongzhi_beier,north,7,0
2019/2/1 22:25:00,chongzhi_beier,north,13,1
2019/2/1 22:30:00,chongzhi_beier,north,5,1
2019/2/1 22:35:00,chongzhi_beier,north,4,0
2019/2/1 22:40:00,chongzhi_beier,north,6,1
2019/2/1 22:45:00,chongzhi_beier,north,7,1
2019/2/1 22:50:00,chongzhi_beier,north,5,2
2019/2/1 22:55:00,chongzhi_beier,north,13,0
2019/2/1 23:00:00,chongzhi_beier,north,6,2
2019/2/1 23:05:00,chongzhi_beier,north,11,2
2019/2/1 23:10:00,chongzhi_beier,north,7,0
2019/2/1 23:15:00,chongzhi_beier,north,8,1
2019/2/1 23:20:00,chongzhi_beier,north,8,0
2019/2/1 23:25:00,chongzhi_beier,north,4,2
2019/2/1 23:30:00,chongzhi_beier,north,5,0
2019/2/1 23:35:00,chongzhi_beier,north,5,2
2019/2/1 23:40:00,chongzhi_beier,north,6,1
2019/2/1 23:45:00,chongzhi_beier,north,6,1
2019/2/1 23:50:00,chongzhi_beier,north,8,0
2019/2/1 23:55:00,chongzhi_beier,north,4,0
