2019/2/1 00:00:00,chongzhi_longping,south,3,2
2019/2/1 00:05:00,chongzhi_longping,south,3,4
2019/2/1 00:10:00,chongzhi_longping,south,2,2
2019/2/1 00:15:00,chongzhi_longping,south,3,1
2019/2/1 00:20:00,chongzhi_longping,south,1,5
2019/2/1 00:25:00,chongzhi_longping,south,3,2
2019/2/1 00:30:00,chongzhi_longping,south,2,6
2019/2/1 00:35:00,chongzhi_longping,south,1,3
2019/2/1 00:40:00,chongzhi_longping,south,1,0
2019/2/1 00:45:00,chongzhi_longping,south,0,2
2019/2/1 00:50:00,chongzhi_longping,south,2,2
2019/2/1 00:55:00,chongzhi_longping,south,0,4
2019/2/1 01:00:00,chongzhi_longping,south,0,3
2019/2/1 01:05:00,chongzhi_longping,south,4,1
2019/2/1 01:10:00,chongzhi_longping,south,1,2
2019/2/1 01:15:00,chongzhi_longping,south,0,2
2019/2/1 01:20:00,chongzhi_longping,south,0,4
2019/2/1 01:25:00,chongzhi_longping,south,1,1
2019/2/1 01:30:00,chongzhi_longping,south,0,1
2019/2/1 01:35:00,chongzhi_longping,south,0,2
2019/2/1 01:40:00,chongzhi_longping,south,0,2
2019/2/1 01:45:00,chongzhi_longping,south,1,0
2019/2/1 01:50:00,chongzhi_longping,south,0,1
2019/2/1 01:55:00,chongzhi_longping,south,2,0
2019/2/1 02:00:00,chongzhi_longping,south,0,1
2019/2/1 02:05:00,chongzhi_longping,south,0,2
2019/2/1 02:10:00,chongzhi_longping,south,0,1
2019/2/1 02:15:00,chongzhi_longping,south,0,1
2019/2/1 02:20:00,chongzhi_longping,south,0,1
2019/2/1 02:25:00,chongzhi_longping,south,2,0
2019/2/1 02:30:00,chongzhi_longping,south,0,3
2019/2/1 02:35:00,chongzhi_longping,south,0,1
2019/2/1 02:40:00,chongzhi_longping,south,0,2
2019/2/1 02:45:00,chongzhi_longping,south,0,2
2019/2/1 02:50:00,chongzhi_longping,south,0,0
2019/2/1 02:55:00,chongzhi_longping,south,0,0
2019/2/1 03:00:00,chongzhi_longping,south,0,0
2019/2/1 03:05:00,chongzhi_longping,south,0,1
2019/2/1 03:10:00,chongzhi_longping,south,1,1
2019/2/1 03:15:00,chongzhi_longping,south,0,1
2019/2/1 03:20:00,chongzhi_longping,south,0,3
2019/2/1 03:25:00,chongzhi_longping,south,0,1
2019/2/1 03:30:00,chongzhi_longping,south,0,0
2019/2/1 03:35:00,chongzhi_longping,south,0,1
2019/2/1 03:40:00,chongzhi_longping,south,1,1
2019/2/1 03:45:00,chongzhi_longping,south,0,0
2019/2/1 03:50:00,chongzhi_longping,south,0,0
2019/2/1 03:55:00,chongzhi_longping,south,0,1
2019/2/1 04:00:00,chongzhi_longping,south,0,1
2019/2/1 04:05:00,chongzhi_longping,south,1,0
2019/2/1 04:10:00,chongzhi_longping,south,1,1
2019/2/1 04:15:00,chongzhi_longping,south,0,2
2019/2/1 04:20:00,chongzhi_longping,south,0,1
2019/2/1 04:25:00,chongzhi_longping,south,0,0
2019/2/1 04:30:00,chongzhi_longping,south,1,1
2019/2/1 04:35:00,chongzhi_longping,south,0,1
2019/2/1 04:40:00,chongzhi_longping,south,0,0
2019/2/1 04:45:00,chongzhi_longping,south,0,1
2019/2/1 04:50:00,chongzhi_longping,south,0,2
2019/2/1 04:55:00,chongzhi_longping,south,0,2
2019/2/1 05:00:00,chongzhi_longping,south,0,1
2019/2/1 05:05:00,chongzhi_longping,south,0,2
2019/2/1 05:10:00,chongzhi_longping,south,0,3
2019/2/1 05:15:00,chongzhi_longping,south,0,0
2019/2/1 05:20:00,chongzhi_longping,south,0,0
2019/2/1 05:25:00,chongzhi_longping,south,0,0
2019/2/1 05:30:00,chongzhi_longping,south,1,3
2019/2/1 05:35:00,chongzhi_longping,south,0,0
2019/2/1 05:40:00,chongzhi_longping,south,0,0
2019/2/1 05:45:00,chongzhi_longping,south,0,0
2019/2/1 05:50:00,chongzhi_longping,south,0,2
2019/2/1 05:55:00,chongzhi_longping,south,2,0
2019/2/1 06:00:00,chongzhi_longping,south,0,1
2019/2/1 06:05:00,chongzhi_longping,south,1,0
2019/2/1 06:10:00,chongzhi_longping,south,1,0
2019/2/1 06:15:00,chongzhi_longping,south,2,2
2019/2/1 06:20:00,chongzhi_longping,south,0,3
2019/2/1 06:25:00,chongzhi_longping,south,1,1
2019/2/1 06:30:00,chongzhi_longping,south,0,1
2019/2/1 06:35:00,chongzhi_longping,south,0,2
2019/2/1 06:40:00,chongzhi_longping,south,0,1
2019/2/1 06:45:00,chongzhi_longping,south,1,2
2019/2/1 06:50:00,chongzhi_longping,south,3,3
2019/2/1 06:55:00,chongzhi_longping,south,3,2
2019/2/1 07:00:00,chongzhi_longping,south,0,3
2019/2/1 07:05:00,chongzhi_longping,south,1,1
2019/2/1 07:10:00,chongzhi_longping,south,2,7
2019/2/1 07:15:00,chongzhi_longping,south,3,8
2019/2/1 07:20:00,chongzhi_longping,south,5,4
2019/2/1 07:25:00,chongzhi_longping,south,2,10
2019/2/1 07:30:00,chongzhi_longping,south,1,15
2019/2/1 07:35:00,chongzhi_longping,south,5,16
2019/2/1 07:40:00,chongzhi_longping,south,10,24
2019/2/1 07:45:00,chongzhi_longping,south,3,32
2019/2/1 07:50:00,chongzhi_longping,south,4,39
2019/2/1 07:55:00,chongzhi_longping,south,4,44
2019/2/1 08:00:00,chongzhi_longping,south,10,55
2019/2/1 08:05:00,chongzhi_longping,south,6,58
2019/2/1 08:10:00,chongzhi_longping,south,5,78
2019/2/1 08:15:00,chongzhi_longping,south,17,64
2019/2/1 08:20:00,chongzhi_longping,south,10,46
2019/2/1 08:25:00,chongzhi_longping,south,11,52
2019/2/1 08:30:00,chongzhi_longping,south,15,47
2019/2/1 08:35:00,chongzhi_longping,south,5,39
2019/2/1 08:40:00,chongzhi_longping,south,8,35
2019/2/1 08:45:00,chongzhi_longping,south,7,48
2019/2/1 08:50:00,chongzhi_longping,south,7,37
2019/2/1 08:55:00,chongzhi_longping,south,6,31
2019/2/1 09:00:00,chongzhi_longping,south,1,20
2019/2/1 09:05:00,chongzhi_longping,south,4,21
2019/2/1 09:10:00,chongzhi_longping,south,3,24
2019/2/1 09:15:00,chongzhi_longping,south,5,17
2019/2/1 09:20:00,chongzhi_longping,south,1,13
2019/2/1 09:25:00,chongzhi_longping,south,2,14
2019/2/1 09:30:00,chongzhi_longping,south,4,6
2019/2/1 09:35:00,chongzhi_longping,south,2,5
2019/2/1 09:40:00,chongzhi_longping,south,3,9
2019/2/1 09:45:00,chongzhi_longping,south,1,13
2019/2/1 09:50:00,chongzhi_longping,south,0,8
2019/2/1 09:55:00,chongzhi_longping,south,3,9
2019/2/1 10:00:00,chongzhi_longping,south,2,8
2019/2/1 10:05:00,chongzhi_longping,south,2,4
2019/2/1 10:10:00,chongzhi_longping,south,1,9
2019/2/1 10:15:00,chongzhi_longping,south,1,7
2019/2/1 10:20:00,chongzhi_longping,south,2,9
2019/2/1 10:25:00,chongzhi_longping,south,2,6
2019/2/1 10:30:00,chongzhi_longping,south,0,4
2019/2/1 10:35:00,chongzhi_longping,south,2,8
2019/2/1 10:40:00,chongzhi_longping,south,3,12
2019/2/1 10:45:00,chongzhi_longping,south,0,4
2019/2/1 10:50:00,chongzhi_longping,south,3,5
2019/2/1 10:55:00,chongzhi_longping,south,2,6
2019/2/1 11:00:00,chongzhi_longping,south,1,7
2019/2/1 11:05:00,chongzhi_longping,south,2,10
2019/2/1 11:10:00,chongzhi_longping,south,2,5
2019/2/1 11:15:00,chongzhi_longping,south,1,5
2019/2/1 11:20:00,chongzhi_longping,south,3,10
2019/2/1 11:25:00,chongzhi_longping,south,2,8
2019/2/1 11:30:00,chongzhi_longping,south,1,8
2019/2/1 11:35:00,chongzhi_longping,south,4,11
2019/2/1 11:40:00,chongzhi_longping,south,0,4
2019/2/1 11:45:00,chongzhi_longping,south,5,15
2019/2/1 11:50:00,chongzhi_longping,south,2,9
2019/2/1 11:55:00,chongzhi_longping,south,4,3
2019/2/1 12:00:00,chongzhi_longping,south,2,17
2019/2/1 12:05:00,chongzhi_longping,south,3,9
2019/2/1 12:10:00,chongzhi_longping,south,3,11
2019/2/1 12:15:00,chongzhi_longping,south,1,8
2019/2/1 12:20:00,chongzhi_longping,south,1,13
2019/2/1 12:25:00,chongzhi_longping,south,1,13
2019/2/1 12:30:00,chongzhi_longping,south,3,9
2019/2/1 12:35:00,chongzhi_longping,south,0,5
2019/2/1 12:40:00,chongzhi_longping,south,1,7
2019/2/1 12:45:00,chongzhi_longping,south,2,12
2019/2/1 12:50:00,chongzhi_longping,south,2,6
2019/2/1 12:55:00,chongzhi_longping,south,2,4
2019/2/1 13:00:00,chongzhi_longping,south,1,13
2019/2/1 13:05:00,chongzhi_longping,south,2,10
2019/2/1 13:10:00,chongzhi_longping,south,3,9
2019/2/1 13:15:00,chongzhi_longping,south,4,9
2019/2/1 13:20:00,chongzhi_longping,south,4,9
2019/2/1 13:25:00,chongzhi_longping,south,4,10
2019/2/1 13:30:00,chongzhi_longping,south,4,21
2019/2/1 13:35:00,chongzhi_longping,south,3,9
2019/2/1 13:40:00,chongzhi_longping,south,7,14
2019/2/1 13:45:00,chongzhi_longping,south,1,14
2019/2/1 13:50:00,chongzhi_longping,south,2,8
2019/2/1 13:55:00,chongzhi_longping,south,5,8
2019/2/1 14:00:00,chongzhi_longping,south,2,14
2019/2/1 14:05:00,chongzhi_longping,south,2,6
2019/2/1 14:10:00,chongzhi_longping,south,2,14
2019/2/1 14:15:00,chongzhi_longping,south,4,8
2019/2/1 14:20:00,chongzhi_longping,south,3,8
2019/2/1 14:25:00,chongzhi_longping,south,6,13
2019/2/1 14:30:00,chongzhi_longping,south,4,13
2019/2/1 14:35:00,chongzhi_longping,south,5,5
2019/2/1 14:40:00,chongzhi_longping,south,1,7
2019/2/1 14:45:00,chongzhi_longping,south,4,15
2019/2/1 14:50:00,chongzhi_longping,south,4,8
2019/2/1 14:55:00,chongzhi_longping,south,1,7
2019/2/1 15:00:00,chongzhi_longping,south,1,11
2019/2/1 15:05:00,chongzhi_longping,south,2,5
2019/2/1 15:10:00,chongzhi_longping,south,2,12
2019/2/1 15:15:00,chongzhi_longping,south,3,8
2019/2/1 15:20:00,chongzhi_longping,south,5,9
2019/2/1 15:25:00,chongzhi_longping,south,1,12
2019/2/1 15:30:00,chongzhi_longping,south,3,11
2019/2/1 15:35:00,chongzhi_longping,south,5,8
2019/2/1 15:40:00,chongzhi_longping,south,2,16
2019/2/1 15:45:00,chongzhi_longping,south,2,6
2019/2/1 15:50:00,chongzhi_longping,south,2,4
2019/2/1 15:55:00,chongzhi_longping,south,3,2
2019/2/1 16:00:00,chongzhi_longping,south,4,5
2019/2/1 16:05:00,chongzhi_longping,south,3,9
2019/2/1 16:10:00,chongzhi_longping,south,5,17
2019/2/1 16:15:00,chongzhi_longping,south,0,4
2019/2/1 16:20:00,chongzhi_longping,south,5,5
2019/2/1 16:25:00,chongzhi_longping,south,3,8
2019/2/1 16:30:00,chongzhi_longping,south,3,7
2019/2/1 16:35:00,chongzhi_longping,south,4,8
2019/2/1 16:40:00,chongzhi_longping,south,6,10
2019/2/1 16:45:00,chongzhi_longping,south,3,5
2019/2/1 16:50:00,chongzhi_longping,south,0,10
2019/2/1 16:55:00,chongzhi_longping,south,1,5
2019/2/1 17:00:00,chongzhi_longping,south,1,12
2019/2/1 17:05:00,chongzhi_longping,south,3,4
2019/2/1 17:10:00,chongzhi_longping,south,8,9
2019/2/1 17:15:00,chongzhi_longping,south,2,12
2019/2/1 17:20:00,chongzhi_longping,south,4,8
2019/2/1 17:25:00,chongzhi_longping,south,4,4
2019/2/1 17:30:00,chongzhi_longping,south,4,12
2019/2/1 17:35:00,chongzhi_longping,south,3,15
2019/2/1 17:40:00,chongzhi_longping,south,4,10
2019/2/1 17:45:00,chongzhi_longping,south,4,8
2019/2/1 17:50:00,chongzhi_longping,south,8,13
2019/2/1 17:55:00,chongzhi_longping,south,5,10
2019/2/1 18:00:00,chongzhi_longping,south,2,19
2019/2/1 18:05:00,chongzhi_longping,south,7,22
2019/2/1 18:10:00,chongzhi_longping,south,7,8
2019/2/1 18:15:00,chongzhi_longping,south,7,17
2019/2/1 18:20:00,chongzhi_longping,south,5,16
2019/2/1 18:25:00,chongzhi_longping,south,2,8
2019/2/1 18:30:00,chongzhi_longping,south,5,13
2019/2/1 18:35:00,chongzhi_longping,south,9,18
2019/2/1 18:40:00,chongzhi_longping,south,5,12
2019/2/1 18:45:00,chongzhi_longping,south,0,4
2019/2/1 18:50:00,chongzhi_longping,south,5,9
2019/2/1 18:55:00,chongzhi_longping,south,1,16
2019/2/1 19:00:00,chongzhi_longping,south,2,13
2019/2/1 19:05:00,chongzhi_longping,south,5,11
2019/2/1 19:10:00,chongzhi_longping,south,3,5
2019/2/1 19:15:00,chongzhi_longping,south,2,9
2019/2/1 19:20:00,chongzhi_longping,south,2,5
2019/2/1 19:25:00,chongzhi_longping,south,1,8
2019/2/1 19:30:00,chongzhi_longping,south,2,3
2019/2/1 19:35:00,chongzhi_longping,south,0,12
2019/2/1 19:40:00,chongzhi_longping,south,3,10
2019/2/1 19:45:00,chongzhi_longping,south,2,1
2019/2/1 19:50:00,chongzhi_longping,south,3,8
2019/2/1 19:55:00,chongzhi_longping,south,2,8
2019/2/1 20:00:00,chongzhi_longping,south,0,6
2019/2/1 20:05:00,chongzhi_longping,south,0,7
2019/2/1 20:10:00,chongzhi_longping,south,0,4
2019/2/1 20:15:00,chongzhi_longping,south,1,10
2019/2/1 20:20:00,chongzhi_longping,south,1,10
2019/2/1 20:25:00,chongzhi_longping,south,2,5
2019/2/1 20:30:00,chongzhi_longping,south,5,14
2019/2/1 20:35:00,chongzhi_longping,south,2,5
2019/2/1 20:40:00,chongzhi_longping,south,3,8
2019/2/1 20:45:00,chongzhi_longping,south,2,14
2019/2/1 20:50:00,chongzhi_longping,south,1,12
2019/2/1 20:55:00,chongzhi_longping,south,1,5
2019/2/1 21:00:00,chongzhi_longping,south,4,10
2019/2/1 21:05:00,chongzhi_longping,south,0,14
2019/2/1 21:10:00,chongzhi_longping,south,0,13
2019/2/1 21:15:00,chongzhi_longping,south,2,7
2019/2/1 21:20:00,chongzhi_longping,south,3,7
2019/2/1 21:25:00,chongzhi_longping,south,1,12
2019/2/1 21:30:00,chongzhi_longping,south,5,8
2019/2/1 21:35:00,chongzhi_longping,south,2,8
2019/2/1 21:40:00,chongzhi_longping,south,1,5
2019/2/1 21:45:00,chongzhi_longping,south,0,3
2019/2/1 21:50:00,chongzhi_longping,south,2,3
2019/2/1 21:55:00,chongzhi_longping,south,1,5
2019/2/1 22:00:00,chongzhi_longping,south,6,5
2019/2/1 22:05:00,chongzhi_longping,south,3,7
2019/2/1 22:10:00,chongzhi_longping,south,1,6
2019/2/1 22:15:00,chongzhi_longping,south,0,6
2019/2/1 22:20:00,chongzhi_longping,south,2,9
2019/2/1 22:25:00,chongzhi_longping,south,0,3
2019/2/1 22:30:00,chongzhi_longping,south,2,8
2019/2/1 22:35:00,chongzhi_longping,south,0,12
2019/2/1 22:40:00,chongzhi_longping,south,2,4
2019/2/1 22:45:00,chongzhi_longping,south,1,4
2019/2/1 22:50:00,chongzhi_longping,south,0,7
2019/2/1 22:55:00,chongzhi_longping,south,1,7
2019/2/1 23:00:00,chongzhi_longping,south,7,6
2019/2/1 23:05:00,chongzhi_longping,south,6,11
2019/2/1 23:10:00,chongzhi_longping,south,4,6
2019/2/1 23:15:00,chongzhi_longping,south,1,8
2019/2/1 23:20:00,chongzhi_longping,south,0,5
2019/2/1 23:25:00,chongzhi_longping,south,2,6
2019/2/1 23:30:00,chongzhi_longping,south,3,6
2019/2/1 23:35:00,chongzhi_longping,south,3,2
2019/2/1 23:40:00,chongzhi_longping,south,1,4
2019/2/1 23:45:00,chongzhi_longping,south,0,1
2019/2/1 23:50:00,chongzhi_longping,south,4,3
2019/2/1 23:55:00,chongzhi_longping,south,2,2
