2019/1/29 00:00:00,chongzhi_beier,west,13,21
2019/1/29 00:05:00,chongzhi_beier,west,6,15
2019/1/29 00:10:00,chongzhi_beier,west,2,17
2019/1/29 00:15:00,chongzhi_beier,west,10,9
2019/1/29 00:20:00,chongzhi_beier,west,11,23
2019/1/29 00:25:00,chongzhi_beier,west,4,10
2019/1/29 00:30:00,chongzhi_beier,west,0,10
2019/1/29 00:35:00,chongzhi_beier,west,5,15
2019/1/29 00:40:00,chongzhi_beier,west,4,12
2019/1/29 00:45:00,chongzhi_beier,west,9,9
2019/1/29 00:50:00,chongzhi_beier,west,4,11
2019/1/29 00:55:00,chongzhi_beier,west,5,14
2019/1/29 01:00:00,chongzhi_beier,west,7,16
2019/1/29 01:05:00,chongzhi_beier,west,4,14
2019/1/29 01:10:00,chongzhi_beier,west,2,8
2019/1/29 01:15:00,chongzhi_beier,west,2,6
2019/1/29 01:20:00,chongzhi_beier,west,6,11
2019/1/29 01:25:00,chongzhi_beier,west,4,3
2019/1/29 01:30:00,chongzhi_beier,west,3,7
2019/1/29 01:35:00,chongzhi_beier,west,3,10
2019/1/29 01:40:00,chongzhi_beier,west,0,9
2019/1/29 01:45:00,chongzhi_beier,west,5,8
2019/1/29 01:50:00,chongzhi_beier,west,1,12
2019/1/29 01:55:00,chongzhi_beier,west,0,5
2019/1/29 02:00:00,chongzhi_beier,west,0,11
2019/1/29 02:05:00,chongzhi_beier,west,3,6
2019/1/29 02:10:00,chongzhi_beier,west,3,5
2019/1/29 02:15:00,chongzhi_beier,west,1,6
2019/1/29 02:20:00,chongzhi_beier,west,5,5
2019/1/29 02:25:00,chongzhi_beier,west,2,4
2019/1/29 02:30:00,chongzhi_beier,west,2,8
2019/1/29 02:35:00,chongzhi_beier,west,1,5
2019/1/29 02:40:00,chongzhi_beier,west,1,3
2019/1/29 02:45:00,chongzhi_beier,west,1,5
2019/1/29 02:50:00,chongzhi_beier,west,1,4
2019/1/29 02:55:00,chongzhi_beier,west,0,6
2019/1/29 03:00:00,chongzhi_beier,west,1,4
2019/1/29 03:05:00,chongzhi_beier,west,1,5
2019/1/29 03:10:00,chongzhi_beier,west,2,5
2019/1/29 03:15:00,chongzhi_beier,west,1,4
2019/1/29 03:20:00,chongzhi_beier,west,3,4
2019/1/29 03:25:00,chongzhi_beier,west,2,5
2019/1/29 03:30:00,chongzhi_beier,west,0,4
2019/1/29 03:35:00,chongzhi_beier,west,0,4
2019/1/29 03:40:00,chongzhi_beier,west,1,5
2019/1/29 03:45:00,chongzhi_beier,west,1,2
2019/1/29 03:50:00,chongzhi_beier,west,2,3
2019/1/29 03:55:00,chongzhi_beier,west,1,6
2019/1/29 04:00:00,chongzhi_beier,west,1,8
2019/1/29 04:05:00,chongzhi_beier,west,1,4
2019/1/29 04:10:00,chongzhi_beier,west,2,3
2019/1/29 04:15:00,chongzhi_beier,west,4,7
2019/1/29 04:20:00,chongzhi_beier,west,1,3
2019/1/29 04:25:00,chongzhi_beier,west,0,1
2019/1/29 04:30:00,chongzhi_beier,west,1,8
2019/1/29 04:35:00,chongzhi_beier,west,3,6
2019/1/29 04:40:00,chongzhi_beier,west,0,4
2019/1/29 04:45:00,chongzhi_beier,west,1,0
2019/1/29 04:50:00,chongzhi_beier,west,2,3
2019/1/29 04:55:00,chongzhi_beier,west,1,4
2019/1/29 05:00:00,chongzhi_beier,west,0,2
2019/1/29 05:05:00,chongzhi_beier,west,1,2
2019/1/29 05:10:00,chongzhi_beier,west,0,3
2019/1/29 05:15:00,chongzhi_beier,west,1,6
2019/1/29 05:20:00,chongzhi_beier,west,1,5
2019/1/29 05:25:00,chongzhi_beier,west,1,5
2019/1/29 05:30:00,chongzhi_beier,west,0,5
2019/1/29 05:35:00,chongzhi_beier,west,1,8
2019/1/29 05:40:00,chongzhi_beier,west,1,2
2019/1/29 05:45:00,chongzhi_beier,west,4,5
2019/1/29 05:50:00,chongzhi_beier,west,1,5
2019/1/29 05:55:00,chongzhi_beier,west,1,5
2019/1/29 06:00:00,chongzhi_beier,west,2,7
2019/1/29 06:05:00,chongzhi_beier,west,0,6
2019/1/29 06:10:00,chongzhi_beier,west,0,3
2019/1/29 06:15:00,chongzhi_beier,west,4,8
2019/1/29 06:20:00,chongzhi_beier,west,1,11
2019/1/29 06:25:00,chongzhi_beier,west,0,8
2019/1/29 06:30:00,chongzhi_beier,west,3,6
2019/1/29 06:35:00,chongzhi_beier,west,3,15
2019/1/29 06:40:00,chongzhi_beier,west,5,11
2019/1/29 06:45:00,chongzhi_beier,west,3,8
2019/1/29 06:50:00,chongzhi_beier,west,4,10
2019/1/29 06:55:00,chongzhi_beier,west,4,13
2019/1/29 07:00:00,chongzhi_beier,west,1,19
2019/1/29 07:05:00,chongzhi_beier,west,4,5
2019/1/29 07:10:00,chongzhi_beier,west,3,6
2019/1/29 07:15:00,chongzhi_beier,west,3,25
2019/1/29 07:20:00,chongzhi_beier,west,9,21
2019/1/29 07:25:00,chongzhi_beier,west,4,16
2019/1/29 07:30:00,chongzhi_beier,west,12,15
2019/1/29 07:35:00,chongzhi_beier,west,12,24
2019/1/29 07:40:00,chongzhi_beier,west,11,19
2019/1/29 07:45:00,chongzhi_beier,west,19,27
2019/1/29 07:50:00,chongzhi_beier,west,23,21
2019/1/29 07:55:00,chongzhi_beier,west,48,28
2019/1/29 08:00:00,chongzhi_beier,west,43,36
2019/1/29 08:05:00,chongzhi_beier,west,29,22
2019/1/29 08:10:00,chongzhi_beier,west,50,36
2019/1/29 08:15:00,chongzhi_beier,west,40,31
2019/1/29 08:20:00,chongzhi_beier,west,58,51
2019/1/29 08:25:00,chongzhi_beier,west,40,36
2019/1/29 08:30:00,chongzhi_beier,west,48,31
2019/1/29 08:35:00,chongzhi_beier,west,28,26
2019/1/29 08:40:00,chongzhi_beier,west,36,34
2019/1/29 08:45:00,chongzhi_beier,west,37,35
2019/1/29 08:50:00,chongzhi_beier,west,36,28
2019/1/29 08:55:00,chongzhi_beier,west,22,39
2019/1/29 09:00:00,chongzhi_beier,west,14,34
2019/1/29 09:05:00,chongzhi_beier,west,13,25
2019/1/29 09:10:00,chongzhi_beier,west,16,27
2019/1/29 09:15:00,chongzhi_beier,west,22,38
2019/1/29 09:20:00,chongzhi_beier,west,12,27
2019/1/29 09:25:00,chongzhi_beier,west,10,20
2019/1/29 09:30:00,chongzhi_beier,west,13,25
2019/1/29 09:35:00,chongzhi_beier,west,10,26
2019/1/29 09:40:00,chongzhi_beier,west,20,19
2019/1/29 09:45:00,chongzhi_beier,west,10,32
2019/1/29 09:50:00,chongzhi_beier,west,10,16
2019/1/29 09:55:00,chongzhi_beier,west,9,26
2019/1/29 10:00:00,chongzhi_beier,west,12,41
2019/1/29 10:05:00,chongzhi_beier,west,11,31
2019/1/29 10:10:00,chongzhi_beier,west,7,26
2019/1/29 10:15:00,chongzhi_beier,west,6,27
2019/1/29 10:20:00,chongzhi_beier,west,10,27
2019/1/29 10:25:00,chongzhi_beier,west,8,19
2019/1/29 10:30:00,chongzhi_beier,west,8,23
2019/1/29 10:35:00,chongzhi_beier,west,7,40
2019/1/29 10:40:00,chongzhi_beier,west,10,31
2019/1/29 10:45:00,chongzhi_beier,west,5,29
2019/1/29 10:50:00,chongzhi_beier,west,6,24
2019/1/29 10:55:00,chongzhi_beier,west,5,31
2019/1/29 11:00:00,chongzhi_beier,west,5,33
2019/1/29 11:05:00,chongzhi_beier,west,9,24
2019/1/29 11:10:00,chongzhi_beier,west,1,24
2019/1/29 11:15:00,chongzhi_beier,west,6,33
2019/1/29 11:20:00,chongzhi_beier,west,8,22
2019/1/29 11:25:00,chongzhi_beier,west,9,35
2019/1/29 11:30:00,chongzhi_beier,west,8,36
2019/1/29 11:35:00,chongzhi_beier,west,5,24
2019/1/29 11:40:00,chongzhi_beier,west,10,41
2019/1/29 11:45:00,chongzhi_beier,west,3,22
2019/1/29 11:50:00,chongzhi_beier,west,4,46
2019/1/29 11:55:00,chongzhi_beier,west,7,23
2019/1/29 12:00:00,chongzhi_beier,west,3,31
2019/1/29 12:05:00,chongzhi_beier,west,7,30
2019/1/29 12:10:00,chongzhi_beier,west,14,49
2019/1/29 12:15:00,chongzhi_beier,west,4,25
2019/1/29 12:20:00,chongzhi_beier,west,7,29
2019/1/29 12:25:00,chongzhi_beier,west,9,32
2019/1/29 12:30:00,chongzhi_beier,west,9,18
2019/1/29 12:35:00,chongzhi_beier,west,9,27
2019/1/29 12:40:00,chongzhi_beier,west,9,20
2019/1/29 12:45:00,chongzhi_beier,west,8,22
2019/1/29 12:50:00,chongzhi_beier,west,9,15
2019/1/29 12:55:00,chongzhi_beier,west,7,31
2019/1/29 13:00:00,chongzhi_beier,west,12,19
2019/1/29 13:05:00,chongzhi_beier,west,10,25
2019/1/29 13:10:00,chongzhi_beier,west,11,6
2019/1/29 13:15:00,chongzhi_beier,west,10,28
2019/1/29 13:20:00,chongzhi_beier,west,9,32
2019/1/29 13:25:00,chongzhi_beier,west,8,11
2019/1/29 13:30:00,chongzhi_beier,west,15,30
2019/1/29 13:35:00,chongzhi_beier,west,13,21
2019/1/29 13:40:00,chongzhi_beier,west,21,30
2019/1/29 13:45:00,chongzhi_beier,west,14,27
2019/1/29 13:50:00,chongzhi_beier,west,17,26
2019/1/29 13:55:00,chongzhi_beier,west,9,29
2019/1/29 14:00:00,chongzhi_beier,west,5,22
2019/1/29 14:05:00,chongzhi_beier,west,9,34
2019/1/29 14:10:00,chongzhi_beier,west,5,28
2019/1/29 14:15:00,chongzhi_beier,west,5,25
2019/1/29 14:20:00,chongzhi_beier,west,7,24
2019/1/29 14:25:00,chongzhi_beier,west,5,31
2019/1/29 14:30:00,chongzhi_beier,west,11,42
2019/1/29 14:35:00,chongzhi_beier,west,8,26
2019/1/29 14:40:00,chongzhi_beier,west,10,31
2019/1/29 14:45:00,chongzhi_beier,west,8,24
2019/1/29 14:50:00,chongzhi_beier,west,12,36
2019/1/29 14:55:00,chongzhi_beier,west,7,28
2019/1/29 15:00:00,chongzhi_beier,west,9,39
2019/1/29 15:05:00,chongzhi_beier,west,15,34
2019/1/29 15:10:00,chongzhi_beier,west,5,28
2019/1/29 15:15:00,chongzhi_beier,west,3,33
2019/1/29 15:20:00,chongzhi_beier,west,8,22
2019/1/29 15:25:00,chongzhi_beier,west,4,36
2019/1/29 15:30:00,chongzhi_beier,west,7,31
2019/1/29 15:35:00,chongzhi_beier,west,11,38
2019/1/29 15:40:00,chongzhi_beier,west,16,36
2019/1/29 15:45:00,chongzhi_beier,west,6,29
2019/1/29 15:50:00,chongzhi_beier,west,14,27
2019/1/29 15:55:00,chongzhi_beier,west,7,28
2019/1/29 16:00:00,chongzhi_beier,west,7,39
2019/1/29 16:05:00,chongzhi_beier,west,8,31
2019/1/29 16:10:00,chongzhi_beier,west,9,48
2019/1/29 16:15:00,chongzhi_beier,west,10,32
2019/1/29 16:20:00,chongzhi_beier,west,1,22
2019/1/29 16:25:00,chongzhi_beier,west,2,30
2019/1/29 16:30:00,chongzhi_beier,west,8,41
2019/1/29 16:35:00,chongzhi_beier,west,4,37
2019/1/29 16:40:00,chongzhi_beier,west,9,27
2019/1/29 16:45:00,chongzhi_beier,west,6,39
2019/1/29 16:50:00,chongzhi_beier,west,13,37
2019/1/29 16:55:00,chongzhi_beier,west,4,19
2019/1/29 17:00:00,chongzhi_beier,west,6,47
2019/1/29 17:05:00,chongzhi_beier,west,9,23
2019/1/29 17:10:00,chongzhi_beier,west,6,36
2019/1/29 17:15:00,chongzhi_beier,west,4,26
2019/1/29 17:20:00,chongzhi_beier,west,6,34
2019/1/29 17:25:00,chongzhi_beier,west,9,40
2019/1/29 17:30:00,chongzhi_beier,west,4,47
2019/1/29 17:35:00,chongzhi_beier,west,3,34
2019/1/29 17:40:00,chongzhi_beier,west,3,35
2019/1/29 17:45:00,chongzhi_beier,west,13,45
2019/1/29 17:50:00,chongzhi_beier,west,7,34
2019/1/29 17:55:00,chongzhi_beier,west,5,20
2019/1/29 18:00:00,chongzhi_beier,west,14,59
2019/1/29 18:05:00,chongzhi_beier,west,17,79
2019/1/29 18:10:00,chongzhi_beier,west,10,43
2019/1/29 18:15:00,chongzhi_beier,west,12,56
2019/1/29 18:20:00,chongzhi_beier,west,7,57
2019/1/29 18:25:00,chongzhi_beier,west,9,73
2019/1/29 18:30:00,chongzhi_beier,west,9,30
2019/1/29 18:35:00,chongzhi_beier,west,11,64
2019/1/29 18:40:00,chongzhi_beier,west,7,69
2019/1/29 18:45:00,chongzhi_beier,west,15,68
2019/1/29 18:50:00,chongzhi_beier,west,4,33
2019/1/29 18:55:00,chongzhi_beier,west,13,64
2019/1/29 19:00:00,chongzhi_beier,west,9,54
2019/1/29 19:05:00,chongzhi_beier,west,8,45
2019/1/29 19:10:00,chongzhi_beier,west,11,31
2019/1/29 19:15:00,chongzhi_beier,west,9,43
2019/1/29 19:20:00,chongzhi_beier,west,7,39
2019/1/29 19:25:00,chongzhi_beier,west,4,28
2019/1/29 19:30:00,chongzhi_beier,west,2,37
2019/1/29 19:35:00,chongzhi_beier,west,8,37
2019/1/29 19:40:00,chongzhi_beier,west,12,38
2019/1/29 19:45:00,chongzhi_beier,west,8,50
2019/1/29 19:50:00,chongzhi_beier,west,12,42
2019/1/29 19:55:00,chongzhi_beier,west,3,35
2019/1/29 20:00:00,chongzhi_beier,west,6,37
2019/1/29 20:05:00,chongzhi_beier,west,8,30
2019/1/29 20:10:00,chongzhi_beier,west,5,43
2019/1/29 20:15:00,chongzhi_beier,west,8,40
2019/1/29 20:20:00,chongzhi_beier,west,10,39
2019/1/29 20:25:00,chongzhi_beier,west,9,42
2019/1/29 20:30:00,chongzhi_beier,west,10,48
2019/1/29 20:35:00,chongzhi_beier,west,10,39
2019/1/29 20:40:00,chongzhi_beier,west,11,33
2019/1/29 20:45:00,chongzhi_beier,west,4,35
2019/1/29 20:50:00,chongzhi_beier,west,7,30
2019/1/29 20:55:00,chongzhi_beier,west,9,32
2019/1/29 21:00:00,chongzhi_beier,west,9,46
2019/1/29 21:05:00,chongzhi_beier,west,11,38
2019/1/29 21:10:00,chongzhi_beier,west,11,55
2019/1/29 21:15:00,chongzhi_beier,west,9,44
2019/1/29 21:20:00,chongzhi_beier,west,3,45
2019/1/29 21:25:00,chongzhi_beier,west,8,52
2019/1/29 21:30:00,chongzhi_beier,west,6,50
2019/1/29 21:35:00,chongzhi_beier,west,10,52
2019/1/29 21:40:00,chongzhi_beier,west,7,51
2019/1/29 21:45:00,chongzhi_beier,west,11,49
2019/1/29 21:50:00,chongzhi_beier,west,13,65
2019/1/29 21:55:00,chongzhi_beier,west,7,27
2019/1/29 22:00:00,chongzhi_beier,west,11,35
2019/1/29 22:05:00,chongzhi_beier,west,10,36
2019/1/29 22:10:00,chongzhi_beier,west,12,66
2019/1/29 22:15:00,chongzhi_beier,west,7,29
2019/1/29 22:20:00,chongzhi_beier,west,10,34
2019/1/29 22:25:00,chongzhi_beier,west,13,45
2019/1/29 22:30:00,chongzhi_beier,west,17,22
2019/1/29 22:35:00,chongzhi_beier,west,8,28
2019/1/29 22:40:00,chongzhi_beier,west,19,46
2019/1/29 22:45:00,chongzhi_beier,west,11,28
2019/1/29 22:50:00,chongzhi_beier,west,9,28
2019/1/29 22:55:00,chongzhi_beier,west,16,39
2019/1/29 23:00:00,chongzhi_beier,west,7,21
2019/1/29 23:05:00,chongzhi_beier,west,11,27
2019/1/29 23:10:00,chongzhi_beier,west,10,33
2019/1/29 23:15:00,chongzhi_beier,west,8,24
2019/1/29 23:20:00,chongzhi_beier,west,10,39
2019/1/29 23:25:00,chongzhi_beier,west,4,18
2019/1/29 23:30:00,chongzhi_beier,west,8,33
2019/1/29 23:35:00,chongzhi_beier,west,1,20
2019/1/29 23:40:00,chongzhi_beier,west,6,10
2019/1/29 23:45:00,chongzhi_beier,west,5,28
2019/1/29 23:50:00,chongzhi_beier,west,4,10
2019/1/29 23:55:00,chongzhi_beier,west,10,28
