2019/1/29 00:00:00,chongzhi_jiaxian,north,4,4
2019/1/29 00:05:00,chongzhi_jiaxian,north,1,4
2019/1/29 00:10:00,chongzhi_jiaxian,north,3,5
2019/1/29 00:15:00,chongzhi_jiaxian,north,1,6
2019/1/29 00:20:00,chongzhi_jiaxian,north,0,4
2019/1/29 00:25:00,chongzhi_jiaxian,north,3,3
2019/1/29 00:30:00,chongzhi_jiaxian,north,2,2
2019/1/29 00:35:00,chongzhi_jiaxian,north,1,3
2019/1/29 00:40:00,chongzhi_jiaxian,north,1,4
2019/1/29 00:45:00,chongzhi_jiaxian,north,3,3
2019/1/29 00:50:00,chongzhi_jiaxian,north,2,6
2019/1/29 00:55:00,chongzhi_jiaxian,north,1,3
2019/1/29 01:00:00,chongzhi_jiaxian,north,3,4
2019/1/29 01:05:00,chongzhi_jiaxian,north,0,1
2019/1/29 01:10:00,chongzhi_jiaxian,north,0,1
2019/1/29 01:15:00,chongzhi_jiaxian,north,2,2
2019/1/29 01:20:00,chongzhi_jiaxian,north,1,1
2019/1/29 01:25:00,chongzhi_jiaxian,north,0,2
2019/1/29 01:30:00,chongzhi_jiaxian,north,1,4
2019/1/29 01:35:00,chongzhi_jiaxian,north,1,4
2019/1/29 01:40:00,chongzhi_jiaxian,north,1,2
2019/1/29 01:45:00,chongzhi_jiaxian,north,1,5
2019/1/29 01:50:00,chongzhi_jiaxian,north,1,3
2019/1/29 01:55:00,chongzhi_jiaxian,north,0,1
2019/1/29 02:00:00,chongzhi_jiaxian,north,1,2
2019/1/29 02:05:00,chongzhi_jiaxian,north,0,1
2019/1/29 02:10:00,chongzhi_jiaxian,north,0,2
2019/1/29 02:15:00,chongzhi_jiaxian,north,0,2
2019/1/29 02:20:00,chongzhi_jiaxian,north,0,2
2019/1/29 02:25:00,chongzhi_jiaxian,north,1,3
2019/1/29 02:30:00,chongzhi_jiaxian,north,0,1
2019/1/29 02:35:00,chongzhi_jiaxian,north,0,0
2019/1/29 02:40:00,chongzhi_jiaxian,north,0,2
2019/1/29 02:45:00,chongzhi_jiaxian,north,0,0
2019/1/29 02:50:00,chongzhi_jiaxian,north,2,5
2019/1/29 02:55:00,chongzhi_jiaxian,north,0,2
2019/1/29 03:00:00,chongzhi_jiaxian,north,0,3
2019/1/29 03:05:00,chongzhi_jiaxian,north,0,0
2019/1/29 03:10:00,chongzhi_jiaxian,north,0,1
2019/1/29 03:15:00,chongzhi_jiaxian,north,1,1
2019/1/29 03:20:00,chongzhi_jiaxian,north,1,0
2019/1/29 03:25:00,chongzhi_jiaxian,north,0,0
2019/1/29 03:30:00,chongzhi_jiaxian,north,1,2
2019/1/29 03:35:00,chongzhi_jiaxian,north,1,2
2019/1/29 03:40:00,chongzhi_jiaxian,north,1,2
2019/1/29 03:45:00,chongzhi_jiaxian,north,0,0
2019/1/29 03:50:00,chongzhi_jiaxian,north,0,2
2019/1/29 03:55:00,chongzhi_jiaxian,north,0,0
2019/1/29 04:00:00,chongzhi_jiaxian,north,0,1
2019/1/29 04:05:00,chongzhi_jiaxian,north,1,3
2019/1/29 04:10:00,chongzhi_jiaxian,north,1,0
2019/1/29 04:15:00,chongzhi_jiaxian,north,0,0
2019/1/29 04:20:00,chongzhi_jiaxian,north,0,0
2019/1/29 04:25:00,chongzhi_jiaxian,north,1,0
2019/1/29 04:30:00,chongzhi_jiaxian,north,2,4
2019/1/29 04:35:00,chongzhi_jiaxian,north,0,1
2019/1/29 04:40:00,chongzhi_jiaxian,north,0,1
2019/1/29 04:45:00,chongzhi_jiaxian,north,1,0
2019/1/29 04:50:00,chongzhi_jiaxian,north,2,0
2019/1/29 04:55:00,chongzhi_jiaxian,north,1,1
2019/1/29 05:00:00,chongzhi_jiaxian,north,0,2
2019/1/29 05:05:00,chongzhi_jiaxian,north,4,0
2019/1/29 05:10:00,chongzhi_jiaxian,north,1,0
2019/1/29 05:15:00,chongzhi_jiaxian,north,3,1
2019/1/29 05:20:00,chongzhi_jiaxian,north,3,1
2019/1/29 05:25:00,chongzhi_jiaxian,north,5,1
2019/1/29 05:30:00,chongzhi_jiaxian,north,1,3
2019/1/29 05:35:00,chongzhi_jiaxian,north,1,1
2019/1/29 05:40:00,chongzhi_jiaxian,north,2,2
2019/1/29 05:45:00,chongzhi_jiaxian,north,2,1
2019/1/29 05:50:00,chongzhi_jiaxian,north,2,6
2019/1/29 05:55:00,chongzhi_jiaxian,north,5,1
2019/1/29 06:00:00,chongzhi_jiaxian,north,1,2
2019/1/29 06:05:00,chongzhi_jiaxian,north,8,1
2019/1/29 06:10:00,chongzhi_jiaxian,north,4,2
2019/1/29 06:15:00,chongzhi_jiaxian,north,8,7
2019/1/29 06:20:00,chongzhi_jiaxian,north,5,0
2019/1/29 06:25:00,chongzhi_jiaxian,north,5,4
2019/1/29 06:30:00,chongzhi_jiaxian,north,11,3
2019/1/29 06:35:00,chongzhi_jiaxian,north,6,5
2019/1/29 06:40:00,chongzhi_jiaxian,north,6,7
2019/1/29 06:45:00,chongzhi_jiaxian,north,10,10
2019/1/29 06:50:00,chongzhi_jiaxian,north,9,8
2019/1/29 06:55:00,chongzhi_jiaxian,north,7,5
2019/1/29 07:00:00,chongzhi_jiaxian,north,10,2
2019/1/29 07:05:00,chongzhi_jiaxian,north,18,5
2019/1/29 07:10:00,chongzhi_jiaxian,north,20,5
2019/1/29 07:15:00,chongzhi_jiaxian,north,10,3
2019/1/29 07:20:00,chongzhi_jiaxian,north,13,3
2019/1/29 07:25:00,chongzhi_jiaxian,north,16,2
2019/1/29 07:30:00,chongzhi_jiaxian,north,11,8
2019/1/29 07:35:00,chongzhi_jiaxian,north,21,4
2019/1/29 07:40:00,chongzhi_jiaxian,north,9,10
2019/1/29 07:45:00,chongzhi_jiaxian,north,16,9
2019/1/29 07:50:00,chongzhi_jiaxian,north,17,10
2019/1/29 07:55:00,chongzhi_jiaxian,north,20,16
2019/1/29 08:00:00,chongzhi_jiaxian,north,16,17
2019/1/29 08:05:00,chongzhi_jiaxian,north,18,17
2019/1/29 08:10:00,chongzhi_jiaxian,north,18,19
2019/1/29 08:15:00,chongzhi_jiaxian,north,22,25
2019/1/29 08:20:00,chongzhi_jiaxian,north,21,21
2019/1/29 08:25:00,chongzhi_jiaxian,north,17,17
2019/1/29 08:30:00,chongzhi_jiaxian,north,16,19
2019/1/29 08:35:00,chongzhi_jiaxian,north,24,26
2019/1/29 08:40:00,chongzhi_jiaxian,north,19,16
2019/1/29 08:45:00,chongzhi_jiaxian,north,8,10
2019/1/29 08:50:00,chongzhi_jiaxian,north,21,15
2019/1/29 08:55:00,chongzhi_jiaxian,north,19,13
2019/1/29 09:00:00,chongzhi_jiaxian,north,17,11
2019/1/29 09:05:00,chongzhi_jiaxian,north,11,22
2019/1/29 09:10:00,chongzhi_jiaxian,north,8,6
2019/1/29 09:15:00,chongzhi_jiaxian,north,5,5
2019/1/29 09:20:00,chongzhi_jiaxian,north,11,10
2019/1/29 09:25:00,chongzhi_jiaxian,north,12,13
2019/1/29 09:30:00,chongzhi_jiaxian,north,12,5
2019/1/29 09:35:00,chongzhi_jiaxian,north,8,12
2019/1/29 09:40:00,chongzhi_jiaxian,north,10,8
2019/1/29 09:45:00,chongzhi_jiaxian,north,10,6
2019/1/29 09:50:00,chongzhi_jiaxian,north,13,12
2019/1/29 09:55:00,chongzhi_jiaxian,north,12,8
2019/1/29 10:00:00,chongzhi_jiaxian,north,10,7
2019/1/29 10:05:00,chongzhi_jiaxian,north,19,9
2019/1/29 10:10:00,chongzhi_jiaxian,north,8,9
2019/1/29 10:15:00,chongzhi_jiaxian,north,12,15
2019/1/29 10:20:00,chongzhi_jiaxian,north,9,6
2019/1/29 10:25:00,chongzhi_jiaxian,north,13,8
2019/1/29 10:30:00,chongzhi_jiaxian,north,11,16
2019/1/29 10:35:00,chongzhi_jiaxian,north,9,6
2019/1/29 10:40:00,chongzhi_jiaxian,north,16,13
2019/1/29 10:45:00,chongzhi_jiaxian,north,4,12
2019/1/29 10:50:00,chongzhi_jiaxian,north,10,8
2019/1/29 10:55:00,chongzhi_jiaxian,north,14,7
2019/1/29 11:00:00,chongzhi_jiaxian,north,6,5
2019/1/29 11:05:00,chongzhi_jiaxian,north,15,12
2019/1/29 11:10:00,chongzhi_jiaxian,north,8,16
2019/1/29 11:15:00,chongzhi_jiaxian,north,8,7
2019/1/29 11:20:00,chongzhi_jiaxian,north,10,5
2019/1/29 11:25:00,chongzhi_jiaxian,north,7,6
2019/1/29 11:30:00,chongzhi_jiaxian,north,8,7
2019/1/29 11:35:00,chongzhi_jiaxian,north,6,10
2019/1/29 11:40:00,chongzhi_jiaxian,north,9,7
2019/1/29 11:45:00,chongzhi_jiaxian,north,9,12
2019/1/29 11:50:00,chongzhi_jiaxian,north,14,16
2019/1/29 11:55:00,chongzhi_jiaxian,north,12,16
2019/1/29 12:00:00,chongzhi_jiaxian,north,6,7
2019/1/29 12:05:00,chongzhi_jiaxian,north,11,20
2019/1/29 12:10:00,chongzhi_jiaxian,north,15,12
2019/1/29 12:15:00,chongzhi_jiaxian,north,17,14
2019/1/29 12:20:00,chongzhi_jiaxian,north,4,6
2019/1/29 12:25:00,chongzhi_jiaxian,north,15,8
2019/1/29 12:30:00,chongzhi_jiaxian,north,7,14
2019/1/29 12:35:00,chongzhi_jiaxian,north,14,9
2019/1/29 12:40:00,chongzhi_jiaxian,north,6,7
2019/1/29 12:45:00,chongzhi_jiaxian,north,9,7
2019/1/29 12:50:00,chongzhi_jiaxian,north,11,7
2019/1/29 12:55:00,chongzhi_jiaxian,north,15,6
2019/1/29 13:00:00,chongzhi_jiaxian,north,10,4
2019/1/29 13:05:00,chongzhi_jiaxian,north,9,4
2019/1/29 13:10:00,chongzhi_jiaxian,north,11,10
2019/1/29 13:15:00,chongzhi_jiaxian,north,11,7
2019/1/29 13:20:00,chongzhi_jiaxian,north,9,7
2019/1/29 13:25:00,chongzhi_jiaxian,north,14,10
2019/1/29 13:30:00,chongzhi_jiaxian,north,14,10
2019/1/29 13:35:00,chongzhi_jiaxian,north,10,10
2019/1/29 13:40:00,chongzhi_jiaxian,north,10,5
2019/1/29 13:45:00,chongzhi_jiaxian,north,10,14
2019/1/29 13:50:00,chongzhi_jiaxian,north,14,13
2019/1/29 13:55:00,chongzhi_jiaxian,north,14,8
2019/1/29 14:00:00,chongzhi_jiaxian,north,13,9
2019/1/29 14:05:00,chongzhi_jiaxian,north,8,9
2019/1/29 14:10:00,chongzhi_jiaxian,north,13,13
2019/1/29 14:15:00,chongzhi_jiaxian,north,13,12
2019/1/29 14:20:00,chongzhi_jiaxian,north,8,8
2019/1/29 14:25:00,chongzhi_jiaxian,north,13,8
2019/1/29 14:30:00,chongzhi_jiaxian,north,6,10
2019/1/29 14:35:00,chongzhi_jiaxian,north,18,9
2019/1/29 14:40:00,chongzhi_jiaxian,north,8,12
2019/1/29 14:45:00,chongzhi_jiaxian,north,16,15
2019/1/29 14:50:00,chongzhi_jiaxian,north,8,10
2019/1/29 14:55:00,chongzhi_jiaxian,north,8,9
2019/1/29 15:00:00,chongzhi_jiaxian,north,13,11
2019/1/29 15:05:00,chongzhi_jiaxian,north,6,5
2019/1/29 15:10:00,chongzhi_jiaxian,north,12,10
2019/1/29 15:15:00,chongzhi_jiaxian,north,11,6
2019/1/29 15:20:00,chongzhi_jiaxian,north,10,12
2019/1/29 15:25:00,chongzhi_jiaxian,north,16,10
2019/1/29 15:30:00,chongzhi_jiaxian,north,9,10
2019/1/29 15:35:00,chongzhi_jiaxian,north,7,5
2019/1/29 15:40:00,chongzhi_jiaxian,north,13,17
2019/1/29 15:45:00,chongzhi_jiaxian,north,11,10
2019/1/29 15:50:00,chongzhi_jiaxian,north,11,9
2019/1/29 15:55:00,chongzhi_jiaxian,north,16,8
2019/1/29 16:00:00,chongzhi_jiaxian,north,10,11
2019/1/29 16:05:00,chongzhi_jiaxian,north,11,8
2019/1/29 16:10:00,chongzhi_jiaxian,north,7,9
2019/1/29 16:15:00,chongzhi_jiaxian,north,12,6
2019/1/29 16:20:00,chongzhi_jiaxian,north,17,12
2019/1/29 16:25:00,chongzhi_jiaxian,north,5,6
2019/1/29 16:30:00,chongzhi_jiaxian,north,13,9
2019/1/29 16:35:00,chongzhi_jiaxian,north,11,14
2019/1/29 16:40:00,chongzhi_jiaxian,north,15,9
2019/1/29 16:45:00,chongzhi_jiaxian,north,10,10
2019/1/29 16:50:00,chongzhi_jiaxian,north,14,11
2019/1/29 16:55:00,chongzhi_jiaxian,north,11,10
2019/1/29 17:00:00,chongzhi_jiaxian,north,15,9
2019/1/29 17:05:00,chongzhi_jiaxian,north,10,15
2019/1/29 17:10:00,chongzhi_jiaxian,north,12,6
2019/1/29 17:15:00,chongzhi_jiaxian,north,11,15
2019/1/29 17:20:00,chongzhi_jiaxian,north,20,8
2019/1/29 17:25:00,chongzhi_jiaxian,north,9,10
2019/1/29 17:30:00,chongzhi_jiaxian,north,10,15
2019/1/29 17:35:00,chongzhi_jiaxian,north,19,16
2019/1/29 17:40:00,chongzhi_jiaxian,north,16,26
2019/1/29 17:45:00,chongzhi_jiaxian,north,14,24
2019/1/29 17:50:00,chongzhi_jiaxian,north,13,22
2019/1/29 17:55:00,chongzhi_jiaxian,north,16,22
2019/1/29 18:00:00,chongzhi_jiaxian,north,17,24
2019/1/29 18:05:00,chongzhi_jiaxian,north,8,22
2019/1/29 18:10:00,chongzhi_jiaxian,north,16,24
2019/1/29 18:15:00,chongzhi_jiaxian,north,20,25
2019/1/29 18:20:00,chongzhi_jiaxian,north,22,23
2019/1/29 18:25:00,chongzhi_jiaxian,north,22,25
2019/1/29 18:30:00,chongzhi_jiaxian,north,15,24
2019/1/29 18:35:00,chongzhi_jiaxian,north,17,24
2019/1/29 18:40:00,chongzhi_jiaxian,north,18,24
2019/1/29 18:45:00,chongzhi_jiaxian,north,18,19
2019/1/29 18:50:00,chongzhi_jiaxian,north,14,19
2019/1/29 18:55:00,chongzhi_jiaxian,north,22,17
2019/1/29 19:00:00,chongzhi_jiaxian,north,12,23
2019/1/29 19:05:00,chongzhi_jiaxian,north,17,19
2019/1/29 19:10:00,chongzhi_jiaxian,north,13,17
2019/1/29 19:15:00,chongzhi_jiaxian,north,11,14
2019/1/29 19:20:00,chongzhi_jiaxian,north,9,12
2019/1/29 19:25:00,chongzhi_jiaxian,north,10,13
2019/1/29 19:30:00,chongzhi_jiaxian,north,7,13
2019/1/29 19:35:00,chongzhi_jiaxian,north,8,10
2019/1/29 19:40:00,chongzhi_jiaxian,north,12,12
2019/1/29 19:45:00,chongzhi_jiaxian,north,11,6
2019/1/29 19:50:00,chongzhi_jiaxian,north,9,5
2019/1/29 19:55:00,chongzhi_jiaxian,north,12,9
2019/1/29 20:00:00,chongzhi_jiaxian,north,10,13
2019/1/29 20:05:00,chongzhi_jiaxian,north,8,5
2019/1/29 20:10:00,chongzhi_jiaxian,north,10,14
2019/1/29 20:15:00,chongzhi_jiaxian,north,8,15
2019/1/29 20:20:00,chongzhi_jiaxian,north,7,10
2019/1/29 20:25:00,chongzhi_jiaxian,north,6,15
2019/1/29 20:30:00,chongzhi_jiaxian,north,7,8
2019/1/29 20:35:00,chongzhi_jiaxian,north,5,7
2019/1/29 20:40:00,chongzhi_jiaxian,north,13,23
2019/1/29 20:45:00,chongzhi_jiaxian,north,12,11
2019/1/29 20:50:00,chongzhi_jiaxian,north,15,20
2019/1/29 20:55:00,chongzhi_jiaxian,north,9,10
2019/1/29 21:00:00,chongzhi_jiaxian,north,8,17
2019/1/29 21:05:00,chongzhi_jiaxian,north,13,16
2019/1/29 21:10:00,chongzhi_jiaxian,north,10,15
2019/1/29 21:15:00,chongzhi_jiaxian,north,13,14
2019/1/29 21:20:00,chongzhi_jiaxian,north,12,9
2019/1/29 21:25:00,chongzhi_jiaxian,north,14,18
2019/1/29 21:30:00,chongzhi_jiaxian,north,6,10
2019/1/29 21:35:00,chongzhi_jiaxian,north,14,9
2019/1/29 21:40:00,chongzhi_jiaxian,north,8,13
2019/1/29 21:45:00,chongzhi_jiaxian,north,11,8
2019/1/29 21:50:00,chongzhi_jiaxian,north,6,6
2019/1/29 21:55:00,chongzhi_jiaxian,north,10,7
2019/1/29 22:00:00,chongzhi_jiaxian,north,5,9
2019/1/29 22:05:00,chongzhi_jiaxian,north,6,16
2019/1/29 22:10:00,chongzhi_jiaxian,north,6,8
2019/1/29 22:15:00,chongzhi_jiaxian,north,11,12
2019/1/29 22:20:00,chongzhi_jiaxian,north,4,9
2019/1/29 22:25:00,chongzhi_jiaxian,north,3,12
2019/1/29 22:30:00,chongzhi_jiaxian,north,5,10
2019/1/29 22:35:00,chongzhi_jiaxian,north,7,12
2019/1/29 22:40:00,chongzhi_jiaxian,north,4,10
2019/1/29 22:45:00,chongzhi_jiaxian,north,9,5
2019/1/29 22:50:00,chongzhi_jiaxian,north,5,7
2019/1/29 22:55:00,chongzhi_jiaxian,north,6,11
2019/1/29 23:00:00,chongzhi_jiaxian,north,8,12
2019/1/29 23:05:00,chongzhi_jiaxian,north,5,12
2019/1/29 23:10:00,chongzhi_jiaxian,north,8,11
2019/1/29 23:15:00,chongzhi_jiaxian,north,9,11
2019/1/29 23:20:00,chongzhi_jiaxian,north,6,14
2019/1/29 23:25:00,chongzhi_jiaxian,north,4,6
2019/1/29 23:30:00,chongzhi_jiaxian,north,4,12
2019/1/29 23:35:00,chongzhi_jiaxian,north,3,3
2019/1/29 23:40:00,chongzhi_jiaxian,north,7,13
2019/1/29 23:45:00,chongzhi_jiaxian,north,2,6
2019/1/29 23:50:00,chongzhi_jiaxian,north,5,11
2019/1/29 23:55:00,chongzhi_jiaxian,north,1,3
