2019/1/29 00:00:00,wuhe_zhangheng,east,0,8
2019/1/29 00:05:00,wuhe_zhangheng,east,0,3
2019/1/29 00:10:00,wuhe_zhangheng,east,1,10
2019/1/29 00:15:00,wuhe_zhangheng,east,0,7
2019/1/29 00:20:00,wuhe_zhangheng,east,0,2
2019/1/29 00:25:00,wuhe_zhangheng,east,1,7
2019/1/29 00:30:00,wuhe_zhangheng,east,0,6
2019/1/29 00:35:00,wuhe_zhangheng,east,0,4
2019/1/29 00:40:00,wuhe_zhangheng,east,0,2
2019/1/29 00:45:00,wuhe_zhangheng,east,0,4
2019/1/29 00:50:00,wuhe_zhangheng,east,0,1
2019/1/29 00:55:00,wuhe_zhangheng,east,0,3
2019/1/29 01:00:00,wuhe_zhangheng,east,0,4
2019/1/29 01:05:00,wuhe_zhangheng,east,1,6
2019/1/29 01:10:00,wuhe_zhangheng,east,0,6
2019/1/29 01:15:00,wuhe_zhangheng,east,0,5
2019/1/29 01:20:00,wuhe_zhangheng,east,0,4
2019/1/29 01:25:00,wuhe_zhangheng,east,0,2
2019/1/29 01:30:00,wuhe_zhangheng,east,0,3
2019/1/29 01:35:00,wuhe_zhangheng,east,0,2
2019/1/29 01:40:00,wuhe_zhangheng,east,0,2
2019/1/29 01:45:00,wuhe_zhangheng,east,0,0
2019/1/29 01:50:00,wuhe_zhangheng,east,0,2
2019/1/29 01:55:00,wuhe_zhangheng,east,0,0
2019/1/29 02:00:00,wuhe_zhangheng,east,0,2
2019/1/29 02:05:00,wuhe_zhangheng,east,0,1
2019/1/29 02:10:00,wuhe_zhangheng,east,0,1
2019/1/29 02:15:00,wuhe_zhangheng,east,0,3
2019/1/29 02:20:00,wuhe_zhangheng,east,0,2
2019/1/29 02:25:00,wuhe_zhangheng,east,0,1
2019/1/29 02:30:00,wuhe_zhangheng,east,0,1
2019/1/29 02:35:00,wuhe_zhangheng,east,0,0
2019/1/29 02:40:00,wuhe_zhangheng,east,0,1
2019/1/29 02:45:00,wuhe_zhangheng,east,0,4
2019/1/29 02:50:00,wuhe_zhangheng,east,0,2
2019/1/29 02:55:00,wuhe_zhangheng,east,0,1
2019/1/29 03:00:00,wuhe_zhangheng,east,0,1
2019/1/29 03:05:00,wuhe_zhangheng,east,0,1
2019/1/29 03:10:00,wuhe_zhangheng,east,0,2
2019/1/29 03:15:00,wuhe_zhangheng,east,0,2
2019/1/29 03:20:00,wuhe_zhangheng,east,0,0
2019/1/29 03:25:00,wuhe_zhangheng,east,0,2
2019/1/29 03:30:00,wuhe_zhangheng,east,0,0
2019/1/29 03:35:00,wuhe_zhangheng,east,0,3
2019/1/29 03:40:00,wuhe_zhangheng,east,0,1
2019/1/29 03:45:00,wuhe_zhangheng,east,0,0
2019/1/29 03:50:00,wuhe_zhangheng,east,0,3
2019/1/29 03:55:00,wuhe_zhangheng,east,0,0
2019/1/29 04:00:00,wuhe_zhangheng,east,0,1
2019/1/29 04:05:00,wuhe_zhangheng,east,0,0
2019/1/29 04:10:00,wuhe_zhangheng,east,0,0
2019/1/29 04:15:00,wuhe_zhangheng,east,0,0
2019/1/29 04:20:00,wuhe_zhangheng,east,0,2
2019/1/29 04:25:00,wuhe_zhangheng,east,0,3
2019/1/29 04:30:00,wuhe_zhangheng,east,0,1
2019/1/29 04:35:00,wuhe_zhangheng,east,0,3
2019/1/29 04:40:00,wuhe_zhangheng,east,0,2
2019/1/29 04:45:00,wuhe_zhangheng,east,0,4
2019/1/29 04:50:00,wuhe_zhangheng,east,0,2
2019/1/29 04:55:00,wuhe_zhangheng,east,0,4
2019/1/29 05:00:00,wuhe_zhangheng,east,0,2
2019/1/29 05:05:00,wuhe_zhangheng,east,0,4
2019/1/29 05:10:00,wuhe_zhangheng,east,0,3
2019/1/29 05:15:00,wuhe_zhangheng,east,0,6
2019/1/29 05:20:00,wuhe_zhangheng,east,0,4
2019/1/29 05:25:00,wuhe_zhangheng,east,0,4
2019/1/29 05:30:00,wuhe_zhangheng,east,0,4
2019/1/29 05:35:00,wuhe_zhangheng,east,0,3
2019/1/29 05:40:00,wuhe_zhangheng,east,0,5
2019/1/29 05:45:00,wuhe_zhangheng,east,0,6
2019/1/29 05:50:00,wuhe_zhangheng,east,0,0
2019/1/29 05:55:00,wuhe_zhangheng,east,0,0
2019/1/29 06:00:00,wuhe_zhangheng,east,0,9
2019/1/29 06:05:00,wuhe_zhangheng,east,0,8
2019/1/29 06:10:00,wuhe_zhangheng,east,0,8
2019/1/29 06:15:00,wuhe_zhangheng,east,0,13
2019/1/29 06:20:00,wuhe_zhangheng,east,0,9
2019/1/29 06:25:00,wuhe_zhangheng,east,1,13
2019/1/29 06:30:00,wuhe_zhangheng,east,0,28
2019/1/29 06:35:00,wuhe_zhangheng,east,0,14
2019/1/29 06:40:00,wuhe_zhangheng,east,0,16
2019/1/29 06:45:00,wuhe_zhangheng,east,0,19
2019/1/29 06:50:00,wuhe_zhangheng,east,0,9
2019/1/29 06:55:00,wuhe_zhangheng,east,0,15
2019/1/29 07:00:00,wuhe_zhangheng,east,2,19
2019/1/29 07:05:00,wuhe_zhangheng,east,1,35
2019/1/29 07:10:00,wuhe_zhangheng,east,2,28
2019/1/29 07:15:00,wuhe_zhangheng,east,1,24
2019/1/29 07:20:00,wuhe_zhangheng,east,0,18
2019/1/29 07:25:00,wuhe_zhangheng,east,1,16
2019/1/29 07:30:00,wuhe_zhangheng,east,0,41
2019/1/29 07:35:00,wuhe_zhangheng,east,2,32
2019/1/29 07:40:00,wuhe_zhangheng,east,1,38
2019/1/29 07:45:00,wuhe_zhangheng,east,4,41
2019/1/29 07:50:00,wuhe_zhangheng,east,2,25
2019/1/29 07:55:00,wuhe_zhangheng,east,2,32
2019/1/29 08:00:00,wuhe_zhangheng,east,6,26
2019/1/29 08:05:00,wuhe_zhangheng,east,6,32
2019/1/29 08:10:00,wuhe_zhangheng,east,7,26
2019/1/29 08:15:00,wuhe_zhangheng,east,8,29
2019/1/29 08:20:00,wuhe_zhangheng,east,7,16
2019/1/29 08:25:00,wuhe_zhangheng,east,12,23
2019/1/29 08:30:00,wuhe_zhangheng,east,7,28
2019/1/29 08:35:00,wuhe_zhangheng,east,3,13
2019/1/29 08:40:00,wuhe_zhangheng,east,6,33
2019/1/29 08:45:00,wuhe_zhangheng,east,6,26
2019/1/29 08:50:00,wuhe_zhangheng,east,1,11
2019/1/29 08:55:00,wuhe_zhangheng,east,8,27
2019/1/29 09:00:00,wuhe_zhangheng,east,4,23
2019/1/29 09:05:00,wuhe_zhangheng,east,5,25
2019/1/29 09:10:00,wuhe_zhangheng,east,3,20
2019/1/29 09:15:00,wuhe_zhangheng,east,3,24
2019/1/29 09:20:00,wuhe_zhangheng,east,3,17
2019/1/29 09:25:00,wuhe_zhangheng,east,8,15
2019/1/29 09:30:00,wuhe_zhangheng,east,5,18
2019/1/29 09:35:00,wuhe_zhangheng,east,7,18
2019/1/29 09:40:00,wuhe_zhangheng,east,6,17
2019/1/29 09:45:00,wuhe_zhangheng,east,4,17
2019/1/29 09:50:00,wuhe_zhangheng,east,3,11
2019/1/29 09:55:00,wuhe_zhangheng,east,7,21
2019/1/29 10:00:00,wuhe_zhangheng,east,1,11
2019/1/29 10:05:00,wuhe_zhangheng,east,2,19
2019/1/29 10:10:00,wuhe_zhangheng,east,4,13
2019/1/29 10:15:00,wuhe_zhangheng,east,4,24
2019/1/29 10:20:00,wuhe_zhangheng,east,3,15
2019/1/29 10:25:00,wuhe_zhangheng,east,2,14
2019/1/29 10:30:00,wuhe_zhangheng,east,6,16
2019/1/29 10:35:00,wuhe_zhangheng,east,0,20
2019/1/29 10:40:00,wuhe_zhangheng,east,4,9
2019/1/29 10:45:00,wuhe_zhangheng,east,2,15
2019/1/29 10:50:00,wuhe_zhangheng,east,4,16
2019/1/29 10:55:00,wuhe_zhangheng,east,2,20
2019/1/29 11:00:00,wuhe_zhangheng,east,3,12
2019/1/29 11:05:00,wuhe_zhangheng,east,2,14
2019/1/29 11:10:00,wuhe_zhangheng,east,4,12
2019/1/29 11:15:00,wuhe_zhangheng,east,8,17
2019/1/29 11:20:00,wuhe_zhangheng,east,3,12
2019/1/29 11:25:00,wuhe_zhangheng,east,2,16
2019/1/29 11:30:00,wuhe_zhangheng,east,3,17
2019/1/29 11:35:00,wuhe_zhangheng,east,3,10
2019/1/29 11:40:00,wuhe_zhangheng,east,4,17
2019/1/29 11:45:00,wuhe_zhangheng,east,5,10
2019/1/29 11:50:00,wuhe_zhangheng,east,7,10
2019/1/29 11:55:00,wuhe_zhangheng,east,6,16
2019/1/29 12:00:00,wuhe_zhangheng,east,4,7
2019/1/29 12:05:00,wuhe_zhangheng,east,2,10
2019/1/29 12:10:00,wuhe_zhangheng,east,3,19
2019/1/29 12:15:00,wuhe_zhangheng,east,2,18
2019/1/29 12:20:00,wuhe_zhangheng,east,7,19
2019/1/29 12:25:00,wuhe_zhangheng,east,3,11
2019/1/29 12:30:00,wuhe_zhangheng,east,4,11
2019/1/29 12:35:00,wuhe_zhangheng,east,2,3
2019/1/29 12:40:00,wuhe_zhangheng,east,5,21
2019/1/29 12:45:00,wuhe_zhangheng,east,1,16
2019/1/29 12:50:00,wuhe_zhangheng,east,2,9
2019/1/29 12:55:00,wuhe_zhangheng,east,4,20
2019/1/29 13:00:00,wuhe_zhangheng,east,3,12
2019/1/29 13:05:00,wuhe_zhangheng,east,5,11
2019/1/29 13:10:00,wuhe_zhangheng,east,2,18
2019/1/29 13:15:00,wuhe_zhangheng,east,7,22
2019/1/29 13:20:00,wuhe_zhangheng,east,5,19
2019/1/29 13:25:00,wuhe_zhangheng,east,5,11
2019/1/29 13:30:00,wuhe_zhangheng,east,3,9
2019/1/29 13:35:00,wuhe_zhangheng,east,7,14
2019/1/29 13:40:00,wuhe_zhangheng,east,6,12
2019/1/29 13:45:00,wuhe_zhangheng,east,5,15
2019/1/29 13:50:00,wuhe_zhangheng,east,8,13
2019/1/29 13:55:00,wuhe_zhangheng,east,3,17
2019/1/29 14:00:00,wuhe_zhangheng,east,3,14
2019/1/29 14:05:00,wuhe_zhangheng,east,7,12
2019/1/29 14:10:00,wuhe_zhangheng,east,4,15
2019/1/29 14:15:00,wuhe_zhangheng,east,5,12
2019/1/29 14:20:00,wuhe_zhangheng,east,1,17
2019/1/29 14:25:00,wuhe_zhangheng,east,4,14
2019/1/29 14:30:00,wuhe_zhangheng,east,6,13
2019/1/29 14:35:00,wuhe_zhangheng,east,2,12
2019/1/29 14:40:00,wuhe_zhangheng,east,7,15
2019/1/29 14:45:00,wuhe_zhangheng,east,4,20
2019/1/29 14:50:00,wuhe_zhangheng,east,7,12
2019/1/29 14:55:00,wuhe_zhangheng,east,3,11
2019/1/29 15:00:00,wuhe_zhangheng,east,5,17
2019/1/29 15:05:00,wuhe_zhangheng,east,3,9
2019/1/29 15:10:00,wuhe_zhangheng,east,4,16
2019/1/29 15:15:00,wuhe_zhangheng,east,4,12
2019/1/29 15:20:00,wuhe_zhangheng,east,5,13
2019/1/29 15:25:00,wuhe_zhangheng,east,5,12
2019/1/29 15:30:00,wuhe_zhangheng,east,5,11
2019/1/29 15:35:00,wuhe_zhangheng,east,4,13
2019/1/29 15:40:00,wuhe_zhangheng,east,5,12
2019/1/29 15:45:00,wuhe_zhangheng,east,6,9
2019/1/29 15:50:00,wuhe_zhangheng,east,5,14
2019/1/29 15:55:00,wuhe_zhangheng,east,5,17
2019/1/29 16:00:00,wuhe_zhangheng,east,3,17
2019/1/29 16:05:00,wuhe_zhangheng,east,6,17
2019/1/29 16:10:00,wuhe_zhangheng,east,3,16
2019/1/29 16:15:00,wuhe_zhangheng,east,6,16
2019/1/29 16:20:00,wuhe_zhangheng,east,3,11
2019/1/29 16:25:00,wuhe_zhangheng,east,2,25
2019/1/29 16:30:00,wuhe_zhangheng,east,5,15
2019/1/29 16:35:00,wuhe_zhangheng,east,3,14
2019/1/29 16:40:00,wuhe_zhangheng,east,5,13
2019/1/29 16:45:00,wuhe_zhangheng,east,7,21
2019/1/29 16:50:00,wuhe_zhangheng,east,0,9
2019/1/29 16:55:00,wuhe_zhangheng,east,5,14
2019/1/29 17:00:00,wuhe_zhangheng,east,6,10
2019/1/29 17:05:00,wuhe_zhangheng,east,4,8
2019/1/29 17:10:00,wuhe_zhangheng,east,6,13
2019/1/29 17:15:00,wuhe_zhangheng,east,3,12
2019/1/29 17:20:00,wuhe_zhangheng,east,3,15
2019/1/29 17:25:00,wuhe_zhangheng,east,4,10
2019/1/29 17:30:00,wuhe_zhangheng,east,5,22
2019/1/29 17:35:00,wuhe_zhangheng,east,9,27
2019/1/29 17:40:00,wuhe_zhangheng,east,7,35
2019/1/29 17:45:00,wuhe_zhangheng,east,11,31
2019/1/29 17:50:00,wuhe_zhangheng,east,5,18
2019/1/29 17:55:00,wuhe_zhangheng,east,10,31
2019/1/29 18:00:00,wuhe_zhangheng,east,11,29
2019/1/29 18:05:00,wuhe_zhangheng,east,5,28
2019/1/29 18:10:00,wuhe_zhangheng,east,3,26
2019/1/29 18:15:00,wuhe_zhangheng,east,8,40
2019/1/29 18:20:00,wuhe_zhangheng,east,5,40
2019/1/29 18:25:00,wuhe_zhangheng,east,7,43
2019/1/29 18:30:00,wuhe_zhangheng,east,4,45
2019/1/29 18:35:00,wuhe_zhangheng,east,1,38
2019/1/29 18:40:00,wuhe_zhangheng,east,2,30
2019/1/29 18:45:00,wuhe_zhangheng,east,0,30
2019/1/29 18:50:00,wuhe_zhangheng,east,1,26
2019/1/29 18:55:00,wuhe_zhangheng,east,6,21
2019/1/29 19:00:00,wuhe_zhangheng,east,1,24
2019/1/29 19:05:00,wuhe_zhangheng,east,3,38
2019/1/29 19:10:00,wuhe_zhangheng,east,1,38
2019/1/29 19:15:00,wuhe_zhangheng,east,0,27
2019/1/29 19:20:00,wuhe_zhangheng,east,2,37
2019/1/29 19:25:00,wuhe_zhangheng,east,1,30
2019/1/29 19:30:00,wuhe_zhangheng,east,1,21
2019/1/29 19:35:00,wuhe_zhangheng,east,1,22
2019/1/29 19:40:00,wuhe_zhangheng,east,2,27
2019/1/29 19:45:00,wuhe_zhangheng,east,2,20
2019/1/29 19:50:00,wuhe_zhangheng,east,1,20
2019/1/29 19:55:00,wuhe_zhangheng,east,0,15
2019/1/29 20:00:00,wuhe_zhangheng,east,0,15
2019/1/29 20:05:00,wuhe_zhangheng,east,0,23
2019/1/29 20:10:00,wuhe_zhangheng,east,1,24
2019/1/29 20:15:00,wuhe_zhangheng,east,1,21
2019/1/29 20:20:00,wuhe_zhangheng,east,2,11
2019/1/29 20:25:00,wuhe_zhangheng,east,1,17
2019/1/29 20:30:00,wuhe_zhangheng,east,0,23
2019/1/29 20:35:00,wuhe_zhangheng,east,0,14
2019/1/29 20:40:00,wuhe_zhangheng,east,1,34
2019/1/29 20:45:00,wuhe_zhangheng,east,1,24
2019/1/29 20:50:00,wuhe_zhangheng,east,0,23
2019/1/29 20:55:00,wuhe_zhangheng,east,2,37
2019/1/29 21:00:00,wuhe_zhangheng,east,0,36
2019/1/29 21:05:00,wuhe_zhangheng,east,2,37
2019/1/29 21:10:00,wuhe_zhangheng,east,2,35
2019/1/29 21:15:00,wuhe_zhangheng,east,3,31
2019/1/29 21:20:00,wuhe_zhangheng,east,1,38
2019/1/29 21:25:00,wuhe_zhangheng,east,2,23
2019/1/29 21:30:00,wuhe_zhangheng,east,1,25
2019/1/29 21:35:00,wuhe_zhangheng,east,2,22
2019/1/29 21:40:00,wuhe_zhangheng,east,0,18
2019/1/29 21:45:00,wuhe_zhangheng,east,1,20
2019/1/29 21:50:00,wuhe_zhangheng,east,1,20
2019/1/29 21:55:00,wuhe_zhangheng,east,2,16
2019/1/29 22:00:00,wuhe_zhangheng,east,1,19
2019/1/29 22:05:00,wuhe_zhangheng,east,0,15
2019/1/29 22:10:00,wuhe_zhangheng,east,0,25
2019/1/29 22:15:00,wuhe_zhangheng,east,0,21
2019/1/29 22:20:00,wuhe_zhangheng,east,0,10
2019/1/29 22:25:00,wuhe_zhangheng,east,0,18
2019/1/29 22:30:00,wuhe_zhangheng,east,0,9
2019/1/29 22:35:00,wuhe_zhangheng,east,1,13
2019/1/29 22:40:00,wuhe_zhangheng,east,0,10
2019/1/29 22:45:00,wuhe_zhangheng,east,2,11
2019/1/29 22:50:00,wuhe_zhangheng,east,1,6
2019/1/29 22:55:00,wuhe_zhangheng,east,0,8
2019/1/29 23:00:00,wuhe_zhangheng,east,0,12
2019/1/29 23:05:00,wuhe_zhangheng,east,1,25
2019/1/29 23:10:00,wuhe_zhangheng,east,0,14
2019/1/29 23:15:00,wuhe_zhangheng,east,0,19
2019/1/29 23:20:00,wuhe_zhangheng,east,1,13
2019/1/29 23:25:00,wuhe_zhangheng,east,1,9
2019/1/29 23:30:00,wuhe_zhangheng,east,1,15
2019/1/29 23:35:00,wuhe_zhangheng,east,0,6
2019/1/29 23:40:00,wuhe_zhangheng,east,0,3
2019/1/29 23:45:00,wuhe_zhangheng,east,0,11
2019/1/29 23:50:00,wuhe_zhangheng,east,0,6
2019/1/29 23:55:00,wuhe_zhangheng,east,0,13
