2019/1/28 00:00:00,chongzhi_beier,east,4,12
2019/1/28 00:05:00,chongzhi_beier,east,5,9
2019/1/28 00:10:00,chongzhi_beier,east,3,17
2019/1/28 00:15:00,chongzhi_beier,east,4,9
2019/1/28 00:20:00,chongzhi_beier,east,4,7
2019/1/28 00:25:00,chongzhi_beier,east,3,6
2019/1/28 00:30:00,chongzhi_beier,east,3,19
2019/1/28 00:35:00,chongzhi_beier,east,5,19
2019/1/28 00:40:00,chongzhi_beier,east,3,10
2019/1/28 00:45:00,chongzhi_beier,east,2,8
2019/1/28 00:50:00,chongzhi_beier,east,4,8
2019/1/28 00:55:00,chongzhi_beier,east,1,7
2019/1/28 01:00:00,chongzhi_beier,east,2,7
2019/1/28 01:05:00,chongzhi_beier,east,1,9
2019/1/28 01:10:00,chongzhi_beier,east,3,2
2019/1/28 01:15:00,chongzhi_beier,east,3,5
2019/1/28 01:20:00,chongzhi_beier,east,0,5
2019/1/28 01:25:00,chongzhi_beier,east,1,5
2019/1/28 01:30:00,chongzhi_beier,east,1,9
2019/1/28 01:35:00,chongzhi_beier,east,3,4
2019/1/28 01:40:00,chongzhi_beier,east,1,5
2019/1/28 01:45:00,chongzhi_beier,east,2,4
2019/1/28 01:50:00,chongzhi_beier,east,1,5
2019/1/28 01:55:00,chongzhi_beier,east,2,3
2019/1/28 02:00:00,chongzhi_beier,east,0,8
2019/1/28 02:05:00,chongzhi_beier,east,0,3
2019/1/28 02:10:00,chongzhi_beier,east,3,11
2019/1/28 02:15:00,chongzhi_beier,east,4,6
2019/1/28 02:20:00,chongzhi_beier,east,1,5
2019/1/28 02:25:00,chongzhi_beier,east,2,8
2019/1/28 02:30:00,chongzhi_beier,east,2,4
2019/1/28 02:35:00,chongzhi_beier,east,0,3
2019/1/28 02:40:00,chongzhi_beier,east,0,3
2019/1/28 02:45:00,chongzhi_beier,east,0,3
2019/1/28 02:50:00,chongzhi_beier,east,2,7
2019/1/28 02:55:00,chongzhi_beier,east,1,3
2019/1/28 03:00:00,chongzhi_beier,east,2,2
2019/1/28 03:05:00,chongzhi_beier,east,0,3
2019/1/28 03:10:00,chongzhi_beier,east,0,7
2019/1/28 03:15:00,chongzhi_beier,east,0,3
2019/1/28 03:20:00,chongzhi_beier,east,1,4
2019/1/28 03:25:00,chongzhi_beier,east,0,2
2019/1/28 03:30:00,chongzhi_beier,east,1,6
2019/1/28 03:35:00,chongzhi_beier,east,0,3
2019/1/28 03:40:00,chongzhi_beier,east,0,5
2019/1/28 03:45:00,chongzhi_beier,east,0,4
2019/1/28 03:50:00,chongzhi_beier,east,1,5
2019/1/28 03:55:00,chongzhi_beier,east,1,4
2019/1/28 04:00:00,chongzhi_beier,east,0,4
2019/1/28 04:05:00,chongzhi_beier,east,0,3
2019/1/28 04:10:00,chongzhi_beier,east,4,2
2019/1/28 04:15:00,chongzhi_beier,east,2,6
2019/1/28 04:20:00,chongzhi_beier,east,1,5
2019/1/28 04:25:00,chongzhi_beier,east,1,2
2019/1/28 04:30:00,chongzhi_beier,east,2,4
2019/1/28 04:35:00,chongzhi_beier,east,0,7
2019/1/28 04:40:00,chongzhi_beier,east,1,9
2019/1/28 04:45:00,chongzhi_beier,east,2,5
2019/1/28 04:50:00,chongzhi_beier,east,0,1
2019/1/28 04:55:00,chongzhi_beier,east,1,10
2019/1/28 05:00:00,chongzhi_beier,east,1,7
2019/1/28 05:05:00,chongzhi_beier,east,0,5
2019/1/28 05:10:00,chongzhi_beier,east,0,9
2019/1/28 05:15:00,chongzhi_beier,east,2,6
2019/1/28 05:20:00,chongzhi_beier,east,0,9
2019/1/28 05:25:00,chongzhi_beier,east,2,11
2019/1/28 05:30:00,chongzhi_beier,east,0,7
2019/1/28 05:35:00,chongzhi_beier,east,1,10
2019/1/28 05:40:00,chongzhi_beier,east,1,11
2019/1/28 05:45:00,chongzhi_beier,east,0,7
2019/1/28 05:50:00,chongzhi_beier,east,0,12
2019/1/28 05:55:00,chongzhi_beier,east,0,14
2019/1/28 06:00:00,chongzhi_beier,east,0,11
2019/1/28 06:05:00,chongzhi_beier,east,1,13
2019/1/28 06:10:00,chongzhi_beier,east,1,27
2019/1/28 06:15:00,chongzhi_beier,east,1,16
2019/1/28 06:20:00,chongzhi_beier,east,2,15
2019/1/28 06:25:00,chongzhi_beier,east,0,15
2019/1/28 06:30:00,chongzhi_beier,east,0,25
2019/1/28 06:35:00,chongzhi_beier,east,2,10
2019/1/28 06:40:00,chongzhi_beier,east,1,35
2019/1/28 06:45:00,chongzhi_beier,east,0,35
2019/1/28 06:50:00,chongzhi_beier,east,1,17
2019/1/28 06:55:00,chongzhi_beier,east,0,15
2019/1/28 07:00:00,chongzhi_beier,east,1,21
2019/1/28 07:05:00,chongzhi_beier,east,1,27
2019/1/28 07:10:00,chongzhi_beier,east,8,51
2019/1/28 07:15:00,chongzhi_beier,east,3,51
2019/1/28 07:20:00,chongzhi_beier,east,2,40
2019/1/28 07:25:00,chongzhi_beier,east,0,39
2019/1/28 07:30:00,chongzhi_beier,east,1,41
2019/1/28 07:35:00,chongzhi_beier,east,2,44
2019/1/28 07:40:00,chongzhi_beier,east,3,55
2019/1/28 07:45:00,chongzhi_beier,east,5,47
2019/1/28 07:50:00,chongzhi_beier,east,4,51
2019/1/28 07:55:00,chongzhi_beier,east,6,78
2019/1/28 08:00:00,chongzhi_beier,east,6,80
2019/1/28 08:05:00,chongzhi_beier,east,7,86
2019/1/28 08:10:00,chongzhi_beier,east,3,72
2019/1/28 08:15:00,chongzhi_beier,east,9,53
2019/1/28 08:20:00,chongzhi_beier,east,12,107
2019/1/28 08:25:00,chongzhi_beier,east,5,81
2019/1/28 08:30:00,chongzhi_beier,east,10,67
2019/1/28 08:35:00,chongzhi_beier,east,11,45
2019/1/28 08:40:00,chongzhi_beier,east,2,53
2019/1/28 08:45:00,chongzhi_beier,east,10,38
2019/1/28 08:50:00,chongzhi_beier,east,13,75
2019/1/28 08:55:00,chongzhi_beier,east,9,55
2019/1/28 09:00:00,chongzhi_beier,east,8,54
2019/1/28 09:05:00,chongzhi_beier,east,13,46
2019/1/28 09:10:00,chongzhi_beier,east,8,29
2019/1/28 09:15:00,chongzhi_beier,east,12,56
2019/1/28 09:20:00,chongzhi_beier,east,7,54
2019/1/28 09:25:00,chongzhi_beier,east,11,36
2019/1/28 09:30:00,chongzhi_beier,east,8,54
2019/1/28 09:35:00,chongzhi_beier,east,3,56
2019/1/28 09:40:00,chongzhi_beier,east,9,28
2019/1/28 09:45:00,chongzhi_beier,east,8,52
2019/1/28 09:50:00,chongzhi_beier,east,8,51
2019/1/28 09:55:00,chongzhi_beier,east,9,50
2019/1/28 10:00:00,chongzhi_beier,east,10,45
2019/1/28 10:05:00,chongzhi_beier,east,12,52
2019/1/28 10:10:00,chongzhi_beier,east,8,35
2019/1/28 10:15:00,chongzhi_beier,east,4,41
2019/1/28 10:20:00,chongzhi_beier,east,8,52
2019/1/28 10:25:00,chongzhi_beier,east,4,33
2019/1/28 10:30:00,chongzhi_beier,east,11,44
2019/1/28 10:35:00,chongzhi_beier,east,5,53
2019/1/28 10:40:00,chongzhi_beier,east,7,44
2019/1/28 10:45:00,chongzhi_beier,east,9,50
2019/1/28 10:50:00,chongzhi_beier,east,13,42
2019/1/28 10:55:00,chongzhi_beier,east,4,46
2019/1/28 11:00:00,chongzhi_beier,east,3,43
2019/1/28 11:05:00,chongzhi_beier,east,5,31
2019/1/28 11:10:00,chongzhi_beier,east,1,31
2019/1/28 11:15:00,chongzhi_beier,east,9,60
2019/1/28 11:20:00,chongzhi_beier,east,4,34
2019/1/28 11:25:00,chongzhi_beier,east,8,35
2019/1/28 11:30:00,chongzhi_beier,east,7,39
2019/1/28 11:35:00,chongzhi_beier,east,4,27
2019/1/28 11:40:00,chongzhi_beier,east,10,39
2019/1/28 11:45:00,chongzhi_beier,east,4,32
2019/1/28 11:50:00,chongzhi_beier,east,6,55
2019/1/28 11:55:00,chongzhi_beier,east,10,42
2019/1/28 12:00:00,chongzhi_beier,east,10,34
2019/1/28 12:05:00,chongzhi_beier,east,13,53
2019/1/28 12:10:00,chongzhi_beier,east,4,37
2019/1/28 12:15:00,chongzhi_beier,east,6,17
2019/1/28 12:20:00,chongzhi_beier,east,7,35
2019/1/28 12:25:00,chongzhi_beier,east,5,42
2019/1/28 12:30:00,chongzhi_beier,east,6,38
2019/1/28 12:35:00,chongzhi_beier,east,10,31
2019/1/28 12:40:00,chongzhi_beier,east,8,20
2019/1/28 12:45:00,chongzhi_beier,east,5,21
2019/1/28 12:50:00,chongzhi_beier,east,5,45
2019/1/28 12:55:00,chongzhi_beier,east,1,21
2019/1/28 13:00:00,chongzhi_beier,east,3,31
2019/1/28 13:05:00,chongzhi_beier,east,5,19
2019/1/28 13:10:00,chongzhi_beier,east,10,46
2019/1/28 13:15:00,chongzhi_beier,east,11,50
2019/1/28 13:20:00,chongzhi_beier,east,5,40
2019/1/28 13:25:00,chongzhi_beier,east,6,50
2019/1/28 13:30:00,chongzhi_beier,east,9,33
2019/1/28 13:35:00,chongzhi_beier,east,6,57
2019/1/28 13:40:00,chongzhi_beier,east,8,43
2019/1/28 13:45:00,chongzhi_beier,east,3,44
2019/1/28 13:50:00,chongzhi_beier,east,7,51
2019/1/28 13:55:00,chongzhi_beier,east,8,52
2019/1/28 14:00:00,chongzhi_beier,east,6,46
2019/1/28 14:05:00,chongzhi_beier,east,8,58
2019/1/28 14:10:00,chongzhi_beier,east,6,39
2019/1/28 14:15:00,chongzhi_beier,east,8,37
2019/1/28 14:20:00,chongzhi_beier,east,9,35
2019/1/28 14:25:00,chongzhi_beier,east,9,49
2019/1/28 14:30:00,chongzhi_beier,east,13,50
2019/1/28 14:35:00,chongzhi_beier,east,7,57
2019/1/28 14:40:00,chongzhi_beier,east,7,43
2019/1/28 14:45:00,chongzhi_beier,east,3,61
2019/1/28 14:50:00,chongzhi_beier,east,10,37
2019/1/28 14:55:00,chongzhi_beier,east,6,43
2019/1/28 15:00:00,chongzhi_beier,east,14,28
2019/1/28 15:05:00,chongzhi_beier,east,6,54
2019/1/28 15:10:00,chongzhi_beier,east,5,22
2019/1/28 15:15:00,chongzhi_beier,east,5,26
2019/1/28 15:20:00,chongzhi_beier,east,2,52
2019/1/28 15:25:00,chongzhi_beier,east,6,48
2019/1/28 15:30:00,chongzhi_beier,east,5,43
2019/1/28 15:35:00,chongzhi_beier,east,7,39
2019/1/28 15:40:00,chongzhi_beier,east,12,41
2019/1/28 15:45:00,chongzhi_beier,east,12,50
2019/1/28 15:50:00,chongzhi_beier,east,8,44
2019/1/28 15:55:00,chongzhi_beier,east,3,53
2019/1/28 16:00:00,chongzhi_beier,east,11,46
2019/1/28 16:05:00,chongzhi_beier,east,7,36
2019/1/28 16:10:00,chongzhi_beier,east,10,45
2019/1/28 16:15:00,chongzhi_beier,east,7,46
2019/1/28 16:20:00,chongzhi_beier,east,7,45
2019/1/28 16:25:00,chongzhi_beier,east,4,38
2019/1/28 16:30:00,chongzhi_beier,east,5,31
2019/1/28 16:35:00,chongzhi_beier,east,7,42
2019/1/28 16:40:00,chongzhi_beier,east,10,47
2019/1/28 16:45:00,chongzhi_beier,east,13,41
2019/1/28 16:50:00,chongzhi_beier,east,7,47
2019/1/28 16:55:00,chongzhi_beier,east,4,29
2019/1/28 17:00:00,chongzhi_beier,east,8,25
2019/1/28 17:05:00,chongzhi_beier,east,11,46
2019/1/28 17:10:00,chongzhi_beier,east,7,41
2019/1/28 17:15:00,chongzhi_beier,east,9,64
2019/1/28 17:20:00,chongzhi_beier,east,2,33
2019/1/28 17:25:00,chongzhi_beier,east,10,46
2019/1/28 17:30:00,chongzhi_beier,east,3,47
2019/1/28 17:35:00,chongzhi_beier,east,6,46
2019/1/28 17:40:00,chongzhi_beier,east,5,30
2019/1/28 17:45:00,chongzhi_beier,east,11,50
2019/1/28 17:50:00,chongzhi_beier,east,5,36
2019/1/28 17:55:00,chongzhi_beier,east,3,46
2019/1/28 18:00:00,chongzhi_beier,east,10,33
2019/1/28 18:05:00,chongzhi_beier,east,9,42
2019/1/28 18:10:00,chongzhi_beier,east,12,51
2019/1/28 18:15:00,chongzhi_beier,east,4,15
2019/1/28 18:20:00,chongzhi_beier,east,6,49
2019/1/28 18:25:00,chongzhi_beier,east,5,40
2019/1/28 18:30:00,chongzhi_beier,east,7,38
2019/1/28 18:35:00,chongzhi_beier,east,8,21
2019/1/28 18:40:00,chongzhi_beier,east,5,42
2019/1/28 18:45:00,chongzhi_beier,east,9,40
2019/1/28 18:50:00,chongzhi_beier,east,5,37
2019/1/28 18:55:00,chongzhi_beier,east,9,22
2019/1/28 19:00:00,chongzhi_beier,east,10,54
2019/1/28 19:05:00,chongzhi_beier,east,12,43
2019/1/28 19:10:00,chongzhi_beier,east,5,21
2019/1/28 19:15:00,chongzhi_beier,east,6,41
2019/1/28 19:20:00,chongzhi_beier,east,7,34
2019/1/28 19:25:00,chongzhi_beier,east,5,33
2019/1/28 19:30:00,chongzhi_beier,east,8,40
2019/1/28 19:35:00,chongzhi_beier,east,7,41
2019/1/28 19:40:00,chongzhi_beier,east,6,33
2019/1/28 19:45:00,chongzhi_beier,east,5,33
2019/1/28 19:50:00,chongzhi_beier,east,9,23
2019/1/28 19:55:00,chongzhi_beier,east,9,35
2019/1/28 20:00:00,chongzhi_beier,east,4,32
2019/1/28 20:05:00,chongzhi_beier,east,7,38
2019/1/28 20:10:00,chongzhi_beier,east,4,34
2019/1/28 20:15:00,chongzhi_beier,east,6,54
2019/1/28 20:20:00,chongzhi_beier,east,3,39
2019/1/28 20:25:00,chongzhi_beier,east,9,30
2019/1/28 20:30:00,chongzhi_beier,east,7,25
2019/1/28 20:35:00,chongzhi_beier,east,6,38
2019/1/28 20:40:00,chongzhi_beier,east,4,29
2019/1/28 20:45:00,chongzhi_beier,east,2,23
2019/1/28 20:50:00,chongzhi_beier,east,4,30
2019/1/28 20:55:00,chongzhi_beier,east,6,38
2019/1/28 21:00:00,chongzhi_beier,east,3,30
2019/1/28 21:05:00,chongzhi_beier,east,0,32
2019/1/28 21:10:00,chongzhi_beier,east,6,37
2019/1/28 21:15:00,chongzhi_beier,east,12,25
2019/1/28 21:20:00,chongzhi_beier,east,3,29
2019/1/28 21:25:00,chongzhi_beier,east,4,28
2019/1/28 21:30:00,chongzhi_beier,east,6,45
2019/1/28 21:35:00,chongzhi_beier,east,8,28
2019/1/28 21:40:00,chongzhi_beier,east,4,44
2019/1/28 21:45:00,chongzhi_beier,east,6,29
2019/1/28 21:50:00,chongzhi_beier,east,3,24
2019/1/28 21:55:00,chongzhi_beier,east,10,25
2019/1/28 22:00:00,chongzhi_beier,east,7,21
2019/1/28 22:05:00,chongzhi_beier,east,11,32
2019/1/28 22:10:00,chongzhi_beier,east,7,25
2019/1/28 22:15:00,chongzhi_beier,east,6,29
2019/1/28 22:20:00,chongzhi_beier,east,9,18
2019/1/28 22:25:00,chongzhi_beier,east,4,28
2019/1/28 22:30:00,chongzhi_beier,east,8,18
2019/1/28 22:35:00,chongzhi_beier,east,4,19
2019/1/28 22:40:00,chongzhi_beier,east,4,23
2019/1/28 22:45:00,chongzhi_beier,east,1,21
2019/1/28 22:50:00,chongzhi_beier,east,2,26
2019/1/28 22:55:00,chongzhi_beier,east,8,31
2019/1/28 23:00:00,chongzhi_beier,east,4,16
2019/1/28 23:05:00,chongzhi_beier,east,7,33
2019/1/28 23:10:00,chongzhi_beier,east,2,27
2019/1/28 23:15:00,chongzhi_beier,east,5,13
2019/1/28 23:20:00,chongzhi_beier,east,6,25
2019/1/28 23:25:00,chongzhi_beier,east,4,11
2019/1/28 23:30:00,chongzhi_beier,east,7,27
2019/1/28 23:35:00,chongzhi_beier,east,3,18
2019/1/28 23:40:00,chongzhi_beier,east,5,12
2019/1/28 23:45:00,chongzhi_beier,east,3,11
2019/1/28 23:50:00,chongzhi_beier,east,4,13
2019/1/28 23:55:00,chongzhi_beier,east,4,14
