2019/1/28 00:00:00,chongzhi_jiaxian,north,2,4
2019/1/28 00:05:00,chongzhi_jiaxian,north,0,3
2019/1/28 00:10:00,chongzhi_jiaxian,north,2,4
2019/1/28 00:15:00,chongzhi_jiaxian,north,1,1
2019/1/28 00:20:00,chongzhi_jiaxian,north,1,2
2019/1/28 00:25:00,chongzhi_jiaxian,north,1,7
2019/1/28 00:30:00,chongzhi_jiaxian,north,0,3
2019/1/28 00:35:00,chongzhi_jiaxian,north,0,2
2019/1/28 00:40:00,chongzhi_jiaxian,north,1,4
2019/1/28 00:45:00,chongzhi_jiaxian,north,1,3
2019/1/28 00:50:00,chongzhi_jiaxian,north,0,4
2019/1/28 00:55:00,chongzhi_jiaxian,north,1,1
2019/1/28 01:00:00,chongzhi_jiaxian,north,0,1
2019/1/28 01:05:00,chongzhi_jiaxian,north,1,5
2019/1/28 01:10:00,chongzhi_jiaxian,north,1,1
2019/1/28 01:15:00,chongzhi_jiaxian,north,1,1
2019/1/28 01:20:00,chongzhi_jiaxian,north,1,0
2019/1/28 01:25:00,chongzhi_jiaxian,north,0,1
2019/1/28 01:30:00,chongzhi_jiaxian,north,0,2
2019/1/28 01:35:00,chongzhi_jiaxian,north,0,2
2019/1/28 01:40:00,chongzhi_jiaxian,north,2,2
2019/1/28 01:45:00,chongzhi_jiaxian,north,1,0
2019/1/28 01:50:00,chongzhi_jiaxian,north,4,3
2019/1/28 01:55:00,chongzhi_jiaxian,north,0,2
2019/1/28 02:00:00,chongzhi_jiaxian,north,1,2
2019/1/28 02:05:00,chongzhi_jiaxian,north,1,2
2019/1/28 02:10:00,chongzhi_jiaxian,north,0,0
2019/1/28 02:15:00,chongzhi_jiaxian,north,0,1
2019/1/28 02:20:00,chongzhi_jiaxian,north,1,3
2019/1/28 02:25:00,chongzhi_jiaxian,north,0,2
2019/1/28 02:30:00,chongzhi_jiaxian,north,1,2
2019/1/28 02:35:00,chongzhi_jiaxian,north,0,0
2019/1/28 02:40:00,chongzhi_jiaxian,north,1,3
2019/1/28 02:45:00,chongzhi_jiaxian,north,0,1
2019/1/28 02:50:00,chongzhi_jiaxian,north,1,1
2019/1/28 02:55:00,chongzhi_jiaxian,north,1,2
2019/1/28 03:00:00,chongzhi_jiaxian,north,1,1
2019/1/28 03:05:00,chongzhi_jiaxian,north,0,6
2019/1/28 03:10:00,chongzhi_jiaxian,north,2,3
2019/1/28 03:15:00,chongzhi_jiaxian,north,0,2
2019/1/28 03:20:00,chongzhi_jiaxian,north,2,3
2019/1/28 03:25:00,chongzhi_jiaxian,north,1,0
2019/1/28 03:30:00,chongzhi_jiaxian,north,5,2
2019/1/28 03:35:00,chongzhi_jiaxian,north,0,0
2019/1/28 03:40:00,chongzhi_jiaxian,north,0,1
2019/1/28 03:45:00,chongzhi_jiaxian,north,0,1
2019/1/28 03:50:00,chongzhi_jiaxian,north,3,2
2019/1/28 03:55:00,chongzhi_jiaxian,north,0,1
2019/1/28 04:00:00,chongzhi_jiaxian,north,0,4
2019/1/28 04:05:00,chongzhi_jiaxian,north,0,2
2019/1/28 04:10:00,chongzhi_jiaxian,north,1,1
2019/1/28 04:15:00,chongzhi_jiaxian,north,2,2
2019/1/28 04:20:00,chongzhi_jiaxian,north,1,0
2019/1/28 04:25:00,chongzhi_jiaxian,north,0,0
2019/1/28 04:30:00,chongzhi_jiaxian,north,2,0
2019/1/28 04:35:00,chongzhi_jiaxian,north,0,1
2019/1/28 04:40:00,chongzhi_jiaxian,north,0,1
2019/1/28 04:45:00,chongzhi_jiaxian,north,1,1
2019/1/28 04:50:00,chongzhi_jiaxian,north,0,1
2019/1/28 04:55:00,chongzhi_jiaxian,north,0,1
2019/1/28 05:00:00,chongzhi_jiaxian,north,1,0
2019/1/28 05:05:00,chongzhi_jiaxian,north,1,0
2019/1/28 05:10:00,chongzhi_jiaxian,north,0,3
2019/1/28 05:15:00,chongzhi_jiaxian,north,0,1
2019/1/28 05:20:00,chongzhi_jiaxian,north,2,1
2019/1/28 05:25:00,chongzhi_jiaxian,north,3,1
2019/1/28 05:30:00,chongzhi_jiaxian,north,1,2
2019/1/28 05:35:00,chongzhi_jiaxian,north,3,1
2019/1/28 05:40:00,chongzhi_jiaxian,north,3,1
2019/1/28 05:45:00,chongzhi_jiaxian,north,6,2
2019/1/28 05:50:00,chongzhi_jiaxian,north,4,2
2019/1/28 05:55:00,chongzhi_jiaxian,north,4,2
2019/1/28 06:00:00,chongzhi_jiaxian,north,4,1
2019/1/28 06:05:00,chongzhi_jiaxian,north,4,2
2019/1/28 06:10:00,chongzhi_jiaxian,north,5,3
2019/1/28 06:15:00,chongzhi_jiaxian,north,8,5
2019/1/28 06:20:00,chongzhi_jiaxian,north,6,8
2019/1/28 06:25:00,chongzhi_jiaxian,north,6,3
2019/1/28 06:30:00,chongzhi_jiaxian,north,6,5
2019/1/28 06:35:00,chongzhi_jiaxian,north,7,4
2019/1/28 06:40:00,chongzhi_jiaxian,north,9,6
2019/1/28 06:45:00,chongzhi_jiaxian,north,13,5
2019/1/28 06:50:00,chongzhi_jiaxian,north,12,3
2019/1/28 06:55:00,chongzhi_jiaxian,north,14,10
2019/1/28 07:00:00,chongzhi_jiaxian,north,13,5
2019/1/28 07:05:00,chongzhi_jiaxian,north,15,4
2019/1/28 07:10:00,chongzhi_jiaxian,north,19,7
2019/1/28 07:15:00,chongzhi_jiaxian,north,15,6
2019/1/28 07:20:00,chongzhi_jiaxian,north,10,2
2019/1/28 07:25:00,chongzhi_jiaxian,north,15,6
2019/1/28 07:30:00,chongzhi_jiaxian,north,10,7
2019/1/28 07:35:00,chongzhi_jiaxian,north,25,10
2019/1/28 07:40:00,chongzhi_jiaxian,north,2,4
2019/1/28 07:45:00,chongzhi_jiaxian,north,21,11
2019/1/28 07:50:00,chongzhi_jiaxian,north,22,10
2019/1/28 07:55:00,chongzhi_jiaxian,north,14,18
2019/1/28 08:00:00,chongzhi_jiaxian,north,14,18
2019/1/28 08:05:00,chongzhi_jiaxian,north,20,24
2019/1/28 08:10:00,chongzhi_jiaxian,north,19,25
2019/1/28 08:15:00,chongzhi_jiaxian,north,16,22
2019/1/28 08:20:00,chongzhi_jiaxian,north,11,14
2019/1/28 08:25:00,chongzhi_jiaxian,north,24,28
2019/1/28 08:30:00,chongzhi_jiaxian,north,19,18
2019/1/28 08:35:00,chongzhi_jiaxian,north,8,7
2019/1/28 08:40:00,chongzhi_jiaxian,north,39,32
2019/1/28 08:45:00,chongzhi_jiaxian,north,8,8
2019/1/28 08:50:00,chongzhi_jiaxian,north,20,18
2019/1/28 08:55:00,chongzhi_jiaxian,north,14,14
2019/1/28 09:00:00,chongzhi_jiaxian,north,17,16
2019/1/28 09:05:00,chongzhi_jiaxian,north,20,15
2019/1/28 09:10:00,chongzhi_jiaxian,north,10,12
2019/1/28 09:15:00,chongzhi_jiaxian,north,12,9
2019/1/28 09:20:00,chongzhi_jiaxian,north,8,3
2019/1/28 09:25:00,chongzhi_jiaxian,north,14,14
2019/1/28 09:30:00,chongzhi_jiaxian,north,12,17
2019/1/28 09:35:00,chongzhi_jiaxian,north,12,6
2019/1/28 09:40:00,chongzhi_jiaxian,north,11,11
2019/1/28 09:45:00,chongzhi_jiaxian,north,15,13
2019/1/28 09:50:00,chongzhi_jiaxian,north,11,10
2019/1/28 09:55:00,chongzhi_jiaxian,north,9,8
2019/1/28 10:00:00,chongzhi_jiaxian,north,14,14
2019/1/28 10:05:00,chongzhi_jiaxian,north,9,8
2019/1/28 10:10:00,chongzhi_jiaxian,north,17,8
2019/1/28 10:15:00,chongzhi_jiaxian,north,12,8
2019/1/28 10:20:00,chongzhi_jiaxian,north,12,11
2019/1/28 10:25:00,chongzhi_jiaxian,north,9,6
2019/1/28 10:30:00,chongzhi_jiaxian,north,9,4
2019/1/28 10:35:00,chongzhi_jiaxian,north,19,16
2019/1/28 10:40:00,chongzhi_jiaxian,north,11,11
2019/1/28 10:45:00,chongzhi_jiaxian,north,9,4
2019/1/28 10:50:00,chongzhi_jiaxian,north,12,13
2019/1/28 10:55:00,chongzhi_jiaxian,north,4,4
2019/1/28 11:00:00,chongzhi_jiaxian,north,11,10
2019/1/28 11:05:00,chongzhi_jiaxian,north,10,14
2019/1/28 11:10:00,chongzhi_jiaxian,north,14,11
2019/1/28 11:15:00,chongzhi_jiaxian,north,6,13
2019/1/28 11:20:00,chongzhi_jiaxian,north,7,9
2019/1/28 11:25:00,chongzhi_jiaxian,north,11,7
2019/1/28 11:30:00,chongzhi_jiaxian,north,9,8
2019/1/28 11:35:00,chongzhi_jiaxian,north,12,16
2019/1/28 11:40:00,chongzhi_jiaxian,north,10,8
2019/1/28 11:45:00,chongzhi_jiaxian,north,18,13
2019/1/28 11:50:00,chongzhi_jiaxian,north,9,15
2019/1/28 11:55:00,chongzhi_jiaxian,north,6,11
2019/1/28 12:00:00,chongzhi_jiaxian,north,16,16
2019/1/28 12:05:00,chongzhi_jiaxian,north,7,8
2019/1/28 12:10:00,chongzhi_jiaxian,north,12,13
2019/1/28 12:15:00,chongzhi_jiaxian,north,6,12
2019/1/28 12:20:00,chongzhi_jiaxian,north,10,9
2019/1/28 12:25:00,chongzhi_jiaxian,north,11,6
2019/1/28 12:30:00,chongzhi_jiaxian,north,10,9
2019/1/28 12:35:00,chongzhi_jiaxian,north,8,10
2019/1/28 12:40:00,chongzhi_jiaxian,north,15,9
2019/1/28 12:45:00,chongzhi_jiaxian,north,11,8
2019/1/28 12:50:00,chongzhi_jiaxian,north,8,7
2019/1/28 12:55:00,chongzhi_jiaxian,north,9,6
2019/1/28 13:00:00,chongzhi_jiaxian,north,10,10
2019/1/28 13:05:00,chongzhi_jiaxian,north,10,9
2019/1/28 13:10:00,chongzhi_jiaxian,north,15,9
2019/1/28 13:15:00,chongzhi_jiaxian,north,10,3
2019/1/28 13:20:00,chongzhi_jiaxian,north,13,10
2019/1/28 13:25:00,chongzhi_jiaxian,north,14,9
2019/1/28 13:30:00,chongzhi_jiaxian,north,10,11
2019/1/28 13:35:00,chongzhi_jiaxian,north,3,9
2019/1/28 13:40:00,chongzhi_jiaxian,north,16,16
2019/1/28 13:45:00,chongzhi_jiaxian,north,8,11
2019/1/28 13:50:00,chongzhi_jiaxian,north,10,14
2019/1/28 13:55:00,chongzhi_jiaxian,north,12,15
2019/1/28 14:00:00,chongzhi_jiaxian,north,8,10
2019/1/28 14:05:00,chongzhi_jiaxian,north,14,6
2019/1/28 14:10:00,chongzhi_jiaxian,north,16,12
2019/1/28 14:15:00,chongzhi_jiaxian,north,8,7
2019/1/28 14:20:00,chongzhi_jiaxian,north,11,3
2019/1/28 14:25:00,chongzhi_jiaxian,north,11,17
2019/1/28 14:30:00,chongzhi_jiaxian,north,12,6
2019/1/28 14:35:00,chongzhi_jiaxian,north,16,9
2019/1/28 14:40:00,chongzhi_jiaxian,north,11,7
2019/1/28 14:45:00,chongzhi_jiaxian,north,15,3
2019/1/28 14:50:00,chongzhi_jiaxian,north,7,5
2019/1/28 14:55:00,chongzhi_jiaxian,north,13,10
2019/1/28 15:00:00,chongzhi_jiaxian,north,14,15
2019/1/28 15:05:00,chongzhi_jiaxian,north,10,10
2019/1/28 15:10:00,chongzhi_jiaxian,north,8,9
2019/1/28 15:15:00,chongzhi_jiaxian,north,12,15
2019/1/28 15:20:00,chongzhi_jiaxian,north,11,11
2019/1/28 15:25:00,chongzhi_jiaxian,north,11,6
2019/1/28 15:30:00,chongzhi_jiaxian,north,12,7
2019/1/28 15:35:00,chongzhi_jiaxian,north,12,11
2019/1/28 15:40:00,chongzhi_jiaxian,north,12,15
2019/1/28 15:45:00,chongzhi_jiaxian,north,11,12
2019/1/28 15:50:00,chongzhi_jiaxian,north,8,10
2019/1/28 15:55:00,chongzhi_jiaxian,north,17,13
2019/1/28 16:00:00,chongzhi_jiaxian,north,9,9
2019/1/28 16:05:00,chongzhi_jiaxian,north,13,9
2019/1/28 16:10:00,chongzhi_jiaxian,north,16,19
2019/1/28 16:15:00,chongzhi_jiaxian,north,14,10
2019/1/28 16:20:00,chongzhi_jiaxian,north,8,10
2019/1/28 16:25:00,chongzhi_jiaxian,north,12,14
2019/1/28 16:30:00,chongzhi_jiaxian,north,12,8
2019/1/28 16:35:00,chongzhi_jiaxian,north,14,10
2019/1/28 16:40:00,chongzhi_jiaxian,north,6,8
2019/1/28 16:45:00,chongzhi_jiaxian,north,14,13
2019/1/28 16:50:00,chongzhi_jiaxian,north,10,13
2019/1/28 16:55:00,chongzhi_jiaxian,north,17,12
2019/1/28 17:00:00,chongzhi_jiaxian,north,9,14
2019/1/28 17:05:00,chongzhi_jiaxian,north,17,12
2019/1/28 17:10:00,chongzhi_jiaxian,north,9,10
2019/1/28 17:15:00,chongzhi_jiaxian,north,13,12
2019/1/28 17:20:00,chongzhi_jiaxian,north,17,15
2019/1/28 17:25:00,chongzhi_jiaxian,north,11,13
2019/1/28 17:30:00,chongzhi_jiaxian,north,15,14
2019/1/28 17:35:00,chongzhi_jiaxian,north,7,16
2019/1/28 17:40:00,chongzhi_jiaxian,north,19,23
2019/1/28 17:45:00,chongzhi_jiaxian,north,20,26
2019/1/28 17:50:00,chongzhi_jiaxian,north,22,21
2019/1/28 17:55:00,chongzhi_jiaxian,north,17,21
2019/1/28 18:00:00,chongzhi_jiaxian,north,16,16
2019/1/28 18:05:00,chongzhi_jiaxian,north,13,26
2019/1/28 18:10:00,chongzhi_jiaxian,north,19,24
2019/1/28 18:15:00,chongzhi_jiaxian,north,18,28
2019/1/28 18:20:00,chongzhi_jiaxian,north,21,24
2019/1/28 18:25:00,chongzhi_jiaxian,north,18,21
2019/1/28 18:30:00,chongzhi_jiaxian,north,14,21
2019/1/28 18:35:00,chongzhi_jiaxian,north,14,15
2019/1/28 18:40:00,chongzhi_jiaxian,north,13,19
2019/1/28 18:45:00,chongzhi_jiaxian,north,14,18
2019/1/28 18:50:00,chongzhi_jiaxian,north,5,16
2019/1/28 18:55:00,chongzhi_jiaxian,north,15,15
2019/1/28 19:00:00,chongzhi_jiaxian,north,17,17
2019/1/28 19:05:00,chongzhi_jiaxian,north,11,10
2019/1/28 19:10:00,chongzhi_jiaxian,north,12,18
2019/1/28 19:15:00,chongzhi_jiaxian,north,10,18
2019/1/28 19:20:00,chongzhi_jiaxian,north,5,12
2019/1/28 19:25:00,chongzhi_jiaxian,north,6,6
2019/1/28 19:30:00,chongzhi_jiaxian,north,16,12
2019/1/28 19:35:00,chongzhi_jiaxian,north,12,15
2019/1/28 19:40:00,chongzhi_jiaxian,north,14,10
2019/1/28 19:45:00,chongzhi_jiaxian,north,11,16
2019/1/28 19:50:00,chongzhi_jiaxian,north,8,12
2019/1/28 19:55:00,chongzhi_jiaxian,north,9,16
2019/1/28 20:00:00,chongzhi_jiaxian,north,8,10
2019/1/28 20:05:00,chongzhi_jiaxian,north,9,12
2019/1/28 20:10:00,chongzhi_jiaxian,north,8,6
2019/1/28 20:15:00,chongzhi_jiaxian,north,12,15
2019/1/28 20:20:00,chongzhi_jiaxian,north,11,14
2019/1/28 20:25:00,chongzhi_jiaxian,north,6,15
2019/1/28 20:30:00,chongzhi_jiaxian,north,11,13
2019/1/28 20:35:00,chongzhi_jiaxian,north,5,4
2019/1/28 20:40:00,chongzhi_jiaxian,north,16,20
2019/1/28 20:45:00,chongzhi_jiaxian,north,8,15
2019/1/28 20:50:00,chongzhi_jiaxian,north,15,23
2019/1/28 20:55:00,chongzhi_jiaxian,north,7,10
2019/1/28 21:00:00,chongzhi_jiaxian,north,11,18
2019/1/28 21:05:00,chongzhi_jiaxian,north,6,9
2019/1/28 21:10:00,chongzhi_jiaxian,north,8,11
2019/1/28 21:15:00,chongzhi_jiaxian,north,8,10
2019/1/28 21:20:00,chongzhi_jiaxian,north,12,19
2019/1/28 21:25:00,chongzhi_jiaxian,north,7,14
2019/1/28 21:30:00,chongzhi_jiaxian,north,12,16
2019/1/28 21:35:00,chongzhi_jiaxian,north,9,13
2019/1/28 21:40:00,chongzhi_jiaxian,north,9,19
2019/1/28 21:45:00,chongzhi_jiaxian,north,12,8
2019/1/28 21:50:00,chongzhi_jiaxian,north,10,17
2019/1/28 21:55:00,chongzhi_jiaxian,north,9,9
2019/1/28 22:00:00,chongzhi_jiaxian,north,9,13
2019/1/28 22:05:00,chongzhi_jiaxian,north,11,10
2019/1/28 22:10:00,chongzhi_jiaxian,north,6,6
2019/1/28 22:15:00,chongzhi_jiaxian,north,6,12
2019/1/28 22:20:00,chongzhi_jiaxian,north,0,8
2019/1/28 22:25:00,chongzhi_jiaxian,north,6,7
2019/1/28 22:30:00,chongzhi_jiaxian,north,4,9
2019/1/28 22:35:00,chongzhi_jiaxian,north,6,10
2019/1/28 22:40:00,chongzhi_jiaxian,north,5,10
2019/1/28 22:45:00,chongzhi_jiaxian,north,10,7
2019/1/28 22:50:00,chongzhi_jiaxian,north,5,8
2019/1/28 22:55:00,chongzhi_jiaxian,north,4,8
2019/1/28 23:00:00,chongzhi_jiaxian,north,3,17
2019/1/28 23:05:00,chongzhi_jiaxian,north,8,11
2019/1/28 23:10:00,chongzhi_jiaxian,north,9,14
2019/1/28 23:15:00,chongzhi_jiaxian,north,10,15
2019/1/28 23:20:00,chongzhi_jiaxian,north,4,9
2019/1/28 23:25:00,chongzhi_jiaxian,north,6,11
2019/1/28 23:30:00,chongzhi_jiaxian,north,8,10
2019/1/28 23:35:00,chongzhi_jiaxian,north,6,6
2019/1/28 23:40:00,chongzhi_jiaxian,north,7,8
2019/1/28 23:45:00,chongzhi_jiaxian,north,5,5
2019/1/28 23:50:00,chongzhi_jiaxian,north,4,5
2019/1/28 23:55:00,chongzhi_jiaxian,north,4,5
