2019/1/28 00:00:00,wuhe_zhangheng,south,0,10
2019/1/28 00:05:00,wuhe_zhangheng,south,2,18
2019/1/28 00:10:00,wuhe_zhangheng,south,1,5
2019/1/28 00:15:00,wuhe_zhangheng,south,0,6
2019/1/28 00:20:00,wuhe_zhangheng,south,0,11
2019/1/28 00:25:00,wuhe_zhangheng,south,1,11
2019/1/28 00:30:00,wuhe_zhangheng,south,0,11
2019/1/28 00:35:00,wuhe_zhangheng,south,0,10
2019/1/28 00:40:00,wuhe_zhangheng,south,0,9
2019/1/28 00:45:00,wuhe_zhangheng,south,0,9
2019/1/28 00:50:00,wuhe_zhangheng,south,0,13
2019/1/28 00:55:00,wuhe_zhangheng,south,0,5
2019/1/28 01:00:00,wuhe_zhangheng,south,0,6
2019/1/28 01:05:00,wuhe_zhangheng,south,0,2
2019/1/28 01:10:00,wuhe_zhangheng,south,0,7
2019/1/28 01:15:00,wuhe_zhangheng,south,0,2
2019/1/28 01:20:00,wuhe_zhangheng,south,0,6
2019/1/28 01:25:00,wuhe_zhangheng,south,0,5
2019/1/28 01:30:00,wuhe_zhangheng,south,0,2
2019/1/28 01:35:00,wuhe_zhangheng,south,0,6
2019/1/28 01:40:00,wuhe_zhangheng,south,0,4
2019/1/28 01:45:00,wuhe_zhangheng,south,0,5
2019/1/28 01:50:00,wuhe_zhangheng,south,0,2
2019/1/28 01:55:00,wuhe_zhangheng,south,0,2
2019/1/28 02:00:00,wuhe_zhangheng,south,0,4
2019/1/28 02:05:00,wuhe_zhangheng,south,1,7
2019/1/28 02:10:00,wuhe_zhangheng,south,0,3
2019/1/28 02:15:00,wuhe_zhangheng,south,0,4
2019/1/28 02:20:00,wuhe_zhangheng,south,0,2
2019/1/28 02:25:00,wuhe_zhangheng,south,0,4
2019/1/28 02:30:00,wuhe_zhangheng,south,0,6
2019/1/28 02:35:00,wuhe_zhangheng,south,0,2
2019/1/28 02:40:00,wuhe_zhangheng,south,0,6
2019/1/28 02:45:00,wuhe_zhangheng,south,1,3
2019/1/28 02:50:00,wuhe_zhangheng,south,0,1
2019/1/28 02:55:00,wuhe_zhangheng,south,0,3
2019/1/28 03:00:00,wuhe_zhangheng,south,0,1
2019/1/28 03:05:00,wuhe_zhangheng,south,0,2
2019/1/28 03:10:00,wuhe_zhangheng,south,0,4
2019/1/28 03:15:00,wuhe_zhangheng,south,0,5
2019/1/28 03:20:00,wuhe_zhangheng,south,0,5
2019/1/28 03:25:00,wuhe_zhangheng,south,0,5
2019/1/28 03:30:00,wuhe_zhangheng,south,0,2
2019/1/28 03:35:00,wuhe_zhangheng,south,0,0
2019/1/28 03:40:00,wuhe_zhangheng,south,1,1
2019/1/28 03:45:00,wuhe_zhangheng,south,1,5
2019/1/28 03:50:00,wuhe_zhangheng,south,0,0
2019/1/28 03:55:00,wuhe_zhangheng,south,0,5
2019/1/28 04:00:00,wuhe_zhangheng,south,0,5
2019/1/28 04:05:00,wuhe_zhangheng,south,0,2
2019/1/28 04:10:00,wuhe_zhangheng,south,0,6
2019/1/28 04:15:00,wuhe_zhangheng,south,1,2
2019/1/28 04:20:00,wuhe_zhangheng,south,0,5
2019/1/28 04:25:00,wuhe_zhangheng,south,0,5
2019/1/28 04:30:00,wuhe_zhangheng,south,0,9
2019/1/28 04:35:00,wuhe_zhangheng,south,0,5
2019/1/28 04:40:00,wuhe_zhangheng,south,0,7
2019/1/28 04:45:00,wuhe_zhangheng,south,0,4
2019/1/28 04:50:00,wuhe_zhangheng,south,0,7
2019/1/28 04:55:00,wuhe_zhangheng,south,0,5
2019/1/28 05:00:00,wuhe_zhangheng,south,0,5
2019/1/28 05:05:00,wuhe_zhangheng,south,0,8
2019/1/28 05:10:00,wuhe_zhangheng,south,0,4
2019/1/28 05:15:00,wuhe_zhangheng,south,0,8
2019/1/28 05:20:00,wuhe_zhangheng,south,0,3
2019/1/28 05:25:00,wuhe_zhangheng,south,0,12
2019/1/28 05:30:00,wuhe_zhangheng,south,1,6
2019/1/28 05:35:00,wuhe_zhangheng,south,1,3
2019/1/28 05:40:00,wuhe_zhangheng,south,0,10
2019/1/28 05:45:00,wuhe_zhangheng,south,0,6
2019/1/28 05:50:00,wuhe_zhangheng,south,1,5
2019/1/28 05:55:00,wuhe_zhangheng,south,0,12
2019/1/28 06:00:00,wuhe_zhangheng,south,0,6
2019/1/28 06:05:00,wuhe_zhangheng,south,0,13
2019/1/28 06:10:00,wuhe_zhangheng,south,0,11
2019/1/28 06:15:00,wuhe_zhangheng,south,2,8
2019/1/28 06:20:00,wuhe_zhangheng,south,0,10
2019/1/28 06:25:00,wuhe_zhangheng,south,0,10
2019/1/28 06:30:00,wuhe_zhangheng,south,0,9
2019/1/28 06:35:00,wuhe_zhangheng,south,0,16
2019/1/28 06:40:00,wuhe_zhangheng,south,0,10
2019/1/28 06:45:00,wuhe_zhangheng,south,1,6
2019/1/28 06:50:00,wuhe_zhangheng,south,1,21
2019/1/28 06:55:00,wuhe_zhangheng,south,1,13
2019/1/28 07:00:00,wuhe_zhangheng,south,4,18
2019/1/28 07:05:00,wuhe_zhangheng,south,0,11
2019/1/28 07:10:00,wuhe_zhangheng,south,6,22
2019/1/28 07:15:00,wuhe_zhangheng,south,7,26
2019/1/28 07:20:00,wuhe_zhangheng,south,7,19
2019/1/28 07:25:00,wuhe_zhangheng,south,5,38
2019/1/28 07:30:00,wuhe_zhangheng,south,2,24
2019/1/28 07:35:00,wuhe_zhangheng,south,5,27
2019/1/28 07:40:00,wuhe_zhangheng,south,7,33
2019/1/28 07:45:00,wuhe_zhangheng,south,14,35
2019/1/28 07:50:00,wuhe_zhangheng,south,9,51
2019/1/28 07:55:00,wuhe_zhangheng,south,10,29
2019/1/28 08:00:00,wuhe_zhangheng,south,5,41
2019/1/28 08:05:00,wuhe_zhangheng,south,13,54
2019/1/28 08:10:00,wuhe_zhangheng,south,10,53
2019/1/28 08:15:00,wuhe_zhangheng,south,8,39
2019/1/28 08:20:00,wuhe_zhangheng,south,13,35
2019/1/28 08:25:00,wuhe_zhangheng,south,4,26
2019/1/28 08:30:00,wuhe_zhangheng,south,9,55
2019/1/28 08:35:00,wuhe_zhangheng,south,7,54
2019/1/28 08:40:00,wuhe_zhangheng,south,5,24
2019/1/28 08:45:00,wuhe_zhangheng,south,11,43
2019/1/28 08:50:00,wuhe_zhangheng,south,8,51
2019/1/28 08:55:00,wuhe_zhangheng,south,3,20
2019/1/28 09:00:00,wuhe_zhangheng,south,4,46
2019/1/28 09:05:00,wuhe_zhangheng,south,4,34
2019/1/28 09:10:00,wuhe_zhangheng,south,4,42
2019/1/28 09:15:00,wuhe_zhangheng,south,3,43
2019/1/28 09:20:00,wuhe_zhangheng,south,2,34
2019/1/28 09:25:00,wuhe_zhangheng,south,3,50
2019/1/28 09:30:00,wuhe_zhangheng,south,4,33
2019/1/28 09:35:00,wuhe_zhangheng,south,3,34
2019/1/28 09:40:00,wuhe_zhangheng,south,3,40
2019/1/28 09:45:00,wuhe_zhangheng,south,2,39
2019/1/28 09:50:00,wuhe_zhangheng,south,3,45
2019/1/28 09:55:00,wuhe_zhangheng,south,4,31
2019/1/28 10:00:00,wuhe_zhangheng,south,2,35
2019/1/28 10:05:00,wuhe_zhangheng,south,4,35
2019/1/28 10:10:00,wuhe_zhangheng,south,3,30
2019/1/28 10:15:00,wuhe_zhangheng,south,2,50
2019/1/28 10:20:00,wuhe_zhangheng,south,5,30
2019/1/28 10:25:00,wuhe_zhangheng,south,1,42
2019/1/28 10:30:00,wuhe_zhangheng,south,4,24
2019/1/28 10:35:00,wuhe_zhangheng,south,5,38
2019/1/28 10:40:00,wuhe_zhangheng,south,2,29
2019/1/28 10:45:00,wuhe_zhangheng,south,2,30
2019/1/28 10:50:00,wuhe_zhangheng,south,0,38
2019/1/28 10:55:00,wuhe_zhangheng,south,5,37
2019/1/28 11:00:00,wuhe_zhangheng,south,3,35
2019/1/28 11:05:00,wuhe_zhangheng,south,3,33
2019/1/28 11:10:00,wuhe_zhangheng,south,3,23
2019/1/28 11:15:00,wuhe_zhangheng,south,1,40
2019/1/28 11:20:00,wuhe_zhangheng,south,2,23
2019/1/28 11:25:00,wuhe_zhangheng,south,2,30
2019/1/28 11:30:00,wuhe_zhangheng,south,2,19
2019/1/28 11:35:00,wuhe_zhangheng,south,6,30
2019/1/28 11:40:00,wuhe_zhangheng,south,3,19
2019/1/28 11:45:00,wuhe_zhangheng,south,7,29
2019/1/28 11:50:00,wuhe_zhangheng,south,6,37
2019/1/28 11:55:00,wuhe_zhangheng,south,7,37
2019/1/28 12:00:00,wuhe_zhangheng,south,3,23
2019/1/28 12:05:00,wuhe_zhangheng,south,6,21
2019/1/28 12:10:00,wuhe_zhangheng,south,7,36
2019/1/28 12:15:00,wuhe_zhangheng,south,4,30
2019/1/28 12:20:00,wuhe_zhangheng,south,3,20
2019/1/28 12:25:00,wuhe_zhangheng,south,7,49
2019/1/28 12:30:00,wuhe_zhangheng,south,3,20
2019/1/28 12:35:00,wuhe_zhangheng,south,3,24
2019/1/28 12:40:00,wuhe_zhangheng,south,2,47
2019/1/28 12:45:00,wuhe_zhangheng,south,4,22
2019/1/28 12:50:00,wuhe_zhangheng,south,2,28
2019/1/28 12:55:00,wuhe_zhangheng,south,4,27
2019/1/28 13:00:00,wuhe_zhangheng,south,4,37
2019/1/28 13:05:00,wuhe_zhangheng,south,4,27
2019/1/28 13:10:00,wuhe_zhangheng,south,4,13
2019/1/28 13:15:00,wuhe_zhangheng,south,4,42
2019/1/28 13:20:00,wuhe_zhangheng,south,4,15
2019/1/28 13:25:00,wuhe_zhangheng,south,3,28
2019/1/28 13:30:00,wuhe_zhangheng,south,1,53
2019/1/28 13:35:00,wuhe_zhangheng,south,6,24
2019/1/28 13:40:00,wuhe_zhangheng,south,3,29
2019/1/28 13:45:00,wuhe_zhangheng,south,4,40
2019/1/28 13:50:00,wuhe_zhangheng,south,5,23
2019/1/28 13:55:00,wuhe_zhangheng,south,5,37
2019/1/28 14:00:00,wuhe_zhangheng,south,1,30
2019/1/28 14:05:00,wuhe_zhangheng,south,2,33
2019/1/28 14:10:00,wuhe_zhangheng,south,5,40
2019/1/28 14:15:00,wuhe_zhangheng,south,1,40
2019/1/28 14:20:00,wuhe_zhangheng,south,3,29
2019/1/28 14:25:00,wuhe_zhangheng,south,2,28
2019/1/28 14:30:00,wuhe_zhangheng,south,4,38
2019/1/28 14:35:00,wuhe_zhangheng,south,4,32
2019/1/28 14:40:00,wuhe_zhangheng,south,6,33
2019/1/28 14:45:00,wuhe_zhangheng,south,3,31
2019/1/28 14:50:00,wuhe_zhangheng,south,3,43
2019/1/28 14:55:00,wuhe_zhangheng,south,4,42
2019/1/28 15:00:00,wuhe_zhangheng,south,3,28
2019/1/28 15:05:00,wuhe_zhangheng,south,3,30
2019/1/28 15:10:00,wuhe_zhangheng,south,3,26
2019/1/28 15:15:00,wuhe_zhangheng,south,3,35
2019/1/28 15:20:00,wuhe_zhangheng,south,1,47
2019/1/28 15:25:00,wuhe_zhangheng,south,2,28
2019/1/28 15:30:00,wuhe_zhangheng,south,3,39
2019/1/28 15:35:00,wuhe_zhangheng,south,2,34
2019/1/28 15:40:00,wuhe_zhangheng,south,1,33
2019/1/28 15:45:00,wuhe_zhangheng,south,3,29
2019/1/28 15:50:00,wuhe_zhangheng,south,6,35
2019/1/28 15:55:00,wuhe_zhangheng,south,3,33
2019/1/28 16:00:00,wuhe_zhangheng,south,0,33
2019/1/28 16:05:00,wuhe_zhangheng,south,2,33
2019/1/28 16:10:00,wuhe_zhangheng,south,2,42
2019/1/28 16:15:00,wuhe_zhangheng,south,2,44
2019/1/28 16:20:00,wuhe_zhangheng,south,3,35
2019/1/28 16:25:00,wuhe_zhangheng,south,3,24
2019/1/28 16:30:00,wuhe_zhangheng,south,3,32
2019/1/28 16:35:00,wuhe_zhangheng,south,2,45
2019/1/28 16:40:00,wuhe_zhangheng,south,4,28
2019/1/28 16:45:00,wuhe_zhangheng,south,1,34
2019/1/28 16:50:00,wuhe_zhangheng,south,8,27
2019/1/28 16:55:00,wuhe_zhangheng,south,1,18
2019/1/28 17:00:00,wuhe_zhangheng,south,5,27
2019/1/28 17:05:00,wuhe_zhangheng,south,3,45
2019/1/28 17:10:00,wuhe_zhangheng,south,3,35
2019/1/28 17:15:00,wuhe_zhangheng,south,2,36
2019/1/28 17:20:00,wuhe_zhangheng,south,2,29
2019/1/28 17:25:00,wuhe_zhangheng,south,10,27
2019/1/28 17:30:00,wuhe_zhangheng,south,2,16
2019/1/28 17:35:00,wuhe_zhangheng,south,9,43
2019/1/28 17:40:00,wuhe_zhangheng,south,8,52
2019/1/28 17:45:00,wuhe_zhangheng,south,9,51
2019/1/28 17:50:00,wuhe_zhangheng,south,6,34
2019/1/28 17:55:00,wuhe_zhangheng,south,3,29
2019/1/28 18:00:00,wuhe_zhangheng,south,11,42
2019/1/28 18:05:00,wuhe_zhangheng,south,11,52
2019/1/28 18:10:00,wuhe_zhangheng,south,6,46
2019/1/28 18:15:00,wuhe_zhangheng,south,8,38
2019/1/28 18:20:00,wuhe_zhangheng,south,12,53
2019/1/28 18:25:00,wuhe_zhangheng,south,6,55
2019/1/28 18:30:00,wuhe_zhangheng,south,12,49
2019/1/28 18:35:00,wuhe_zhangheng,south,9,71
2019/1/28 18:40:00,wuhe_zhangheng,south,6,37
2019/1/28 18:45:00,wuhe_zhangheng,south,7,36
2019/1/28 18:50:00,wuhe_zhangheng,south,3,24
2019/1/28 18:55:00,wuhe_zhangheng,south,4,29
2019/1/28 19:00:00,wuhe_zhangheng,south,4,34
2019/1/28 19:05:00,wuhe_zhangheng,south,5,30
2019/1/28 19:10:00,wuhe_zhangheng,south,4,26
2019/1/28 19:15:00,wuhe_zhangheng,south,4,36
2019/1/28 19:20:00,wuhe_zhangheng,south,5,32
2019/1/28 19:25:00,wuhe_zhangheng,south,3,27
2019/1/28 19:30:00,wuhe_zhangheng,south,2,27
2019/1/28 19:35:00,wuhe_zhangheng,south,8,41
2019/1/28 19:40:00,wuhe_zhangheng,south,2,36
2019/1/28 19:45:00,wuhe_zhangheng,south,2,35
2019/1/28 19:50:00,wuhe_zhangheng,south,5,21
2019/1/28 19:55:00,wuhe_zhangheng,south,10,40
2019/1/28 20:00:00,wuhe_zhangheng,south,6,23
2019/1/28 20:05:00,wuhe_zhangheng,south,4,26
2019/1/28 20:10:00,wuhe_zhangheng,south,7,39
2019/1/28 20:15:00,wuhe_zhangheng,south,1,33
2019/1/28 20:20:00,wuhe_zhangheng,south,6,36
2019/1/28 20:25:00,wuhe_zhangheng,south,11,36
2019/1/28 20:30:00,wuhe_zhangheng,south,7,43
2019/1/28 20:35:00,wuhe_zhangheng,south,4,41
2019/1/28 20:40:00,wuhe_zhangheng,south,14,45
2019/1/28 20:45:00,wuhe_zhangheng,south,8,67
2019/1/28 20:50:00,wuhe_zhangheng,south,10,62
2019/1/28 20:55:00,wuhe_zhangheng,south,11,48
2019/1/28 21:00:00,wuhe_zhangheng,south,8,43
2019/1/28 21:05:00,wuhe_zhangheng,south,7,46
2019/1/28 21:10:00,wuhe_zhangheng,south,5,50
2019/1/28 21:15:00,wuhe_zhangheng,south,6,42
2019/1/28 21:20:00,wuhe_zhangheng,south,6,38
2019/1/28 21:25:00,wuhe_zhangheng,south,5,27
2019/1/28 21:30:00,wuhe_zhangheng,south,7,48
2019/1/28 21:35:00,wuhe_zhangheng,south,6,36
2019/1/28 21:40:00,wuhe_zhangheng,south,6,37
2019/1/28 21:45:00,wuhe_zhangheng,south,4,37
2019/1/28 21:50:00,wuhe_zhangheng,south,1,43
2019/1/28 21:55:00,wuhe_zhangheng,south,3,31
2019/1/28 22:00:00,wuhe_zhangheng,south,2,40
2019/1/28 22:05:00,wuhe_zhangheng,south,5,37
2019/1/28 22:10:00,wuhe_zhangheng,south,2,34
2019/1/28 22:15:00,wuhe_zhangheng,south,5,21
2019/1/28 22:20:00,wuhe_zhangheng,south,4,38
2019/1/28 22:25:00,wuhe_zhangheng,south,1,23
2019/1/28 22:30:00,wuhe_zhangheng,south,6,17
2019/1/28 22:35:00,wuhe_zhangheng,south,3,37
2019/1/28 22:40:00,wuhe_zhangheng,south,4,20
2019/1/28 22:45:00,wuhe_zhangheng,south,5,30
2019/1/28 22:50:00,wuhe_zhangheng,south,6,20
2019/1/28 22:55:00,wuhe_zhangheng,south,4,36
2019/1/28 23:00:00,wuhe_zhangheng,south,3,20
2019/1/28 23:05:00,wuhe_zhangheng,south,2,23
2019/1/28 23:10:00,wuhe_zhangheng,south,2,29
2019/1/28 23:15:00,wuhe_zhangheng,south,1,16
2019/1/28 23:20:00,wuhe_zhangheng,south,0,20
2019/1/28 23:25:00,wuhe_zhangheng,south,3,22
2019/1/28 23:30:00,wuhe_zhangheng,south,3,20
2019/1/28 23:35:00,wuhe_zhangheng,south,0,19
2019/1/28 23:40:00,wuhe_zhangheng,south,2,14
2019/1/28 23:45:00,wuhe_zhangheng,south,2,17
2019/1/28 23:50:00,wuhe_zhangheng,south,2,10
2019/1/28 23:55:00,wuhe_zhangheng,south,0,12
